rank,candidate_id,original_grade,original_n_pass,original_inspector_conf,blind_theta_E_arcsec,discovery_status,our_S,our_S_arb,our_letter,our_letter_llm,our_p_evidence,our_scale_class,our_alternative_final,our_needs_human,agree_letter,our_letter_rank,our_letter_final,our_veto,our_rule,agree_final,our_rationale
1,J3440482-522486,A,3,95.0,1.15,known,0.95,0.95,A,,0.95,galaxy,,False,True,A,A,,R2,True,"The eastern feature is a thin (~0.2"") blue arc holding radius ~1.5"" from PA 40 to 140 with its centre of curvature within ~0.15"" of the ticked nucleus, and a blue compact knot sits at r~1.0"", PA 270, directly opposite its midpoint - a classic two-image/partial-ring configuration seen in the direct panels (a,b,c,d,e), not only in the subtracted residual."
5,J34084513-960342,B,2,75.0,1.35,new,0.6111111111111112,0.6111111111111112,A,B,0.88,galaxy,other,True,False,A,A,,R2,False,"Items 1 and 2 survive: in panels (a), (b), (d), (e) and again as an offset ridge in the subtracted panel (f) there is a thin (~0.15-0.2"" FWHM) ridge sweeping from due east through south to the southwest of the ticked nucleus at r~1.1-1.5"" over ~110-130 deg of azimuth, concave toward the deflector, detached from the bulge across a low-surface-brightness gap, with a thickened tan-coloured knot south-southeast in (e) against the white-cored deflector; width/radius ~0.12-0.15 is far thinner than any host resonance ring or shell, the radius does not grow with angle so it is not a spiral arm, no diffraction spikes or striping exist in the field, and the big SW spiral at r~4-4.7"" lies on the convex side so the ridge does not curve about it. Both critics independently and correctly removed item 3: the NNW patch is where the host's own isophotes already run, it is smooth, coreless and shares the halo hue, and the large NW blob in (f) is the circular-model core mis-subtraction at only ~0.6"". What is left is a compelling one-sided tangential arc with no counter-image, and geometry's circle fit through the arc in (d) puts its curvature centre ~1"" NW of the ticked nucleus with R~2.2"" rather than concentric with it - consistent either with a lens whose mass centroid is offset/elliptical or with an interaction feature involving the nearby SW spiral. That residual tension, not a hedge, is why a human or a lens model with the counter-image prediction tested would settle it; on the evidence in front of me this is a probable lens."
11,J8999381-2012203,C,1,72.0,2.0,new,0.16042962962962962,0.6533333333333333,C,B,0.8,galaxy,other,True,True,A,A,,R2,False,"The dominant feature is the bright, thin streak lying ~2.3-2.8"" west-northwest of the ticked elliptical: in the normal 10"" panel it is a sharp crescent whose concave edge faces the core, in the deep panel it keeps its narrow, roughly constant width against a radius many times larger, and in the two-band colour panel it is distinctly orange against the whiter deflector light - a plausible dusty background source. It is present in every un-subtracted panel, so it is not a subtraction product, and its only appearance in the zooms is where its outer tip clips the top-right corner of (d), (e), (f); the four-lobed bowtie dominating (f) is the expected circular-model artefact and was correctly ignored. Two critics argued for an edge-on disc, but the pixels do not show a straight ridge with a central bulge and pointed tips; the streak bends, and its centre of curvature lies close to the deflector nucleus, which is the signature of a tangential arc. What keeps this from an A is the missing counter-image: the E/SE side at comparable radius shows only isotropic mottling (item 3, correctly killed by the artifact critic), and the saturated halo plus the circular-model residual make a clean search there impossible in this rendering. A reviewer with a proper elliptical-model subtraction, or deeper multiband data to test the streak for an internal disc profile versus a lensed source spectrum, would settle whether this is a fold arc or a fortuitously placed inclined disc, so B (probable) with human follow-up."
2,J15199556+2122210,A,3,82.0,1.48,new,0.5459999999999999,0.78,A,B,0.78,galaxy,,False,True,A,A,,R2,True,"Both items survive: in panels (a), (b), (c), (d) and (e) a thin crescent runs from about PA 100 to PA 170 at r = 1.30-1.50"" southeast of the ticked nucleus, concave toward that nucleus, with its long axis at the local tangent to within ~10 deg, and it reappears in (f) as an offset tangential feature far outside the r<0.8"" dipole/bowtie wedges that the 1-D circular model necessarily produces on this obviously elliptical galaxy - so it is not a subtraction artefact, and its smooth curvature at fixed radius excludes spikes, striping, seams or PSF wings (artifact and geometry critics both declined to offer an alternative). The morphology critic's shell/stream reading is overruled on the pixels: the feature is ~1/8 of its radius in width, colour-distinct from the orange envelope, shows no stellar bridge to the nucleus and no monotonic radius growth, and carries a brightness maximum along its southern half consistent with a fold, whereas a shell would be broad, host-coloured and profile-matched. The one shortfall is the counter-image: the NW quadrant at r = 1.2-1.9"", PA 280-350 is swamped by the bright envelope in every direct panel and by the circular-model artefact in (f), so it is uninformative rather than negative, which holds this at probable (B) rather than A."
3,J34707505-219476,A,3,78.0,1.4,new,0.4475555555555556,0.6713333333333333,A,B,0.76,galaxy,companion_projection,True,True,A,A,,R2,True,"What survives is the feature that matters: in the 3.5"" deep zoom (d) and again, sharply, in the subtracted panel (f), a chain of three-to-four compact knots runs from about (r=1.45"", PA 93) to (r=1.27"", PA 141) on the east/south-east side of the ticked galaxy, concave toward it, with a fainter low-surface-brightness continuation curving on under the core toward the south at essentially the same radius - roughly 100° of tangential extent about a centre of curvature within ~0.3"" of the nucleus. It is present in the un-subtracted panels (a), (b), (d) and (e), so it is not a subtraction residual, and it lies far outside the r<0.6"" butterfly/ring pattern the circular profile leaves in (f); the artifact critic found no spike, snowball, striping or PSF wing touching it, and the geometry critic could not break its tangentiality. The morphology critic's tidal-envelope reading is overruled because the diffuse light it invokes belongs to the big extended galaxy occupying the SE corner of the 10"" panels at r>4"" and never turns tangential under the deflector core the way the (f) feature does. What is genuinely lost is the counter-image: the NW point at r≈1.9"", PA≈301 is antipodal in angle but 40% too far out and morphologically round, so it is as easily a projected companion in this crowded group as a fourth image - which is exactly why this reads as a probable rather than a certain lens, and why deeper or multi-band data (or a human reviewer weighing the tidal environment) would settle it."
4,J30791374-4058431,A,3,75.0,1.12,known,0.4692187499999999,0.4692187499999999,A,B,0.7,galaxy,companion_projection,True,True,A,A,,R2,True,"Both critics who named an alternative attacked only item 4, and the pixels back them: the western object visible in (b), (d) and (e) is round and PSF-like with no tangential stretch, so it is a companion projection and drops out. Nothing was offered against items 1-3, and the artifact critic explicitly cleared the field (no spikes on the core, no striping, no snowball, and every item traceable in un-subtracted panels a/b/d/e, so subtraction_residual is inadmissible). What survives is the southern feature: in (a) and (b) a thin curved ridge sitting ~1.3-1.45"" south of the ticked nucleus, sweeping ~80 deg of azimuth at essentially constant radius with its centre of curvature within ~0.25-0.3"" of the core, concave toward it, and thickness only ~1/5 of its radius - too thin and too radius-constant for a spiral arm (no radial growth with angle, no stellar bridge from the nucleus) and not a closed host ring or shell (no north-side counterpart at r~1.35"" in the deep panels). The embedded brighter knot at its west/SW end (item 2) and the compact blue-white blob at r~0.85"" due south (item 3), bluer than the yellow-white envelope in (c)/(e), reinforce a lensed-source reading, and the same crescent reappears as an offset, non-mirrored feature in (f) rather than as the butterfly/ring pattern the circular model would produce. Against a grade A stands the absence of any separable counter-arc north of the core inside the saturated halo, and the possibility that the bright southern blob is itself a companion whose own mass shapes the arc; that ambiguity is real and would be settled by a reviewer with deeper or higher-resolution multi-band data, hence B and needs_human."
12,J2451534-2191925,C,1,68.0,2.24,new,0.36000000000000004,0.48,A,B,0.6,galaxy,other,True,False,A,A,,R2,False,"The evidence is the thin orange filament that sweeps over the north side of the ticked elliptical in (a), (b) and (c): it is ~0.3-0.4"" thick against a 2.0-3.5"" standoff (width/radius ~0.12), concave toward the galaxy through ~150 deg of azimuth, separated from the host's outermost isophotes by a dark gap at r~1.2-1.6"" in (d) with no stellar bridge, and distinctly orange in (c)/(e) where the host core is white-yellow and the SE companion is bluish. The artifact critic correctly shows the only instrumental signature is the near-vertical 1/f striping that cuts straight across the curved band without following it, and the morphology critic correctly finds a clean, featureless ellipsoid in (d) with no arms, bar, knots, double nucleus or host-profiled shell that could produce it; the bright band along the top of (f) is traceable in the un-subtracted (d)/(e), so it is not one of the circular-model bowtie lobes (those are the two large symmetric N/S wedges plus the central dipole speckle). What holds the grade below A is the geometry critic's real measurement: the filament's radius from the deflector varies by ~60-70% along its length and its curvature radius (~4-5"") exceeds its standoff, so it is not a clean fixed-radius Einstein arc, and the only counter-image candidate (item 3, the SSW diffuse fan at r~1.3"", PA 190-240) sits at half the arc radius, is halo-like rather than filamentary, and overlaps the southern model lobe - it cannot be used as confirmation. A tidal streamer/plume associated with the compact SE neighbour ~3.5"" away therefore remains open, but it is not favoured by the arc's thinness, its colour offset from the host, or the absent bridge. Deeper multi-band imaging or a reviewer's eye on the arc's surface-brightness profile and on the SSW patch would settle whether this is a wide-separation group-assisted arc or a stream."
13,J18805344+1121596,C,1,50.0,0.72,new,0.20617187499999998,0.29453124999999997,A,C,0.58,galaxy,spiral_arm,True,False,A,A,,R2,False,"What survives is a single feature: the thin, bright, continuously curved band on the eastern flank of the ticked galaxy at r~1"", running roughly PA 15 through 90 to 160, clearly visible in the un-subtracted deep zoom (d) and as an orange/tan band in colour zoom (e), and reappearing in (f) as a one-sided offset ridge at near-constant radius rather than as one of the butterfly lobes or concentric rings the circular-profile subtraction would produce - the artefact critic's checks (no 6-spike pattern, no seam or stripe, band present in every direct panel) leave it untouched. Against it: the putative counter-image at PA~280 is plainly a separate small galaxy with its own compact nucleus, elongated radially toward the deflector at 1.6x the arc radius, so the system has no confirmed counter-image; and the southern clump chain at r~2.2-2.7"" plus the SSE flare are naturally read as a star-forming outer arm embedded in the same brown, dusty envelope that fills the 10"" colour panel, with a matching faint filament on the NW side. The arc's width (~0.2"" at the eastern segment, well under its radius) and its centre of curvature within ~0.3-0.4"" of the nucleus keep a lens interpretation alive, but an inner dust-lane-bounded spiral arm of a mildly inclined disc reproduces the same pixels, and with the counter-image removed nothing breaks the tie. C, and a reviewer or resolved colour/spectroscopy of the eastern band would settle it."
22,J5414235-4704895,C,1,30.0,1.7,new,0.272,0.272,B,C,0.5,galaxy,subtraction_residual,True,False,B,B,,R2,False,"Two of the scorer's three items fall: the eastern knots (item 2) are independently shown by both the geometry and morphology critics to be a chain of discrete compact blobs stepping outward from r~1.6"" to ~3.5"" along PA 60-105 in the deep 10"" panel, round rather than tangentially stretched, with no counterpart on the west side of any direct panel - a projected clumpy neighbour, not a tangential image; and the west patch (item 3) exists only in panel (f) at the margin of the core's vertical ringing, with the corresponding pixels in (d) and (e) perfectly smooth, so it is a property of the 1-D circular fit (helped by the unmodelled wing gradient of the bright galaxy ~4"" west) and is inadmissible as evidence. What survives is item 1: the thin low-surface-brightness wisp sweeping from ESE round to south at r~1.5"", concave toward the ticked galaxy, which is visible in the un-subtracted panels (a) and (b) and reappears in (f) as an offset curved ridge along the southern edge at roughly constant radius rather than as a core-symmetric ring. One curved, direct-panel-confirmed feature with a plausible centre of curvature (~0.4"" offset) but no confirmed counter-image and no colour contrast strong enough to help in a two-band render leaves the case genuinely open; the same arc could be a tidal shell or an outer stellar-envelope feature of this smooth spheroid. That is a textbook C, and a reviewer with a deeper or elliptical-model subtraction that follows the southern ridge through 100-175 deg and searches the north-west for its counterpart would settle it."
6,J18937456+6221686,B,2,62.0,2.1,known,0.31556249999999997,0.31556249999999997,A,C,0.45,galaxy,companion_projection,True,False,A,A,,R2,False,"Both critics converge on the same target and both are upheld: the bright, round, unresolved-core blob 0.9"" WSW of the tick centre in panels (d), (e) and (f) shows no tangential elongation and no counterpart at PA~74, so item 4 is a companion/satellite projection and is removed. What survives are items 1-3, the filamentary structures seen plainly in the un-subtracted 10"" panels (a) and (b): a knotty streak arching over the top of the halo from the NE quadrant to the NW at r~1.9-2.3"", concave toward the core, plus fainter segments to the E (~2.6"") and W/SW (~2.8""). The artifact critic correctly finds no spike, seam or striping explanation - these are curved, at roughly fixed radius, and absent from any straight-edge pattern - and the morphology critic finds no stellar bridge from the nucleus and no smooth radius-vs-angle growth inside 1.75"", where the host is featureless. But the evidence stops short of confirming a lens: the segment radii spread by a factor ~1.5, the northern feature is knotty rather than a smooth thin band and in (b) it merges with further wisps that trail outward toward the NE corner of the 10"" field, which is exactly what a shell/tidal or outer-arm system around a big halo produces; the two-band colour in (c) shows the northern streak neutral-to-tan, not distinctly offset from the host, and the inner 1.7"" is saturated in the direct zoom so no inner counter-image can be tested. Panel (f)'s central radiating streaks and lobes are the expected circular-profile residual and carry no weight. This sits genuinely between a broken Einstein ring and a shell/arm system: deeper multi-band imaging or a proper elliptical-model subtraction would settle whether the northern knots share a colour and surface-brightness profile with the E and W segments, so a human reviewer is warranted."
7,J18030075+2309921,B,2,55.0,4.0,new,0.14990625000000002,0.19743750000000004,C,C,0.45,group,companion_projection,True,False,A,A,,R2,False,"What survives is a single feature: the thin bright ridge on the western (right-hand) side of panels (a)/(b), which in the circular-subtracted 10"" panel (c) stands out as an offset, coreless, knotty filament curving concave toward the ticks at roughly constant radius r~4.0-5.0"" over PA~250-315 - it is not the central bowtie/ripple artefact, it is traceable in both un-subtracted 10"" panels, and it holds no fixed position angle so it is neither a spike nor a frame edge (the artifact critic found no reduction-artefact match and named no alternative). Everything else that made the case for lensing has fallen: the r=1.3"" ENE source in the 3.5"" zoom is a stellar, nucleus-like peak sharing a continuous envelope with the ticked galaxy and has no counterpart at PA~249, and the SE object at r~4.6"" is a resolved galaxy with its own bright core and a plume whose major axis is ~45 deg from the local tangent - so the putative counter-image and inner knot are a close pair and a group member, not multiple images. That leaves one arc-like feature with no counter-arc, on a deflector that is itself an interacting pair whose asymmetric tidal envelope reaches out to roughly that radius; the ridge's thinness and near-constant radius keep lensing alive, but a tidal shell/plume edge is equally consistent with these pixels in a single band with no colour to compare stellar populations. That is a genuine ambiguity that deeper or multi-band imaging (or a reviewer tracing the ridge's surface-brightness profile against the host's) would settle, hence C and needs_human."
15,J20954380-1094330,C,1,45.0,3.6,new,0.12684375,0.315,C,C,0.45,group,companion_projection,True,True,A,A,,R2,False,"What survives is the orange, tangentially elongated pair in panel (c): a curved streak running over the N/NW flank at r~3.0-3.3"" (PA~295-355), concave toward the ticked core, and a second orange segment of the same hue and comparable surface brightness on the SE/S side at r~3.0"" (PA~105-160), roughly opposite across the white deflector whose core is distinctly bluer in the two-band colour. Both are present in the un-subtracted panels (a), (b) and (c), so the artifact critic is right that the panel-(f) hourglass and concentric ripples - the documented circular-profile artefact on an elliptical host - explain nothing here, and no spike, stripe or PSF wing from the bright SW streak reaches PA 295-355. The spiral-arm reading fails on the pixels: the 3.5"" zoom (d,e) is a featureless smooth spheroid with no inner arm continuation, and the residual bowtie is the signature of an ellipsoid, not a disc. What keeps this from being a B is the environment visible in the deep 10"" stretch: broad diffuse plumes wrap the whole envelope, a blue interloper sits at the NE corner, a bright elongated object cuts the SW corner, and the compact knot at PA~180, r~2.7"" carries its own tail toward that object - a tidal/shell or projected-debris origin for the same orange loops cannot be excluded at this depth, and the SE segment is patchy where a counter-arc should be smooth and matched in profile. Deeper or multi-band imaging (or a proper elliptical-model subtraction to test whether the two orange segments share a source colour and lie on a common curvature centre) would settle it."
14,J18030108+2309932,C,1,45.0,4.6,new,0.10954687500000002,0.19743750000000004,C,C,0.45,group,companion_projection,True,True,A,A,,R2,False,"The ticked object is not a relaxed deflector: panels (d) and (e) resolve two nuclei ~1.1"" apart inside a single boxy envelope that bulges SW, and the 10"" panels show further companions NE and SE, so any interpretation must contend with an ongoing merger in a group-scale envelope. Items 2 and 3 fall to that context - the brightenings on the western edge are resolved compact sources with their own haloes (a near-identical one sits at r~4.3"", PA~158 on the east side), and the SW patch is one of them, so the knot-chain argument does not carry weight. What survives is item 1: in panels (a), (b) and (c) alike there is a thin, sharp, coherently curved filament along the western field edge running from roughly PA 225 to PA 310 at r~3.6-4.5"", concave toward the pair, present in the un-subtracted deep stretch and therefore not a product of the circular 1-D subtraction. That is genuinely arc-like, but it is equally the classic appearance of a shell/plume flung along the merger axis defined by the secondary nucleus at PA~248, and it is thin, low-contrast and offers no confirmed counter-image: item 4 (r~2.6"", PA~97) appears only in the deflector-subtracted 10"" residual, exactly where the azimuthally-averaged model leaves lobes and a dipole on this off-centre, companion-blended galaxy, so it cannot be counted either way. With one real tangential feature, no counter-image in any direct panel, and a merger that supplies a competing origin, the evidence neither confirms nor refutes lensing; colour or deeper multi-band imaging (matching profiles between the western filament and any eastern counterpart) would settle it, which is why a human reviewer is warranted."
18,J4006002-161474,C,1,40.0,0.81,new,0.07500000000000001,0.15000000000000002,C,C,0.45,galaxy,merger,True,True,A,A,,R2,False,"What survives is a single feature: the thin, one-sided sliver about 1.0"" ESE of the tick centre in the deflector-subtracted zoom (f), concave toward the nucleus, brighter than the surrounding ~0.15""-spaced profile ripples, and matching a faint halo asymmetry on the same side in (d)/(e). Everything else is explained away: the fainter r~1.5"" clump is indistinguishable from the ringing that fills (f) (it appears in no direct panel), and the broad diffuse light at PA 60-120 is plainly the one-sided bridge to the disturbed companion 2.7"" east in (a)/(b)/(c), part of a chain of interacting group members with plumes to the NE - not a halo centred on the deflector. The surviving sliver is not enough for a lens: there is no counter-image anywhere at r~0.9-1.5"", PA 275-315 in (d) or (e) (the halo there looks smooth at this stretch), its curvature centre is offset ~0.25-0.3"" east of the nucleus, and it sits on the same side as, and roughly along, the tidal axis toward the companion, so tidal debris remains a live competitor for it. The tangential curvature and the fact that it exceeds the local ripple amplitude keep a lensed arc formally possible, hence C rather than D. A reviewer with a proper elliptical (or PSF-convolved Sersic) subtraction, or any third band, could decide immediately whether that sliver is a stream fragment or the visible half of an Einstein arc, so this is a genuine ambiguity worth human time."
39,J16305610+3001292,U,0,28.0,1.3,new,0.14945875000000003,0.14945875000000003,C,C,0.38,galaxy,companion_projection,True,False,B,B,,R2,False,"The only real evidence is the LW-bright (orange) material ~1.1-1.5"" N/NNE of the ticked nucleus: it is obvious in the colour zoom (e) and the 10"" colour panel (c), reappears as a bright offset irregular patch in the subtracted panel (f) well away from the central dipole/butterfly of the circular-profile model, and is faintly traceable in the deep panels (b)/(d). Against a lens: the patch is chunky rather than a thin fixed-radius arc (its width is comparable to its ~1.2"" radius in (f)), its outer edge merges into a spur that continues radially outward to r~2.3"" in the 10"" deep frame, and there is no counter-image - the S/SSW 'item 2' is only a smooth isophote bulge in (d) plus streaking-level noise in (b), which the artifact critic's upheld striping call removes entirely. Against a clean rejection: the two critics who both invoked companion_projection disagree by ~50 deg on the feature's own position angle (21 deg off tangential vs within 10 deg of radial), and the orange material in (c)/(e) does extend across the top of the core to the NNW rather than sitting as a single wedge, so a short tangential segment at PA~330-10 is not accounted for. Item 1 therefore survives in reduced form as an unresolved arc-versus-superposed-neighbour ambiguity: possible, not confirmed, and a reviewer with the pixel data (or an extra band / redshift for the NNE clump) could settle whether the NNE patch and the NNW band are one fixed-radius structure or a projected companion plus halo colour gradient."
9,J19789495-132348,B,2,32.0,2.7,known,0.24499999999999997,0.24499999999999997,B,C,0.35,galaxy,edge_on_disk,True,True,B,B,,R2,True,"The catalogued galaxy at the yellow ticks is a smooth, saturated envelope - panels (d) and (e) show a monotonic, featureless halo out to 1.75"" with no inner arc, ring or knot, and the checkerboard/butterfly in (f) is the expected circular-profile artefact and carries no weight. Everything rests on two thin low-surface-brightness streaks straddling the nucleus at r~2-3"" in the 10"" panels: the eastern one (left of the core, ~40-70 px east and a little south in (a)/(b), also faintly orange in (c)) and a comparable western one (right of the core in (a)/(b)). Both geometry and morphology critics independently measured the eastern feature's long axis at PA~130-135, i.e. within ~30 deg of the radius vector and ~60 deg from tangential, and it is compact and needle-like rather than curving about the tick centre; that upholds a projected edge-on/companion interloper and removes item 1. Item 2, the western streak, is left standing by both critics and is the only surviving evidence, but it too is elongated close to the radial direction and lies almost on the same line through the nucleus as item 1, which is at least as consistent with a single superposed needle or a tidal plume as with a counter-image; with no tangential curvature, no third image and nothing inside 1.75"", the evidence neither confirms nor refutes lensing, hence C. A reviewer with the full-resolution frame (or any second-epoch/multi-band data) could decide whether the two opposite streaks are one edge-on disc seen through the envelope, which would settle this to D."
10,J23069956+2559453,A,3,28.0,1.37,new,0.13474999999999998,0.189875,C,C,0.35,galaxy,companion_projection,True,False,B,B,,R2,False,"What survives is a single feature: in the 10"" deep panel (b) a thin low-surface-brightness filament wraps the south/south-east flank of the ticked galaxy from PA~110 round to ~215 at r~1.2-1.5"", concave toward the core, and the same flux reappears in the subtracted zoom (f) as a one-sided bright fan/wedge SE-S of the nucleus with nothing mirrored to the north - a one-sided offset feature, not the four-lobed butterfly or concentric ring the circular profile subtraction manufactures, so it is admissible and is also traceable in the un-subtracted (b)/(d). Against it: the feature is broad and merges into the halo rather than showing a thin, structured arc, the deep zoom (d) is saturated inside ~0.8"" so no inner counter-image can be checked, the artifact critic correctly finds no diffraction ray, striping (columnar N-S) or neighbour halo (r~3.6"", PA~121) that can make a constant-radius 105-deg feature, and the only candidate second image - the NE blob at r~1.7"", PA~44 - is round, at a ~25% discrepant radius, and is upheld as a projection, leaving the arc with no counter-image family. The sharp outer edge and the clumpy envelope in (c) keep a tidal-shell or outer-disc origin genuinely open, so the evidence neither confirms nor refutes lensing; a reviewer with a proper elliptical-model subtraction or multi-band colour on the SE filament would settle it."
36,J15055009+250185,U,0,28.0,,new,0.0384,0.0384,C,D,0.32,galaxy,other,False,False,B,B,,R2,False,"The catalogued galaxy at the yellow ticks resolves in the 3.5"" deep and normal zooms into a lumpy, irregular envelope: three to four compact peaks inside r<0.4"" (NE at PA~45, W/SW at PA~250, an E/SE chain at r~0.30-0.38""), every one of them round to within the PSF with no measurable tangential elongation, none of them lying on a common circle about the tick centre, and all of them connected to the nucleus by continuous emission that never drops to background between knot and core. The residual panel (f) reproduces exactly these peaks as offset points, which the artifact critic correctly shows are real (they are visible in un-subtracted (d) and (e)) but which the circular-profile subtraction has merely uncovered - the surrounding dark bowtie/ring structure there is a subtraction property and was never counted. The claimed knot pair straddles the nucleus at 205 deg rather than 180 deg and at unequal brightness, with no profile-matched counter-image anywhere; the faint SW blob at r~1.3"", PA~230 in (b)/(d) is diffuse, of a different surface-brightness class from the inner peaks, has no counterpart at PA~50, and lies outside the host envelope, so it is a projected patch. No thin tangential feature at fixed radius exists at any radius out to ~5"" in (a)/(b); the 2.5"" NW neighbour is an inclined disc, not an arc. Both alternatives are upheld and together they account for every located item, leaving nothing standing - a clumpy irregular/merging host, not a lens."
68,J17772978-2808033,U,0,26.0,2.46,new,0.11699999999999999,0.18,C,C,0.3,group,edge_on_disk,True,False,B,B,,R2,False,"The only located evidence is the single N-S sliver ~2.6"" due west of the yellow ticks, visible faintly in (a), clearly in (b) and bluish-white in (c); it lies outside the 3.5"" crops, so panels (d)/(e) show only a smooth, featureless spheroid and panel (f)'s bowtie/dipole is pure circular-model artefact and carries no weight either way. The artifact critic's instrument tests (no radial spike geometry, no 60/120-deg mirrors, not on the PSF-wing line to the NNW galaxy, present in every un-subtracted panel) correctly exclude a reduction origin, so the feature is sky. The morphology critic's shell/tidal rim is overruled: the sliver's blue colour, sharp edges and internal knot are inconsistent with a same-population shell of the red host's envelope. The geometry critic's edge-on/needle reading is upheld: at 0.031""/px an arc at this radius must show measurable tangential bow and thin-for-its-radius structure, and this feature is essentially straight, of constant width, thick for r=2.6"", with no counter-image on the eastern side (that quadrant is admittedly contaminated by the bright NE galaxy's halo). With the sole item accounted for by a plausible but not decisive alternative (refutation strength ~0.4) and no ring, no inner arc and no counter-image anywhere, the case is unresolved rather than clean either way, hence C; a reviewer measuring the sagitta and the eastern quadrant at full resolution would settle it."
100,J6928514+070232,U,0,25.0,2.24,new,0.05399999999999999,0.05399999999999999,C,D,0.3,galaxy,companion_projection,False,False,B,B,,R2,False,"The only located evidence is the eastern low-surface-brightness complex at r~1.6-2.3"", PA~95-145, visible in the direct panels (a), (b) and as an orange/tan smudge in (c); the artifact critic offered no instrumental alternative and I make no ruling there, but both geometry and morphology independently and consistently resolve that complex as a small clumpy projected neighbour, and the pixels support them: the blob is compact (~0.5-0.7"" across) with a knot chain elongated far from the local tangential direction at that position angle, it is not a thin feature at roughly constant radius, and at 0.031""/px an r~2"" arc would span ~65 px from the core and would plainly show tangential curvature and surface-brightness structure, which this does not. The mirrored annulus at PA~280-320, r~1.8-2.6"" in the deep panel (b) is smooth halo with no counter-arc or counter-image, and the 3.5"" zooms (d)/(e) show only untextured elliptical isophotes with no inner arc or radial counter-image. Panel (f) contributes nothing either way: it shows exactly the four-lobed bowtie plus concentric rings expected when a 1-D circular profile is removed from this clearly elongated host, an artefact of the subtraction and not sky. With both items accounted for by the upheld companion-projection alternative and nothing surviving, this is a non-lens; a further tan patch at r~4.5"", PA~44 at an incompatible radius reinforces that the field simply contains projected neighbours."
98,J1747804-3079539,U,0,25.0,0.82,new,0.041249999999999995,0.041249999999999995,C,D,0.3,galaxy,merger,False,False,B,B,,R2,False,"The catalogued galaxy at the yellow ticks is a disturbed, clumpy system whose bright body in (d)/(e) is elongated NNE-SSW; the two features the scorer cited sit at the two ends of that same major axis (r~0.9"", PA~20 and r~0.75"", PA~185), are compact and round with axis ratio near unity, and are bridged to the nucleus by continuous deep-stretch envelope light rather than separated from it by sky. Neither shows a trace of tangential stretch at fixed radius, and there is no arc anywhere to fit a centre of curvature to. The southern knot is unambiguously the bright NE head of the long straight needle that runs unbroken from ~0.7"" south of the ticks to the SW corner of the 10"" field at PA~207 - a classic edge-on disc / tidal streak whose radius grows steadily with distance, exactly the opposite of an arc at constant radius. The two strong positive lobes in (f) coincide pixel-for-pixel with these direct-image peaks and are flanked by the dark central bowtie that the circular-profile subtraction is expected to produce on an elongated deflector, so the residual adds nothing. With the merger/clumpy-host reading accounting for both items and the edge-on-disc reading independently accounting for the southern one, no item survives; this is a non-lens and no deeper data are needed to say so."
92,J2104758+067717,U,0,25.0,0.9,new,0.036000000000000004,0.063,C,D,0.3,none,companion_projection,False,False,B,B,,R2,False,"The ticked galaxy is a single smooth E-W elongated system whose light dominates the 3.5"" zoom; the two located features both lie on its southern minor-axis side, at PA~188-205 (r~0.45"", a hard, near-point blue dot visible in (a), (d) and (e)) and PA~172-192 (r~0.95"", a soft E-W elongated orange patch in (d)/(e) that becomes the bright one-sided blob in (f)). Nothing here is tangential at a fixed radius: the two features differ in radius by a factor 2.1, in surface-brightness profile (point vs diffuse), and in hue, and the deep zoom shows only smooth, featureless halo at the mirror positions PA~350-20 at both radii, so no counter-image or counter-arc exists; item 2 subtends only ~20 deg of azimuth with no measurable curvature about the tick centre. The artifact critic correctly finds no instrumental origin - both are present in the un-subtracted panels, neither lies on the four-lobed bowtie (PA~50/140/230/320) that the circular-profile subtraction imprints on this elongated galaxy, and (b) shows no seam, stripe, snowball or bright neighbour PSF - so the (f) blob is real sky but not lensed. The geometry critic's chance/embedded-projection reading accounts for both items and is upheld; the morphology clump reading independently covers the inner blue knot. With every located item accounted for and no arc, ring or counter-image anywhere in the frame, this is a D; no deeper data is needed to settle it."
64,J20865088+7724666,U,0,25.0,1.25,new,0.036000000000000004,0.036000000000000004,C,D,0.3,galaxy,companion_projection,False,False,B,B,,R2,False,"The ticked deflector is the highly flattened, E-W elongated system at the centre of the 3.5"" row; everything offered as lensing evidence resolves at 0.031""/px into ordinary neighbours. Item 1, the NE 'sliver' in (a)/(b) at r~2.2"", is a straight, uniformly thin needle whose long axis runs ~PA 161/341 - some 20 deg away from the local tangent to a circle about the ticks - with a compact bulge brightening at its N tip and light tapering to the SW tip: a bulge-plus-needle edge-on disk galaxy, not a tangential arc, and no sagitta is traceable over its ~1.3-1.7"" length nor any counter-arc on the smooth SW envelope at PA~240. Item 2, the NW blob at r~1.15"", is resolved in (d) and (e) as a round (axis ratio ~1) nucleated source with its own smooth extended halo sitting on a northward bump of the shared low-surface-brightness envelope, with no tangential elongation and no mirror image at PA~155; its radius is half that of item 1 and it lies 85 deg away in azimuth, so the pair is geometrically inconsistent with one lensed source. The artifact reviewer correctly finds both features in un-subtracted frames and offers no artefact alternative, and the bright E-W lobes plus concentric ringing about the core in (f) are the declared circular-model bowtie on an elongated host and count for nothing. With both located items absorbed by an upheld companion_projection alternative and no fixed-radius tangential structure or counter-image anywhere in (b)/(d)/(e), nothing survives."
8,J16644236-1024898,B,2,35.0,2.15,new,0.0637,0.093275,C,C,0.28,galaxy,companion_projection,True,False,B,B,,R2,True,"After the rulings only the western feature survives: the knotty, roughly N-S elongated streak lying ~1.2-2.5"" west (right, since E is left) of the ticked nucleus, clearly present in the un-subtracted panels (a), (b) and (c) and therefore not a subtraction product - panel (f) shows nothing but the mandated four-lobed bowtie and criss-cross inside r~1.2"", which I ignore. That streak is the only item with any tangential character, and it is ambiguous: it is offset, thin (~7:1) and shows a slight concavity toward the core in (a), yet its inner end runs continuously into the bright asymmetric envelope, its long axis is tilted well away from the tangential direction at PA~271, and panel (b) is blank at the mirror azimuth (r~2"", PA 74-112) where a counter-arc should sit. The northern pair (compact haloed galaxy at 2.8"" PA~20, round knot at 1.5"" PA~5) are round, radially inconsistent and ~90 deg off the required 180 deg pairing, so they are companions, not counter-images, and the SE plume at r~3.7"" is far outside any common Einstein radius; the host itself is a smooth elliptical out to 1.7"" in (d)/(e) with no arm, bar or ring. With one un-paired, partly envelope-blended streak and an otherwise interacting/tidal-looking field, the evidence neither confirms nor refutes lensing; a reviewer or deeper/multi-band data measuring the streak's curvature centre and colour against the deflector would settle whether it is an arc or a stream."
59,J3419795-502846,U,0,25.0,1.17,new,0.05630625000000001,0.06825000000000002,C,D,0.28,none,merger,False,False,B,B,,R2,False,"Every located item falls inside the upheld merger/close-pair reading: in the 3.5"" deep and normal zooms (d)/(e) the ticked galaxy's core and the source ~1.0"" NNW are both saturated, round, PSF-cored peaks of comparable brightness joined by a continuous diffuse bridge, which is a double nucleus, not a deflector plus a tangential image (geometry critic upheld for item 1 on the same pixels: no tangential axis ratio, long axis if any is radial). The proposed counter-image at r~0.9"", PA~141 is a flat-topped low-surface-brightness fuzz several magnitudes below item 1's peak, so the two cannot be images of one source, and the remaining knots at 1.1"" NE and 1.6"" SW differ in radius by ~45% and show no tangential stretch - a clumpy tidal envelope, not a ring at fixed radius. The artifact critic's spike explanation is overruled because the rays in (b)/(f) are thin and straight while items 3 and 4 are resolved extended blobs, but that does not rescue them as lensing evidence since the merger reading already covers them. There is no thin, curved, constant-radius feature anywhere out to 5"" in (a), (b) or (d), and the E-W core structure in (c)/(f) is the expected dipole/butterfly of the circular subtraction and was correctly not counted; nothing survives, hence D."
33,J32232919-763201,U,0,28.0,,new,0.0224,0.0224,D,D,0.28,none,spiral_arm,False,False,B,D,morphology:spiral_arm,R2,False,"The ticked galaxy in the 3.5"" deep zoom (d) is a bright, NW-SE elongated bar-like core out of whose ends two broad, low-surface-brightness sweeps emerge: the eastern one runs from just off the core at PA~20-30 out to ~1.5"" by PA~150, the western/SW one mirrors it, and both remain attached to the nucleus with no gap - the hallmark of a two-armed barred/interacting disc rather than two opposed Einstein arcs, which would sit at a fixed radius and be detached from the deflector light. The 10"" panels (a)-(c) confirm this: the same two sweeps close into an outer pseudo-ring at ~2-3"" with the same warm colour and the same surface-brightness ladder as the host, i.e. one stellar population, not a background source. The bright opposed lobes in the subtracted panel (f) are exactly these arms plus the expected four-lobed/dipole signature of a circular profile removed from an elongated, off-centre-cored galaxy, so they add nothing independent. The compact NE knot at r~0.8"", PA~56 is unresolved and bluer/whiter than the orange envelope in (e), with completely smooth envelope at the mirrored SW position - a clump or projected point source, not one image of a pair. With every located item accounted for by the arm reading (and item 3 doubly so by the projection reading), nothing survives; no deeper data is needed to settle a candidate whose arms are this plainly resolved at 0.031""/px."
21,J6403415-2406677,C,1,30.0,1.2,known,0.11077000000000002,0.13091000000000003,C,D,0.27,none,companion_projection,False,True,B,B,,R2,False,"The ticked galaxy is the northern member of a close, blended pair sitting in one diffuse common envelope, with the second bright nucleus only ~1.2"" to the south inside the same isophotes (panels d, e, and dominating the lower half of the residual panel f). Everything the scorer located dissolves under the direct panels at NIRCam resolution: item 1 is a string of three-four discrete, essentially round compact knots on the eastern isophotal rim at r=1.30-1.42"" - no tangential elongation, no continuous surface-brightness ridge, radii scattering by ~10% and a local curvature centre ~1.2"" from the tick centre; item 2 is simply the eastern end of a matching four-knot chain along the northern rim at r~1.10"", i.e. the same clumpy blue rim population continuing around the envelope of a tidally disturbed pair; item 3 lies squarely within the southern companion's halo and is blended light, not a counter-knot. Crucially there is no counter-image at all on the western/north-western side at r=1.0-1.6"" - that envelope is smooth in both (d) and (e) - which is fatal for the broken-ring reading, and the striking vertical bowtie plus concentric ripples in (f) are the circular-profile subtraction signature and were correctly excluded by every role. What remains is a merging/interacting close pair with star-forming or tidal knots strung along its rim, so no lensing evidence survives; deeper or multi-band data would only confirm what the knots' discrete, non-tangential morphology already shows."
26,J357850-3044809,U,0,28.0,2.45,new,0.05859000000000001,0.05859000000000001,C,D,0.27,none,companion_projection,False,False,B,B,,R2,False,"The only candidate features are the elongated sliver ~2.5"" SW of the ticked nucleus (bottom-right of the ticks in panels a/b/c) and the faint eastward continuation of its envelope. Both critics who offered an alternative converge on companion_projection and the pixels back them: the sliver is straight over its ~1.2"" length with its long axis running roughly E-W, i.e. some 35-45 deg away from the tangential direction at that azimuth, it is knotty and thick rather than a thin constant-radius band, and a second, larger curved sliver of comparable surface brightness lies farther out at r~4"", PA~250-265 on the same side of the galaxy - two unrelated field objects at different radii, not a mirrored image pair. The mirror position (r~2.3-3.0"", PA~30-70, NE quadrant of the deep 10"" panel) shows only smooth halo, so no counter-image supports a lensing interpretation, and the 3.5"" deep and colour zooms show the host to be a featureless E-W elongated envelope with no inner arc or ring. Panel (f) contributes nothing: its E-W four-lobed bowtie and central pixelated dipole are exactly the artefacts a circular azimuthally-averaged model leaves on an obviously elliptical galaxy, and the artifact critic confirmed the SW feature is present in every un-subtracted panel and shows no spike, stripe or seam signature. With both located items absorbed by an upheld projection alternative and nothing tangential surviving, this is graded D; no deeper data is needed to settle it."
19,J33372744-1401097,C,1,40.0,2.5,new,0.12031250000000002,0.12031250000000002,C,D,0.25,galaxy,spiral_arm,False,True,B,B,,R2,False,"The ticked galaxy in (a)/(b) is a bright bulge inside a large, mottled, disc-like envelope; the feature that drew attention - the bright ENE ridge sweeping down through E to SE - is traceable in every un-subtracted panel but its radius grows steadily with position angle (r~2.1-2.4"" near PA 70-77, r~3.3-3.6"" by PA 125-185), and it joins continuously onto the fainter southern plume (item 4) and is mirrored 180 degrees away by the broad SW sweep at r~3.4"" (item 2). That is an arm/tidal pair winding out of the host, not a tangential arc at constant radius about the ticks, and at 0.031""/px the curvature and knotty texture are resolved well enough that the distinction is not seeing-limited. The only compact one-sided candidate, the ESE blob at r~1.1-1.3"", PA~105-120 in (d), is round to within its ~0.25"" extent, has a companion blob at PA~136 on the same side, and has no counterpart on the mirror side, so it reads as a projected/embedded knot; the strong cross/bowtie and concentric structure inside r<0.8"" in (f) is the declared circular-profile subtraction artefact and carries no weight either way. The artifact critic offered no alternative and correctly ruled out spikes, striping and PSF wings, but with both remaining alternatives upheld every located item is accounted for and no lensing evidence survives."
32,J804181+1819597,U,0,28.0,,new,0.09391666666666669,0.09391666666666669,C,D,0.25,none,spiral_arm,False,False,B,B,,R2,False,"Every located item is accounted for by an upheld alternative. Item 1, the only convincing off-nucleus source, is the small straight needle ~3"" due south in panels (a)/(b)/(c): it has its own bright condensation, sharp ends and a straight major axis over its full 1.3"" length, no curvature about the tick centre and nothing whatsoever in the mirror annulus to the north at the deep stretch - a projected companion, not one image of a lensed pair. Items 2 and 3 live at r≈0.55-0.85"" inside the bright envelope, a factor ~4 smaller in radius than item 1 and therefore not part of the same source configuration; in (d)/(e) that region is only a low-contrast, boxy isophotal twist continuous with the nucleus, matching the knotty tan/orange arm-and-dust pattern visible from r≈1.5-3.5"" in (c), while the S-shaped band and its knot in (f) are exactly what a 1-D azimuthally averaged model leaves on an inclined, barred/armed disc, complete with the pixel-scale checkerboard ringing around the compact core. No offset tangential feature at fixed radius survives in any direct panel, and no counter-image exists anywhere; the object reads as an inclined dusty disc galaxy with an unrelated southern neighbour."
56,J14977486+224978,U,0,26.0,1.46,new,0.06865625000000002,0.06865625000000002,C,D,0.25,galaxy,subtraction_residual,False,False,B,B,,R2,False,"Only two offset features were ever located and both are now explained. The ESE source (lower-left of the tick centre in (a), (b), (d), bluish-white against the orange envelope in (c)/(e)) is a compact, internally knotty object at r~1.4"", PA~118 whose long axis runs roughly along the line to the nucleus rather than perpendicular to it; at 0.031""/px a lensed image of that brightness would show tangential curvature and a matching-profile counter-arc, and the annulus at r 1.2-1.7"", PA 270-330 in (d)/(e) is featureless smooth halo, so it is a projected clumpy companion, not a lensed image. The western lump in (f) lies inside the concentric positive/negative ripple field that the circular profile leaves on this visibly non-circular, lumpy core (compare the bowtie plus rings straddling the centre in (f)), is round rather than tangentially extended, and has no counterpart in any un-subtracted panel; it is a subtraction residual, admissible as such precisely because it is invisible in (a)-(e). Nothing in (a)-(e) shows a fixed-radius tangential arc, a broken ring, or a pair of matched-profile images, and the host is a smooth ellipsoid with a normal envelope. With both located items accounted for by upheld alternatives, no evidence for lensing survives."
34,J17771210-2809562,U,0,28.0,,possible,0.0416875,0.0416875,C,C,0.25,galaxy,spiral_arm,False,False,B,B,,R2,False,"The ticked galaxy is an inclined, elongated (b/a~0.6, major axis PA~120-300) disc whose outer light is the whole story: in the 3.5"" deep zoom (d) the bright NW structure (item 2) is joined to the bulge by continuous, unbroken envelope light from r~0.8"" out past the panel edge and points radially at the nucleus rather than lying tangential to it, and in the 10"" panels (b)/(c) that same structure sweeps round to the SW while the southern band (item 1, r~3.3"" at PA~110 growing to ~4.5"" at PA~230) and the fainter NE filament (item 4, r~4-5"") form the counter-arm of one continuous, host-coloured, host-profiled arm/tidal system - radius growing with angle, no thin high-contrast knotty arc, no counter-arc of matching radius and brightness anywhere. Both geometry and morphology are therefore upheld over items 1, 2 and 4; the artefact critic named no alternative and correctly notes there are no spikes, seams or residual-only features (the X/bowtie in (f) is the stated circular-model artefact and the NW patch in (f) is traceable in (d)). What survives is only item 3, the compact orange knot at r~1.2"", PA~138 in (e) - a single unmirrored point source sitting on the inner disc where a dust-reddened HII knot or a projected compact object is entirely expected, and with no tangential extension and no partner near PA~318 it neither confirms nor refutes lensing on its own. That single leftover keeps the case out of the D bin by the stated rule, but the evidence is strongly against a lens and no deeper data are needed to see it."
25,J3996679-159719,U,0,28.0,1.6,field_match,0.031166666666666662,0.031166666666666662,C,D,0.25,none,spiral_arm,False,False,B,B,,R2,False,"The ticked object is plainly an inclined, bar-dominated disc: in the 3.5"" deep panel (d) the inner isophotes are strongly elongated ENE-WSW with a lens/bar-shaped core, and the light does not stop - it runs continuously outward into a two-armed pattern whose western arm sweeps from NNW through W to SW with monotonically growing radius (~1.2"" at PA 320, ~1.5"" at PA 280, >2.3"" at PA 235) before merging with the diffuse 10"" sheet in (b) that reaches toward the SW companion; there is no dark gap between host and 'arc', which is exactly what an Einstein arc requires and a spiral/tidal arm forbids. The SE 'knot chain' in (e) sits at PA 115-150 running radially outward at r~0.6-1.0"", i.e. along the disc rather than tangentially, with no compact counterpart at the antipodal PA~309 - the classic signature of star-forming clumps on an inner arm/bar end, and the blue hue alone carries no weight here. Panel (f)'s black four-lobed bowtie and inner dipole are precisely the artefacts a circular azimuthally-averaged model leaves on an elliptical, barred host and were correctly scored as nothing. Both critics who named an alternative are upheld and the morphology reading accounts for every located item, leaving nothing standing; no deeper data is needed to settle this."
17,J5186803-1343778,C,1,40.0,,known,0.012959999999999996,0.01872,D,D,0.24,none,spiral_arm,False,False,B,D,morphology:spiral_arm,R2,False,"The dominant structure is not tangential about the ticked galaxy: in the deep 10"" panel (b) the bright knotty lane runs continuously from just north of the ticks out past r~5"" toward the NW corner, its radius growing monotonically with position angle and its width staying ~0.3"" over that whole run, which is the signature of an arm/tidal lane rather than an Einstein arc thinner than its radius; in the 3.5"" deep and colour zooms (d)/(e) the 'arc plus counter-image' resolves into a single string of clumps at PA~350, r~0.9-1.4"" and PA~195-205, r~1.1"" that is collinear with, and joined by unbroken stellar light to, the nucleus - radial, not mirrored across it - so items 3, 4 and 5 are one clump chain seen through the core, and the same features appear in the un-subtracted panels so panel (f) adds nothing independent. The faint broad band through the E/SE at r~3.5"" has its centre of curvature ~2-3"" WNW of the ticks and can be traced joining the main body near PA~30-50, r~4-6"" in (b)/(c), i.e. an outer plume of the same disturbed host rather than a counter-arc; the artifact reviewer confirms no spike, seam, snowball or PSF wing is involved (the only point source sits at r~4.6"", PA~114 with a compact round halo). With the morphological alternative accounting for every located item and nothing left at fixed radius about the deflector, this is a non-lens."
72,J21007480+1455269,U,0,25.0,1.31,new,0.022879999999999994,0.022879999999999994,D,D,0.22,none,merger,False,False,B,D,morphology:merger,R2,False,"The artifact critic offered no alternative and confirmed all three items are real sky features present in the un-subtracted panels (a), (b), (d), (e) — so nothing here is a subtraction ripple; the ripples in (f) are confined to r<0.7"" of the stamp centre and are the documented circular-profile artefact, which I disregard entirely. What remains is a morphology question, and at 0.031""/px the morphology is decisive: in the deep zoom (d) the NW 'blob' at r~1.1"", PA~325-340 is a resolved little galaxy with a stellar nucleus at the centre of a ~1.0""x0.4"" elongated envelope whose major axis runs ENE-WSW and whose isophotes curve about that nucleus, not about the yellow tick centre — an Einstein image does not carry its own point-like nucleus, and a genuine arc at this resolution would show tangential curvature and a width well under its radius. The orange band draped across the north in (e) is that companion's outer light blending into the common envelope, its surface brightness falling monotonically outward from the companion's nucleus rather than peaking at a fixed radius, and the SE 'counter-bulge' (item 3) is featureless low-SB light continuous with the host's own outer isophotes on the opposite side of the same NW-SE elongated common envelope — the classic signature of a close, interacting pair, not a matched pair of images. With both the companion-projection and merger alternatives upheld and covering all three items, and no thin tangential ridge, no counter-arc of matching surface-brightness profile, and no colour or geometric evidence that survives, nothing is left standing."
88,J32840780+1769774,U,0,25.0,1.45,new,0.06844444444444446,0.06844444444444446,C,C,0.2,galaxy,merger,False,False,B,B,,R2,False,"The two orange features that carried this candidate are both explained by projected/tidal structure rather than lensing: in panels (a), (b) and (c) the northern filament runs essentially straight for ~9"" from the east edge over the top of the ticked galaxy to the NW corner, its distance from the ticks growing from 2.2"" to >5"" at both ends and its position angle fixed near 75/255 deg - no tangential curvature about the deflector, and a compact knot sits on it in the NE, so both the edge_on_disk and merger readings are supported by the pixels; the SE/S orange band in (e) is not a thin counter-arc but the illuminated inner edge of the broad orange fan that fills the SE quadrant of (c) and plumes off the south edge, its width comparable to its radius and its centre of curvature displaced ~4"" from the ticks. Panel (f) contains only the declared four-lobed butterfly and inner dipole of the circular 1-D profile subtraction on an obviously elliptical bulge (PA ~135/315), which counts neither way. All that survives is item 3, a round, unresolved low-surface-brightness clump 3.8"" SW in the deep panel with no tangential elongation and no counterpart - consistent with a chance projection and no support for a lens on its own; hue similarity between the two orange features is colour alone and cannot decide the case. The letter stays at C only because that unexplained clump was located, but the case is effectively a non-lens and deeper data would not change the straight-line geometry."
97,J18939200+6216064,U,0,25.0,1.3,new,0.03325,0.03325,C,D,0.2,galaxy,other,False,False,B,B,,R2,False,"The 10"" panels (a)/(b) show the ticked galaxy embedded in an irregular, lumpy envelope with a bright arm/plume sweeping N to NW, a fan of low-surface-brightness light beyond it to r~3.5"", and a chain of tan clumps to the SW at r~2.4-3"" - the classic signature of a disturbed or interacting clumpy system rather than a lens: no feature holds a fixed radius, the N/NW filament in (d) is joined to the host by a continuous stellar bridge at r~1.2"" and its weak curvature implies a centre ~1.6"" off the tick centre, and the annuli that would hold counter-images (r=1.5-2.1"" at PA 150-190; r=2.4-3.0"" at PA 25-65) are bare envelope. The one item not covered by the merger reading, the compact bump ~0.45"" east of the core seen in (d) and as a one-sided bright spot on the east rim in (f), is unpaired: the western rim at the same radius is featureless, and a single asymmetric knot sitting on the edge of the saturated core with no counter-image and no tangential extent is far more naturally a clump or blended companion of this disturbed system, so the geometry refutation covers it too. The artefact reviewer found no spikes, striping, snowballs or PSF wings and every item is present in un-subtracted panels, so the circular-profile residual in (f) neither adds nor removes evidence. Nothing survives; classify as not a lens."
40,J15029814+254087,U,0,28.0,1.6,new,0.017991111111111114,0.02072888888888889,C,D,0.2,none,star_forming_clump,False,False,B,B,,R2,False,"The ticked galaxy is a smooth E-W elongated early-type (b/a~0.6, major axis PA~100) whose deep-stretch halo in (b) and (d) is grainy at every position angle; the cited 'southern plume' at r~2.5"", PA 140-240 has no azimuthal gap separating it from that halo, its boundary is concentric with the host isophotes, and its radial thickness (~1.5"" at r~2.5"") is over half its radius - an Einstein arc must be thinner than its radius and stand off the envelope. The blue tint on the south flank in (c)/(e) is matched by blue speckle at PA~40, ~135 and ~320 at the same radius, so it is host mottling plus two-band colour noise, not a distinctly bluer offset source, and colour alone could not carry the case in any event. The compact knot at r~1.9"", PA~205 is one of several equal-brightness knots (compare PA~60, r~1.8"" in d), shows no tangential elongation and has no mirrored partner at PA~25. Panel (f) shows exactly the E-W bright / N-S dark bowtie that a circular radial-profile subtraction leaves on an elliptical galaxy - an artefact of the model, not sky - and contains no offset tangential feature at constant radius traceable back into (d) or (e). Field-wide diagonal striping in (b) further depresses confidence in the faintest of the claimed structure. With every located item accounted for by the host-envelope/host-mottling alternatives and nothing surviving, this is not a lens candidate."
75,J35084320-3043955,U,0,25.0,0.73,new,0.017499999999999998,0.017499999999999998,C,D,0.2,galaxy,companion_projection,False,False,B,B,,R2,False,"The only located items are (1) the compact blue-cyan blob 0.75"" SSE of the ticked nucleus, obvious in the normal, deep, colour and zoom panels as a small round knot with a faint halo, and (2) a faint point-like blob ~3.6"" E near the left edge of the 10"" panels. Both geometry and morphology critics independently show that item 1 is round at 0.031""/px - it would span ~24 px of tangential arc if it were an image at that radius, yet shows no elongation along the local isophote - and that the envelope at the mirror position (PA~330, r~0.75"") in the deep zoom (d) is featureless, so no counter-image exists where the deflector's smooth, concentric isophotes demand one. Item 2 lies at 4.8x the radius of item 1 with no curvature about the ticked galaxy, so the pair cannot be multiple images in any single-deflector configuration. The artifact critic offers no competing alternative and merely confirms both sources are real sky objects, and the bright core lobe plus wedge structure north of the core in (f) is the expected circular-profile bowtie artefact, correctly ignored by all reviewers. With the companion_projection alternative accounting for every located item and nothing tangential surviving out to ~5"", this is a smooth early-type with a projected compact neighbour, not a lens; the evidence is clean enough that no further review is warranted."
27,J15032484+248405,U,0,28.0,0.83,new,0.011,0.011,C,D,0.2,none,companion_projection,False,False,B,B,,R2,False,"The only two features located are compact and round, not tangential. In the 3.5"" deep panel (d) the northern object at r~0.85"", PA~350 is a clean, circular PSF-like knot with a faint plume bleeding E/NE into the host light; there is no azimuthal stretch, no curvature and the halo at the mirrored position (PA~170, r~0.85"") is entirely smooth, so no counter-image exists. The bright source 3.0"" SSE in (a)/(b)/(c) is a resolved compact galaxy with its own symmetric halo; its radius exceeds the northern knot's by a factor 3.5, far outside any plausible image/counter-image radius match, so the near-antipodal position angles are coincidental. Panel (b) further shows all three components sharing one N-S elongated diffuse envelope, consistent with a merging or common-envelope system rather than a deflector plus lensed images. The strong central and paired lobes in (f) are the imperfectly removed off-centre core of the 1-D circular model plus the two real sources already present in (d)/(e), and carry no independent weight. The artifact critic found no spikes, seams, snowballs or striping and offered no alternative, which leaves both items real but unlensed. With both located items accounted for by upheld companion-projection/merger explanations and no arc, curvature or matched counter-image anywhere in the field, this is not a lens; no reviewer input is needed to settle it."
48,J4312165-2100739,U,0,27.0,2.05,field_match,0.004500000000000001,0.004500000000000001,D,D,0.2,galaxy,merger,False,False,B,D,geometry:merger;morphology:merger,R2,False,"The only located evidence was a thin bluish filament SW/S of the ticked galaxy (items 1-2) and a diffuse SE streamer (item 3), and both the geometry and morphology critics independently traced them, in the un-subtracted deep and colour panels, as one continuous feature: it leaves the host envelope near PA~245 at r~1.5"", passes a knot at r~2.1""/PA~231, sweeps with an inflection onto the nucleus of the bright compact companion 3.2"" due south, and continues past it as a low-surface-brightness plume out to r~5-6"" at PA~140-165. Its radius grows monotonically with angle, its curvature changes sign, and both ends anchor on stellar nuclei - none of which a single deflector can produce - while the mirror position at r~2"", PA~50 is a featureless envelope in the same deep stretch, so there is no counter-image. The artifact critic named no instrumental alternative and correctly noted that panel (f) shows only the declared circular-model bowtie plus concentric ripples, which are uninformative; that leaves no evidence for a lens and a fully self-consistent interacting-pair (bridge + tail) interpretation covering every item, hence D with no surviving items and no need for a further reviewer."
16,J5186648-1343587,C,1,42.0,17.6,known,0.0023999999999999994,0.0023999999999999994,D,D,0.2,none,edge_on_disk,False,False,B,D,geometry:edge_on_disk;morphology:edge_on_disk,R2,False,"Every scored item belongs to a single continuous structure: the bright, knotted, ~1""-wide band that enters the 10"" field at the SE corner label, sweeps through the yellow ticks and exits at the NW corner in panels (a), (b) and (c). In the zoom (d) that ridge is an unbroken stellar bridge across the ticked nucleus — no gap, no surface-brightness break, identical width and identical knot texture on both sides — so items 1 and 2 are the two halves of one object, not a mirrored image pair; the residual panel (f) shows only the circular-profile subtraction hole at the tick with the ridge continuing straight through it, which is a property of the 1-D subtraction and carries no weight either way. The 'second concentric strand' (item 3) is separated from the main ridge by a dark absorption lane running parallel to it over ~4"", and the blue knot chain (item 4) lies ON the ridge with the reddened diffuse light on the opposite (SW) flank — the classic signature of star-forming knots plus extinction in a highly inclined, gently warped disc, exactly what the geometry and morphology critics located at r=0-5"", PA 295-160. Nothing in the field is tangential at fixed radius about the ticked galaxy: the band's radius from the tick grows from 0 to beyond the 10"" frame and its centre of curvature lies far off-field, so no lensing configuration about the catalogued deflector is supported and no items survive."
57,J21006317+1456150,U,0,25.0,2.17,new,0.0705,0.0705,C,D,0.18,none,spiral_arm,False,False,B,B,,R2,False,"The ticked position lies ~1.3-1.4"" SE of the dominant bright core of a large, lopsided, plume-rich late-type/disturbed system, and every located item is explained by that host. Item 1's ""filament"" (deep zoom, left of the E tick, PA 95-130) is not an offset, fixed-radius ridge: its surface brightness joins the envelope with no gap, and its radius opens from ~0.9"" to ~1.5"" as position angle grows, the signature of an outer arm/disc rim curving about the off-centre NW core, not a tangential arc about the tick centre. Item 2 is a dust-reddened knot sitting on that same rim in (c)/(e), one of at least three orange/brown knots scattered through the same galaxy at r~1.5-4"", so colour adds nothing here (and colour alone could not decide it in any case). Item 3 is a round, ~0.15-0.2"" compact point at PA~42 with no tangential elongation, a near-twin 1"" further NE, and no counterpart at PA~220 - a projection. The artifact critic named no instrumental alternative and correctly confined the straight diffraction rays to the SE/SW corners at r>3.5"", so nothing here is a detector or subtraction product; panel (f)'s central bowtie/dipole is exactly what a circular profile fit to this off-centre, non-elliptical light must leave and carries no weight either way. With no counter-image anywhere in r 0.8-1.4"", PA 250-330 and both alternatives upheld over all three items, nothing survives."
69,J18931633+6219972,U,0,25.0,0.89,new,0.05720000000000001,0.05720000000000001,C,D,0.18,galaxy,ring_galaxy,False,False,B,B,,R2,False,"Nothing lens-like survives. The ticked galaxy is a bright, moderately inclined ringed system: the deep 10"" panel (b) and the colour panel (c) show several smooth, essentially closed concentric rims between ~2.3"" and ~4.5"" that share the host's hue, ellipticity and position angle and are centred on the ticked nucleus — the signature of resonance rings/shells, not of a thin, broken, offset tangential arc (an Einstein ring would be thinner than its radius, asymmetric in surface brightness, and would not repeat at three different radii with the host's own isophote shape). The scorer's item 3 (SSW at r~4.2"") is just the major-axis segment of the outermost of those rims where it fades into the envelope, so morphology's ring_galaxy alternative covers items 2 and 3. The only high-contrast discrepant feature, the orange blob 0.85"" SE at PA~115 in (d)/(e), is round and centrally peaked with its own fuzzy envelope, has an axis ratio of ~1 rather than tangential elongation about the nucleus, and has no counterpart at the mirror position PA~297 where (d) shows perfectly smooth halo light; its lobe in (f) is the same real object, not a subtraction artefact, but it is a projected/interacting companion, so geometry's companion_projection covers item 1. The artifact critic named no alternative and correctly noted that the E-W bowtie and high-frequency ripple in (f) are the expected circular-profile artefacts, which were not counted either way. With every located item accounted for by an upheld non-lens explanation, the grade is D; the configuration is unambiguous enough at NIRCam resolution that no further review is needed."
82,J21483295+5282544,U,0,25.0,2.3,new,0.035616,0.035616,C,C,0.18,galaxy,companion_projection,False,False,B,B,,R2,False,"Everything offset from the ticked galaxy resolves at NIRCam sampling into a close pair, not into lensed images: panel (d) shows the northern feature as a nucleated companion (compact core at r~1.4"", PA~0) embedded in a patch whose radial thickness (~0.8-1.0"") is comparable to its own radius, connected to the deflector core by continuous light that makes the classic figure-eight in (b); panel (e) shows it as a distinct galaxy with its own colour/dust structure rather than a thin thread of a background source. The NE 'plume' (item 2) climbs monotonically in radius from ~1.4"" at PA 10 to ~2.4"" at PA 50 toward the bright galaxy 3.7"" away at PA~57, which is bridge/PSF-wing geometry, not a fixed-radius arc; the large positive lobe north of the core in (f) simply reflects this real, un-subtracted companion light and cannot be counted either way. The one surviving item, the SSW envelope extension at r~1.4"", PA 170-230 in (a),(b),(d),(e), is smooth, knot-free and monotonically declining outward, with no tangential thread or surface-brightness match to the northern patch, so it neither confirms nor refutes lensing but is exactly what a tidal distortion opposite a companion looks like. With no counter-image, no constant-radius curvature and no thin arc anywhere, this is best read as an interacting pair in a modest group environment; C rather than D only because that southern asymmetry was located and remains unexplained by any named alternative."
46,J9002960-2014057,U,0,26.0,1.1,new,0.0252,0.0252,C,D,0.18,group,merger,False,False,B,B,,R2,False,"The artifact critic confirmed all three items are real sky features present in the un-subtracted panels (b), (d) and (e), so nothing here is a reduction or subtraction artefact - but reality is not lensing. The two compact knots that carry the entire case sit at r~1.0"" (PA~242) and r~1.2"" (PA~186) in the deep zoom (d), separated by only ~56 deg of position angle on the same southern side of the ticked core; the northern and north-eastern annulus at the same radius in (b), (d) and (e) is empty, so there is no counter-image, and neither blob is tangentially elongated - the SW object's major axis runs roughly E-W, close to the radial direction, and the S object is round with axis ratio ~1.0. Their surface-brightness profiles also differ (resolved disc-like vs compact core-plus-halo), which is inconsistent with two images of one source. Panels (a)-(c) show the whole 10"" field to be a compact chain of comparably bright, similarly coloured galaxies - NE at ~2.0"", S at ~2.3"", SE at ~2.9"" - all embedded in a common diffuse envelope, and the item-3 NE plume is continuous envelope/tidal light pointing at the NE member, not a feature at fixed radius. The residual panel (f) shows only offset positive lumps at the positions of those same companions plus the expected bowtie/ring pattern of a circular profile fit to an elliptical, blended core, which carries no weight either way. With both upheld alternatives together accounting for every located item and no tangential structure anywhere at JWST resolution, this reads as a compact group projection, letter D."
77,J9192602-4479623,U,0,26.0,1.45,new,0.021600000000000005,0.021600000000000005,C,D,0.18,galaxy,companion_projection,False,False,B,B,,R2,False,"The only located evidence is the pair of compact orange knots seen in panels (c) and (e): one just inside the northern yellow tick at r~1.2"", PA~0, and a larger orange blob on the western side at r~1.6-1.7"", PA~297 (right-hand upper part of the zoom, since E is left). The artifact critic correctly confirmed both are real sky (they appear in the un-subtracted panels c, d, e, lie on no straight diffraction ray, and show no snowball core or striping), so nothing here is instrumental - but real is not lensed. Both critics who named an alternative converge on companion_projection and the pixels back them: the knots are round to PSF-like with axis ratio ~1 and no tangential elongation, they sit at radii differing by ~30% so they cannot lie on a common Einstein circle, they are separated by only ~62-67 deg in PA rather than straddling the nucleus, and the opposite annulus (PA 120-200 deg at r=1.1-1.8"") is clean in both (d) and (e). Panels (b)/(c) show at least two further identical orange compact knots at ~2.5-3"" SE and next to the NE spiral neighbour, establishing a field population of such objects; panel (d) shows only a smooth core plus a faint clumpy outer disc to r~1.2"" with no arc, ring or bridge, and the only structure in (f) is the four-lobed butterfly plus concentric ringing that the circular-profile subtraction necessarily leaves on this clearly elliptical/inclined host - explicitly not evidence either way. With both located items accounted for by chance projection, nothing survives, and the grade is D; no deeper data is needed to settle this."
60,J20960149-304690,U,0,25.0,1.5,new,0.01125,0.01125,C,D,0.18,group,companion_projection,False,False,B,B,,R2,False,"The two direct 10"" panels show a single smooth low-surface-brightness envelope containing at least four separate nuclei - the ticked core, a compact round knot just SW of the tick centre (obvious as a distinct PSF-like nucleus in (d) and (e)), a bright diffuse elliptical ~1.5"" SSW, and the elongated knotty streak ~2.7"" NE that is bright already in (a) - i.e. a blended group/merger, not a deflector with images. The artifact critic's checks confirm every item survives in un-subtracted panels (so nothing here is a subtraction artefact, and the symmetric N/S lobes and concentric ripples about the tick centre in (c)/(f) are excluded by the VIEW), but survival in direct data only establishes the features are real sky, not that they are lensed. Against a lens hypothesis: item 1 is round with axis ratio ~1 at a radius where a tangential image would be visibly stretched at 0.031""/px; item 2 lies at 1.6x item 1's radius and is invisible on the normal-stretch zoom while item 1 peaks strongly there, violating surface-brightness conservation and the brighter-image-at-larger-radius expectation; item 3 has its own internal knots and a straight long axis with no counter-arc in the r=2.4-3.0"", PA 210-250 annulus of (b). No feature bends concave toward the tick centre anywhere in the frame. Both critics' alternatives (companion_projection and merger) are the same physical picture and both are supported pixel-by-pixel, so all three items fall and nothing survives; letter D, scale class group by the multi-nucleus envelope rather than by any measured Einstein radius."
28,J26831233+6515810,U,0,28.0,1.18,new,0.008999999999999998,0.008999999999999998,D,D,0.18,galaxy,companion_projection,False,False,B,D,geometry:companion_projection,R2,False,"The artifact critic filed no alternative and correctly showed neither feature is instrumental: the northern blob at r~1.2"", PA~350 appears in (a), (b), (c), (d), (e) and as an offset positive blob in (f), with no straight spike or PSF wing pointing at it, and the SW extension at r~1.5"", PA~220 is already present in the direct deep panels, so neither can be charged to the circular-profile subtraction - but non-instrumental is not the same as lensed. Geometry and morphology independently and consistently reduce both items to chance projection on the halo of the ticked elliptical, and the pixels back them: in the 3.5"" deep panel (d) the northern source is a compact ~0.25"" core wrapped in its own small round envelope, elongated radially rather than tangentially, and the mirror annulus at PA 155-200, r=1.0-1.4"" is featureless in both (b) and (d); the SW clump is a diffuse low-surface-brightness patch at a different radius and a non-opposed angle, with a grossly different surface-brightness profile from the northern knot, so the two cannot be images of one source. The extra structure in (f) - the bright southern lobe and the N-S ridge - is exactly the bowtie/ring pattern a one-dimensional circular model must leave on this obviously egg-shaped, N-S elongated deflector, and carries no weight either way. Nothing curved at fixed radius survives; the bright elongated neighbour ~2.6"" west and the broad envelope in (c) read as a group/merger environment, not a lens configuration. Both alternatives are upheld for every located item, no items stand, and the case is clear enough at this resolution that no further review is warranted."
41,J34708849-217825,U,0,27.0,0.95,new,0.0244375,0.0244375,C,D,0.17,galaxy,companion_projection,False,False,B,B,,R2,False,"Only two features were ever located, and both are accounted for by upheld non-lens alternatives. The compact source ~0.95"" NNW of the ticked nucleus is round and point-like in the 3.5"" deep panel (d), blue and unresolved in (e), and shows as a sharp near-PSF knot in the subtracted panel (f) with no tangential stretch at all; the mirrored position at PA~169, r~0.95"" is a smooth, featureless envelope in both (d) and (b), so there is no image pair - a superposed compact companion or foreground object is the natural reading. The southern 'band' is unambiguously a resolved inclined disc galaxy at JWST resolution: in (b) and (c) it carries its own compact nucleus at the mid-point of a straight ENE-WSW ridge (PA ~73/253), the light falls symmetrically to both ends about that nucleus, and its distance from the deflector varies from ~1.6"" at the WSW end to ~3.5"" at the ENE end, i.e. delta_r/r ~0.8 - the opposite of a fixed-radius tangential arc, and a near-twin of the brighter inclined disc ~4"" ENE. The artifact critic found no instrumental origin for either feature, but that leaves them as real sky objects, not as lensing evidence; the only structure unique to (f) is the N-S bowtie about the core, the stated artefact of the circular profile subtraction. With no curvature concentric on the ticked galaxy, no counter-image and no surface-brightness-matched partner, nothing survives, and a reviewer would add nothing here."
44,J26807645+6520932,U,0,27.0,0.98,new,0.01178666666666667,0.03808000000000001,D,D,0.17,galaxy,spiral_arm,False,False,B,B,,R2,False,"The ticked galaxy is unambiguously a face-on, inner-ringed multi-armed disc at JWST resolution: in the 10"" deep panel (b) and the colour panel (c) the light outside the bulge is not a thin fixed-radius ring but two arms whose radius grows monotonically with azimuth (SW arm ~2.0""->3.4"" over PA 195-250, NE/N arm ~2.4""->3.6"" over PA 30-85), each traceable inward without a break to the bulge, dust-flecked on the E side and studded with blue star-forming knots - so item 3 is an arm and item 2 is an HII complex on the SW arm, not a lensed image. The one compact off-nuclear source, item 1 at r~0.9"", PA~268, is round (axis ratio ~1, FWHM ~4-5 px in d/e), shows no tangential stretch, and has absolutely nothing at the mirror position PA~88 at the same radius in either (d) or (e); the bright one-sided point in (f) is simply that same source surviving the circular-profile subtraction, while the butterfly lobes and concentric rings around the core in (f) are the expected artefacts of the azimuthally-averaged model and were correctly not counted. The artifact critic found no instrumental explanation and named none, which is consistent: these are real sky features, just not lensing ones. With every located item accounted for by an upheld or partially upheld alternative and no tangential feature at constant radius anywhere in the direct panels, this is a non-lens; no deeper data are needed to settle it."
76,J8732838-6207334,U,0,25.0,2.5,new,0.008499999999999999,0.008499999999999999,D,D,0.17,galaxy,edge_on_disk,False,False,B,D,morphology:edge_on_disk,R2,False,"The only item scored was the thin bright streak ~2.6"" north-northeast of the yellow tick centre, visible in the 10"" normal, deep and colour panels and clipping the NE corner of the 3.5"" deep zoom. The artifact critic offered no alternative and correctly ruled out spikes, cosmic rays and single-band defects (the streak appears in both bands and never depends on panel f), but the geometry and morphology critics converge on the decisive point at JWST sampling: over its ~1.5-2.3"" length the feature is dead straight, with sharp parallel edges, a >5:1 axis ratio and a slight central brightening along its OWN major axis - a tangential arc at r=2.6"" spanning that chord would bow toward the ticked core by ~0.24"" (~10 px) and show visible curvature, and it does not. There is also no counter-image: the halo at r=2.4-2.9"", PA 160-220° in the deep stretch is smooth. Panel (f) contributes nothing either way, showing exactly the four-lobed bowtie and concentric rings a circular 1-D profile leaves on this obviously elliptical, inclined galaxy, so no inner knot can be claimed. With the sole item accounted for by an upheld edge_on_disk projection and nothing left standing, this is a non-lens; no deeper data are needed to settle it."
31,J26876212+6510625,U,0,28.0,0.6,new,0.050133333333333335,0.050133333333333335,C,D,0.16,galaxy,spiral_arm,False,False,C,C,,R2,False,"The ticked galaxy is unambiguously a barred/inclined disc at JWST resolution: panels (a), (b) and especially the deep zoom (d) show an elongated bright bar at PA~45/225 from whose ends two diffuse, host-coloured ridges peel off with continuous light bridging them to the nucleus, their radius growing from ~0.9"" to ~1.5-1.6"" across the traced azimuth - the classic spiral-arm signature, far too thick (width/radius ~0.5-0.7) and radius-varying to be an Einstein arc, so items 2 and 3 fall to the morphology critic's upheld spiral_arm alternative. The only compact, colour-contrasted feature, the blue dot at r~0.6"", PA~267 in (e) and as an isophote bump in (d), is round and unresolved with no tangential elongation and no counter-bump at comparable radius on the eastern side; it reads as a disc clump or projected compact companion, and the geometry critic's companion_projection stands. The artifact critic named no instrumental alternative (the 1/f striping in (b) is horizontal and orthogonal to the diagonal ridges), which does not resurrect any item. The strong one-sided positive lobe and butterfly pattern in (f) are exactly what the circular-profile subtraction produces on a barred, off-centre-cored disc and carry no weight either way. With every located item accounted for by an upheld non-lens alternative, nothing lensing-specific survives."
65,J4429240-2347200,U,0,25.0,1.55,new,0.019199999999999995,0.019199999999999995,D,D,0.16,none,merger,False,False,C,D,morphology:merger,R2,False,"Both located items are accounted for by the upheld interacting-pair reading. The SE feature (visible in a, b, d, e at r~1.5"", PA~146) resolves at NIRCam sampling into a compact nucleus with its own roughly circular halo, blue-cored in (e)/(c), showing no tangential elongation about the tick centre and no counter-knot on the NW side at r~1.3-1.7"", PA~310-350; an arc at that radius would be a thin (width << 1.5"") curved ridge, and none is present. The second item, the lopsided N/NE isophote in (b)/(d), is a smooth low-surface-brightness envelope asymmetry aligned with the host major axis (PA~55) with no ridge at constant radius and no counter-feature at PA~235 - classic interaction/isophote-twist structure inside the ~4"" common diffuse envelope visible in (c). Panel (f) contributes nothing: the central black/white dipole and concentric ring there are exactly the artefacts the circular 1D profile subtraction produces on this off-centre, companion-blended, elongated core, and the artifact critic correctly found no straight spikes, striping or seam anywhere in the field. With no tangential curvature, no counter-image and no fixed-radius surface-brightness structure anywhere out to 5"", nothing lens-like survives; deeper data would not change a configuration this cleanly resolved."
30,J9006236-2015944,U,0,28.0,2.5,new,0.06825,0.06825,C,D,0.15,none,star_forming_clump,False,False,C,C,,R2,False,"The ticked galaxy is a bright-cored, inclined and visibly asymmetric disc whose deep-stretch envelope (panels b and d) is lopsided to the south-west, and the two items the scorer located both dissolve under the direct panels. Item 1, the E-W streak ~2.3"" south, is present in (a), (b) and (c) - so the artefact critic correctly declined an instrumental origin - but at 0.031""/px it is straight over its full ~1.2"" length, ~4:1 in axis ratio, with no concavity toward the ticked core and no counter-feature in the northern annulus at the same radius; that is a projected neighbour or a detached low-surface-brightness plume, not a tangential image. Item 2, the ~1.0"" southern brightening, is one of a family of similar compact knots in the disc envelope in (d) and is round rather than tangentially elongated; the strong N-S lobes around it in (f) are exactly the two-lobed bowtie a 1-D circular profile leaves on this NNW-SSE elongated core and carry no weight either way. With no curvature at fixed radius, no counter-image, and no arc-like surface-brightness structure anywhere in the 10"" field, nothing survives and no lensing scale can be assigned."
38,J15010748+230270,U,0,27.0,1.15,new,0.03117187500000001,0.03117187500000001,C,D,0.15,group,companion_projection,False,False,C,C,,R2,False,"The ticked object in the zoom row is a large, N-S elongated inclined/barred disc: panel (d) shows smooth elliptical isophotes out to ~1.7"" broken only by one round ~0.15"" knot at r~1.17"", PA~120 deg with a blank mirror position at PA~300 deg, and panel (e) shows a warm NW-SE band running straight through the blue-white nucleus - a bar/dust lane at no fixed radius, i.e. item 4, the only item left standing and self-evidently host structure rather than a lensed feature. Both geometry and morphology critics are upheld on items 1-3: those clumps sit at 2.5"", 2.6"" and 3.8"" (dr/r ~ 0.4, no common circle), at PAs 155/175/235 deg with no opposed pair, are round or diffuse with no tangential elongation in (a) or (b), and are morphologically twins of the compact galaxies scattered around the NE, E and SE edges of the 10"" panels - classic companion projection on a group envelope. The artifact critic named no alternative and correctly notes that every item reappears in un-subtracted panels, so no residual explanation is admissible; the strong dark NW-SE band with bright N and S lobes in (f) is precisely the butterfly/dipole a circular 1-D profile leaves on this elliptical, off-centre-cored galaxy and is counted neither way. With no tangential feature at fixed radius, no counter-image and no arc-like surface-brightness structure anywhere at this resolution, the evidence points away from lensing."
74,J16193787+1252943,U,0,25.0,1.55,new,0.028125000000000004,0.028125000000000004,C,D,0.15,galaxy,merger,False,False,C,C,,R2,False,"The only offset structure in this field is the fat northern lobe ~1.1"" from the ticked core, and every panel argues against a lens: in (a) and (e) the pair reads as a peanut with continuous light from the core out past the north tick, in (b) the lobe saturates to the same level as the core (its own compact nucleus, with a point-like knot at r~1.7"", PA~358 in the deep zoom), and its major axis is radial (N-S, tangential/radial axis ratio <1) rather than tangential at fixed radius - no constant-radius ridge, no curvature about the deflector, no thinning. The 'counter-image' at r~0.95"", PA 160-205 in (d) is a smooth continuation of the same common envelope with no edge, no knot and a surface brightness far below the north lobe, so it fails the one-source mirror test. The artefact critic correctly finds no spike, snowball, striping or PSF wing, but that leaves the two features standing only as real sky, not as lensed sky; the concentric ripples and the dark N/S band in (c)/(f) are the known circular-model signature and were rightly not cited by anyone. Geometry's companion_projection and morphology's merger are the same physical picture and each accounts for both located items, leaving nothing standing."
83,J3470183+013617,U,0,25.0,,new,0.028124999999999997,0.028124999999999997,C,D,0.15,galaxy,companion_projection,False,False,C,C,,R2,False,"Every item the scorer located is accounted for by an upheld alternative on grounds visible in the un-subtracted panels, not on forbidden grounds. The knot at r~0.32"" SSW of the ticked core (item 1) is round in (d) and appears in (e) with the same white/yellow hue and surface brightness as the saturated bar-like nucleus it abuts; there is no tangential shear, no thinning into an arc, and the mirrored position at PA~5, r~0.3"" is smooth halo - a second nucleus or superposed compact object, whichever of the two critics' labels one prefers, and not a lensed image. The compact orange point 2.1"" due S in (c) (item 2) is present in both (a) and (b), so it is a real source but point-like with no counterpart at PA~0, and the SE fuzz at r~2.2-2.5"" (item 3) is elongated along the radius vector, the wrong orientation for shear; the three lie at incompatible radii with incompatible profiles and cannot be images of one source. The deep 10"" halo in (b) is smooth and boxy out to ~5"" with no fixed-radius tangential feature anywhere, and panel (f) shows only the ESE-opening dark bowtie plus a bright residual core - the classic four-lobed/dipole signature of a circular profile removed from an elongated, off-centre galaxy - which is evidence neither way. Nothing survives, so D; no reviewer or deeper data is needed to settle this."
29,J20148636+4809579,U,0,28.0,2.7,new,0.025200000000000004,0.025200000000000004,C,D,0.15,none,companion_projection,False,False,C,C,,R2,False,"The catalogued galaxy at the ticks is a strongly E-W elongated, inclined disc (axis ratio ~0.45 in panels d and e), and every offset feature the scorer listed sits on its western side. Tracing the knots in the deep 10"" panel (b) and the subtracted panel (c), the chain begins at the untruncated western envelope (PA~272, r~2.2""), passes through a second knot near PA~287 at r~2.3-2.9"", and terminates on a bright, resolved, halo-bearing neighbour at r~3.2-3.3"", PA~310: the radius increases monotonically with angle, which is the signature of a tidal bridge/plume onto an interacting companion, not of a tangential image at fixed radius. The whole eastern half of the field, including the PA~90-200 sector where counter-images of these features would fall, is blank at the same depth in (a), (b) and (c). The SW blob (r~2.7"", PA~228) is compact and round with no measurable tangential elongation and lies ~84 deg from the anti-radial direction of item 1, so it cannot pair with anything; it reads as an unrelated faint neighbour in a modestly busy field. The black bowtie in (c)/(f) is the stated circular-subtraction artefact on an elliptical host and was correctly not counted. With the geometry critic's companion_projection upheld for all three items and the morphology critic's merger upheld for the two chain items, nothing survives."
89,J9003772-2015513,U,0,25.0,1.15,new,0.020899999999999995,0.020899999999999995,C,D,0.15,galaxy,companion_projection,False,False,C,C,,R2,False,"The ticked object is a highly inclined disc/S0 with major axis PA~318/138, and the dominant feature in panel (f) - the bright four-lobed bowtie with a negative wedge along PA~45/225 - is exactly the artefact the azimuthally-averaged circular subtraction is stated to produce on such an elongated galaxy, so it carries no weight either way. The only real located features are two compact, round blue knots in the un-subtracted zooms (d)/(e) at r~1.3"", PA~50 and r~1.4"", PA~165, and a straight blue streak at r~4.6"", PA~125 in (b)/(c). At this resolution a double image pair at r~1.3"" would have to be near-anti-aligned and each image measurably stretched tangentially; instead the two knots are only ~105 deg apart in position angle and both are point-like with axis ratio ~1.0, and no third or fourth image, no counter-arc and no tangential feature at constant radius appears anywhere in (a)-(f). The SE streak's long axis points radially at the deflector and exits the frame, which is an edge-on field galaxy, not an arc; the artefact critic further showed it cannot be a diffraction spike of the bright SW star (star-to-streak direction PA~85 versus streak axis ~130/310). With both geometry and morphology critics upheld and nothing left standing, the evidence is that of an inclined disc with two projected blue field clumps on its outskirts; no reviewer or deeper data is needed to resolve an ambiguity that the pixels already settle."
37,J15009907+202286,U,0,28.0,3.3,new,0.020000000000000004,0.020000000000000004,C,D,0.15,none,merger,False,False,C,C,,R2,False,"The ticked galaxy is a bright, smooth, saturated-cored early type: panels (d) and (e) inside 1.75"" show only a single lopsided oval envelope with no knot, no thin detached filament and no ring, and panel (f) shows exactly the documented circular-profile artefact set (central dipole, N-pointing plume, concentric ripples), which is inadmissible as evidence either way. Of the three located items, the S/SW low-surface-brightness streak in (a)/(b) increases its distance from the tick centre from ~2.9"" at PA~200 to ~4.9"" at PA~240 (dr/dPA ~ +0.045""/deg) - the radius-versus-angle signature of a straight filament or tidal plume, not of a tangential arc; the SE object at r~3.4"", PA~123 is a compact, irregular, knotty galaxy with axis ratio ~1.1-1.2 and no tangential orientation, and there is nothing at its mirror radius on the NW side; the NW/W ""edge"" at ~2.3"" is the outermost isophote of the same envelope, joined continuously to the core with no gap. Both the geometry critic's companion_projection (items 1,2) and the morphology critic's merger/lopsided-host reading (items 1,2,3) are borne out by the pixels; the artefact critic correctly declined, since the 1/f striping in (b) runs vertically and all three items appear in un-subtracted panels. With every item accounted for by non-lens explanations and no counter-image or constant-radius tangential structure anywhere, this is a D; no deeper data is needed to settle it."
66,J18850875+1133833,U,0,25.0,1.28,new,0.0176,0.0176,C,D,0.15,galaxy,merger,False,False,C,C,,R2,False,"The artifact critic offered no alternative and the located features are genuinely on the sky - the compact knot ~1.1"" NNW, the westward wisp and the core-to-knot ridge all appear at identical pixel positions in the un-subtracted panels (a), (b), (d), (e), so the circular-profile bowtie in (c)/(f) is not their origin and plays no part in this ruling. But the morphology critic's merger reading accounts for every item using the direct panels: in (d) a single low-surface-brightness envelope, elongated N-S over ~3"", encloses both the ticked nucleus and the extended, resolved body ~1.6"" due north, and in (e) the surface brightness never falls to sky between the nucleus and the 1.1"" knot - that continuous stellar bridge along PA~355-10 is item 3, and a lensed image cannot be attached to its deflector by luminous stellar light. Item 2's plume grows monotonically in radius from ~0.9"" at PA~355 to ~1.4"" at PA~295, the signature of a tidal wrap, not a constant-radius tangential arc, and the knot itself is round with no measurable tangential elongation. The geometry critic independently confirms the decisive negative test: the annulus at r~1.0-1.6"", PA 140-220 in (d) and (e) is smooth envelope only, with no counter-arc above the local envelope at a flux ratio limit >5:1. With no tangential curvature, no counter-image and a stellar bridge linking every northern feature to the ticked core, nothing survives; this is an interacting/merging pair, not a lens."
50,J20945435-1082161,U,0,25.0,0.52,new,0.013999999999999995,0.013999999999999995,D,D,0.15,galaxy,merger,False,False,C,D,morphology:merger,R2,False,"Every located item is accounted for by an upheld alternative on direct-panel evidence, so nothing survives. In the 3.5"" zooms (d)/(e) the ticked galaxy is one of TWO comparably bright, equally saturated point-like nuclei separated by ~0.6"" and embedded in a single common, lopsided diffuse envelope - the classic double-nucleus signature of an interaction, not a deflector plus a tangentially stretched counter-image; item 1 is round with axis ratio ~1 and has no partner at PA~268. Item 2, the compact blob ~1.2-1.5"" S at PA~180 with its own halo, sits at an incompatible radius and has no northern counter-arc, so it cannot be a second image of the same source; geometry's companion_projection covers items 1-2 and morphology's merger subsumes them plus item 3. Item 3, the broad NW feature, is a ~60°-wide fan whose radius grows with position angle (~0.8"" at PA~300 to ~1.4"" at PA~335) and whose outer edge is soft - a tidal plume opening outward, the opposite of a thin band at constant radius. The bright straight rays out to ~3"" in (a)/(b)/(c) are the NIRCam 6-spike pattern from the saturated cores and touch none of the items; the strong structure in (c)/(f) is exactly the dipole/bowtie expected from a circular profile subtracted on an off-centre, companion-blended pair and carries no weight either way. No tangential curvature, no fixed-radius arc, no counter-image anywhere: this is an interacting/merging pair with a southern companion and a tidal plume."
87,J26816024+6505016,U,0,25.0,0.82,new,0.012249999999999997,0.012249999999999997,D,D,0.15,none,spiral_arm,False,False,C,D,morphology:spiral_arm,R2,False,"The ticked object is unambiguously resolved by NIRCam as an inclined barred/oval spiral: the zoom panels (d) and (e) show a bright elongated bar through the tick centre whose ends join, without any gap or surface-brightness discontinuity, into a closed oval of arms - the N/NW ridge at PA~300-40 and the S/SE ridge at PA~140-210 that the scorer listed as items 1 and 2 are simply the two halves of that one loop, sharing the disc's grey/warm two-band hue, its axis ratio (b/a~0.6) and position angle (~5 deg), with a ridge width comparable to its radius and a radius that grows monotonically along the ridge rather than staying constant. The bright inner blobs, dark annulus and bowtie in (f) are the expected circular-profile artefacts on such an elongated barred galaxy and carry no weight either way. Item 3, the faint E/NE feature at r~2.4"", is accounted for twice over - as the outer arm unwinding from the inner ring in (c) and as the discrete companion with its own nucleus visible at lower-left of (b)/(d) - and it has no counterpart at PA 240-310. The artifact critic found no instrumental explanation, which is consistent: this is real astrophysical spiral structure, not a residual or spike. With every located item accounted for by an upheld alternative, nothing tangential and offset survives, and no deeper data are needed to settle it."
90,J1637643+1340558,U,0,25.0,2.7,new,0.00950625,0.0185625,D,D,0.15,none,spiral_arm,False,False,C,D,morphology:spiral_arm,R2,False,"The ticked object is a large, well-resolved inclined disc galaxy: panel (d) shows a smooth elliptical bulge with e~0.4 along PA~135/315 whose light is traceable past 1.7"", and panel (b) shows faint outer arms and a dark inter-arm/dust wedge to the N-NW. Both scored items lie in one continuous 135-degree swath from PA 295 through 70, and in the colour panel (c) they are the same blue ridge whose radius grows steadily with position angle (~2.6-2.9"" at PA~300, ~3.5-3.8"" at PA~40) and which is bridged to the nucleus by the disc rather than standing off it - the defining signature of a spiral arm at JWST resolution, with a mirrored blue arm on the SE-S-SW side completing the two-armed pattern. There is no thin, fixed-radius tangential feature anywhere in the 10"" field, no counter-image at the mirror azimuths (PA 115-170 and 190-250 show only smooth host isophotes and one round compact projection at r~4.0"", PA~207), and panel (f) shows only the four-lobed bowtie/dipole that the declared circular-profile subtraction necessarily produces on this elliptical, off-centre-cored host - an artefact that carries no weight either way. The artifact critic's mosaic-edge reading is not supported by the pixels (the colour change follows a curved locus, not a straight frame-crossing boundary), and the geometry critic's scale tension only reinforces the morphological verdict. With every item accounted for by ordinary spiral structure, this is not a lens."
35,J3807110-4434755,U,0,28.0,0.38,new,0.009375,0.009375,C,D,0.15,galaxy,companion_projection,False,False,C,C,,R2,False,"The only located evidence is a single compact lump 0.4"" SE of the ticked nucleus (obvious in the 3.5"" deep panel (d) and the colour zoom (e), and confirmed present in the 10"" panels (a)/(b)/(c), so the artifact critic correctly found no instrument-side explanation and offered none). But two independent critics converge on the same non-lens reading and the pixels support it: the lump is round to radially elongated, its long axis points back at the core along PA~150 rather than across it, it shows no measurable azimuthal extent (<15 deg of arc), the surface brightness between it and the primary nucleus never drops to the surrounding halo level, and the opposing side at r~0.3-0.55"", PA~300-350 in both (d) and (e) is featureless at a level far below where the SE lump is obvious - no counter-image. In colour (e) the lump carries the same warm hue as the deflector core inside one common envelope, consistent with a second stellar nucleus or a superposed companion in a minor merger. The bright off-centre blob and the concentric ripples/bowtie fringing in (f) are precisely what the stated circular-profile subtraction produces on an off-centre, blended, elliptical core and carry no weight either way. With both alternatives upheld over both items, nothing survives; the NW disc galaxy at ~3.2-3.5"" is an unrelated projection with no red envelope or group signature. Galaxy-scale field, no lensing evidence."
24,J6439169-1191885,U,0,28.0,2.8,new,0.009275,0.009275,D,D,0.15,galaxy,merger,False,False,C,D,morphology:merger,R2,False,"Nothing survives. The two offset objects the scorer flagged (item 1 at r≈1.35"", PA≈290; item 2 at r≈1.12"", PA≈206) are unambiguously resolved in the 3.5"" deep panel (d) as small galaxies with bright, centrally peaked nuclei wrapped in round/elliptical halos — the SSW one is the second-brightest core in the field — and their isophotal major axes run radially or obliquely, never tangentially about the ticked deflector; at JWST sampling an arc would have to show tangential curvature and an extended low-contrast ridge, and neither does. Their position angles differ by only ~84°, radii by ~20%, and the 10"" deep panel (b) shows no counter-image at the complementary angles, so the geometry critic's companion_projection reading is upheld for both. The morphology critic's merger reading is upheld across all three items: panels (b) and (c) show a single diffuse envelope enclosing the trio with no outer edge, which also explains the NE 'extension' of item 3, as does the artifact critic's PSF-wing alternative pointing at the bright neighbour ~2.6"" at PA≈42 — the two explanations overlap and both are non-lensing. The dark bowtie/dipole cutting across panel (f) is exactly the stated circular-model artefact on this off-centre, companion-blended core and carries no weight either way, and the thin straight streak at PA≈150 in (a)/(b) is instrumental/trail, touching none of the items. This is a compact interacting group, not a lens."
96,J33389992-3276033,U,0,25.0,1.95,new,0.008249999999999999,0.008249999999999999,C,D,0.15,galaxy,merger,False,False,C,C,,R2,False,"The artifact critic found no instrumental explanation and named no alternative, correctly noting that both features appear in the un-subtracted deep panels (b) and (d) and in both filters of the colour panels, so the panel-(f) butterfly/dipole caveat is irrelevant here and neither feature is a subtraction residual, cosmic ray or spike (nothing in the field raises a 6-spike pattern, and the NW needle has no counter-ray at PA~115-145). But being real sky is not being a lens: the two surviving candidates fail the geometric tests on pixels that both remaining critics measured the same way. Item 1 in (d) and (f) is a compact bright knot at r~1.0"" NW of the tick centre trailing an outward smear to r~1.7"", long axis only ~25-35 deg from radial, with no concavity toward the deflector and no mirror feature at PA~130 at the same radius in (d), (e) or (f); item 2 in (b) and (c) is a clumpy bluish chain whose knots climb monotonically from r~1.7"" at PA~350 to r~3"" at PA~15-35, so any circle through them centres >3"" north of the tick, versus the <~0.3"" a lens requires. The only object in the opposite sector is the round compact galaxy ~2.4"" S with a peaked, de Vaucouleurs-like profile and zero tangential elongation - not a counter-image. Both upheld alternatives (a projected/interacting clumpy neighbour system, equivalently tidal debris in a disturbed envelope) cover items 1 and 2 completely; nothing survives, so D. No deeper data is needed to settle this - the absence of tangential curvature and of any southern counter-image is already resolved at 0.031""/px."
85,J20861957+7726170,U,0,25.0,2.0,new,0.005999999999999997,0.005999999999999997,D,D,0.15,none,edge_on_disk,False,False,C,D,geometry:edge_on_disk;morphology:edge_on_disk,R2,False,"The only located item is the thin high-contrast streak ~2.1-2.5"" west-northwest of the ticked nucleus, visible in panels (a), (b) and (c) as a nearly vertical sliver at x~325-335 px spanning y~200-265 px. Both critics measured the same pixels and agree it is a straight chord: its endpoints lie at larger radius than its midpoint, its elongation axis is N-S while the tangent to the deflector at that azimuth is ~26 deg, i.e. a 26-34 deg misalignment, and it is centrally brightened and tapered rather than constant-width, exactly the signature of an edge-on disc/needle galaxy in projection at NIRCam resolution. The artifact critic found no instrumental explanation (the streak is neither radial from the core nor aligned with the ~45-65 deg 1/f striping) but named no alternative, so no ruling attaches to it; that only removes a detector origin, not the edge-on-disc origin. There is no counter-image anywhere at r=1.8-2.8"", PA 80-140 in the deep panel, the 3.5"" zooms (d)/(e) show a purely smooth elliptical isophote family with no arc, knot or ring inside 1.75"", and panel (f) shows only the four-lobed butterfly plus concentric rings that the circular profile subtraction of an elliptical galaxy must produce - an artefact of the model, counted neither for nor against. With both alternatives upheld and no items surviving, nothing lensing-like remains; deeper data would not change a chord that is already fully resolved."
49,J5282421-774282,U,0,26.0,,new,0.0045,0.009,D,D,0.15,galaxy,merger,False,False,C,D,morphology:merger,R2,False,"The only striking feature, the sweeping band south of the yellow ticks, fails every tangential test at JWST resolution: in panel (b) its radius climbs continuously from ~1.5"" at PA~220 through ~2.6"" at PA~180 to ~3.7"" at PA~148, it broadens into a fan at its SE end instead of staying thinner than its radius, and its fitted centre of curvature falls ~2.6"" NE of the tick centre, near the elongated neighbour - an unwinding, flaring trajectory, not a segment at fixed radius about the deflector's mass. In the 3.5"" zoom (d)/(e) the object 1.45"" SSE is round and centrally peaked with a nuclear profile, showing no tangential stretch and no compact counter-image anywhere near the mirror position (PA~330, r~1.4""); the N-NE excess is diffuse, at PA~30 rather than opposite, and matches the inward-running plume of the ~3.5"" NE galaxy visible in (b) and (c). Panel (f) shows exactly the dipole-plus-lobe pattern the circular-profile subtraction produces on this off-centre, companion-blended core and was correctly not counted. The artefact critic offered no instrumental alternative and none is needed: nothing is saturated or spiked. The merger interpretation - ticked galaxy plus secondary nucleus plus NE companion sharing one envelope, with the southern band as a tidal tail launched from the secondary - accounts for all three located items, leaving nothing standing."
95,J34135498+2813722,U,0,25.0,,new,0.14,0.14,C,,0.14,galaxy,,False,False,C,C,,R2,False,"Only one located feature: the compact SW blob at r~1.6"", PA~239° in (a)/(d)/(e); I searched the opposite side (PA~55-60°, r 1.0-2.2"") in (a), (b) and (d) and the halo there is smooth with no matching knot, and the 10"" panels show no tangential feature at any radius out to ~5"" (the bright lobes in (f) form the symmetric butterfly/bowtie the VIEW attributes to the circular-profile subtraction of this clearly elliptical galaxy, so they are not counted)."
23,J18818168+1282960,U,0,28.0,,new,0.14,0.14,C,,0.14,galaxy,,False,False,C,C,,R2,False,"Explicit search at PA ~290°, r = 0.8-1.8"" (opposite the ESE knot) in (d), (e) and (f) finds no counter-knot - only the smooth WNW isophotes and the vertical ringing of the circular subtraction - and the only other feature, the northern plume, is radial and attached to the nucleus rather than tangential at fixed radius, so the located set is a compact neighbour plus a one-sided diffuse extension."
63,J15067092+210603,U,0,25.0,1.65,new,0.14,0.14,C,,0.14,galaxy,,False,False,C,C,,R2,False,"The centre is a strongly elongated (NNE-SSW) bright galaxy whose only structure in (f) is the N-S butterfly/bowtie expected from a circular model on an elliptical, and the direct panels (a,b,d) show no tangential feature at fixed radius - the only offset, non-artefact items are a diffuse NE clump at ~1.6"" and a fainter W/NW patch at ~2.2"", neither tangentially elongated nor curved about the deflector, with several orange field galaxies at 3-5"" making chance projection a live possibility."
94,J4637336-3182658,U,0,25.0,,new,0.14,0.14,C,,0.14,group,,False,False,C,C,,R2,False,"The 3.5"" zoom panels (d) and (e) show a completely smooth, featureless elliptical with no knot, arc or ring inside ~1.75"", and (f) shows only the four-lobed bowtie plus concentric rings the circular model is expected to leave; all located structure lies at 2-3.5"" in the 10"" row and is radially elongated and plume-like (NNE streak, southern comma, ESE fan), consistent with an interacting/tidal envelope rather than tangential images at a common radius."
45,J8570140-2144889,U,0,27.0,1.7,new,0.14,0.14,C,,0.14,galaxy,,False,False,C,C,,R2,False,"Only one located feature: a round ~0.4"" blob at r~1.65"", PA~322 (NW) traceable in (a), (b), (d), (e) and as an isolated positive lump in (f); I searched the opposite side (PA ~120-160, r 1.0-2.3"") in (b), (d) and (f) and find no counter-knot above the four-lobed circular-subtraction artefact, and the deep panels show a smooth, essentially round envelope with no tangential feature at any radius out to ~5"" apart from two unrelated galaxies at r~4.7"" SW."
51,J4310830-518328,U,0,26.0,,new,0.14,0.14,C,,0.14,galaxy,,False,False,C,C,,R2,False,"The ticked object is a bright-bulged, inclined disc whose outer envelope carries two opposed low-surface-brightness ridges (items 1-2) that curve about the nucleus but appear continuously attached to it and grow in radius with azimuth, and the only inner tangential-looking feature (item 3, the crescent east of the core in (f)) sits exactly where the circular-profile model leaves its bowtie lobes and is not separable in the saturated direct zoom."
20,J710586-7562357,C,1,35.0,,new,0.12,0.12,C,,0.12,galaxy,,False,True,C,C,,R2,True,"The only compact offset feature (item 1) is elongated RADIALLY, not tangentially - its long axis in (d)/(f) points straight back at the ticked core along PA 0/180 with no curvature and no southern counterpart at a similar radius (the 0.8"" annulus south of the core is clean in both (d) and (f)); the surrounding 10"" field is a group with straight, broad diffuse streamers rather than any feature at constant radius about the tick."
79,J16456132+2953030,U,0,25.0,2.96,new,0.12,0.12,C,,0.12,group,,False,False,C,C,,R2,False,"The only tangential structure is a closed, smooth ~2.6"" ring of the same broad disc profile as the host, continuous with the elongated bar-like core seen in (d) and with star-forming knots along it (SE), while panel (f) shows only the four-lobed bowtie artefact of the circular-profile subtraction and no offset knot or counter-image appears at 0.3-2""."
43,J15049363+206401,U,0,27.0,,new,0.12,0.12,C,,0.12,group,,False,False,C,C,,R2,False,"The centre is a bright, smooth, boxy elliptical/S0 with a very extended envelope; the only non-smooth signal is a faint blue colour fringe along the E (and weakly WNW) halo edge in (c) at r~2.5-3"" that has NO corresponding surface-brightness structure in the deep panels (b) or (d), and (f) shows only the bowtie/concentric-ringing artefacts the VIEW attributes to the circular subtraction, so it is uninformative inside ~1.5""."
73,J8575205-2143155,U,0,25.0,1.1,new,0.12,0.12,C,,0.12,galaxy,,False,False,C,C,,R2,False,"The ticked source is a compact, clumpy blob sitting 1.13"" east (PA~265 back to it) of a smooth bright galaxy; the deep panels (b),(d) show only a knot on its NE edge and a shared diffuse envelope/plume, with no tangential feature at roughly constant radius anywhere from 0.3"" out to ~5"" (the SW galaxy at r~4.1"", PA~225, is a plain neighbour), and the clumpy dipole-plus-ring pattern at the core of (f) is exactly the artefact the circular subtraction produces on a companion-blended, off-centre deflector, so it is not counted."
55,J4205283+264369,U,0,26.0,1.35,new,0.12,0.12,C,,0.12,galaxy,,False,False,C,C,,R2,False,"The only offset compact feature is a blue point at r~1.4"", PA~341 (visible in d, e and as a knot in f) with no counterpart within 40% of that radius near PA~161; the rest of the light is the E-W bowtie of the circular-model subtraction plus a broad diffuse NE-SW envelope in (b) that grows in radius with angle toward the bright NNW neighbour rather than staying tangential."
61,J8149689-2410706,U,0,25.0,,new,0.12,0.12,C,,0.12,group,,False,False,C,C,,R2,False,"The zoom row shows only a smooth, boxy elliptical whose bright core sits ~0.7"" north of the tick centre (hence the strong dipole plus dark negative band in (f), which is the artefact the VIEW names and is uninformative inside ~1.5""); the only offset, non-stellar feature anywhere in the 10"" field is the clumpy orange knot chain ~4.8"" south (bottom of (b)/(c)), which has no opposite-side counter-image at 3-7"" and no measurable tangential curvature about the ticked galaxy, the other companions at PA~340-350 (r~2.7-4"") and PA~150,~200 (r~3.5-4.2"") having ordinary galaxy cores."
80,J15424410+3903685,U,0,25.0,1.39,new,0.12,0.12,C,,0.12,galaxy,,False,False,C,C,,R2,False,"Only one offset feature exists anywhere in the field: the compact bluish knot at r~1.4"", PA~338 (panels d/e, positive one-sided residual in f); an explicit search at PA~140-175 and r~1.0-2.0"" in (d), (b) and (f) finds no counter-knot, no tangential elongation is resolved at this radius, and the ticked object itself resolves into an inclined bulge+bar/disc whose ellipticity produces the bowtie/dipole in (f), so the knot is unsupported by any second image."
53,J15067319+221999,U,0,26.0,,new,0.12,0.12,C,,0.12,group,,False,False,C,C,,R2,False,"Zoom panels (d,e) show only a smooth E-W elongated elliptical envelope with no tangential feature at any radius and its core saturated inside ~0.5"", while panel (f) shows nothing but the four-lobed bowtie expected from the circular-profile subtraction; the only located candidates are the 2.7"" NW knot-plus-tail, the 3.1"" SSE bright-cored elongated object roughly opposite it, and a compact blue point ~0.8"" S of the nucleus in the colour panels."
54,J4784995-5841089,U,0,26.0,1.6,new,0.12,0.12,C,,0.12,galaxy,,False,False,C,C,,R2,False,"The zoom panels show a saturated round core inside ~0.6"" with a boxy envelope; the only offset structures are a diffuse SE plume at ~1.4"" (bright one-sided residual at lower-left of (f), no NW counterpart at matching radius) and a compact W neighbour at ~3.2"" - nowhere in (a)-(e) is there a thin feature at constant radius or a pair of knots straddling the nucleus."
71,J12391133+1822895,U,0,25.0,1.66,new,0.12,0.12,C,,0.12,galaxy,,False,False,C,C,,R2,False,"Deep panels (b)/(d) show only a smooth, strongly elongated NW-SE envelope with a bright off-centre nucleus (the bright residual and diffuse SW lobe in (f) are the expected dipole/butterfly of a circular model on an inclined, off-centre galaxy and are not counted); the only offset features are the faint 1.2"" ENE smudge and the 0.3"" orange nuclear patch, neither of which is tangentially elongated or has a counterpart within 40% of its radius on the opposite side, and no arc is traceable anywhere out to ~5"" in the 10"" row."
70,J17174762+4246955,U,0,25.0,0.66,new,0.12,0.12,C,,0.12,galaxy,,False,False,C,C,,R2,False,"Only one located feature: a compact blue blob 0.7"" SSW of the orange core (panels d/e/f); a deliberate search at the mirror position (PA~25°, r 0.5-1.0"") in (d), (e) and (f) shows no matching knot, and the 10"" panels (a,b) show no tangential arc at any radius out to ~5"" – the two nuclei instead share one smooth common envelope, so the knot's non-lens (double-nucleus/merger) reading is wide open."
62,J15261689-1266966,U,0,25.0,1.25,new,0.12,0.12,C,,0.12,galaxy,,False,False,C,C,,R2,False,"In (d)/(e) the tan diagonal band runs continuously THROUGH the blue-white nucleus from PA~135 to PA~315 with no gap, its width growing with radius and no fixed-radius tangential segment, and the bright residual in (f) traces exactly that same band rather than an offset arc - the located items look like a warped/inclined disc or tidal bridge, and the critics should test whether any part of k1/k2/k3 is detached from the nuclear light."
47,J15069997+222588,U,0,26.0,,new,0.12,0.12,C,,0.12,galaxy,,False,False,C,C,,R2,False,"Both the ticked source and its 1.4"" NE companion show straight six-spike diffraction patterns in (a), (b), (d) and (f) with a blue F150W-dominated halo in (c)/(e), and the only extended light is a radial E-SE fan attached to the core - nowhere in the 10"" or 3.5"" panels is there a tangentially elongated feature at constant radius or a knot mirrored across the nucleus."
91,J14995729+243834,U,0,25.0,2.0,new,0.12,0.12,C,,0.12,galaxy,,False,False,C,C,,R2,False,"The NNW knot (item 1) is joined to the bright inclined core by an unbroken stellar bridge that is obvious in (a), (b) and as the strong linear ridge in the subtracted panel (f), and the SE plume lies along the SAME major-axis direction rather than tangentially, so the two straddling features are radial along the disc axis, not a tangential arc pair; no feature anywhere out to ~5"" in the 10"" row keeps a constant radius or curves concave toward the ticks."
58,J2235243-7358297,U,0,26.0,,new,0.12,0.12,C,,0.12,galaxy,,False,False,C,C,,R2,False,"In the direct panels the object is a smooth, saturated-cored red early-type with a large low-surface-brightness envelope; the only located features are two soft blue haze patches on the SE (PA~140) and NE (PA~35) flanks in (c)/(e) at r~1.3-1.4"" that show no thin tangential ridge or common centre of curvature, plus a point-like source at r~1.6"" SSW in (d); the direct panels are saturated inside ~0.5"", so any sub-arcsecond image would be unrecoverable there."
42,J12411163+1923209,U,0,27.0,1.9,new,0.12,0.12,C,,0.12,none,,False,False,C,C,,R2,False,"Scanning both rows out to ~5"" I find only point-like/compact neighbours at r~3-4"" (NE ~3.8"" PA~58, NW ~3.2"" PA~300, SW ~3.9"" PA~237) with no tangential elongation and no matched pair straddling the nucleus; the only intra-galaxy feature is the blue inner component in (e) which coincides with the bright, differently-oriented inner disc/bar seen in (d) (outer envelope major axis ~N-S, inner bright structure ~SE-NW), and the (f) residual shows only the vertical bowtie plus a small off-centre dipole blob 0.2"" S of the tick centre, i.e. exactly the artefacts the circular-profile subtraction is stated to produce."
52,J14920654+6969086,U,0,26.0,,new,0.1,0.1,C,,0.1,none,,False,False,C,C,,R2,False,"Panels (a)/(b) resolve the whole field AND the galaxy body itself into hundreds of point sources with a bright E-W bar/knot chain across the centre in (d), i.e. a nearby resolved-star system; the crescent on the west and the dark central hole in (f) match exactly the bowtie/concentric-ring signature the VIEW attributes to circular subtraction of a barred, inclined galaxy and are not counted, and no thin tangential feature at fixed radius is traceable in any direct panel from 0.3"" out to ~5""."
86,J21518078+5278672,U,0,25.0,,new,0.1,0.1,C,,0.1,galaxy,,False,False,C,C,,R2,False,"The field is a compact group of 4-5 orange blobs plus a long straight blue band running NE-corner to SW-corner across all of (a)/(b)/(c) (edge-on disc or spike), and the only non-red feature near the ticks - the blue patch at r~0.9"", PA~300 in (e) - lies exactly on that straight band's track, with no fixed-radius tangential arc and no opposite counter-image anywhere out to 5""; panel (f) shows only the un-subtracted companions and no offset tangential residual."
81,J31352710-005281,U,0,25.0,,new,0.1,0.1,C,,0.1,galaxy,,False,False,C,C,,R2,False,"The ticked object resolves at NIRCam scale into a clumpy irregular/merging system - several star-forming-clump-like knots concentrated one-sidedly W/NW of the core (d, f), a S-SW plume whose radius grows with angle, and a common diffuse envelope in (b) joining it to the bright neighbour 2.4"" to the SE (PA~134); no knot pair straddles the nucleus at matched radius and no feature keeps a constant radius or curves concavely toward the tick centre."
93,J11084396-7342226,U,0,25.0,,new,0.1,0.1,C,,0.1,none,,False,False,C,C,,R2,False,"The zoom panels (d)/(e) show only a bright elongated bar-like core inside a smooth round envelope with no offset tangential structure at any radius 0.3-1.75"", (f) shows exactly the bowtie/dipole the circular-profile subtraction predicts for such an elongated core (uninformative), and the only offset features in the 10"" row are a diffuse red E-NE patch contiguous with the NE galaxy chain plus an unrelated compact W knot - neither is at fixed radius nor concave toward the ticked galaxy; the near-vertical bright streak crossing the NW half is a spike/artefact, not a feature."
99,J35128272-4120137,U,0,26.0,0.69,new,0.1,0.1,C,,0.1,none,,False,False,C,C,,R2,False,"The 10"" deep panel (b) shows a smooth, round, very extended envelope with only scattered compact field clumps to the NW at 2.5-4"" (no tangential elongation, no SE counterpart within 40% of that radius), and the 3.5"" zooms (d)/(e) are featureless out to the tick radius with the core saturated inside ~0.5""; the strong S-shaped/bowtie structure in (f) is the circular-model butterfly-plus-dipole artefact and is untraceable in (d) or (e), so it is neither counted nor used against the candidate."
78,J18895415+499333,U,0,25.0,,new,0.1,0.1,C,,0.1,none,,False,False,C,C,,R2,False,"Every located feature is a diffuse, radius-growing plume of the same hue and profile as the pair's common envelope (panels b, d), and no thin tangential feature at constant radius appears anywhere between 0.3"" and 5""; the strong bright/dark diagonal split in (f) is the expected dipole+bowtie of a circular model fitted to an off-centre, companion-blended galaxy and is not counted."
84,J15057245+223798,U,0,25.0,,new,0.04,0.04,D,,0.04,none,,False,False,D,D,,R2,False,"Panels (b) and (d) show only a featureless, concentrically brightening envelope out to ~4"" with a peaked nucleus slightly (~0.15"") off the envelope centroid, and (c)/(e) show a uniform white core with a blue-grey halo and no offset colour-distinct feature; the bright blob plus dark crescent inside r<0.4"" in (f) is exactly the off-centre/blended-core dipole plus concentric-ring pattern the VIEW attributes to the circular 1-D subtraction and is traceable in no direct panel, so it is not counted, and the direct panels are saturated only inside ~0.3"" where a very small-separation image could hide."
67,J20948181-1096952,U,0,25.0,,new,0.04,0.04,D,,0.04,none,,False,False,D,D,,R2,False,"Panels (d) and (e) show only a single smooth elongated core plus a featureless envelope out to ~2"", and the deep 10"" panel (b) shows no knot, arc or ring at any radius out to ~5"" - the two bright blobs straddling the centre in (c)/(f) are the classic dipole/bowtie left by the circular azimuthally-averaged subtraction on this strongly elongated core (mirrored across the nucleus at equal radius), and are therefore not counted; the nearest neighbours (compact source ~4"" NW, faint sources ~4.5"" SE and SW) have no tangential elongation and no opposite-side counterparts."
