{
  "n": 295,
  "thresh": 0.1,
  "pre_rate": 0.6542372881355932,
  "post_rate": 0.003389830508474576
}