{
  "n": 3716,
  "max_abs_delta": 0.00041416287422180176,
  "median_abs_delta": 9.629875421524048e-07,
  "n_smoke": 3716,
  "n_overlap": 3716
}