{
  "n_neg_test": 4991,
  "fpr_before": {
    "shielded": {
      "fpr@0.5": 0.37367261069925867,
      "fpr@0.9": 0.18373071528751753,
      "thresh@1%fpr": 0.9978153109550476,
      "thresh@0.1%fpr": 0.9992067813873291
    },
    "effnet": {
      "fpr@0.5": 0.4842716890402725,
      "fpr@0.9": 0.39791624924864755,
      "thresh@1%fpr": 0.9999995231628418,
      "thresh@0.1%fpr": 1.0
    },
    "meta": {
      "fpr@0.5": 0.5143257864155479,
      "fpr@0.9": 0.4728511320376678,
      "thresh@1%fpr": 0.9999333620071411,
      "thresh@0.1%fpr": 0.9999350309371948
    }
  },
  "fpr_after": {
    "shielded": {
      "fpr@0.5": 0.0,
      "fpr@0.9": 0.0,
      "thresh@1%fpr": 0.0399920716881752,
      "thresh@0.1%fpr": 0.2573642432689667
    },
    "effnet": {
      "fpr@0.5": 0.0002003606491685033,
      "fpr@0.9": 0.0,
      "thresh@1%fpr": 0.020150477066636086,
      "thresh@0.1%fpr": 0.226891428232193
    },
    "meta": {
      "fpr@0.5": 0.0,
      "fpr@0.9": 0.0,
      "thresh@1%fpr": 0.4052535593509674,
      "thresh@0.1%fpr": 0.4132099151611328
    }
  },
  "shielded_test_auc": 0.9507629196471175,
  "effnet_test_auc": 0.9879349840021316,
  "meta_test_auc": 0.987603975816263,
  "recovery": {
    "storfer": 0.0,
    "inchausti": 0.0
  },
  "ratio": "1:25"
}