{
  "shielded": {
    "val": 0.98840206185567,
    "test": 0.983757626762045
  },
  "effnet": {
    "val": 0.9946983853696432,
    "test": 0.9868398905954134
  },
  "meta": {
    "val": 0.9965696978604573,
    "test": 0.9881232905533347
  },
  "avg": {
    "test": 0.9881969282558385
  },
  "n_train_pos": 1359
}