model,params,val_auc,test_auc,note
ResNet (shielded 194K),194501,0.9992335150997524,0.9991880623217029,Inchausti base model 1
EfficientNetV2-S,20543145,0.9989241836935813,0.9994952819837613,Inchausti base model 2
Meta-learner (FWLS),1201,0.9996441320105995,0.999890278692122,ensemble: 2->300->1 MLP
Simple average,0,0.9996277073341655,0.9998683344305463,parameterless baseline
shielded 60K (Huang 2021),59905,0.9989104964632196,0.9987930656133421,Phase-4a baseline
L18 ResNet (Huang 2020),3508833,0.998335632788034,0.9990783410138249,Phase-3a baseline
