name,ra,dec,survey_key,score_1_4,grade_letter,label_source,bench_overlap,pool_split
DESI-003.6745-13.5042,3.6745,-13.5042,ls-dr9,4,A,paper2_agree,True,
DESI-006.0673-28.7195,6.0673,-28.7195,ls-dr9,4,A,paper2_agree,False,
DESI-007.8631-01.7215,7.8631,-1.7215,ls-dr9,4,A,paper2_agree,False,
DESI-008.0136+07.6678,8.0136,7.6678,ls-dr9,4,A,paper2_agree,False,
DESI-008.6173+02.4228,8.6173,2.4228,ls-dr9,4,A,paper2_agree,False,
DESI-010.8534-20.6214,10.8534,-20.6214,ls-dr9,4,A,paper2_agree,False,
DESI-016.2202-07.9520,16.2202,-7.952,ls-dr9,4,A,paper2_agree,False,
DESI-016.7705-31.4780,16.7705,-31.478,ls-dr9,4,A,paper2_agree,False,
DESI-017.4814+04.1605,17.4814,4.1605,ls-dr9,4,A,paper2_agree,False,
DESI-018.1307-62.1502,18.1307,-62.1502,ls-dr9,4,A,paper2_agree,False,
DESI-022.2123-29.9602,22.2123,-29.9602,ls-dr9,4,A,paper2_agree,False,
DESI-022.3887-15.1097,22.3887,-15.1097,ls-dr9,4,A,paper2_agree,False,
DESI-027.9613-10.0977,27.9613,-10.0977,ls-dr9,4,A,paper2_agree,False,
DESI-029.4044-12.3606,29.4044,-12.3606,ls-dr9,4,A,paper2_agree,False,
DESI-030.4025+03.7476,30.4025,3.7476,ls-dr9,4,A,paper2_agree,False,
DESI-031.7778-27.4457,31.7778,-27.4457,ls-dr9,4,A,paper2_agree,True,
DESI-032.4765-35.7990,32.4765,-35.799,ls-dr9,4,A,paper2_agree,False,
DESI-034.2366-59.8485,34.2366,-59.8485,ls-dr9,4,A,paper2_agree,False,
DESI-035.2405-38.5511,35.2405,-38.5511,ls-dr9,4,A,paper2_agree,False,
DESI-036.2340+08.8300,36.234,8.83,ls-dr9,4,A,paper2_agree,False,
DESI-038.8136-21.5095,38.8136,-21.5095,ls-dr9,4,A,paper2_agree,False,
DESI-040.5664-25.1054,40.5664,-25.1054,ls-dr9,4,A,paper2_agree,False,
DESI-041.7608+03.9333,41.7608,3.9333,ls-dr9,4,A,paper2_agree,False,
DESI-043.5347-28.7960,43.5347,-28.796,ls-dr9,4,A,paper2_agree,True,
DESI-046.7690-06.4805,46.769,-6.4805,ls-dr9,4,A,paper2_agree,False,
DESI-053.6254-13.1866,53.6254,-13.1866,ls-dr9,4,A,paper2_agree,True,
DESI-055.7976-28.4777,55.7976,-28.4777,ls-dr9,4,A,paper2_agree,False,
DESI-057.2074-10.2962,57.2074,-10.2962,ls-dr9,4,A,paper2_agree,True,
DESI-058.6486-30.5959,58.6486,-30.5959,ls-dr9,4,A,paper2_agree,False,
DESI-058.7926-18.5262,58.7926,-18.5262,ls-dr9,4,A,paper2_agree,True,
DESI-060.5238-22.0990,60.5238,-22.099,ls-dr9,4,A,paper2_agree,True,
DESI-064.8536-25.2248,64.8536,-25.2248,ls-dr9,4,A,paper2_agree,True,
DESI-065.6447-28.0652,65.6447,-28.0652,ls-dr9,4,A,paper2_agree,False,
DESI-066.1601-07.6524,66.1601,-7.6524,ls-dr9,4,A,paper2_agree,False,
DESI-069.0007-11.5477,69.0007,-11.5477,ls-dr9,4,A,paper2_agree,False,
DESI-070.1928-26.9754,70.1928,-26.9754,ls-dr9,4,A,paper2_agree,False,
DESI-070.4130-09.7774,70.413,-9.7774,ls-dr9,4,A,paper2_agree,True,
DESI-073.9030-25.5129,73.903,-25.5129,ls-dr9,4,A,paper2_agree,True,
DESI-074.9643-30.7236,74.9643,-30.7236,ls-dr9,4,A,paper2_agree,True,
DESI-075.2790-24.4179,75.279,-24.4179,ls-dr9,4,A,paper2_agree,True,
DESI-078.3561-30.8433,78.3561,-30.8433,ls-dr9,4,A,paper2_agree,True,
DESI-081.7547-18.9674,81.7547,-18.9674,ls-dr9,4,A,paper2_agree,True,
DESI-082.1548-26.5667,82.1548,-26.5667,ls-dr9,4,A,paper2_agree,False,
DESI-086.3066-26.5884,86.3066,-26.5884,ls-dr9,4,A,paper2_agree,False,
DESI-087.1525-36.2427,87.1525,-36.2427,ls-dr9,4,A,paper2_agree,True,
DESI-090.9854-35.9683,90.9854,-35.9683,ls-dr9,4,A,paper2_agree,True,
DESI-104.1909+38.7456,104.1909,38.7456,ls-dr9,4,A,paper2_agree,False,
DESI-107.5775+40.1752,107.5775,40.1752,ls-dr9,4,A,paper2_agree,False,
DESI-109.9018+27.9032,109.9018,27.9032,ls-dr9,4,A,paper2_agree,True,
DESI-109.9255+57.3569,109.9255,57.3569,ls-dr9,4,A,paper2_agree,False,
DESI-110.4891+49.8801,110.4891,49.8801,ls-dr9,4,A,paper2_agree,False,
DESI-118.4491+20.9528,118.4491,20.9528,ls-dr9,4,A,paper2_agree,False,
DESI-118.8480+34.7610,118.848,34.761,ls-dr9,4,A,paper2_agree,True,
DESI-142.9212-06.7297,142.9212,-6.7297,ls-dr9,4,A,paper2_agree,False,
DESI-147.9185+07.5090,147.9185,7.509,ls-dr9,4,A,paper2_agree,False,
DESI-148.1676+34.5795,148.1676,34.5795,ls-dr9,4,A,paper2_agree,False,
DESI-151.1424+41.2121,151.1424,41.2121,ls-dr9,4,A,paper2_agree,False,
DESI-151.7182-07.9276,151.7182,-7.9276,ls-dr9,4,A,paper2_agree,False,
DESI-153.7937+32.5308,153.7937,32.5308,ls-dr9,4,A,paper2_agree,False,
DESI-157.6135-06.6858,157.6135,-6.6858,ls-dr9,4,A,paper2_agree,True,
DESI-160.1716+18.8477,160.1716,18.8477,ls-dr9,4,A,paper2_agree,True,
DESI-161.1159+31.2337,161.1159,31.2337,ls-dr9,4,A,paper2_agree,True,
DESI-164.9800+42.8595,164.98,42.8595,ls-dr9,4,A,paper2_agree,False,
DESI-168.7683+16.7607,168.7683,16.7607,ls-dr9,4,A,paper2_agree,True,
DESI-169.9718+14.7456,169.9718,14.7456,ls-dr9,4,A,paper2_agree,False,
DESI-173.3049+50.1444,173.3049,50.1444,ls-dr9,4,A,paper2_agree,False,
DESI-175.4961+19.3041,175.4961,19.3041,ls-dr9,4,A,paper2_agree,True,
DESI-178.0775+08.8170,178.0775,8.817,ls-dr9,4,A,paper2_agree,True,
DESI-179.0228+19.1869,179.0228,19.1869,ls-dr9,4,A,paper2_agree,False,
DESI-181.9031+52.9176,181.9031,52.9176,ls-dr9,4,A,paper2_agree,False,
DESI-183.0792+27.5646,183.0792,27.5646,ls-dr9,4,A,paper2_agree,False,
DESI-189.4008+55.5619,189.4008,55.5619,ls-dr9,4,A,paper2_agree,True,
DESI-190.1345+45.1508,190.1345,45.1508,ls-dr9,4,A,paper2_agree,False,
DESI-192.9428+01.7155,192.9428,1.7155,ls-dr9,4,A,paper2_agree,True,
DESI-196.4575+22.9256,196.4575,22.9256,ls-dr9,4,A,paper2_agree,True,
DESI-197.5704+14.7474,197.5704,14.7474,ls-dr9,4,A,paper2_agree,True,
DESI-200.7252+58.1651,200.7252,58.1651,ls-dr9,4,A,paper2_agree,False,
DESI-200.7678+03.7216,200.7678,3.7216,ls-dr9,4,A,paper2_agree,True,
DESI-214.3545+76.2152,214.3545,76.2152,ls-dr9,4,A,paper2_agree,False,
DESI-220.4549+14.6891,220.4549,14.6891,ls-dr9,4,A,paper2_agree,True,
DESI-221.8241+78.0430,221.8241,78.043,ls-dr9,4,A,paper2_agree,False,
DESI-227.3528+39.0279,227.3528,39.0279,ls-dr9,4,A,paper2_agree,True,
DESI-245.7514+21.6226,245.7514,21.6226,ls-dr9,4,A,paper2_agree,True,
DESI-252.2720+02.3993,252.272,2.3993,ls-dr9,4,A,paper2_agree,True,
DESI-254.4235+34.8162,254.4235,34.8162,ls-dr9,4,A,paper2_agree,True,
DESI-260.8405+23.8442,260.8405,23.8442,ls-dr9,4,A,paper2_agree,True,
DESI-266.4075+39.8584,266.4075,39.8584,ls-dr9,4,A,paper2_agree,False,
DESI-277.9494+54.3033,277.9494,54.3033,ls-dr9,4,A,paper2_agree,False,
DESI-327.8408+13.7884,327.8408,13.7884,ls-dr9,4,A,paper2_agree,True,
DESI-329.6820+02.9584,329.682,2.9584,ls-dr9,4,A,paper2_agree,True,
DESI-333.3655-13.2491,333.3655,-13.2491,ls-dr9,4,A,paper2_agree,True,
DESI-333.9656+04.5843,333.9656,4.5843,ls-dr9,4,A,paper2_agree,False,
DESI-341.8012-02.0939,341.8012,-2.0939,ls-dr9,4,A,paper2_agree,True,
DESI-344.5567+17.1506,344.5567,17.1506,ls-dr9,4,A,paper2_agree,False,
DESI-345.0719+22.2249,345.0719,22.2249,ls-dr9,4,A,paper2_agree,False,
DESI-346.7668-13.3744,346.7668,-13.3744,ls-dr9,4,A,paper2_agree,False,
DESI-353.5287-07.7712,353.5287,-7.7712,ls-dr9,4,A,paper2_agree,False,
DESI-355.2727-57.2679,355.2727,-57.2679,ls-dr9,4,A,paper2_agree,False,
DESI-356.7894-62.7765,356.7894,-62.7765,ls-dr9,4,A,paper2_agree,False,
DESI-359.7003-61.4330,359.7003,-61.433,ls-dr9,4,A,paper2_agree,False,
DESI-004.0930-09.1126,4.093,-9.1126,ls-dr9,3,B,paper2_agree,False,
DESI-004.2564-10.1530,4.2564,-10.153,ls-dr9,3,B,paper2_agree,True,
DESI-004.8654+32.0834,4.8654,32.0834,ls-dr9,3,B,paper2_agree,False,
DESI-005.2593-26.5437,5.2593,-26.5437,ls-dr9,3,B,paper2_agree,False,
DESI-008.0382-11.7536,8.0382,-11.7536,ls-dr9,3,B,paper2_agree,False,
DESI-009.5789-22.7448,9.5789,-22.7448,ls-dr9,3,B,paper2_agree,False,
DESI-010.9823-38.8884,10.9823,-38.8884,ls-dr9,3,B,paper2_agree,False,
DESI-011.3586-34.2832,11.3586,-34.2832,ls-dr9,3,B,paper2_agree,False,
DESI-013.2126-24.3469,13.2126,-24.3469,ls-dr9,3,B,paper2_agree,False,
DESI-014.1400-29.2327,14.14,-29.2327,ls-dr9,3,B,paper2_agree,False,
DESI-014.3122+21.6428,14.3122,21.6428,ls-dr9,3,B,paper2_agree,False,
DESI-014.6685+05.7665,14.6685,5.7665,ls-dr9,3,B,paper2_agree,False,
DESI-014.7995-22.0867,14.7995,-22.0867,ls-dr9,3,B,paper2_agree,False,
DESI-015.4982-21.4487,15.4982,-21.4487,ls-dr9,3,B,paper2_agree,False,
DESI-015.7396-29.1895,15.7396,-29.1895,ls-dr9,3,B,paper2_agree,True,
DESI-015.9372+27.1025,15.9372,27.1025,ls-dr9,3,B,paper2_agree,False,
DESI-016.1300-19.8697,16.13,-19.8697,ls-dr9,3,B,paper2_agree,False,
DESI-016.3170+01.4392,16.317,1.4392,ls-dr9,3,B,paper2_agree,False,
DESI-016.5259-31.0774,16.5259,-31.0774,ls-dr9,3,B,paper2_agree,False,
DESI-016.5369-37.0055,16.5369,-37.0055,ls-dr9,3,B,paper2_agree,False,
DESI-018.7209-25.2845,18.7209,-25.2845,ls-dr9,3,B,paper2_agree,False,
DESI-020.7960+30.9619,20.796,30.9619,ls-dr9,3,B,paper2_agree,False,
DESI-023.0157-16.0040,23.0157,-16.004,ls-dr9,3,B,paper2_agree,True,
DESI-024.7188-16.8552,24.7188,-16.8552,ls-dr9,3,B,paper2_agree,False,
DESI-025.7083-19.7918,25.7083,-19.7918,ls-dr9,3,B,paper2_agree,False,
DESI-025.9390-26.2946,25.939,-26.2946,ls-dr9,3,B,paper2_agree,False,
DESI-026.7621-01.9526,26.7621,-1.9526,ls-dr9,3,B,paper2_agree,False,
DESI-027.4483+12.4652,27.4483,12.4652,ls-dr9,3,B,paper2_agree,False,
DESI-027.5036+27.4267,27.5036,27.4267,ls-dr9,3,B,paper2_agree,False,
DESI-027.8944+05.1619,27.8944,5.1619,ls-dr9,3,B,paper2_agree,False,
DESI-027.9100-24.4413,27.91,-24.4413,ls-dr9,3,B,paper2_agree,False,
DESI-029.3219+25.4699,29.3219,25.4699,ls-dr9,3,B,paper2_agree,False,
DESI-030.4360-27.6618,30.436,-27.6618,ls-dr9,3,B,paper2_agree,True,
DESI-031.0343-29.3024,31.0343,-29.3024,ls-dr9,3,B,paper2_agree,False,
DESI-033.4120-28.2374,33.412,-28.2374,ls-dr9,3,B,paper2_agree,False,
DESI-033.4558+14.1537,33.4558,14.1537,ls-dr9,3,B,paper2_agree,False,
DESI-033.8095-29.1570,33.8095,-29.157,ls-dr9,3,B,paper2_agree,True,
DESI-034.0760+02.9333,34.076,2.9333,ls-dr9,3,B,paper2_agree,False,
DESI-034.5995-01.9843,34.5995,-1.9843,ls-dr9,3,B,paper2_agree,False,
DESI-035.0142+02.7345,35.0142,2.7345,ls-dr9,3,B,paper2_agree,False,
DESI-037.0680-29.3960,37.068,-29.396,ls-dr9,3,B,paper2_agree,False,
DESI-037.7246+20.8596,37.7246,20.8596,ls-dr9,3,B,paper2_agree,False,
DESI-038.5455-35.7895,38.5455,-35.7895,ls-dr9,3,B,paper2_agree,False,
DESI-038.6407-14.8060,38.6407,-14.806,ls-dr9,3,B,paper2_agree,False,
DESI-042.5350+00.1379,42.535,0.1379,ls-dr9,3,B,paper2_agree,False,
DESI-042.8971-12.3337,42.8971,-12.3337,ls-dr9,3,B,paper2_agree,False,
DESI-044.1841-09.2468,44.1841,-9.2468,ls-dr9,3,B,paper2_agree,False,
DESI-044.5235-34.8959,44.5235,-34.8959,ls-dr9,3,B,paper2_agree,False,
DESI-045.5878-04.3899,45.5878,-4.3899,ls-dr9,3,B,paper2_agree,False,
DESI-046.4172-29.5712,46.4172,-29.5712,ls-dr9,3,B,paper2_agree,False,
DESI-047.1385-17.6676,47.1385,-17.6676,ls-dr9,3,B,paper2_agree,False,
DESI-047.3494-30.1968,47.3494,-30.1968,ls-dr9,3,B,paper2_agree,False,
DESI-047.4380-14.6211,47.438,-14.6211,ls-dr9,3,B,paper2_agree,False,
DESI-048.6263-09.5613,48.6263,-9.5613,ls-dr9,3,B,paper2_agree,False,
DESI-048.6484-21.4665,48.6484,-21.4665,ls-dr9,3,B,paper2_agree,False,
DESI-048.9389-29.9643,48.9389,-29.9643,ls-dr9,3,B,paper2_agree,False,
DESI-050.7649-27.5687,50.7649,-27.5687,ls-dr9,3,B,paper2_agree,False,
DESI-051.2051-10.3481,51.2051,-10.3481,ls-dr9,3,B,paper2_agree,False,
DESI-053.7319-19.9224,53.7319,-19.9224,ls-dr9,3,B,paper2_agree,False,
DESI-054.9589-00.1356,54.9589,-0.1356,ls-dr9,3,B,paper2_agree,False,
DESI-055.8328-16.2951,55.8328,-16.2951,ls-dr9,3,B,paper2_agree,False,
DESI-056.2001-20.9116,56.2001,-20.9116,ls-dr9,3,B,paper2_agree,False,
DESI-057.5232-13.1978,57.5232,-13.1978,ls-dr9,3,B,paper2_agree,False,
DESI-060.9086-07.3160,60.9086,-7.316,ls-dr9,3,B,paper2_agree,False,
DESI-061.6770-23.3205,61.677,-23.3205,ls-dr9,3,B,paper2_agree,False,
DESI-062.2475-05.9982,62.2475,-5.9982,ls-dr9,3,B,paper2_agree,False,
DESI-062.7834-22.9431,62.7834,-22.9431,ls-dr9,3,B,paper2_agree,False,
DESI-063.3879-16.8328,63.3879,-16.8328,ls-dr9,3,B,paper2_agree,False,
DESI-063.6168-19.9192,63.6168,-19.9192,ls-dr9,3,B,paper2_agree,False,
DESI-065.2568-21.6299,65.2568,-21.6299,ls-dr9,3,B,paper2_agree,False,
DESI-065.3372-29.8915,65.3372,-29.8915,ls-dr9,3,B,paper2_agree,False,
DESI-065.5808-26.9514,65.5808,-26.9514,ls-dr9,3,B,paper2_agree,False,
DESI-066.2134-23.1960,66.2134,-23.196,ls-dr9,3,B,paper2_agree,False,
DESI-068.3176-41.0553,68.3176,-41.0553,ls-dr9,3,B,paper2_agree,False,
DESI-069.9349-04.6098,69.9349,-4.6098,ls-dr9,3,B,paper2_agree,False,
DESI-071.2400-07.6007,71.24,-7.6007,ls-dr9,3,B,paper2_agree,False,
DESI-071.5624-20.0285,71.5624,-20.0285,ls-dr9,3,B,paper2_agree,False,
DESI-071.8657-02.8613,71.8657,-2.8613,ls-dr9,3,B,paper2_agree,False,
DESI-072.0528-30.3308,72.0528,-30.3308,ls-dr9,3,B,paper2_agree,False,
DESI-073.4865-21.3622,73.4865,-21.3622,ls-dr9,3,B,paper2_agree,False,
DESI-078.3580-21.4717,78.358,-21.4717,ls-dr9,3,B,paper2_agree,False,
DESI-089.6411-28.7418,89.6411,-28.7418,ls-dr9,3,B,paper2_agree,False,
DESI-101.4601+48.5810,101.4601,48.581,ls-dr9,3,B,paper2_agree,False,
DESI-110.6705+52.2273,110.6705,52.2273,ls-dr9,3,B,paper2_agree,False,
DESI-115.6174+16.6039,115.6174,16.6039,ls-dr9,3,B,paper2_agree,False,
DESI-115.8731+50.8031,115.8731,50.8031,ls-dr9,3,B,paper2_agree,False,
DESI-116.9217+26.8160,116.9217,26.816,ls-dr9,3,B,paper2_agree,False,
DESI-121.8813+44.1801,121.8813,44.1801,ls-dr9,3,B,paper2_agree,False,
DESI-122.9433+00.9701,122.9433,0.9701,ls-dr9,3,B,paper2_agree,False,
DESI-128.8049+41.1131,128.8049,41.1131,ls-dr9,3,B,paper2_agree,False,
DESI-129.6057+30.2873,129.6057,30.2873,ls-dr9,3,B,paper2_agree,False,
DESI-130.7280-02.0271,130.728,-2.0271,ls-dr9,3,B,paper2_agree,False,
DESI-131.3340-00.9157,131.334,-0.9157,ls-dr9,3,B,paper2_agree,False,
DESI-133.3800+23.3652,133.38,23.3652,ls-dr9,3,B,paper2_agree,True,
DESI-134.1503+23.8641,134.1503,23.8641,ls-dr9,3,B,paper2_agree,False,
DESI-136.4227+34.8998,136.4227,34.8998,ls-dr9,3,B,paper2_agree,False,
DESI-136.9765+00.9590,136.9765,0.959,ls-dr9,3,B,paper2_agree,False,
DESI-137.4367+22.4354,137.4367,22.4354,ls-dr9,3,B,paper2_agree,False,
DESI-138.0524+33.3767,138.0524,33.3767,ls-dr9,3,B,paper2_agree,False,
DESI-139.8960+30.5323,139.896,30.5323,ls-dr9,3,B,paper2_agree,True,
DESI-147.7529+08.4157,147.7529,8.4157,ls-dr9,3,B,paper2_agree,False,
DESI-151.9618+04.6107,151.9618,4.6107,ls-dr9,3,B,paper2_agree,False,
DESI-154.4431-04.0841,154.4431,-4.0841,ls-dr9,3,B,paper2_agree,False,
DESI-157.4831-05.4213,157.4831,-5.4213,ls-dr9,3,B,paper2_agree,False,
DESI-158.2306+75.3149,158.2306,75.3149,ls-dr9,3,B,paper2_agree,False,
DESI-159.3007+04.5911,159.3007,4.5911,ls-dr9,3,B,paper2_agree,False,
DESI-159.7672-08.9316,159.7672,-8.9316,ls-dr9,3,B,paper2_agree,False,
DESI-161.8206+27.9906,161.8206,27.9906,ls-dr9,3,B,paper2_agree,False,
DESI-162.2464+10.5049,162.2464,10.5049,ls-dr9,3,B,paper2_agree,False,
DESI-162.6485+19.9352,162.6485,19.9352,ls-dr9,3,B,paper2_agree,False,
DESI-166.1262-08.6326,166.1262,-8.6326,ls-dr9,3,B,paper2_agree,False,
DESI-174.0622+41.0525,174.0622,41.0525,ls-dr9,3,B,paper2_agree,False,
DESI-176.2391+30.5580,176.2391,30.558,ls-dr9,3,B,paper2_agree,False,
DESI-179.5944+72.4798,179.5944,72.4798,ls-dr9,3,B,paper2_agree,False,
DESI-179.8536-05.1806,179.8536,-5.1806,ls-dr9,3,B,paper2_agree,False,
DESI-180.7746+69.8060,180.7746,69.806,ls-dr9,3,B,paper2_agree,False,
DESI-181.0606+13.2918,181.0606,13.2918,ls-dr9,3,B,paper2_agree,False,
DESI-181.5279+30.1133,181.5279,30.1133,ls-dr9,3,B,paper2_agree,False,
DESI-184.9201+44.8673,184.9201,44.8673,ls-dr9,3,B,paper2_agree,False,
DESI-184.9250+00.8409,184.925,0.8409,ls-dr9,3,B,paper2_agree,False,
DESI-186.7661+28.0517,186.7661,28.0517,ls-dr9,3,B,paper2_agree,False,
DESI-188.3339+14.1325,188.3339,14.1325,ls-dr9,3,B,paper2_agree,False,
DESI-189.5574+27.3029,189.5574,27.3029,ls-dr9,3,B,paper2_agree,False,
DESI-191.3160+19.0924,191.316,19.0924,ls-dr9,3,B,paper2_agree,False,
DESI-192.0695+07.7162,192.0695,7.7162,ls-dr9,3,B,paper2_agree,False,
DESI-200.0505-08.5058,200.0505,-8.5058,ls-dr9,3,B,paper2_agree,False,
DESI-200.8958+06.1545,200.8958,6.1545,ls-dr9,3,B,paper2_agree,False,
DESI-202.9388+51.5753,202.9388,51.5753,ls-dr9,3,B,paper2_agree,True,
DESI-203.8331-08.4487,203.8331,-8.4487,ls-dr9,3,B,paper2_agree,False,
DESI-214.8006+53.4366,214.8006,53.4366,ls-dr9,3,B,paper2_agree,True,
DESI-214.8651-04.0003,214.8651,-4.0003,ls-dr9,3,B,paper2_agree,False,
DESI-218.0748+07.0556,218.0748,7.0556,ls-dr9,3,B,paper2_agree,False,
DESI-219.2455+29.6141,219.2455,29.6141,ls-dr9,3,B,paper2_agree,False,
DESI-220.4044+50.2463,220.4044,50.2463,ls-dr9,3,B,paper2_agree,False,
DESI-223.1039+48.4711,223.1039,48.4711,ls-dr9,3,B,paper2_agree,False,
DESI-225.4050+52.1417,225.405,52.1417,ls-dr9,3,B,paper2_agree,True,
DESI-228.0786+20.8316,228.0786,20.8316,ls-dr9,3,B,paper2_agree,False,
DESI-228.8268+63.2724,228.8268,63.2724,ls-dr9,3,B,paper2_agree,False,
DESI-231.2874+42.4646,231.2874,42.4646,ls-dr9,3,B,paper2_agree,True,
DESI-231.4998+08.7774,231.4998,8.7774,ls-dr9,3,B,paper2_agree,True,
DESI-231.8201+12.9511,231.8201,12.9511,ls-dr9,3,B,paper2_agree,False,
DESI-233.7453+01.3400,233.7453,1.34,ls-dr9,3,B,paper2_agree,False,
DESI-234.4783+14.7232,234.4783,14.7232,ls-dr9,3,B,paper2_agree,True,
DESI-236.3307+16.2141,236.3307,16.2141,ls-dr9,3,B,paper2_agree,False,
DESI-236.4854+10.0292,236.4854,10.0292,ls-dr9,3,B,paper2_agree,False,
DESI-236.5553+35.0802,236.5553,35.0802,ls-dr9,3,B,paper2_agree,False,
DESI-244.3589+20.7108,244.3589,20.7108,ls-dr9,3,B,paper2_agree,False,
DESI-244.5899+53.1871,244.5899,53.1871,ls-dr9,3,B,paper2_agree,False,
DESI-255.6529+28.5791,255.6529,28.5791,ls-dr9,3,B,paper2_agree,False,
DESI-257.4348+31.9046,257.4348,31.9046,ls-dr9,3,B,paper2_agree,True,
DESI-259.0541+28.5928,259.0541,28.5928,ls-dr9,3,B,paper2_agree,False,
DESI-267.2985+23.5101,267.2985,23.5101,ls-dr9,3,B,paper2_agree,False,
DESI-269.7858+41.9039,269.7858,41.9039,ls-dr9,3,B,paper2_agree,False,
DESI-273.4736+34.7448,273.4736,34.7448,ls-dr9,3,B,paper2_agree,False,
DESI-285.9297+52.4182,285.9297,52.4182,ls-dr9,3,B,paper2_agree,False,
DESI-293.9927+58.1525,293.9927,58.1525,ls-dr9,3,B,paper2_agree,True,
DESI-311.4249-10.6762,311.4249,-10.6762,ls-dr9,3,B,paper2_agree,True,
DESI-313.9780+08.7331,313.978,8.7331,ls-dr9,3,B,paper2_agree,False,
DESI-335.2291-11.4857,335.2291,-11.4857,ls-dr9,3,B,paper2_agree,False,
DESI-337.2103+14.9081,337.2103,14.9081,ls-dr9,3,B,paper2_agree,False,
DESI-342.1516+20.2529,342.1516,20.2529,ls-dr9,3,B,paper2_agree,False,
DESI-353.4326-03.4619,353.4326,-3.4619,ls-dr9,3,B,paper2_agree,False,
DESI-353.6004+17.9899,353.6004,17.9899,ls-dr9,3,B,paper2_agree,False,
DESI-356.8114-00.7980,356.8114,-0.798,ls-dr9,3,B,paper2_agree,False,
DESI-359.1477-13.2930,359.1477,-13.293,ls-dr9,3,B,paper2_agree,False,
DESI-001.2742-54.2626,1.2742,-54.2626,ls-dr9,2,C,paper2_agree,False,
DESI-002.0769-06.3760,2.0769,-6.376,ls-dr9,2,C,paper2_agree,False,
DESI-002.4643-34.6088,2.4643,-34.6088,ls-dr9,2,C,paper2_agree,False,
DESI-006.0703+01.4212,6.0703,1.4212,ls-dr9,2,C,paper2_agree,False,
DESI-006.5376-05.1005,6.5376,-5.1005,ls-dr9,2,C,paper2_agree,False,
DESI-006.5454-60.8859,6.5454,-60.8859,ls-dr9,2,C,paper2_agree,False,
DESI-006.9518-03.8141,6.9518,-3.8141,ls-dr9,2,C,paper2_agree,False,
DESI-007.0848-52.1662,7.0848,-52.1662,ls-dr9,2,C,paper2_agree,False,
DESI-007.9602-00.6805,7.9602,-0.6805,ls-dr9,2,C,paper2_agree,False,
DESI-009.4901-61.7741,9.4901,-61.7741,ls-dr9,2,C,paper2_agree,False,
DESI-009.6721-07.4138,9.6721,-7.4138,ls-dr9,2,C,paper2_agree,False,
DESI-010.5365-09.9688,10.5365,-9.9688,ls-dr9,2,C,paper2_agree,False,
DESI-010.5692-05.5844,10.5692,-5.5844,ls-dr9,2,C,paper2_agree,False,
DESI-011.1176-09.8211,11.1176,-9.8211,ls-dr9,2,C,paper2_agree,False,
DESI-012.5414-15.3948,12.5414,-15.3948,ls-dr9,2,C,paper2_agree,False,
DESI-012.6879+05.1953,12.6879,5.1953,ls-dr9,2,C,paper2_agree,False,
DESI-012.7302-17.3424,12.7302,-17.3424,ls-dr9,2,C,paper2_agree,False,
DESI-013.0309-62.2004,13.0309,-62.2004,ls-dr9,2,C,paper2_agree,False,
DESI-014.1862-18.9657,14.1862,-18.9657,ls-dr9,2,C,paper2_agree,False,
DESI-014.2352-25.7746,14.2352,-25.7746,ls-dr9,2,C,paper2_agree,False,
DESI-014.2478-14.0421,14.2478,-14.0421,ls-dr9,2,C,paper2_agree,False,
DESI-014.6510-23.5443,14.651,-23.5443,ls-dr9,2,C,paper2_agree,False,
DESI-014.6810-05.0260,14.681,-5.026,ls-dr9,2,C,paper2_agree,False,
DESI-014.8630-23.2117,14.863,-23.2117,ls-dr9,2,C,paper2_agree,False,
DESI-015.6786-23.9439,15.6786,-23.9439,ls-dr9,2,C,paper2_agree,False,
DESI-016.3301-16.4985,16.3301,-16.4985,ls-dr9,2,C,paper2_agree,False,
DESI-017.1638-08.3884,17.1638,-8.3884,ls-dr9,2,C,paper2_agree,False,
DESI-019.1019-00.1335,19.1019,-0.1335,ls-dr9,2,C,paper2_agree,False,
DESI-019.4701-11.0283,19.4701,-11.0283,ls-dr9,2,C,paper2_agree,False,
DESI-020.3300-00.3409,20.33,-0.3409,ls-dr9,2,C,paper2_agree,False,
DESI-021.5140-10.3682,21.514,-10.3682,ls-dr9,2,C,paper2_agree,False,
DESI-022.2506+00.1193,22.2506,0.1193,ls-dr9,2,C,paper2_agree,False,
DESI-022.2823-07.0851,22.2823,-7.0851,ls-dr9,2,C,paper2_agree,False,
DESI-023.0128-02.3005,23.0128,-2.3005,ls-dr9,2,C,paper2_agree,False,
DESI-023.0583+03.4399,23.0583,3.4399,ls-dr9,2,C,paper2_agree,False,
DESI-023.5329-07.4703,23.5329,-7.4703,ls-dr9,2,C,paper2_agree,False,
DESI-023.8146-17.4043,23.8146,-17.4043,ls-dr9,2,C,paper2_agree,False,
DESI-023.9221-18.7413,23.9221,-18.7413,ls-dr9,2,C,paper2_agree,False,
DESI-024.1759-12.2872,24.1759,-12.2872,ls-dr9,2,C,paper2_agree,False,
DESI-024.1913-40.4779,24.1913,-40.4779,ls-dr9,2,C,paper2_agree,False,
DESI-024.2160-14.8162,24.216,-14.8162,ls-dr9,2,C,paper2_agree,False,
DESI-024.3635-27.6051,24.3635,-27.6051,ls-dr9,2,C,paper2_agree,False,
DESI-024.3717-08.3056,24.3717,-8.3056,ls-dr9,2,C,paper2_agree,False,
DESI-025.0520-20.1055,25.052,-20.1055,ls-dr9,2,C,paper2_agree,False,
DESI-025.1595-11.4143,25.1595,-11.4143,ls-dr9,2,C,paper2_agree,False,
DESI-025.4548-24.8641,25.4548,-24.8641,ls-dr9,2,C,paper2_agree,False,
DESI-025.4686-22.4962,25.4686,-22.4962,ls-dr9,2,C,paper2_agree,False,
DESI-025.7040-19.7717,25.704,-19.7717,ls-dr9,2,C,paper2_agree,False,
DESI-025.7910+07.5022,25.791,7.5022,ls-dr9,2,C,paper2_agree,False,
DESI-026.0431-28.9067,26.0431,-28.9067,ls-dr9,2,C,paper2_agree,False,
DESI-026.7267-11.4066,26.7267,-11.4066,ls-dr9,2,C,paper2_agree,False,
DESI-026.7792-40.1610,26.7792,-40.161,ls-dr9,2,C,paper2_agree,False,
DESI-027.3253-30.3055,27.3253,-30.3055,ls-dr9,2,C,paper2_agree,False,
DESI-027.3879+00.4647,27.3879,0.4647,ls-dr9,2,C,paper2_agree,False,
DESI-027.5959-17.6114,27.5959,-17.6114,ls-dr9,2,C,paper2_agree,False,
DESI-027.6346-18.3062,27.6346,-18.3062,ls-dr9,2,C,paper2_agree,False,
DESI-027.8888-26.8005,27.8888,-26.8005,ls-dr9,2,C,paper2_agree,False,
DESI-027.9976-08.3646,27.9976,-8.3646,ls-dr9,2,C,paper2_agree,False,
DESI-028.0192-29.3878,28.0192,-29.3878,ls-dr9,2,C,paper2_agree,False,
DESI-028.1494-31.3430,28.1494,-31.343,ls-dr9,2,C,paper2_agree,False,
DESI-028.1997+03.2624,28.1997,3.2624,ls-dr9,2,C,paper2_agree,False,
DESI-028.5320-08.1000,28.532,-8.1,ls-dr9,2,C,paper2_agree,False,
DESI-028.5715-16.2374,28.5715,-16.2374,ls-dr9,2,C,paper2_agree,False,
DESI-028.7845-25.8463,28.7845,-25.8463,ls-dr9,2,C,paper2_agree,False,
DESI-029.3642+22.9216,29.3642,22.9216,ls-dr9,2,C,paper2_agree,False,
DESI-029.3687-05.2778,29.3687,-5.2778,ls-dr9,2,C,paper2_agree,False,
DESI-029.4673-27.8568,29.4673,-27.8568,ls-dr9,2,C,paper2_agree,False,
DESI-029.9230+29.5992,29.923,29.5992,ls-dr9,2,C,paper2_agree,False,
DESI-029.9687-27.8439,29.9687,-27.8439,ls-dr9,2,C,paper2_agree,False,
DESI-030.1018-10.7692,30.1018,-10.7692,ls-dr9,2,C,paper2_agree,False,
DESI-030.1108-08.6449,30.1108,-8.6449,ls-dr9,2,C,paper2_agree,False,
DESI-030.1551+14.4092,30.1551,14.4092,ls-dr9,2,C,paper2_agree,False,
DESI-030.3065-26.0892,30.3065,-26.0892,ls-dr9,2,C,paper2_agree,False,
DESI-030.7600-06.6024,30.76,-6.6024,ls-dr9,2,C,paper2_agree,False,
DESI-030.7806-22.7856,30.7806,-22.7856,ls-dr9,2,C,paper2_agree,False,
DESI-030.8121-15.9384,30.8121,-15.9384,ls-dr9,2,C,paper2_agree,False,
DESI-031.1304-19.3899,31.1304,-19.3899,ls-dr9,2,C,paper2_agree,False,
DESI-031.3554-16.4083,31.3554,-16.4083,ls-dr9,2,C,paper2_agree,False,
DESI-031.3590-24.5664,31.359,-24.5664,ls-dr9,2,C,paper2_agree,False,
DESI-031.4976-21.1722,31.4976,-21.1722,ls-dr9,2,C,paper2_agree,False,
DESI-031.7319-31.7726,31.7319,-31.7726,ls-dr9,2,C,paper2_agree,False,
DESI-031.8616-27.2286,31.8616,-27.2286,ls-dr9,2,C,paper2_agree,False,
DESI-032.1245-18.3429,32.1245,-18.3429,ls-dr9,2,C,paper2_agree,False,
DESI-032.1994+01.7689,32.1994,1.7689,ls-dr9,2,C,paper2_agree,False,
DESI-032.2667+04.8088,32.2667,4.8088,ls-dr9,2,C,paper2_agree,False,
DESI-032.2674+03.6995,32.2674,3.6995,ls-dr9,2,C,paper2_agree,False,
DESI-032.8213+00.3402,32.8213,0.3402,ls-dr9,2,C,paper2_agree,False,
DESI-032.8584-16.2274,32.8584,-16.2274,ls-dr9,2,C,paper2_agree,False,
DESI-033.0297+00.2472,33.0297,0.2472,ls-dr9,2,C,paper2_agree,False,
DESI-034.3830+20.9523,34.383,20.9523,ls-dr9,2,C,paper2_agree,False,
DESI-034.5247+26.6007,34.5247,26.6007,ls-dr9,2,C,paper2_agree,False,
DESI-034.5314-27.6291,34.5314,-27.6291,ls-dr9,2,C,paper2_agree,False,
DESI-034.6677-24.8466,34.6677,-24.8466,ls-dr9,2,C,paper2_agree,False,
DESI-034.7239-16.8684,34.7239,-16.8684,ls-dr9,2,C,paper2_agree,False,
DESI-034.9597-05.9518,34.9597,-5.9518,ls-dr9,2,C,paper2_agree,False,
DESI-035.1949+05.8853,35.1949,5.8853,ls-dr9,2,C,paper2_agree,False,
DESI-035.2949-23.0878,35.2949,-23.0878,ls-dr9,2,C,paper2_agree,False,
DESI-036.0382-16.3869,36.0382,-16.3869,ls-dr9,2,C,paper2_agree,False,
DESI-036.0992+02.4337,36.0992,2.4337,ls-dr9,2,C,paper2_agree,False,
DESI-036.1196-25.0390,36.1196,-25.039,ls-dr9,2,C,paper2_agree,False,
DESI-036.3834-04.8500,36.3834,-4.85,ls-dr9,2,C,paper2_agree,False,
DESI-037.2442-17.2723,37.2442,-17.2723,ls-dr9,2,C,paper2_agree,False,
DESI-037.3509+10.2791,37.3509,10.2791,ls-dr9,2,C,paper2_agree,False,
DESI-037.5061-20.9108,37.5061,-20.9108,ls-dr9,2,C,paper2_agree,False,
DESI-037.6346-24.1463,37.6346,-24.1463,ls-dr9,2,C,paper2_agree,False,
DESI-037.7099-17.5029,37.7099,-17.5029,ls-dr9,2,C,paper2_agree,False,
DESI-038.0192-17.6864,38.0192,-17.6864,ls-dr9,2,C,paper2_agree,False,
DESI-038.7280-30.9373,38.728,-30.9373,ls-dr9,2,C,paper2_agree,False,
DESI-039.2176-31.8548,39.2176,-31.8548,ls-dr9,2,C,paper2_agree,False,
DESI-039.6138-15.5779,39.6138,-15.5779,ls-dr9,2,C,paper2_agree,False,
DESI-042.0215-18.9309,42.0215,-18.9309,ls-dr9,2,C,paper2_agree,False,
DESI-042.1475-12.1625,42.1475,-12.1625,ls-dr9,2,C,paper2_agree,False,
DESI-042.2120-27.3537,42.212,-27.3537,ls-dr9,2,C,paper2_agree,False,
DESI-043.3406-05.1544,43.3406,-5.1544,ls-dr9,2,C,paper2_agree,False,
DESI-043.3785-12.6509,43.3785,-12.6509,ls-dr9,2,C,paper2_agree,False,
DESI-044.0165+00.3311,44.0165,0.3311,ls-dr9,2,C,paper2_agree,False,
DESI-044.2789-16.7736,44.2789,-16.7736,ls-dr9,2,C,paper2_agree,False,
DESI-044.3388-28.8952,44.3388,-28.8952,ls-dr9,2,C,paper2_agree,False,
DESI-044.5307-13.8106,44.5307,-13.8106,ls-dr9,2,C,paper2_agree,False,
DESI-044.7621-07.8029,44.7621,-7.8029,ls-dr9,2,C,paper2_agree,False,
DESI-044.9661-38.8328,44.9661,-38.8328,ls-dr9,2,C,paper2_agree,False,
DESI-044.9857-26.8724,44.9857,-26.8724,ls-dr9,2,C,paper2_agree,False,
DESI-045.0813+04.4270,45.0813,4.427,ls-dr9,2,C,paper2_agree,False,
DESI-045.2324-10.9787,45.2324,-10.9787,ls-dr9,2,C,paper2_agree,False,
DESI-045.8714+03.7781,45.8714,3.7781,ls-dr9,2,C,paper2_agree,False,
DESI-047.9174-07.5180,47.9174,-7.518,ls-dr9,2,C,paper2_agree,False,
DESI-048.8942-27.2465,48.8942,-27.2465,ls-dr9,2,C,paper2_agree,False,
DESI-049.1543-26.8148,49.1543,-26.8148,ls-dr9,2,C,paper2_agree,False,
DESI-049.2052-18.0014,49.2052,-18.0014,ls-dr9,2,C,paper2_agree,False,
DESI-049.3356-26.6664,49.3356,-26.6664,ls-dr9,2,C,paper2_agree,False,
DESI-050.2069-21.4455,50.2069,-21.4455,ls-dr9,2,C,paper2_agree,False,
DESI-051.0021-27.1917,51.0021,-27.1917,ls-dr9,2,C,paper2_agree,True,
DESI-051.4779-17.1685,51.4779,-17.1685,ls-dr9,2,C,paper2_agree,False,
DESI-052.0458-31.5770,52.0458,-31.577,ls-dr9,2,C,paper2_agree,False,
DESI-052.3736-18.6378,52.3736,-18.6378,ls-dr9,2,C,paper2_agree,False,
DESI-052.4307-32.1849,52.4307,-32.1849,ls-dr9,2,C,paper2_agree,False,
DESI-052.6889-29.4983,52.6889,-29.4983,ls-dr9,2,C,paper2_agree,True,
DESI-052.7565-09.4508,52.7565,-9.4508,ls-dr9,2,C,paper2_agree,False,
DESI-052.9149-18.2136,52.9149,-18.2136,ls-dr9,2,C,paper2_agree,False,
DESI-053.7471-26.5755,53.7471,-26.5755,ls-dr9,2,C,paper2_agree,False,
DESI-053.9519-29.9771,53.9519,-29.9771,ls-dr9,2,C,paper2_agree,False,
DESI-054.4002-15.7893,54.4002,-15.7893,ls-dr9,2,C,paper2_agree,False,
DESI-054.6271-05.6708,54.6271,-5.6708,ls-dr9,2,C,paper2_agree,False,
DESI-054.6308-24.6332,54.6308,-24.6332,ls-dr9,2,C,paper2_agree,False,
DESI-054.7788-12.2879,54.7788,-12.2879,ls-dr9,2,C,paper2_agree,False,
DESI-054.8226-38.9498,54.8226,-38.9498,ls-dr9,2,C,paper2_agree,False,
DESI-055.4130-13.4363,55.413,-13.4363,ls-dr9,2,C,paper2_agree,False,
DESI-055.6364-20.0025,55.6364,-20.0025,ls-dr9,2,C,paper2_agree,False,
DESI-055.8961-29.9218,55.8961,-29.9218,ls-dr9,2,C,paper2_agree,False,
DESI-056.5384-26.4042,56.5384,-26.4042,ls-dr9,2,C,paper2_agree,False,
DESI-056.8707-25.7853,56.8707,-25.7853,ls-dr9,2,C,paper2_agree,False,
DESI-056.8839-20.4636,56.8839,-20.4636,ls-dr9,2,C,paper2_agree,False,
DESI-057.0469-25.5083,57.0469,-25.5083,ls-dr9,2,C,paper2_agree,False,
DESI-057.2082-22.3314,57.2082,-22.3314,ls-dr9,2,C,paper2_agree,False,
DESI-057.3298-26.9437,57.3298,-26.9437,ls-dr9,2,C,paper2_agree,False,
DESI-057.4192-19.9070,57.4192,-19.907,ls-dr9,2,C,paper2_agree,False,
DESI-057.8307-15.1796,57.8307,-15.1796,ls-dr9,2,C,paper2_agree,False,
DESI-057.9593-22.2418,57.9593,-22.2418,ls-dr9,2,C,paper2_agree,False,
DESI-058.3547-02.8941,58.3547,-2.8941,ls-dr9,2,C,paper2_agree,False,
DESI-060.0000-27.7231,60.0,-27.7231,ls-dr9,2,C,paper2_agree,False,
DESI-060.5532-27.5316,60.5532,-27.5316,ls-dr9,2,C,paper2_agree,False,
DESI-060.5576-32.2606,60.5576,-32.2606,ls-dr9,2,C,paper2_agree,False,
DESI-060.7510-18.9797,60.751,-18.9797,ls-dr9,2,C,paper2_agree,False,
DESI-060.7611-18.5019,60.7611,-18.5019,ls-dr9,2,C,paper2_agree,False,
DESI-061.0473-16.8863,61.0473,-16.8863,ls-dr9,2,C,paper2_agree,False,
DESI-062.3942-31.5637,62.3942,-31.5637,ls-dr9,2,C,paper2_agree,False,
DESI-062.4692-32.1910,62.4692,-32.191,ls-dr9,2,C,paper2_agree,False,
DESI-063.4434-29.6321,63.4434,-29.6321,ls-dr9,2,C,paper2_agree,False,
DESI-064.1560-20.0800,64.156,-20.08,ls-dr9,2,C,paper2_agree,False,
DESI-064.5125-19.1295,64.5125,-19.1295,ls-dr9,2,C,paper2_agree,False,
DESI-064.6062-24.9971,64.6062,-24.9971,ls-dr9,2,C,paper2_agree,False,
DESI-064.8599-09.5649,64.8599,-9.5649,ls-dr9,2,C,paper2_agree,False,
DESI-064.8752-37.1532,64.8752,-37.1532,ls-dr9,2,C,paper2_agree,False,
DESI-065.1328-21.1219,65.1328,-21.1219,ls-dr9,2,C,paper2_agree,False,
DESI-065.2768-20.9997,65.2768,-20.9997,ls-dr9,2,C,paper2_agree,False,
DESI-065.4182-22.9294,65.4182,-22.9294,ls-dr9,2,C,paper2_agree,False,
DESI-065.5424-29.0529,65.5424,-29.0529,ls-dr9,2,C,paper2_agree,False,
DESI-066.5255-13.2436,66.5255,-13.2436,ls-dr9,2,C,paper2_agree,False,
DESI-068.9980-21.6384,68.998,-21.6384,ls-dr9,2,C,paper2_agree,False,
DESI-069.3619-23.0974,69.3619,-23.0974,ls-dr9,2,C,paper2_agree,False,
DESI-069.6660-28.5525,69.666,-28.5525,ls-dr9,2,C,paper2_agree,False,
DESI-070.2650-27.0995,70.265,-27.0995,ls-dr9,2,C,paper2_agree,False,
DESI-071.3350-22.0787,71.335,-22.0787,ls-dr9,2,C,paper2_agree,False,
DESI-071.9694-29.1854,71.9694,-29.1854,ls-dr9,2,C,paper2_agree,False,
DESI-072.1089-29.1347,72.1089,-29.1347,ls-dr9,2,C,paper2_agree,False,
DESI-072.9124-08.0276,72.9124,-8.0276,ls-dr9,2,C,paper2_agree,False,
DESI-073.5270-24.5988,73.527,-24.5988,ls-dr9,2,C,paper2_agree,False,
DESI-073.6913-29.8156,73.6913,-29.8156,ls-dr9,2,C,paper2_agree,False,
DESI-074.3280-04.4293,74.328,-4.4293,ls-dr9,2,C,paper2_agree,False,
DESI-074.4224-18.7934,74.4224,-18.7934,ls-dr9,2,C,paper2_agree,False,
DESI-074.4853-23.1579,74.4853,-23.1579,ls-dr9,2,C,paper2_agree,False,
DESI-074.6542-27.1065,74.6542,-27.1065,ls-dr9,2,C,paper2_agree,False,
DESI-075.3911-03.2937,75.3911,-3.2937,ls-dr9,2,C,paper2_agree,False,
DESI-075.4100-18.6007,75.41,-18.6007,ls-dr9,2,C,paper2_agree,False,
DESI-075.5665-31.0876,75.5665,-31.0876,ls-dr9,2,C,paper2_agree,False,
DESI-075.9545-26.6809,75.9545,-26.6809,ls-dr9,2,C,paper2_agree,False,
DESI-076.3503-24.3444,76.3503,-24.3444,ls-dr9,2,C,paper2_agree,False,
DESI-076.7517-25.6907,76.7517,-25.6907,ls-dr9,2,C,paper2_agree,False,
DESI-077.3886-30.6005,77.3886,-30.6005,ls-dr9,2,C,paper2_agree,False,
DESI-078.4202-28.2351,78.4202,-28.2351,ls-dr9,2,C,paper2_agree,False,
DESI-079.4502-23.2598,79.4502,-23.2598,ls-dr9,2,C,paper2_agree,False,
DESI-080.6361-24.9674,80.6361,-24.9674,ls-dr9,2,C,paper2_agree,False,
DESI-080.6724-24.0688,80.6724,-24.0688,ls-dr9,2,C,paper2_agree,False,
DESI-080.9091-21.0160,80.9091,-21.016,ls-dr9,2,C,paper2_agree,False,
DESI-081.2511-26.2779,81.2511,-26.2779,ls-dr9,2,C,paper2_agree,False,
DESI-083.1991-29.3017,83.1991,-29.3017,ls-dr9,2,C,paper2_agree,False,
DESI-083.7580-31.1953,83.758,-31.1953,ls-dr9,2,C,paper2_agree,False,
DESI-084.2051-21.8332,84.2051,-21.8332,ls-dr9,2,C,paper2_agree,False,
DESI-084.7962-28.0211,84.7962,-28.0211,ls-dr9,2,C,paper2_agree,False,
DESI-085.5750-21.8217,85.575,-21.8217,ls-dr9,2,C,paper2_agree,False,
DESI-086.5017-24.7015,86.5017,-24.7015,ls-dr9,2,C,paper2_agree,False,
DESI-086.5815-27.7223,86.5815,-27.7223,ls-dr9,2,C,paper2_agree,False,
DESI-087.1209-25.5251,87.1209,-25.5251,ls-dr9,2,C,paper2_agree,False,
DESI-087.2700-23.9175,87.27,-23.9175,ls-dr9,2,C,paper2_agree,False,
DESI-088.5024-29.7013,88.5024,-29.7013,ls-dr9,2,C,paper2_agree,False,
DESI-088.6111-44.9258,88.6111,-44.9258,ls-dr9,2,C,paper2_agree,False,
DESI-089.6163-27.0385,89.6163,-27.0385,ls-dr9,2,C,paper2_agree,False,
DESI-090.4566-39.9871,90.4566,-39.9871,ls-dr9,2,C,paper2_agree,False,
DESI-104.3289+45.1488,104.3289,45.1488,ls-dr9,2,C,paper2_agree,False,
DESI-104.3594+32.5562,104.3594,32.5562,ls-dr9,2,C,paper2_agree,False,
DESI-106.9992+50.2149,106.9992,50.2149,ls-dr9,2,C,paper2_agree,False,
DESI-107.9747+28.3465,107.9747,28.3465,ls-dr9,2,C,paper2_agree,False,
DESI-112.0041+47.9631,112.0041,47.9631,ls-dr9,2,C,paper2_agree,False,
DESI-112.0551+31.6799,112.0551,31.6799,ls-dr9,2,C,paper2_agree,False,
DESI-112.1758+38.2037,112.1758,38.2037,ls-dr9,2,C,paper2_agree,False,
DESI-112.6173+38.3732,112.6173,38.3732,ls-dr9,2,C,paper2_agree,False,
DESI-113.2568+51.5755,113.2568,51.5755,ls-dr9,2,C,paper2_agree,False,
DESI-113.5048+34.7261,113.5048,34.7261,ls-dr9,2,C,paper2_agree,False,
DESI-114.0195+21.3041,114.0195,21.3041,ls-dr9,2,C,paper2_agree,False,
DESI-115.4473+34.9407,115.4473,34.9407,ls-dr9,2,C,paper2_agree,False,
DESI-117.2449+53.7774,117.2449,53.7774,ls-dr9,2,C,paper2_agree,False,
DESI-117.7803+11.1984,117.7803,11.1984,ls-dr9,2,C,paper2_agree,False,
DESI-118.2474+52.6265,118.2474,52.6265,ls-dr9,2,C,paper2_agree,False,
DESI-118.3583+10.5130,118.3583,10.513,ls-dr9,2,C,paper2_agree,False,
DESI-118.4567+25.8080,118.4567,25.808,ls-dr9,2,C,paper2_agree,False,
DESI-118.7654+12.3763,118.7654,12.3763,ls-dr9,2,C,paper2_agree,False,
DESI-120.8544+37.7610,120.8544,37.761,ls-dr9,2,C,paper2_agree,False,
DESI-122.8819+41.6140,122.8819,41.614,ls-dr9,2,C,paper2_agree,False,
DESI-123.5420+11.5365,123.542,11.5365,ls-dr9,2,C,paper2_agree,False,
DESI-123.6121+27.3335,123.6121,27.3335,ls-dr9,2,C,paper2_agree,False,
DESI-124.3100+74.1113,124.31,74.1113,ls-dr9,2,C,paper2_agree,False,
DESI-124.8181+31.4990,124.8181,31.499,ls-dr9,2,C,paper2_agree,False,
DESI-124.9193+19.2529,124.9193,19.2529,ls-dr9,2,C,paper2_agree,False,
DESI-125.3638+69.4352,125.3638,69.4352,ls-dr9,2,C,paper2_agree,False,
DESI-125.6310+75.0251,125.631,75.0251,ls-dr9,2,C,paper2_agree,False,
DESI-125.9350+04.6293,125.935,4.6293,ls-dr9,2,C,paper2_agree,False,
DESI-128.1456+11.5864,128.1456,11.5864,ls-dr9,2,C,paper2_agree,False,
DESI-130.5312+27.2618,130.5312,27.2618,ls-dr9,2,C,paper2_agree,False,
DESI-130.6033+10.4171,130.6033,10.4171,ls-dr9,2,C,paper2_agree,False,
DESI-131.9068+13.5143,131.9068,13.5143,ls-dr9,2,C,paper2_agree,False,
DESI-132.2802+22.0446,132.2802,22.0446,ls-dr9,2,C,paper2_agree,False,
DESI-132.8111+24.4868,132.8111,24.4868,ls-dr9,2,C,paper2_agree,False,
DESI-133.1155+26.4614,133.1155,26.4614,ls-dr9,2,C,paper2_agree,False,
DESI-134.3978+21.5059,134.3978,21.5059,ls-dr9,2,C,paper2_agree,False,
DESI-137.1509+54.2055,137.1509,54.2055,ls-dr9,2,C,paper2_agree,False,
DESI-138.5115+16.5394,138.5115,16.5394,ls-dr9,2,C,paper2_agree,False,
DESI-139.4885+64.4473,139.4885,64.4473,ls-dr9,2,C,paper2_agree,False,
DESI-140.1299+02.7830,140.1299,2.783,ls-dr9,2,C,paper2_agree,False,
DESI-141.5275+07.8090,141.5275,7.809,ls-dr9,2,C,paper2_agree,False,
DESI-141.8108+73.2823,141.8108,73.2823,ls-dr9,2,C,paper2_agree,False,
DESI-142.7762+17.7152,142.7762,17.7152,ls-dr9,2,C,paper2_agree,False,
DESI-143.7713+18.2787,143.7713,18.2787,ls-dr9,2,C,paper2_agree,False,
DESI-144.0261+12.8391,144.0261,12.8391,ls-dr9,2,C,paper2_agree,False,
DESI-144.7849+00.6228,144.7849,0.6228,ls-dr9,2,C,paper2_agree,False,
DESI-146.0028-01.8290,146.0028,-1.829,ls-dr9,2,C,paper2_agree,False,
DESI-146.0983-08.1021,146.0983,-8.1021,ls-dr9,2,C,paper2_agree,False,
DESI-146.5442+13.9284,146.5442,13.9284,ls-dr9,2,C,paper2_agree,False,
DESI-148.2095+10.7169,148.2095,10.7169,ls-dr9,2,C,paper2_agree,False,
DESI-148.3840+10.5475,148.384,10.5475,ls-dr9,2,C,paper2_agree,False,
DESI-150.2941+46.1759,150.2941,46.1759,ls-dr9,2,C,paper2_agree,False,
DESI-150.5233+15.3083,150.5233,15.3083,ls-dr9,2,C,paper2_agree,False,
DESI-151.2523+10.4499,151.2523,10.4499,ls-dr9,2,C,paper2_agree,False,
DESI-151.4072+67.5076,151.4072,67.5076,ls-dr9,2,C,paper2_agree,False,
DESI-151.8455-05.3863,151.8455,-5.3863,ls-dr9,2,C,paper2_agree,False,
DESI-152.2710+43.7279,152.271,43.7279,ls-dr9,2,C,paper2_agree,False,
DESI-153.2654+10.1926,153.2654,10.1926,ls-dr9,2,C,paper2_agree,False,
DESI-154.5759+74.5812,154.5759,74.5812,ls-dr9,2,C,paper2_agree,False,
DESI-157.9520+43.7158,157.952,43.7158,ls-dr9,2,C,paper2_agree,False,
DESI-158.0901+31.8835,158.0901,31.8835,ls-dr9,2,C,paper2_agree,False,
DESI-158.1868+08.6779,158.1868,8.6779,ls-dr9,2,C,paper2_agree,False,
DESI-159.1096+12.9958,159.1096,12.9958,ls-dr9,2,C,paper2_agree,False,
DESI-160.0017+56.5219,160.0017,56.5219,ls-dr9,2,C,paper2_agree,False,
DESI-160.0232+01.9838,160.0232,1.9838,ls-dr9,2,C,paper2_agree,False,
DESI-160.1817+44.8942,160.1817,44.8942,ls-dr9,2,C,paper2_agree,False,
DESI-160.7046+62.6611,160.7046,62.6611,ls-dr9,2,C,paper2_agree,False,
DESI-160.7978+37.3601,160.7978,37.3601,ls-dr9,2,C,paper2_agree,False,
DESI-161.5784+46.2302,161.5784,46.2302,ls-dr9,2,C,paper2_agree,False,
DESI-161.8519-03.2118,161.8519,-3.2118,ls-dr9,2,C,paper2_agree,False,
DESI-163.3484+09.6864,163.3484,9.6864,ls-dr9,2,C,paper2_agree,False,
DESI-163.5448+05.8739,163.5448,5.8739,ls-dr9,2,C,paper2_agree,False,
DESI-164.0099+22.8302,164.0099,22.8302,ls-dr9,2,C,paper2_agree,False,
DESI-165.0321+10.9706,165.0321,10.9706,ls-dr9,2,C,paper2_agree,False,
DESI-165.1459+23.2635,165.1459,23.2635,ls-dr9,2,C,paper2_agree,False,
DESI-165.2130-00.8810,165.213,-0.881,ls-dr9,2,C,paper2_agree,False,
DESI-165.2322+64.9414,165.2322,64.9414,ls-dr9,2,C,paper2_agree,False,
DESI-166.7196+07.6232,166.7196,7.6232,ls-dr9,2,C,paper2_agree,False,
DESI-167.2393+37.8604,167.2393,37.8604,ls-dr9,2,C,paper2_agree,False,
DESI-167.7733+26.7798,167.7733,26.7798,ls-dr9,2,C,paper2_agree,False,
DESI-168.5731+08.7634,168.5731,8.7634,ls-dr9,2,C,paper2_agree,False,
DESI-168.9620+57.8315,168.962,57.8315,ls-dr9,2,C,paper2_agree,False,
DESI-169.1444+19.0986,169.1444,19.0986,ls-dr9,2,C,paper2_agree,False,
DESI-170.8944+12.5591,170.8944,12.5591,ls-dr9,2,C,paper2_agree,False,
DESI-171.1047+71.1948,171.1047,71.1948,ls-dr9,2,C,paper2_agree,False,
DESI-172.4891+32.1637,172.4891,32.1637,ls-dr9,2,C,paper2_agree,False,
DESI-172.6002+05.7333,172.6002,5.7333,ls-dr9,2,C,paper2_agree,False,
DESI-172.6730+11.3081,172.673,11.3081,ls-dr9,2,C,paper2_agree,False,
DESI-174.0108+52.2363,174.0108,52.2363,ls-dr9,2,C,paper2_agree,False,
DESI-174.1285+21.7754,174.1285,21.7754,ls-dr9,2,C,paper2_agree,False,
DESI-174.4592+46.6094,174.4592,46.6094,ls-dr9,2,C,paper2_agree,False,
DESI-175.7321+43.1339,175.7321,43.1339,ls-dr9,2,C,paper2_agree,False,
DESI-175.7329+22.2232,175.7329,22.2232,ls-dr9,2,C,paper2_agree,False,
DESI-176.9273+67.7222,176.9273,67.7222,ls-dr9,2,C,paper2_agree,False,
DESI-176.9311+26.1644,176.9311,26.1644,ls-dr9,2,C,paper2_agree,False,
DESI-178.7212+21.4151,178.7212,21.4151,ls-dr9,2,C,paper2_agree,False,
DESI-179.4811+22.9115,179.4811,22.9115,ls-dr9,2,C,paper2_agree,False,
DESI-181.0043+47.5381,181.0043,47.5381,ls-dr9,2,C,paper2_agree,False,
DESI-181.3975+41.1790,181.3975,41.179,ls-dr9,2,C,paper2_agree,True,
DESI-182.7337-02.2276,182.7337,-2.2276,ls-dr9,2,C,paper2_agree,False,
DESI-183.1167-08.5941,183.1167,-8.5941,ls-dr9,2,C,paper2_agree,False,
DESI-184.4375+31.5263,184.4375,31.5263,ls-dr9,2,C,paper2_agree,False,
DESI-185.2581+21.8900,185.2581,21.89,ls-dr9,2,C,paper2_agree,False,
DESI-185.6190+23.9709,185.619,23.9709,ls-dr9,2,C,paper2_agree,False,
DESI-185.6850+70.6065,185.685,70.6065,ls-dr9,2,C,paper2_agree,False,
DESI-185.9848+19.7177,185.9848,19.7177,ls-dr9,2,C,paper2_agree,False,
DESI-186.0916+02.2030,186.0916,2.203,ls-dr9,2,C,paper2_agree,False,
DESI-186.4028-07.4188,186.4028,-7.4188,ls-dr9,2,C,paper2_agree,True,
DESI-187.1282+09.6881,187.1282,9.6881,ls-dr9,2,C,paper2_agree,False,
DESI-190.4855+03.7332,190.4855,3.7332,ls-dr9,2,C,paper2_agree,False,
DESI-190.5769+27.8629,190.5769,27.8629,ls-dr9,2,C,paper2_agree,False,
DESI-190.5981+31.4848,190.5981,31.4848,ls-dr9,2,C,paper2_agree,False,
DESI-192.8317-01.2219,192.8317,-1.2219,ls-dr9,2,C,paper2_agree,False,
DESI-195.4842+11.1801,195.4842,11.1801,ls-dr9,2,C,paper2_agree,False,
DESI-196.3635+26.7520,196.3635,26.752,ls-dr9,2,C,paper2_agree,False,
DESI-198.2028+30.6423,198.2028,30.6423,ls-dr9,2,C,paper2_agree,False,
DESI-198.4925+31.0493,198.4925,31.0493,ls-dr9,2,C,paper2_agree,False,
DESI-200.7983+38.2180,200.7983,38.218,ls-dr9,2,C,paper2_agree,False,
DESI-202.5096+47.8919,202.5096,47.8919,ls-dr9,2,C,paper2_agree,False,
DESI-202.7745+07.4491,202.7745,7.4491,ls-dr9,2,C,paper2_agree,False,
DESI-203.2912+06.9014,203.2912,6.9014,ls-dr9,2,C,paper2_agree,False,
DESI-203.5927-09.2837,203.5927,-9.2837,ls-dr9,2,C,paper2_agree,False,
DESI-203.7084-08.7623,203.7084,-8.7623,ls-dr9,2,C,paper2_agree,False,
DESI-204.0300+25.6164,204.03,25.6164,ls-dr9,2,C,paper2_agree,False,
DESI-204.2365+12.0278,204.2365,12.0278,ls-dr9,2,C,paper2_agree,False,
DESI-204.3113+42.3813,204.3113,42.3813,ls-dr9,2,C,paper2_agree,False,
DESI-205.8655+21.7388,205.8655,21.7388,ls-dr9,2,C,paper2_agree,False,
DESI-206.0993-01.6071,206.0993,-1.6071,ls-dr9,2,C,paper2_agree,False,
DESI-206.7000+28.6985,206.7,28.6985,ls-dr9,2,C,paper2_agree,False,
DESI-207.4889+34.2732,207.4889,34.2732,ls-dr9,2,C,paper2_agree,False,
DESI-207.5513+31.5862,207.5513,31.5862,ls-dr9,2,C,paper2_agree,False,
DESI-207.7050+52.9559,207.705,52.9559,ls-dr9,2,C,paper2_agree,False,
DESI-207.8335-06.3831,207.8335,-6.3831,ls-dr9,2,C,paper2_agree,False,
DESI-208.4386+31.8650,208.4386,31.865,ls-dr9,2,C,paper2_agree,False,
DESI-208.6688+19.1370,208.6688,19.137,ls-dr9,2,C,paper2_agree,False,
DESI-208.9997+19.7239,208.9997,19.7239,ls-dr9,2,C,paper2_agree,False,
DESI-209.0944+03.6524,209.0944,3.6524,ls-dr9,2,C,paper2_agree,False,
DESI-211.6546+38.7004,211.6546,38.7004,ls-dr9,2,C,paper2_agree,False,
DESI-212.7710+23.2324,212.771,23.2324,ls-dr9,2,C,paper2_agree,False,
DESI-214.7102+19.9447,214.7102,19.9447,ls-dr9,2,C,paper2_agree,False,
DESI-216.0618+45.0242,216.0618,45.0242,ls-dr9,2,C,paper2_agree,False,
DESI-217.0950+22.9130,217.095,22.913,ls-dr9,2,C,paper2_agree,False,
DESI-217.2090+51.6467,217.209,51.6467,ls-dr9,2,C,paper2_agree,True,
DESI-218.4468+18.7098,218.4468,18.7098,ls-dr9,2,C,paper2_agree,False,
DESI-219.5680+25.0994,219.568,25.0994,ls-dr9,2,C,paper2_agree,False,
DESI-219.9040+07.3502,219.904,7.3502,ls-dr9,2,C,paper2_agree,False,
DESI-220.0226+23.8599,220.0226,23.8599,ls-dr9,2,C,paper2_agree,False,
DESI-220.3862-00.8996,220.3862,-0.8996,ls-dr9,2,C,paper2_agree,True,
DESI-221.4063+04.9046,221.4063,4.9046,ls-dr9,2,C,paper2_agree,False,
DESI-222.2403-07.4558,222.2403,-7.4558,ls-dr9,2,C,paper2_agree,False,
DESI-222.4812-06.8463,222.4812,-6.8463,ls-dr9,2,C,paper2_agree,False,
DESI-222.7392+03.5562,222.7392,3.5562,ls-dr9,2,C,paper2_agree,False,
DESI-223.0001-01.0752,223.0001,-1.0752,ls-dr9,2,C,paper2_agree,False,
DESI-223.2085+58.0265,223.2085,58.0265,ls-dr9,2,C,paper2_agree,False,
DESI-223.4373-06.5203,223.4373,-6.5203,ls-dr9,2,C,paper2_agree,False,
DESI-225.1316+62.7228,225.1316,62.7228,ls-dr9,2,C,paper2_agree,False,
DESI-225.5679+15.1661,225.5679,15.1661,ls-dr9,2,C,paper2_agree,False,
DESI-226.1397+28.0320,226.1397,28.032,ls-dr9,2,C,paper2_agree,False,
DESI-226.3130+41.7447,226.313,41.7447,ls-dr9,2,C,paper2_agree,False,
DESI-226.9254+29.9560,226.9254,29.956,ls-dr9,2,C,paper2_agree,False,
DESI-226.9381+05.3823,226.9381,5.3823,ls-dr9,2,C,paper2_agree,True,
DESI-228.4698+14.1675,228.4698,14.1675,ls-dr9,2,C,paper2_agree,False,
DESI-228.6370+68.4893,228.637,68.4893,ls-dr9,2,C,paper2_agree,False,
DESI-229.7213+09.2304,229.7213,9.2304,ls-dr9,2,C,paper2_agree,False,
DESI-230.6319-00.7509,230.6319,-0.7509,ls-dr9,2,C,paper2_agree,False,
DESI-230.9711+04.9138,230.9711,4.9138,ls-dr9,2,C,paper2_agree,False,
DESI-230.9776+67.6248,230.9776,67.6248,ls-dr9,2,C,paper2_agree,False,
DESI-232.6507+80.8392,232.6507,80.8392,ls-dr9,2,C,paper2_agree,False,
DESI-235.2734+07.5424,235.2734,7.5424,ls-dr9,2,C,paper2_agree,False,
DESI-235.5208+40.3319,235.5208,40.3319,ls-dr9,2,C,paper2_agree,False,
DESI-236.5762+48.3642,236.5762,48.3642,ls-dr9,2,C,paper2_agree,False,
DESI-237.7650+06.8422,237.765,6.8422,ls-dr9,2,C,paper2_agree,False,
DESI-238.6575+46.1560,238.6575,46.156,ls-dr9,2,C,paper2_agree,False,
DESI-239.7952+07.5133,239.7952,7.5133,ls-dr9,2,C,paper2_agree,False,
DESI-241.8696+05.8963,241.8696,5.8963,ls-dr9,2,C,paper2_agree,False,
DESI-242.2528+04.4242,242.2528,4.4242,ls-dr9,2,C,paper2_agree,False,
DESI-244.5857+54.5052,244.5857,54.5052,ls-dr9,2,C,paper2_agree,True,
DESI-246.0592+10.6100,246.0592,10.61,ls-dr9,2,C,paper2_agree,False,
DESI-246.6316+49.1584,246.6316,49.1584,ls-dr9,2,C,paper2_agree,False,
DESI-247.9945-01.6681,247.9945,-1.6681,ls-dr9,2,C,paper2_agree,False,
DESI-249.3569+31.6652,249.3569,31.6652,ls-dr9,2,C,paper2_agree,False,
DESI-250.4830+66.2103,250.483,66.2103,ls-dr9,2,C,paper2_agree,False,
DESI-250.8015+21.3635,250.8015,21.3635,ls-dr9,2,C,paper2_agree,False,
DESI-251.4915+22.9241,251.4915,22.9241,ls-dr9,2,C,paper2_agree,False,
DESI-252.1292+63.7872,252.1292,63.7872,ls-dr9,2,C,paper2_agree,False,
DESI-255.9749+41.6783,255.9749,41.6783,ls-dr9,2,C,paper2_agree,False,
DESI-256.1498+08.2505,256.1498,8.2505,ls-dr9,2,C,paper2_agree,False,
DESI-257.0428+11.8169,257.0428,11.8169,ls-dr9,2,C,paper2_agree,False,
DESI-261.7825+13.0155,261.7825,13.0155,ls-dr9,2,C,paper2_agree,False,
DESI-266.3918+27.2260,266.3918,27.226,ls-dr9,2,C,paper2_agree,False,
DESI-267.9412+43.5847,267.9412,43.5847,ls-dr9,2,C,paper2_agree,False,
DESI-267.9501+43.5780,267.9501,43.578,ls-dr9,2,C,paper2_agree,False,
DESI-270.4979+48.3192,270.4979,48.3192,ls-dr9,2,C,paper2_agree,False,
DESI-273.6883+54.7764,273.6883,54.7764,ls-dr9,2,C,paper2_agree,False,
DESI-274.3781+42.3118,274.3781,42.3118,ls-dr9,2,C,paper2_agree,False,
DESI-276.8661+51.8599,276.8661,51.8599,ls-dr9,2,C,paper2_agree,False,
DESI-277.7776+57.3732,277.7776,57.3732,ls-dr9,2,C,paper2_agree,False,
DESI-279.6919+47.5645,279.6919,47.5645,ls-dr9,2,C,paper2_agree,False,
DESI-282.8164+66.4911,282.8164,66.4911,ls-dr9,2,C,paper2_agree,False,
DESI-283.8139+45.1750,283.8139,45.175,ls-dr9,2,C,paper2_agree,False,
DESI-291.8967+54.2998,291.8967,54.2998,ls-dr9,2,C,paper2_agree,False,
DESI-308.6348-47.1690,308.6348,-47.169,ls-dr9,2,C,paper2_agree,False,
DESI-310.9666+03.2223,310.9666,3.2223,ls-dr9,2,C,paper2_agree,False,
DESI-319.1672-01.5035,319.1672,-1.5035,ls-dr9,2,C,paper2_agree,False,
DESI-319.4948-00.7468,319.4948,-0.7468,ls-dr9,2,C,paper2_agree,False,
DESI-319.5281+16.9379,319.5281,16.9379,ls-dr9,2,C,paper2_agree,False,
DESI-319.7068-63.3875,319.7068,-63.3875,ls-dr9,2,C,paper2_agree,False,
DESI-321.3061-00.0295,321.3061,-0.0295,ls-dr9,2,C,paper2_agree,False,
DESI-322.6011-61.9086,322.6011,-61.9086,ls-dr9,2,C,paper2_agree,False,
DESI-324.8366-63.7250,324.8366,-63.725,ls-dr9,2,C,paper2_agree,False,
DESI-326.2881+19.8848,326.2881,19.8848,ls-dr9,2,C,paper2_agree,False,
DESI-326.7119-43.0078,326.7119,-43.0078,ls-dr9,2,C,paper2_agree,False,
DESI-328.0860-43.5877,328.086,-43.5877,ls-dr9,2,C,paper2_agree,False,
DESI-328.7427+16.3475,328.7427,16.3475,ls-dr9,2,C,paper2_agree,False,
DESI-330.1481+23.6703,330.1481,23.6703,ls-dr9,2,C,paper2_agree,False,
DESI-333.8922-46.6457,333.8922,-46.6457,ls-dr9,2,C,paper2_agree,False,
DESI-334.5268+20.8617,334.5268,20.8617,ls-dr9,2,C,paper2_agree,False,
DESI-334.7964+08.9935,334.7964,8.9935,ls-dr9,2,C,paper2_agree,False,
DESI-336.7102+15.1795,336.7102,15.1795,ls-dr9,2,C,paper2_agree,False,
DESI-338.9341+07.7338,338.9341,7.7338,ls-dr9,2,C,paper2_agree,False,
DESI-340.0966+26.9614,340.0966,26.9614,ls-dr9,2,C,paper2_agree,False,
DESI-340.7868-55.1416,340.7868,-55.1416,ls-dr9,2,C,paper2_agree,False,
DESI-342.2726+19.8035,342.2726,19.8035,ls-dr9,2,C,paper2_agree,False,
DESI-344.9569+12.0924,344.9569,12.0924,ls-dr9,2,C,paper2_agree,False,
DESI-344.9861-02.7461,344.9861,-2.7461,ls-dr9,2,C,paper2_agree,False,
DESI-346.7223-12.6443,346.7223,-12.6443,ls-dr9,2,C,paper2_agree,False,
DESI-346.7984-12.4431,346.7984,-12.4431,ls-dr9,2,C,paper2_agree,False,
DESI-347.3571+28.3380,347.3571,28.338,ls-dr9,2,C,paper2_agree,False,
DESI-347.9137-08.0379,347.9137,-8.0379,ls-dr9,2,C,paper2_agree,False,
DESI-349.3386+14.7537,349.3386,14.7537,ls-dr9,2,C,paper2_agree,False,
DESI-349.8902-01.1028,349.8902,-1.1028,ls-dr9,2,C,paper2_agree,False,
DESI-350.1155-00.5958,350.1155,-0.5958,ls-dr9,2,C,paper2_agree,False,
DESI-350.2503-13.4958,350.2503,-13.4958,ls-dr9,2,C,paper2_agree,False,
DESI-350.8416+10.7701,350.8416,10.7701,ls-dr9,2,C,paper2_agree,False,
DESI-351.8760-10.4864,351.876,-10.4864,ls-dr9,2,C,paper2_agree,False,
DESI-352.1378-14.5816,352.1378,-14.5816,ls-dr9,2,C,paper2_agree,False,
DESI-352.6210-05.0038,352.621,-5.0038,ls-dr9,2,C,paper2_agree,False,
DESI-353.1493-00.0513,353.1493,-0.0513,ls-dr9,2,C,paper2_agree,False,
DESI-353.9228+00.6577,353.9228,0.6577,ls-dr9,2,C,paper2_agree,False,
DESI-357.3211-04.4758,357.3211,-4.4758,ls-dr9,2,C,paper2_agree,False,
DESI-358.0861+18.1055,358.0861,18.1055,ls-dr9,2,C,paper2_agree,False,
DESI-358.5112-10.0359,358.5112,-10.0359,ls-dr9,2,C,paper2_agree,False,
DESI-358.6999+05.0447,358.6999,5.0447,ls-dr9,2,C,paper2_agree,False,
DESI-000.2544-00.5579,0.2544178458,-0.5578506629,storfer,1,D,gradeD_consensus,False,train
DESI-000.3785-13.3998,0.3785292172,-13.39983468,storfer,1,D,gradeD_consensus,False,train
DESI-001.2290-64.3856,1.228970082,-64.38561961,storfer,1,D,gradeD_consensus,False,train
DESI-001.4214-35.9756,1.421440985,-35.97555316,storfer,1,D,gradeD_consensus,False,train
DESI-001.6700-33.3976,1.670046224,-33.39764028,storfer,1,D,gradeD_consensus,False,train
DESI-001.9817-36.6550,1.981733883,-36.65504408,storfer,1,D,gradeD_consensus,False,train
DESI-002.3430+02.1830,2.342959361,2.182966061,storfer,1,D,gradeD_consensus,False,train
DESI-002.8277-59.0082,2.827701478,-59.0082365,storfer,1,D,gradeD_consensus,False,train
DESI-003.2714-38.5510,3.271426857,-38.55100797,storfer,1,D,gradeD_consensus,False,valsel
DESI-003.5138-63.0566,3.513761004,-63.05656992,storfer,1,D,gradeD_consensus,False,train
DESI-003.5782-30.3594,3.578160716,-30.35939331,storfer,1,D,gradeD_consensus,False,train
DESI-003.6390-63.2677,3.639018838,-63.26774267,storfer,1,D,gradeD_consensus,False,train
DESI-003.9668-33.0306,3.96677934,-33.03059025,storfer,1,D,gradeD_consensus,False,train
DESI-003.9728-03.4132,3.972808563,-3.413184951,storfer,1,D,gradeD_consensus,False,train
DESI-004.0731-12.0265,4.073091702,-12.02649635,storfer,1,D,gradeD_consensus,False,train
DESI-004.1068+08.7112,4.106829783,8.711190191,storfer,1,D,gradeD_consensus,False,train
DESI-004.1653+03.4336,4.165293591,3.433621557,storfer,1,D,gradeD_consensus,False,train
DESI-004.3716-48.0719,4.371596063,-48.07194277,storfer,1,D,gradeD_consensus,True,
DESI-004.7031+27.9580,4.703104395,27.95800272,storfer,1,D,gradeD_consensus,False,train
DESI-004.7088-30.6334,4.708806147,-30.63337719,storfer,1,D,gradeD_consensus,False,train
DESI-004.8151-51.7830,4.815143031,-51.78297545,storfer,1,D,gradeD_consensus,False,gate
DESI-005.3051-35.1815,5.305050046,-35.18153451,storfer,1,D,gradeD_consensus,False,train
DESI-005.3972-29.3490,5.397229704,-29.3490077,storfer,1,D,gradeD_consensus,False,train
DESI-005.4479-39.4438,5.447858651,-39.44380736,storfer,1,D,gradeD_consensus,False,train
DESI-005.5408-46.3596,5.540844374,-46.35955719,storfer,1,D,gradeD_consensus,False,train
DESI-005.7931+05.0083,5.793129604,5.008327985,storfer,1,D,gradeD_consensus,False,valsel
DESI-005.8931-29.8267,5.893096556,-29.8267047,storfer,1,D,gradeD_consensus,False,train
DESI-006.0363-58.8954,6.036311834,-58.89537593,storfer,1,D,gradeD_consensus,True,
DESI-006.0516-26.5668,6.051588634,-26.56683949,storfer,1,D,gradeD_consensus,False,valsel
DESI-006.2365-51.4494,6.236526318,-51.44940075,storfer,1,D,gradeD_consensus,False,train
DESI-006.3461-59.2267,6.346142102,-59.2266782,storfer,1,D,gradeD_consensus,False,valsel
DESI-006.4734-37.3549,6.473372395,-37.35491311,storfer,1,D,gradeD_consensus,True,
DESI-006.5262-26.7186,6.526233156,-26.71861687,storfer,1,D,gradeD_consensus,False,train
DESI-006.7755-44.7067,6.775489714,-44.70667402,storfer,1,D,gradeD_consensus,False,train
DESI-006.8196-38.1572,6.819645141,-38.15721341,storfer,1,D,gradeD_consensus,False,train
DESI-006.8565-03.2642,6.856480709,-3.264168183,storfer,1,D,gradeD_consensus,False,valsel
DESI-006.9778-47.1915,6.977833907,-47.19154513,storfer,1,D,gradeD_consensus,False,train
DESI-007.2255-35.4707,7.225503718,-35.47068672,storfer,1,D,gradeD_consensus,False,gate
DESI-007.6409-05.2397,7.640872995,-5.239675071,storfer,1,D,gradeD_consensus,False,valsel
DESI-007.7111-34.1051,7.711113796,-34.10505053,storfer,1,D,gradeD_consensus,False,train
DESI-007.7918-44.0618,7.791844019,-44.06180617,storfer,1,D,gradeD_consensus,False,train
DESI-007.7953+18.1099,7.79526741,18.10994712,storfer,1,D,gradeD_consensus,False,train
DESI-007.8701-63.4805,7.870050962,-63.48051808,storfer,1,D,gradeD_consensus,False,train
DESI-007.8906-44.2195,7.890569386,-44.21953839,storfer,1,D,gradeD_consensus,False,valsel
DESI-008.2517-01.0951,8.251743182,-1.095062797,storfer,1,D,gradeD_consensus,False,train
DESI-008.5780-52.4250,8.577994158,-52.42498566,storfer,1,D,gradeD_consensus,False,train
DESI-008.6011+05.8841,8.601105712,5.884136606,storfer,1,D,gradeD_consensus,False,valsel
DESI-008.6036-25.6966,8.603649753,-25.69655771,storfer,1,D,gradeD_consensus,False,train
DESI-008.6172-45.8558,8.617183106,-45.85578211,storfer,1,D,gradeD_consensus,False,gate
DESI-008.6415-25.7790,8.641492239,-25.77901591,storfer,1,D,gradeD_consensus,False,train
DESI-008.6742-43.2386,8.674198849,-43.23856918,storfer,1,D,gradeD_consensus,False,train
DESI-008.8215-25.5456,8.821515377,-25.54559157,storfer,1,D,gradeD_consensus,False,valsel
DESI-008.9593-22.4280,8.959256447,-22.42801403,storfer,1,D,gradeD_consensus,False,gate
DESI-009.0024-41.5980,9.002415093,-41.59800258,storfer,1,D,gradeD_consensus,False,train
DESI-009.0285-01.7264,9.028493249,-1.726356175,storfer,1,D,gradeD_consensus,False,train
DESI-009.0861-46.3227,9.086095073,-46.32269726,storfer,1,D,gradeD_consensus,False,train
DESI-009.1276-01.3310,9.127595313,-1.330983092,storfer,1,D,gradeD_consensus,True,
DESI-009.1812-06.7863,9.181163152,-6.786330716,storfer,1,D,gradeD_consensus,False,train
DESI-009.1813-21.0887,9.181279069,-21.0886705,storfer,1,D,gradeD_consensus,True,
DESI-009.3986-59.0704,9.39860945,-59.0703665,storfer,1,D,gradeD_consensus,True,
DESI-009.5339-09.6094,9.533936375,-9.609384238,storfer,1,D,gradeD_consensus,False,train
DESI-009.5564-11.5216,9.556407569,-11.52158186,storfer,1,D,gradeD_consensus,False,train
DESI-009.5601-22.3541,9.56008604,-22.35414479,storfer,1,D,gradeD_consensus,False,valsel
DESI-009.6714-43.7215,9.671420343,-43.7214849,storfer,1,D,gradeD_consensus,False,train
DESI-009.6858-49.3927,9.685801728,-49.39272489,storfer,1,D,gradeD_consensus,False,train
DESI-009.6882-31.6122,9.688162209,-31.61219046,storfer,1,D,gradeD_consensus,False,train
DESI-009.7879-09.2743,9.787895498,-9.274291958,storfer,1,D,gradeD_consensus,False,train
DESI-009.8916-39.4641,9.891635831,-39.46413847,storfer,1,D,gradeD_consensus,False,train
DESI-009.9949-11.4890,9.994888724,-11.4889942,storfer,1,D,gradeD_consensus,False,valsel
DESI-010.0721-40.4119,10.07211178,-40.41190296,storfer,1,D,gradeD_consensus,False,train
DESI-010.1174-31.5268,10.11742542,-31.52684887,storfer,1,D,gradeD_consensus,False,train
DESI-010.2097-44.1375,10.20970696,-44.13749043,storfer,1,D,gradeD_consensus,False,train
DESI-010.2401-09.0955,10.24011804,-9.095489016,storfer,1,D,gradeD_consensus,False,valsel
DESI-010.3152-34.4905,10.31517397,-34.49053757,storfer,1,D,gradeD_consensus,False,valsel
DESI-010.4793-53.4575,10.47932251,-53.45754749,storfer,1,D,gradeD_consensus,True,
DESI-010.5411-24.8076,10.54107016,-24.80756963,storfer,1,D,gradeD_consensus,False,train
DESI-010.5824-29.8964,10.58243066,-29.89644697,storfer,1,D,gradeD_consensus,False,train
DESI-010.7179-08.8948,10.71791027,-8.894756134,storfer,1,D,gradeD_consensus,False,train
DESI-010.7649-35.3982,10.76491024,-35.39817084,storfer,1,D,gradeD_consensus,False,train
DESI-010.8725-61.9787,10.87251038,-61.97869404,storfer,1,D,gradeD_consensus,False,train
DESI-010.9206+05.6150,10.92064119,5.615029599,storfer,1,D,gradeD_consensus,False,train
DESI-010.9457+21.2998,10.94568711,21.29980169,storfer,1,D,gradeD_consensus,False,train
DESI-011.1773-22.4927,11.17730603,-22.49267185,storfer,1,D,gradeD_consensus,True,
DESI-011.2690-58.1837,11.2689702,-58.18366881,storfer,1,D,gradeD_consensus,False,train
DESI-011.4051-36.0942,11.40510074,-36.09420662,storfer,1,D,gradeD_consensus,False,train
DESI-011.4816-33.7800,11.4816038,-33.78002617,storfer,1,D,gradeD_consensus,False,train
DESI-011.5598-31.3403,11.55981474,-31.34032933,storfer,1,D,gradeD_consensus,False,valsel
DESI-011.5801-46.7768,11.58010404,-46.77677146,storfer,1,D,gradeD_consensus,False,valsel
DESI-011.5916-37.7673,11.5915903,-37.76734498,storfer,1,D,gradeD_consensus,False,valsel
DESI-011.6336-01.5756,11.63359264,-1.575569759,storfer,1,D,gradeD_consensus,False,train
DESI-011.6590-25.2859,11.65900331,-25.28591833,storfer,1,D,gradeD_consensus,True,
DESI-011.7542-17.7246,11.754154,-17.72460759,storfer,1,D,gradeD_consensus,False,train
DESI-011.8246-24.3192,11.82456632,-24.31915701,storfer,1,D,gradeD_consensus,False,train
DESI-011.8779-17.3783,11.8779394,-17.37829937,storfer,1,D,gradeD_consensus,False,train
DESI-011.8874+00.4247,11.8874133,0.4247214987,storfer,1,D,gradeD_consensus,True,
DESI-012.1684+06.6564,12.16840055,6.656435112,storfer,1,D,gradeD_consensus,False,train
DESI-012.1733-32.9865,12.17329234,-32.98651417,storfer,1,D,gradeD_consensus,True,
DESI-012.2775+04.2526,12.27752266,4.252612085,storfer,1,D,gradeD_consensus,False,train
DESI-012.3301-41.0660,12.33010854,-41.06599156,storfer,1,D,gradeD_consensus,False,train
DESI-012.3318-35.4585,12.33177725,-35.45852621,storfer,1,D,gradeD_consensus,False,train
DESI-012.3687-64.2105,12.36873862,-64.21045952,storfer,1,D,gradeD_consensus,False,train
DESI-012.3856-57.2184,12.38557006,-57.21840519,storfer,1,D,gradeD_consensus,False,train
DESI-012.4607-25.8600,12.46067009,-25.85998279,storfer,1,D,gradeD_consensus,False,train
DESI-012.5369-46.1562,12.53686631,-46.15615349,storfer,1,D,gradeD_consensus,False,train
DESI-012.5583+03.1721,12.55825142,3.172141106,storfer,1,D,gradeD_consensus,False,train
DESI-012.5674-30.3525,12.56742061,-30.35250229,storfer,1,D,gradeD_consensus,False,train
DESI-012.6873-50.8424,12.68733686,-50.84244426,storfer,1,D,gradeD_consensus,True,
DESI-012.8180+04.4449,12.8180271,4.444860652,storfer,1,D,gradeD_consensus,False,train
DESI-012.9042-19.5721,12.90420326,-19.57209359,storfer,1,D,gradeD_consensus,False,train
DESI-012.9298-26.1385,12.92975115,-26.13846747,storfer,1,D,gradeD_consensus,False,train
DESI-013.1124-34.1774,13.11244507,-34.17743947,storfer,1,D,gradeD_consensus,False,train
DESI-013.1298-09.9877,13.12980437,-9.987731805,storfer,1,D,gradeD_consensus,False,train
DESI-013.1825+12.3235,13.18247082,12.32354736,storfer,1,D,gradeD_consensus,False,train
DESI-013.3935-24.8976,13.39348603,-24.89755595,storfer,1,D,gradeD_consensus,False,train
DESI-013.4090+00.9209,13.40901994,0.9209334721,storfer,1,D,gradeD_consensus,True,
DESI-013.4153-44.7865,13.41527347,-44.7865347,storfer,1,D,gradeD_consensus,False,train
DESI-013.5171-50.2206,13.51711763,-50.22060555,storfer,1,D,gradeD_consensus,False,train
DESI-013.6190-46.6155,13.61904429,-46.61550153,storfer,1,D,gradeD_consensus,False,train
DESI-013.7211-43.7422,13.72111853,-43.74222791,storfer,1,D,gradeD_consensus,False,train
DESI-013.8403-50.1636,13.84025136,-50.16362506,storfer,1,D,gradeD_consensus,False,valsel
DESI-013.8808-43.8927,13.88076741,-43.89273276,storfer,1,D,gradeD_consensus,False,train
DESI-014.1513-17.6964,14.15125492,-17.69642709,storfer,1,D,gradeD_consensus,False,valsel
DESI-014.3283-17.7025,14.32827142,-17.70250863,storfer,1,D,gradeD_consensus,False,valsel
DESI-014.3512-55.3956,14.35118653,-55.39561629,storfer,1,D,gradeD_consensus,False,train
DESI-014.3890-03.6012,14.38902764,-3.601221692,storfer,1,D,gradeD_consensus,False,train
DESI-014.5310-55.5675,14.53101566,-55.56746813,storfer,1,D,gradeD_consensus,False,train
DESI-014.6862-00.8784,14.68615012,-0.8783930238,storfer,1,D,gradeD_consensus,False,train
DESI-014.8171-02.1263,14.81706681,-2.126269436,storfer,1,D,gradeD_consensus,False,train
DESI-015.0076-33.4436,15.0075839,-33.44356654,storfer,1,D,gradeD_consensus,False,train
DESI-015.0970-30.3617,15.09702277,-30.36170157,storfer,1,D,gradeD_consensus,False,train
DESI-015.1353+03.1348,15.13531919,3.13484983,storfer,1,D,gradeD_consensus,False,train
DESI-015.2116-22.3737,15.21161535,-22.37367825,storfer,1,D,gradeD_consensus,False,train
DESI-015.2198-46.3187,15.21975668,-46.3186882,storfer,1,D,gradeD_consensus,False,train
DESI-015.3580-53.3065,15.35803785,-53.30653455,storfer,1,D,gradeD_consensus,False,train
DESI-015.3653-39.6805,15.36534132,-39.68053897,storfer,1,D,gradeD_consensus,True,
DESI-015.4150-57.9088,15.41497451,-57.90883024,storfer,1,D,gradeD_consensus,False,train
DESI-015.6573-36.5910,15.65734843,-36.59095502,storfer,1,D,gradeD_consensus,False,train
DESI-015.7814-21.1257,15.78144242,-21.1256744,storfer,1,D,gradeD_consensus,False,valsel
DESI-015.8419-16.5502,15.84192271,-16.55016728,storfer,1,D,gradeD_consensus,False,train
DESI-015.8465-50.5450,15.84653959,-50.54504375,storfer,1,D,gradeD_consensus,False,train
DESI-015.9811-35.7343,15.98107016,-35.73432393,storfer,1,D,gradeD_consensus,False,train
DESI-016.0169-35.1429,16.01694441,-35.14292869,storfer,1,D,gradeD_consensus,False,train
DESI-016.0381-13.5489,16.03813149,-13.54885451,storfer,1,D,gradeD_consensus,False,valsel
DESI-016.0398-23.8128,16.0397753,-23.81282241,storfer,1,D,gradeD_consensus,False,train
DESI-016.0471-31.5098,16.0470688,-31.5098147,storfer,1,D,gradeD_consensus,False,train
DESI-016.0676-18.7999,16.06762786,-18.79985641,storfer,1,D,gradeD_consensus,False,train
DESI-016.0771-63.4578,16.07711785,-63.45783149,storfer,1,D,gradeD_consensus,False,train
DESI-016.0953-30.8243,16.09530973,-30.8243098,storfer,1,D,gradeD_consensus,False,train
DESI-016.1865+18.3100,16.18646389,18.30999245,storfer,1,D,gradeD_consensus,False,train
DESI-016.2747-36.6016,16.27472541,-36.60164718,storfer,1,D,gradeD_consensus,False,train
DESI-016.2938-63.2514,16.29377513,-63.25144125,storfer,1,D,gradeD_consensus,False,train
DESI-016.4600-45.4276,16.45997789,-45.42757855,storfer,1,D,gradeD_consensus,True,
DESI-016.5137-30.0976,16.51365569,-30.09763884,storfer,1,D,gradeD_consensus,False,train
DESI-016.7597-06.2774,16.75972361,-6.277360485,storfer,1,D,gradeD_consensus,False,train
DESI-016.8814-23.3314,16.881372,-23.33135536,storfer,1,D,gradeD_consensus,False,train
DESI-016.9107-11.3089,16.91072263,-11.30894602,storfer,1,D,gradeD_consensus,False,train
DESI-016.9199-05.3919,16.91989782,-5.391892727,storfer,1,D,gradeD_consensus,False,train
DESI-016.9720-13.4038,16.97199384,-13.40379229,storfer,1,D,gradeD_consensus,False,train
DESI-017.1106-26.3391,17.11058337,-26.3391088,storfer,1,D,gradeD_consensus,False,train
DESI-017.2022-31.8765,17.20217791,-31.87651618,storfer,1,D,gradeD_consensus,False,train
DESI-017.2876-32.2945,17.28760878,-32.29447674,storfer,1,D,gradeD_consensus,False,train
DESI-017.3437-41.5380,17.34371662,-41.53803565,storfer,1,D,gradeD_consensus,False,train
DESI-017.3501-25.1509,17.35010698,-25.15085028,storfer,1,D,gradeD_consensus,False,valsel
DESI-017.3663-27.2008,17.36633261,-27.20077997,storfer,1,D,gradeD_consensus,True,
DESI-017.3999-31.1600,17.3999497,-31.16003553,storfer,1,D,gradeD_consensus,False,valsel
DESI-017.4028-45.6511,17.40281289,-45.65105324,storfer,1,D,gradeD_consensus,False,train
DESI-017.5296-12.4635,17.52960724,-12.4635358,storfer,1,D,gradeD_consensus,False,train
DESI-017.5449-36.3158,17.54487492,-36.3158459,storfer,1,D,gradeD_consensus,True,
DESI-017.5840-28.1769,17.58404865,-28.17687377,storfer,1,D,gradeD_consensus,False,train
DESI-017.7109-13.7588,17.71085491,-13.75875017,storfer,1,D,gradeD_consensus,False,train
DESI-017.7162+03.8185,17.71624688,3.818451938,storfer,1,D,gradeD_consensus,False,train
DESI-017.7394-44.9097,17.73943594,-44.90972708,storfer,1,D,gradeD_consensus,False,train
DESI-017.7671-20.1489,17.76707747,-20.1489399,storfer,1,D,gradeD_consensus,False,train
DESI-017.8025+02.4024,17.80245432,2.402404039,storfer,1,D,gradeD_consensus,False,train
DESI-017.8794-50.6199,17.87935403,-50.61989915,storfer,1,D,gradeD_consensus,False,train
DESI-017.8890-24.9026,17.88903351,-24.90264805,storfer,1,D,gradeD_consensus,False,train
DESI-017.9955-39.1283,17.995528,-39.12830978,storfer,1,D,gradeD_consensus,False,train
DESI-018.2105-38.2671,18.21053003,-38.26714329,storfer,1,D,gradeD_consensus,False,train
DESI-018.2476-55.7226,18.24763617,-55.72260123,storfer,1,D,gradeD_consensus,False,valsel
DESI-018.2577-02.3353,18.25770795,-2.335347996,storfer,1,D,gradeD_consensus,True,
DESI-018.3214+12.9617,18.32143,12.9617448,storfer,1,D,gradeD_consensus,False,train
DESI-018.3466-35.3057,18.34663852,-35.30570427,storfer,1,D,gradeD_consensus,False,train
DESI-018.4469-26.5362,18.44690344,-26.53619147,storfer,1,D,gradeD_consensus,False,train
DESI-018.5183+04.1699,18.51832935,4.169902988,storfer,1,D,gradeD_consensus,False,train
DESI-018.5613-53.0656,18.56127484,-53.06555723,storfer,1,D,gradeD_consensus,False,train
DESI-018.5644-30.9410,18.56440755,-30.94095453,storfer,1,D,gradeD_consensus,False,train
DESI-018.6933+02.7088,18.69328088,2.708840523,storfer,1,D,gradeD_consensus,False,train
DESI-018.7702-04.5378,18.77017367,-4.537779176,storfer,1,D,gradeD_consensus,False,train
DESI-018.9128-13.9196,18.91281692,-13.91963609,storfer,1,D,gradeD_consensus,False,train
DESI-018.9209-13.9644,18.92092465,-13.96435673,storfer,1,D,gradeD_consensus,False,train
DESI-018.9376-14.5241,18.93757784,-14.52412542,storfer,1,D,gradeD_consensus,False,train
DESI-019.0068-13.0607,19.00680128,-13.06065109,storfer,1,D,gradeD_consensus,False,train
DESI-019.0089-35.8626,19.00894577,-35.86255446,storfer,1,D,gradeD_consensus,False,train
DESI-019.1557-50.7749,19.15569954,-50.77491078,storfer,1,D,gradeD_consensus,False,train
DESI-019.2321-13.5505,19.23214186,-13.55052076,storfer,1,D,gradeD_consensus,False,train
DESI-019.4092-37.9744,19.4092185,-37.97435212,storfer,1,D,gradeD_consensus,False,valsel
DESI-019.4861-18.3209,19.48606015,-18.32094255,storfer,1,D,gradeD_consensus,False,train
DESI-019.7110-19.2776,19.71102839,-19.2776008,storfer,1,D,gradeD_consensus,True,
DESI-019.7482-25.4660,19.74819342,-25.46601155,storfer,1,D,gradeD_consensus,False,train
DESI-019.7556+03.6403,19.75557013,3.640340221,storfer,1,D,gradeD_consensus,False,train
DESI-019.8202-48.7531,19.82024874,-48.75309821,storfer,1,D,gradeD_consensus,False,train
DESI-019.8482-34.5420,19.84816319,-34.54200418,storfer,1,D,gradeD_consensus,False,train
DESI-019.9648+16.5532,19.9648132,16.55316725,storfer,1,D,gradeD_consensus,False,gate
DESI-019.9662-44.5366,19.96621289,-44.5366065,storfer,1,D,gradeD_consensus,False,train
DESI-020.0574-62.0774,20.05738306,-62.07738892,storfer,1,D,gradeD_consensus,False,train
DESI-020.1279-51.1633,20.12787371,-51.16332828,storfer,1,D,gradeD_consensus,False,train
DESI-020.3835-21.3379,20.38349586,-21.33794699,storfer,1,D,gradeD_consensus,False,train
DESI-020.6660+04.6887,20.66604166,4.688721615,storfer,1,D,gradeD_consensus,False,train
DESI-020.6849-09.0396,20.68485053,-9.039589909,storfer,1,D,gradeD_consensus,False,train
DESI-020.7923-56.5632,20.79228534,-56.563177,storfer,1,D,gradeD_consensus,False,train
DESI-020.8438-56.7819,20.84378085,-56.78188379,storfer,1,D,gradeD_consensus,False,train
DESI-020.9613-16.4222,20.96131228,-16.42218824,storfer,1,D,gradeD_consensus,False,train
DESI-021.0804+03.1750,21.0804193,3.175029225,storfer,1,D,gradeD_consensus,False,train
DESI-021.4614-09.1730,21.46140106,-9.173044074,storfer,1,D,gradeD_consensus,False,train
DESI-021.4760-47.0177,21.4760191,-47.01767389,storfer,1,D,gradeD_consensus,False,valsel
DESI-021.5724-10.5506,21.57240945,-10.55060315,storfer,1,D,gradeD_consensus,False,valsel
DESI-021.6009-14.8989,21.60087693,-14.89886699,storfer,1,D,gradeD_consensus,False,train
DESI-021.6131-34.0446,21.61314172,-34.0445612,storfer,1,D,gradeD_consensus,False,train
DESI-021.6246-13.8305,21.6245795,-13.83045621,storfer,1,D,gradeD_consensus,False,train
DESI-021.6574-48.6629,21.6573591,-48.66287941,storfer,1,D,gradeD_consensus,False,train
DESI-021.8444+29.6257,21.84441586,29.62570746,storfer,1,D,gradeD_consensus,False,train
DESI-021.8617+15.3387,21.86171824,15.33874941,storfer,1,D,gradeD_consensus,False,train
DESI-021.9292+02.7035,21.92923131,2.703521621,storfer,1,D,gradeD_consensus,False,train
DESI-021.9394-04.1803,21.93943734,-4.180275922,storfer,1,D,gradeD_consensus,False,train
DESI-022.0247-50.5881,22.02469624,-50.58808261,storfer,1,D,gradeD_consensus,False,valsel
DESI-022.2076-27.7769,22.20762192,-27.77694324,storfer,1,D,gradeD_consensus,False,train
DESI-022.2320-61.4007,22.23204348,-61.40068693,storfer,1,D,gradeD_consensus,True,
DESI-022.2886-30.1994,22.28856851,-30.19940179,storfer,1,D,gradeD_consensus,False,valsel
DESI-022.3476+32.1577,22.3476289,32.15765221,storfer,1,D,gradeD_consensus,False,train
DESI-022.4405-33.0627,22.44047678,-33.06273249,storfer,1,D,gradeD_consensus,False,train
DESI-022.4501-61.0971,22.45005717,-61.09710195,storfer,1,D,gradeD_consensus,False,train
DESI-022.5009-29.2679,22.50088066,-29.26789667,storfer,1,D,gradeD_consensus,False,train
DESI-022.6049+03.0996,22.60492947,3.099618767,storfer,1,D,gradeD_consensus,False,valsel
DESI-022.6283+21.6883,22.62825501,21.68827252,storfer,1,D,gradeD_consensus,False,train
DESI-022.6891-58.3607,22.68913963,-58.36066804,storfer,1,D,gradeD_consensus,False,train
DESI-022.7580-20.9501,22.7580347,-20.95007812,storfer,1,D,gradeD_consensus,False,train
DESI-022.8662-22.0674,22.86618743,-22.06740922,storfer,1,D,gradeD_consensus,False,gate
DESI-022.8741-54.7363,22.87414204,-54.73625527,storfer,1,D,gradeD_consensus,False,train
DESI-022.8796-26.4229,22.87961806,-26.4229202,storfer,1,D,gradeD_consensus,False,train
DESI-022.8985-33.9120,22.89851163,-33.91195227,storfer,1,D,gradeD_consensus,False,train
DESI-023.0282-53.3980,23.02816101,-53.3980397,storfer,1,D,gradeD_consensus,False,train
DESI-023.1825+09.7808,23.18246011,9.780802617,storfer,1,D,gradeD_consensus,False,train
DESI-023.2424-12.9596,23.24242946,-12.95963002,storfer,1,D,gradeD_consensus,False,train
DESI-023.2590+01.6967,23.25900942,1.696675444,storfer,1,D,gradeD_consensus,False,train
DESI-023.3102-42.0112,23.31015339,-42.01124232,storfer,1,D,gradeD_consensus,False,train
DESI-023.3726-41.8503,23.37255992,-41.8503117,storfer,1,D,gradeD_consensus,False,train
DESI-023.3785-01.7344,23.37845413,-1.734386925,storfer,1,D,gradeD_consensus,True,
DESI-023.4632-34.0005,23.46317622,-34.00051466,storfer,1,D,gradeD_consensus,False,valsel
DESI-023.5678-47.1042,23.5677769,-47.10421991,storfer,1,D,gradeD_consensus,False,train
DESI-023.5853-28.4134,23.58533881,-28.41344737,storfer,1,D,gradeD_consensus,False,train
DESI-023.6411-20.2218,23.64112925,-20.22181121,storfer,1,D,gradeD_consensus,False,train
DESI-023.7053+00.8657,23.70528688,0.8656895198,storfer,1,D,gradeD_consensus,False,train
DESI-023.7070-16.7912,23.70699812,-16.79120018,storfer,1,D,gradeD_consensus,True,
DESI-023.7277-46.0313,23.7276901,-46.03128899,storfer,1,D,gradeD_consensus,True,
DESI-023.7473-42.1888,23.74727543,-42.18881427,storfer,1,D,gradeD_consensus,False,train
DESI-023.7567-54.9038,23.75666914,-54.90383341,storfer,1,D,gradeD_consensus,False,train
DESI-023.7745+01.3199,23.7745032,1.319863878,storfer,1,D,gradeD_consensus,False,valsel
DESI-023.9196-10.7978,23.91958887,-10.7978121,storfer,1,D,gradeD_consensus,False,train
DESI-024.0902-01.0909,24.09024011,-1.090868377,storfer,1,D,gradeD_consensus,False,train
DESI-024.1861+08.2362,24.18609915,8.236247305,storfer,1,D,gradeD_consensus,False,train
DESI-024.2844-20.9250,24.28444054,-20.9250129,storfer,1,D,gradeD_consensus,False,train
DESI-024.3870-34.0267,24.38700306,-34.02671224,storfer,1,D,gradeD_consensus,False,valsel
DESI-024.4305-51.2383,24.43049535,-51.23828906,storfer,1,D,gradeD_consensus,False,train
DESI-024.4954-60.1630,24.49542802,-60.16299195,storfer,1,D,gradeD_consensus,False,train
DESI-024.5896+01.3553,24.58958676,1.355276967,storfer,1,D,gradeD_consensus,False,train
DESI-024.5926+21.6968,24.59262336,21.69676665,storfer,1,D,gradeD_consensus,False,train
DESI-024.7599-00.2171,24.75991277,-0.2170566395,storfer,1,D,gradeD_consensus,False,train
DESI-024.7915+30.2118,24.79147058,30.21182485,storfer,1,D,gradeD_consensus,False,train
DESI-024.8875-58.0694,24.88748715,-58.069388,storfer,1,D,gradeD_consensus,False,train
DESI-024.8979-37.8033,24.89794578,-37.80334256,storfer,1,D,gradeD_consensus,True,
DESI-024.9567-61.9933,24.95671331,-61.99331268,storfer,1,D,gradeD_consensus,False,train
DESI-025.0184-18.8393,25.01841582,-18.83929857,storfer,1,D,gradeD_consensus,False,train
DESI-025.0252-23.8351,25.0252368,-23.8351272,storfer,1,D,gradeD_consensus,False,train
DESI-025.0339-48.3669,25.03388346,-48.36689178,storfer,1,D,gradeD_consensus,False,train
DESI-025.0790-13.2424,25.07903977,-13.24241964,storfer,1,D,gradeD_consensus,False,train
DESI-025.1413-50.5925,25.14130328,-50.59249138,storfer,1,D,gradeD_consensus,False,train
DESI-025.1837+12.8108,25.18370122,12.81084304,storfer,1,D,gradeD_consensus,False,train
DESI-025.2172-30.7089,25.21724611,-30.7089089,storfer,1,D,gradeD_consensus,False,train
DESI-025.2558-11.2666,25.2557679,-11.26664529,storfer,1,D,gradeD_consensus,False,train
DESI-025.2646-30.7516,25.26457583,-30.75162179,storfer,1,D,gradeD_consensus,False,train
DESI-025.4294-06.6693,25.42936134,-6.669306767,storfer,1,D,gradeD_consensus,False,train
DESI-025.5376-03.2284,25.53760738,-3.22844564,storfer,1,D,gradeD_consensus,False,train
DESI-025.7699-24.5312,25.76986344,-24.53124026,storfer,1,D,gradeD_consensus,False,train
DESI-025.7979-62.6031,25.79788408,-62.60308145,storfer,1,D,gradeD_consensus,False,train
DESI-025.8103-43.6132,25.81029376,-43.61316171,storfer,1,D,gradeD_consensus,False,valsel
DESI-025.8178-63.6227,25.81779459,-63.62273733,storfer,1,D,gradeD_consensus,False,train
DESI-025.8517-46.8676,25.85173645,-46.86761394,storfer,1,D,gradeD_consensus,True,
DESI-025.8576-24.9508,25.85764381,-24.95077409,storfer,1,D,gradeD_consensus,False,train
DESI-025.9401-44.3155,25.94006093,-44.31553053,storfer,1,D,gradeD_consensus,False,train
DESI-025.9669-52.4588,25.96693864,-52.4587859,storfer,1,D,gradeD_consensus,False,train
DESI-026.0386-14.5170,26.03856877,-14.51704463,storfer,1,D,gradeD_consensus,False,train
DESI-026.1060-39.0941,26.10599122,-39.09407624,storfer,1,D,gradeD_consensus,False,train
DESI-026.1323-31.2150,26.13225577,-31.21499867,storfer,1,D,gradeD_consensus,False,train
DESI-026.1325+04.0773,26.13251014,4.077303596,storfer,1,D,gradeD_consensus,False,train
DESI-026.1436-39.6066,26.14357468,-39.60658038,storfer,1,D,gradeD_consensus,False,train
DESI-026.2432-07.8091,26.243213,-7.809132204,storfer,1,D,gradeD_consensus,False,train
DESI-026.3102-62.7133,26.31017807,-62.71326326,storfer,1,D,gradeD_consensus,False,train
DESI-026.3556-38.9697,26.3556017,-38.96973197,storfer,1,D,gradeD_consensus,False,train
DESI-026.4061-18.9277,26.40608739,-18.92773252,storfer,1,D,gradeD_consensus,False,train
DESI-026.5031-46.7977,26.50306291,-46.79771974,storfer,1,D,gradeD_consensus,False,train
DESI-026.6464-22.0237,26.64639079,-22.02369343,storfer,1,D,gradeD_consensus,False,train
DESI-026.8405-08.3651,26.84050167,-8.365139443,storfer,1,D,gradeD_consensus,False,valsel
DESI-026.9046-16.1791,26.90460619,-16.17914215,storfer,1,D,gradeD_consensus,True,
DESI-026.9327-17.4894,26.93271003,-17.48941846,storfer,1,D,gradeD_consensus,False,train
DESI-027.1316-05.8231,27.13155401,-5.823097506,storfer,1,D,gradeD_consensus,False,valsel
DESI-027.1507-63.7876,27.15065237,-63.78760359,storfer,1,D,gradeD_consensus,False,valsel
DESI-027.2270-39.1758,27.22697304,-39.17584626,storfer,1,D,gradeD_consensus,False,train
DESI-027.4074+03.4894,27.40738787,3.489371434,storfer,1,D,gradeD_consensus,False,train
DESI-027.5259-05.4439,27.52588876,-5.44386129,storfer,1,D,gradeD_consensus,True,
DESI-027.5483-16.8278,27.54834908,-16.82780892,storfer,1,D,gradeD_consensus,False,train
DESI-027.5987-31.7110,27.59865616,-31.71096001,storfer,1,D,gradeD_consensus,True,
DESI-027.6353-26.5701,27.63530703,-26.57010295,storfer,1,D,gradeD_consensus,False,train
DESI-027.7539-39.8247,27.75390259,-39.82472736,storfer,1,D,gradeD_consensus,False,train
DESI-027.8018-57.4505,27.80178522,-57.45049364,storfer,1,D,gradeD_consensus,True,
DESI-027.8170-29.0068,27.81695189,-29.00675845,storfer,1,D,gradeD_consensus,False,train
DESI-027.9514-46.3471,27.95137564,-46.34707879,storfer,1,D,gradeD_consensus,False,train
DESI-028.0567-48.9876,28.05665981,-48.98762969,storfer,1,D,gradeD_consensus,False,train
DESI-028.0658-10.4599,28.06575091,-10.4598846,storfer,1,D,gradeD_consensus,False,train
DESI-028.2797-31.2287,28.27968745,-31.22867399,storfer,1,D,gradeD_consensus,False,train
DESI-028.3927+01.6365,28.39269476,1.636464127,storfer,1,D,gradeD_consensus,False,valsel
DESI-028.4778-33.8289,28.47778792,-33.82891959,storfer,1,D,gradeD_consensus,False,train
DESI-028.6710-44.4436,28.67096503,-44.44361074,storfer,1,D,gradeD_consensus,False,train
DESI-028.9245-40.6136,28.92453538,-40.61360013,storfer,1,D,gradeD_consensus,False,train
DESI-028.9281-10.7143,28.92805396,-10.71433166,storfer,1,D,gradeD_consensus,False,train
DESI-029.0109+01.2832,29.01089726,1.283211627,storfer,1,D,gradeD_consensus,False,train
DESI-029.0778-33.0508,29.07784859,-33.0507531,storfer,1,D,gradeD_consensus,False,train
DESI-029.1210-13.0040,29.12099224,-13.00398767,storfer,1,D,gradeD_consensus,False,train
DESI-029.1991-37.0292,29.19907691,-37.02919159,storfer,1,D,gradeD_consensus,False,train
DESI-029.2189-01.6962,29.21886993,-1.696249059,storfer,1,D,gradeD_consensus,False,valsel
DESI-029.3003-38.3583,29.30029887,-38.35833662,storfer,1,D,gradeD_consensus,False,train
DESI-029.3126-22.1691,29.31256666,-22.16906008,storfer,1,D,gradeD_consensus,False,valsel
DESI-029.3739-14.5937,29.37390061,-14.59370553,storfer,1,D,gradeD_consensus,False,train
DESI-029.5236-33.2153,29.52362459,-33.21534564,storfer,1,D,gradeD_consensus,False,train
DESI-029.6544+20.0641,29.65436641,20.06410776,storfer,1,D,gradeD_consensus,False,train
DESI-029.6679-25.7194,29.66789018,-25.71939546,storfer,1,D,gradeD_consensus,False,train
DESI-029.6736-44.4179,29.67360491,-44.41787315,storfer,1,D,gradeD_consensus,False,train
DESI-029.7277-49.8677,29.727714,-49.86773069,storfer,1,D,gradeD_consensus,True,
DESI-029.8075-05.4175,29.80745898,-5.417499,storfer,1,D,gradeD_consensus,False,train
DESI-029.8397+17.6511,29.83972476,17.65114343,storfer,1,D,gradeD_consensus,False,valsel
DESI-029.8740-34.8119,29.87397137,-34.8119476,storfer,1,D,gradeD_consensus,False,train
DESI-029.9943-43.6123,29.99434117,-43.61228929,storfer,1,D,gradeD_consensus,True,
DESI-030.0337-28.6036,30.03370169,-28.60360332,storfer,1,D,gradeD_consensus,True,
DESI-030.0341-61.3190,30.03412278,-61.31900527,storfer,1,D,gradeD_consensus,False,train
DESI-030.0493-21.7837,30.04929433,-21.78372091,storfer,1,D,gradeD_consensus,False,train
DESI-030.1259-51.1780,30.12588777,-51.17798077,storfer,1,D,gradeD_consensus,False,train
DESI-030.1433-51.4527,30.14329521,-51.4526873,storfer,1,D,gradeD_consensus,False,train
DESI-030.1754-36.3284,30.17544915,-36.32840743,storfer,1,D,gradeD_consensus,False,train
DESI-030.2453-26.6897,30.24528064,-26.68970392,storfer,1,D,gradeD_consensus,False,train
DESI-030.3565-42.6090,30.35654511,-42.60900527,storfer,1,D,gradeD_consensus,False,train
DESI-030.4878-21.4652,30.48783986,-21.46522915,storfer,1,D,gradeD_consensus,False,train
DESI-030.5708-03.9517,30.57080882,-3.951686065,storfer,1,D,gradeD_consensus,False,train
DESI-030.7024-29.7926,30.70235442,-29.79261999,storfer,1,D,gradeD_consensus,False,train
DESI-030.7712+13.6471,30.77118226,13.64706709,storfer,1,D,gradeD_consensus,False,train
DESI-030.7725-27.7327,30.77254705,-27.73270139,storfer,1,D,gradeD_consensus,True,
DESI-030.7760+00.0789,30.77600044,0.0789062154,storfer,1,D,gradeD_consensus,False,train
DESI-030.7802-42.6243,30.78024678,-42.62427248,storfer,1,D,gradeD_consensus,False,train
DESI-030.8177-37.5250,30.81765252,-37.52503487,storfer,1,D,gradeD_consensus,True,
DESI-030.8724-34.3971,30.87241938,-34.39714769,storfer,1,D,gradeD_consensus,False,train
DESI-030.9364-03.4481,30.93644019,-3.448097647,storfer,1,D,gradeD_consensus,False,valsel
DESI-030.9476-11.2003,30.94755719,-11.20030016,storfer,1,D,gradeD_consensus,False,train
DESI-030.9999-11.8531,30.99987651,-11.85310263,storfer,1,D,gradeD_consensus,False,train
DESI-031.0632-11.1781,31.06319038,-11.17805249,storfer,1,D,gradeD_consensus,False,train
DESI-031.1418-30.1684,31.14176733,-30.16839526,storfer,1,D,gradeD_consensus,False,train
DESI-031.1627-33.8396,31.1627141,-33.83959361,storfer,1,D,gradeD_consensus,False,train
DESI-031.1729-18.9685,31.17291566,-18.96849317,storfer,1,D,gradeD_consensus,False,train
DESI-031.1737-65.1041,31.17367287,-65.10408954,storfer,1,D,gradeD_consensus,False,train
DESI-031.2074-03.0614,31.20744222,-3.061377546,storfer,1,D,gradeD_consensus,False,train
DESI-031.2512-36.9305,31.25119597,-36.93050074,storfer,1,D,gradeD_consensus,False,valsel
DESI-031.3265-27.6288,31.32654069,-27.62875258,storfer,1,D,gradeD_consensus,False,train
DESI-031.4869-02.1430,31.48689878,-2.142975063,storfer,1,D,gradeD_consensus,False,train
DESI-031.5562-01.2382,31.5561519,-1.238239075,storfer,1,D,gradeD_consensus,False,train
DESI-031.6685+03.0688,31.66851786,3.068761897,storfer,1,D,gradeD_consensus,False,train
DESI-031.7000-06.9460,31.70000957,-6.946004437,storfer,1,D,gradeD_consensus,True,
DESI-031.7531-13.2334,31.75311552,-13.23336832,storfer,1,D,gradeD_consensus,False,train
DESI-031.7788+21.2563,31.77875195,21.25631153,storfer,1,D,gradeD_consensus,False,train
DESI-031.9399-08.3299,31.93993085,-8.329928653,storfer,1,D,gradeD_consensus,True,
DESI-031.9528-14.0229,31.95283279,-14.02292057,storfer,1,D,gradeD_consensus,False,train
DESI-031.9783-30.7936,31.97830641,-30.79364576,storfer,1,D,gradeD_consensus,False,train
DESI-032.0125-12.5062,32.01252707,-12.50623819,storfer,1,D,gradeD_consensus,False,train
DESI-032.0924+01.2336,32.09236218,1.233610353,storfer,1,D,gradeD_consensus,False,train
DESI-032.1001-43.0635,32.10013665,-43.06351491,storfer,1,D,gradeD_consensus,False,valsel
DESI-032.2354-45.5322,32.23536257,-45.53224743,storfer,1,D,gradeD_consensus,False,valsel
DESI-032.2590+22.4798,32.25901737,22.47975111,storfer,1,D,gradeD_consensus,False,train
DESI-032.2991-42.5196,32.29909382,-42.5195938,storfer,1,D,gradeD_consensus,False,train
DESI-032.4821-41.8864,32.48208357,-41.88638232,storfer,1,D,gradeD_consensus,False,valsel
DESI-032.5001-19.8266,32.50014156,-19.82658806,storfer,1,D,gradeD_consensus,True,
DESI-032.5038-44.9585,32.50377101,-44.95852528,storfer,1,D,gradeD_consensus,False,train
DESI-032.5522-47.3319,32.55224763,-47.33187682,storfer,1,D,gradeD_consensus,False,train
DESI-032.7582-03.1873,32.75817711,-3.187299168,storfer,1,D,gradeD_consensus,False,train
DESI-032.7889-20.5203,32.7888824,-20.5202949,storfer,1,D,gradeD_consensus,False,valsel
DESI-032.8042+01.6271,32.80422617,1.627057075,storfer,1,D,gradeD_consensus,False,train
DESI-032.8400-13.0492,32.8400158,-13.04918339,storfer,1,D,gradeD_consensus,False,train
DESI-032.8589-12.0996,32.85886303,-12.09956237,storfer,1,D,gradeD_consensus,False,train
DESI-032.8718-35.2976,32.87183549,-35.29756579,storfer,1,D,gradeD_consensus,False,train
DESI-032.9126-51.5593,32.91264201,-51.55933324,storfer,1,D,gradeD_consensus,False,train
DESI-032.9894-50.5534,32.98943192,-50.55340038,storfer,1,D,gradeD_consensus,False,train
DESI-032.9976-59.9403,32.9976372,-59.94028065,storfer,1,D,gradeD_consensus,False,train
DESI-033.0719-36.6849,33.07193959,-36.68492961,storfer,1,D,gradeD_consensus,False,train
DESI-033.1165-28.7167,33.11646808,-28.71665201,storfer,1,D,gradeD_consensus,False,train
DESI-033.1203-46.9488,33.12028781,-46.94884896,storfer,1,D,gradeD_consensus,False,train
DESI-033.3148-39.6709,33.31475202,-39.67087019,storfer,1,D,gradeD_consensus,False,valsel
DESI-033.3709-37.1084,33.37089107,-37.10837551,storfer,1,D,gradeD_consensus,False,gate
DESI-033.3746-43.6955,33.37464989,-43.69554685,storfer,1,D,gradeD_consensus,False,valsel
DESI-033.4141-42.7779,33.41409462,-42.77792922,storfer,1,D,gradeD_consensus,False,train
DESI-033.4978-21.2827,33.49784386,-21.28271918,storfer,1,D,gradeD_consensus,False,train
DESI-033.7197-12.5104,33.71969053,-12.51036634,storfer,1,D,gradeD_consensus,False,train
DESI-033.7333-43.1974,33.73330593,-43.1973691,storfer,1,D,gradeD_consensus,True,
DESI-034.0383-29.5975,34.03825694,-29.59750416,storfer,1,D,gradeD_consensus,False,train
DESI-034.0411-17.3858,34.04113726,-17.38575153,storfer,1,D,gradeD_consensus,False,train
DESI-034.1939-14.5913,34.19392312,-14.59133644,storfer,1,D,gradeD_consensus,False,train
DESI-034.2213+28.2284,34.22127549,28.22835422,storfer,1,D,gradeD_consensus,False,train
DESI-034.2553-15.6902,34.25525984,-15.69017546,storfer,1,D,gradeD_consensus,False,train
DESI-034.3412-40.7556,34.34122924,-40.75562658,storfer,1,D,gradeD_consensus,False,train
DESI-034.4122-19.4209,34.41216355,-19.42090978,storfer,1,D,gradeD_consensus,False,train
DESI-034.6326-45.7615,34.63261743,-45.76147239,storfer,1,D,gradeD_consensus,False,train
DESI-034.6345-34.9600,34.63445195,-34.95999937,storfer,1,D,gradeD_consensus,False,train
DESI-034.7204+01.8792,34.72040756,1.879199592,storfer,1,D,gradeD_consensus,False,train
DESI-034.8222+15.7291,34.82221742,15.72907277,storfer,1,D,gradeD_consensus,False,train
DESI-034.8936-08.0984,34.89361069,-8.09837809,storfer,1,D,gradeD_consensus,False,train
DESI-034.9128+26.4655,34.9127729,26.46551259,storfer,1,D,gradeD_consensus,False,train
DESI-034.9884-55.4334,34.98842774,-55.43340342,storfer,1,D,gradeD_consensus,False,train
DESI-035.0558+24.2438,35.05576106,24.24376577,storfer,1,D,gradeD_consensus,False,train
DESI-035.0701-12.9660,35.07011605,-12.96603627,storfer,1,D,gradeD_consensus,False,train
DESI-035.1902-01.4189,35.19024727,-1.418855576,storfer,1,D,gradeD_consensus,False,train
DESI-035.4188-46.8757,35.41877174,-46.87566461,storfer,1,D,gradeD_consensus,False,train
DESI-035.4249-24.2483,35.42490396,-24.2483216,storfer,1,D,gradeD_consensus,False,valsel
DESI-035.4511-64.4453,35.4510798,-64.44534053,storfer,1,D,gradeD_consensus,False,train
DESI-035.5455+05.1584,35.54554318,5.158420399,storfer,1,D,gradeD_consensus,False,valsel
DESI-035.5466-42.3592,35.54662056,-42.35916932,storfer,1,D,gradeD_consensus,False,train
DESI-035.5526-16.0986,35.55257871,-16.09858457,storfer,1,D,gradeD_consensus,False,valsel
DESI-035.6435-01.2042,35.64349045,-1.204188362,storfer,1,D,gradeD_consensus,False,train
DESI-035.7158-53.4663,35.71579161,-53.46625718,storfer,1,D,gradeD_consensus,False,train
DESI-035.9176-59.0876,35.91761911,-59.0875728,storfer,1,D,gradeD_consensus,False,train
DESI-035.9540-48.8017,35.95397415,-48.80174786,storfer,1,D,gradeD_consensus,False,valsel
DESI-035.9646-26.8909,35.96460124,-26.89092216,storfer,1,D,gradeD_consensus,False,train
DESI-036.0280-11.2819,36.02803163,-11.28189592,storfer,1,D,gradeD_consensus,False,valsel
DESI-036.0461-21.0569,36.04607662,-21.05694524,storfer,1,D,gradeD_consensus,False,train
DESI-036.1025-12.6270,36.10253999,-12.62701924,storfer,1,D,gradeD_consensus,False,valsel
DESI-036.1151-18.4664,36.11508574,-18.46640764,storfer,1,D,gradeD_consensus,False,train
DESI-036.1325-11.2796,36.13252911,-11.27955517,storfer,1,D,gradeD_consensus,False,train
DESI-036.2067-54.2955,36.20665274,-54.2955285,storfer,1,D,gradeD_consensus,False,train
DESI-036.3124+18.3074,36.3124337,18.30740163,storfer,1,D,gradeD_consensus,False,train
DESI-036.3354-20.4249,36.3354317,-20.42490054,storfer,1,D,gradeD_consensus,True,
DESI-036.4229+03.9457,36.42293764,3.945714083,storfer,1,D,gradeD_consensus,False,train
DESI-036.4372+00.9723,36.43715952,0.972336314,storfer,1,D,gradeD_consensus,True,
DESI-036.4999-28.5135,36.49994485,-28.51348373,storfer,1,D,gradeD_consensus,False,train
DESI-036.5643-32.5263,36.56432801,-32.52631296,storfer,1,D,gradeD_consensus,False,train
DESI-036.6246+02.1130,36.62458178,2.113038325,storfer,1,D,gradeD_consensus,False,train
DESI-036.6316-27.1609,36.63160384,-27.16094185,storfer,1,D,gradeD_consensus,False,train
DESI-036.6672-27.7096,36.66723378,-27.70960834,storfer,1,D,gradeD_consensus,False,train
DESI-036.7736-09.8208,36.77360991,-9.820768679,storfer,1,D,gradeD_consensus,False,train
DESI-036.8082-28.1807,36.80822971,-28.18072809,storfer,1,D,gradeD_consensus,False,train
DESI-036.8864-33.5565,36.88641598,-33.55645764,storfer,1,D,gradeD_consensus,False,train
DESI-036.9177-06.5050,36.91766101,-6.504987033,storfer,1,D,gradeD_consensus,True,
DESI-037.0431-16.7587,37.04310748,-16.75868414,storfer,1,D,gradeD_consensus,False,valsel
DESI-037.2679-06.2370,37.26792444,-6.236991295,storfer,1,D,gradeD_consensus,False,train
DESI-037.2961-17.2672,37.29612601,-17.26721852,storfer,1,D,gradeD_consensus,False,train
DESI-037.3077-42.4768,37.30769988,-42.4768191,storfer,1,D,gradeD_consensus,False,train
DESI-037.3518+20.2708,37.35184178,20.27081271,storfer,1,D,gradeD_consensus,False,train
DESI-037.3752-14.1723,37.37515762,-14.17226361,storfer,1,D,gradeD_consensus,False,train
DESI-037.5699-31.3669,37.56992831,-31.36690062,storfer,1,D,gradeD_consensus,False,train
DESI-037.5773+15.0014,37.57732132,15.00137389,storfer,1,D,gradeD_consensus,False,valsel
DESI-037.7791-13.9887,37.77907241,-13.98869266,storfer,1,D,gradeD_consensus,False,train
DESI-038.0386-61.1958,38.03856406,-61.19575698,storfer,1,D,gradeD_consensus,False,valsel
DESI-038.0929-38.1106,38.0929287,-38.1106117,storfer,1,D,gradeD_consensus,False,train
DESI-038.1317-49.3279,38.13170593,-49.32785585,storfer,1,D,gradeD_consensus,True,
DESI-038.2483+05.9973,38.24832802,5.997307789,storfer,1,D,gradeD_consensus,False,train
DESI-038.2670-21.3501,38.26702148,-21.35014332,storfer,1,D,gradeD_consensus,False,train
DESI-038.2851-48.5927,38.28509059,-48.59274154,storfer,1,D,gradeD_consensus,False,train
DESI-038.4737-65.1790,38.47372431,-65.17902328,storfer,1,D,gradeD_consensus,False,train
DESI-038.5534-20.9190,38.55340204,-20.91896311,storfer,1,D,gradeD_consensus,False,valsel
DESI-038.5586-26.4768,38.55857778,-26.47680755,storfer,1,D,gradeD_consensus,False,train
DESI-038.7652-22.1948,38.76516577,-22.19476178,storfer,1,D,gradeD_consensus,True,
DESI-038.8022-03.3639,38.80219464,-3.363880584,storfer,1,D,gradeD_consensus,True,
DESI-038.8187-16.2444,38.8187068,-16.24444002,storfer,1,D,gradeD_consensus,True,
DESI-038.8207-11.3807,38.82069793,-11.38073891,storfer,1,D,gradeD_consensus,False,train
DESI-038.9259-55.0998,38.92593744,-55.09982241,storfer,1,D,gradeD_consensus,False,valsel
DESI-039.0502-19.4191,39.05022879,-19.41905818,storfer,1,D,gradeD_consensus,False,train
DESI-039.3336-33.2993,39.33355635,-33.29931755,storfer,1,D,gradeD_consensus,False,train
DESI-039.4052-24.0639,39.40518152,-24.06390867,storfer,1,D,gradeD_consensus,True,
DESI-039.4691-50.7443,39.4690575,-50.7443127,storfer,1,D,gradeD_consensus,False,train
DESI-039.5388-60.0623,39.5388487,-60.06230972,storfer,1,D,gradeD_consensus,False,train
DESI-039.5833-23.5508,39.58334725,-23.55078106,storfer,1,D,gradeD_consensus,False,train
DESI-039.6270-11.4129,39.6270235,-11.41289109,storfer,1,D,gradeD_consensus,False,train
DESI-039.7588-21.5730,39.75879315,-21.57302513,storfer,1,D,gradeD_consensus,False,train
DESI-039.7809-13.7145,39.78094261,-13.71446868,storfer,1,D,gradeD_consensus,False,train
DESI-039.7948-25.3310,39.79484986,-25.33096462,storfer,1,D,gradeD_consensus,False,train
DESI-039.8481-47.4161,39.84812152,-47.41606044,storfer,1,D,gradeD_consensus,False,train
DESI-039.9164-04.5781,39.9164394,-4.578077728,storfer,1,D,gradeD_consensus,False,train
DESI-039.9857-01.5740,39.98569862,-1.57401734,storfer,1,D,gradeD_consensus,False,train
DESI-039.9960-30.4720,39.99602177,-30.47203009,storfer,1,D,gradeD_consensus,False,valsel
DESI-040.0161-16.1209,40.01608889,-16.12085317,storfer,1,D,gradeD_consensus,False,train
DESI-040.1613-33.9136,40.16134655,-33.91362361,storfer,1,D,gradeD_consensus,True,
DESI-040.1863-14.7542,40.18631819,-14.75420582,storfer,1,D,gradeD_consensus,False,train
DESI-040.2113-21.8267,40.21129467,-21.82671041,storfer,1,D,gradeD_consensus,False,train
DESI-040.2700-31.6617,40.26997335,-31.66170588,storfer,1,D,gradeD_consensus,False,train
DESI-040.3735-59.8258,40.37346553,-59.82581179,storfer,1,D,gradeD_consensus,False,train
DESI-040.3871-27.8392,40.38714026,-27.83918126,storfer,1,D,gradeD_consensus,False,train
DESI-040.4340-01.9155,40.43403595,-1.915544085,storfer,1,D,gradeD_consensus,False,train
DESI-040.4422-41.7768,40.44220971,-41.77681676,storfer,1,D,gradeD_consensus,False,train
DESI-040.4676-24.7367,40.46758235,-24.73671661,storfer,1,D,gradeD_consensus,False,train
DESI-040.5823+00.5073,40.5823225,0.5073238538,storfer,1,D,gradeD_consensus,False,train
DESI-040.6097-50.5232,40.60965163,-50.52320104,storfer,1,D,gradeD_consensus,False,train
DESI-040.6506+16.4712,40.6505753,16.47115105,storfer,1,D,gradeD_consensus,False,train
DESI-040.8206+01.4537,40.82057339,1.453682299,storfer,1,D,gradeD_consensus,False,valsel
DESI-040.8521-02.7061,40.85206946,-2.706117811,storfer,1,D,gradeD_consensus,True,
DESI-040.8607+01.9505,40.86066891,1.950498377,storfer,1,D,gradeD_consensus,False,valsel
DESI-040.9745-37.3218,40.97451123,-37.3218246,storfer,1,D,gradeD_consensus,False,train
DESI-041.0209-44.9059,41.02092649,-44.90586419,storfer,1,D,gradeD_consensus,False,train
DESI-041.0813-47.0606,41.08127011,-47.06056584,storfer,1,D,gradeD_consensus,True,
DESI-041.1295+02.5002,41.12954506,2.500242796,storfer,1,D,gradeD_consensus,False,train
DESI-041.1557-07.2344,41.15567473,-7.234447594,storfer,1,D,gradeD_consensus,False,gate
DESI-041.2281-20.4435,41.2281023,-20.44352192,storfer,1,D,gradeD_consensus,False,train
DESI-041.2457-35.6071,41.24572392,-35.60708024,storfer,1,D,gradeD_consensus,False,train
DESI-041.2889-45.4636,41.28887493,-45.463612,storfer,1,D,gradeD_consensus,False,train
DESI-041.3344-22.7452,41.33436311,-22.74519726,storfer,1,D,gradeD_consensus,False,train
DESI-041.4339+01.5810,41.43393462,1.581048962,storfer,1,D,gradeD_consensus,False,train
DESI-041.4580-17.9033,41.45803272,-17.90334718,storfer,1,D,gradeD_consensus,False,train
DESI-041.4643-51.4975,41.46429434,-51.4975182,storfer,1,D,gradeD_consensus,False,train
DESI-041.5013-26.0155,41.50132808,-26.01547542,storfer,1,D,gradeD_consensus,False,train
DESI-041.5024-16.3292,41.50243043,-16.32922368,storfer,1,D,gradeD_consensus,True,
DESI-041.5323-32.0464,41.53226748,-32.04640417,storfer,1,D,gradeD_consensus,False,train
DESI-041.6068-17.5487,41.60684892,-17.54869611,storfer,1,D,gradeD_consensus,True,
DESI-041.6454-34.0527,41.64541626,-34.05268346,storfer,1,D,gradeD_consensus,False,train
DESI-041.6725-59.5648,41.67248885,-59.56478776,storfer,1,D,gradeD_consensus,False,train
DESI-041.7042-49.4831,41.70415129,-49.48305476,storfer,1,D,gradeD_consensus,False,train
DESI-041.7173-26.2782,41.71725117,-26.27819393,storfer,1,D,gradeD_consensus,False,train
DESI-041.7696-21.3896,41.76958587,-21.38955272,storfer,1,D,gradeD_consensus,False,train
DESI-041.8358-08.4414,41.83579042,-8.441354191,storfer,1,D,gradeD_consensus,False,train
DESI-041.9680-05.5558,41.96799146,-5.555836187,storfer,1,D,gradeD_consensus,False,train
DESI-042.0052-12.7356,42.00517172,-12.73556688,storfer,1,D,gradeD_consensus,False,train
DESI-042.0185-57.1528,42.01846066,-57.1527796,storfer,1,D,gradeD_consensus,False,train
DESI-042.1338-26.0109,42.13381483,-26.01087567,storfer,1,D,gradeD_consensus,False,valsel
DESI-042.2001-39.3157,42.20014832,-39.31568193,storfer,1,D,gradeD_consensus,False,train
DESI-042.2364-07.4787,42.23635252,-7.478735153,storfer,1,D,gradeD_consensus,False,train
DESI-042.3279-19.4972,42.32790349,-19.49722532,storfer,1,D,gradeD_consensus,False,train
DESI-042.4544-35.6505,42.45439991,-35.65046661,storfer,1,D,gradeD_consensus,False,train
DESI-042.6671-38.2030,42.66710003,-38.20302694,storfer,1,D,gradeD_consensus,True,
DESI-042.6880-34.2542,42.68800697,-34.25417657,storfer,1,D,gradeD_consensus,False,train
DESI-042.7735-53.9688,42.77348264,-53.96877415,storfer,1,D,gradeD_consensus,False,gate
DESI-042.9472-02.6135,42.94719502,-2.613547716,storfer,1,D,gradeD_consensus,False,train
DESI-042.9650-05.6161,42.96504156,-5.616092412,storfer,1,D,gradeD_consensus,False,train
DESI-043.0238-45.9415,43.02379884,-45.94153239,storfer,1,D,gradeD_consensus,False,train
DESI-043.1735-33.5513,43.17346469,-33.5512864,storfer,1,D,gradeD_consensus,False,train
DESI-043.1803-21.7594,43.18034936,-21.75936084,storfer,1,D,gradeD_consensus,False,train
DESI-043.3890-11.5463,43.38898237,-11.54628085,storfer,1,D,gradeD_consensus,False,train
DESI-043.3991-30.7153,43.39909132,-30.71525398,storfer,1,D,gradeD_consensus,False,train
DESI-043.4275-26.4933,43.42754902,-26.49332581,storfer,1,D,gradeD_consensus,False,train
DESI-043.7985-33.2498,43.7985193,-33.24981749,storfer,1,D,gradeD_consensus,True,
DESI-043.8175+01.9364,43.81748076,1.936441591,storfer,1,D,gradeD_consensus,False,train
DESI-043.8417-19.8607,43.8416684,-19.86065448,storfer,1,D,gradeD_consensus,False,gate
DESI-043.8927-02.8876,43.89273763,-2.88761434,storfer,1,D,gradeD_consensus,False,train
DESI-043.9476-48.3145,43.94763255,-48.31450939,storfer,1,D,gradeD_consensus,False,valsel
DESI-043.9774-10.3320,43.97739746,-10.33195533,storfer,1,D,gradeD_consensus,False,train
DESI-043.9822-53.0215,43.98221795,-53.02152101,storfer,1,D,gradeD_consensus,False,train
DESI-044.0468-25.6486,44.04681412,-25.64858193,storfer,1,D,gradeD_consensus,False,train
DESI-044.1196-19.5332,44.11957212,-19.5331628,storfer,1,D,gradeD_consensus,False,train
DESI-044.2189-29.4459,44.21894505,-29.44594833,storfer,1,D,gradeD_consensus,True,
DESI-044.2865-23.4348,44.28654378,-23.43480609,storfer,1,D,gradeD_consensus,False,train
DESI-044.2990-18.0365,44.29902089,-18.03646599,storfer,1,D,gradeD_consensus,False,valsel
DESI-044.3649-29.8688,44.36488332,-29.86876148,storfer,1,D,gradeD_consensus,True,
DESI-044.3751-18.3006,44.37514487,-18.30059391,storfer,1,D,gradeD_consensus,False,train
DESI-044.3954-38.5210,44.39539035,-38.52100798,storfer,1,D,gradeD_consensus,True,
DESI-044.4348-21.4487,44.43482163,-21.44867445,storfer,1,D,gradeD_consensus,False,train
DESI-044.4618-05.4858,44.46180022,-5.48582414,storfer,1,D,gradeD_consensus,False,valsel
DESI-044.6730+01.8464,44.67301036,1.846421832,storfer,1,D,gradeD_consensus,False,train
DESI-044.7764-47.4403,44.77641405,-47.44031708,storfer,1,D,gradeD_consensus,False,train
DESI-044.8789-45.0610,44.87891206,-45.06099672,storfer,1,D,gradeD_consensus,False,train
DESI-045.1000-21.0201,45.09999831,-21.02013574,storfer,1,D,gradeD_consensus,False,train
DESI-045.1811-26.9694,45.18112777,-26.96943729,storfer,1,D,gradeD_consensus,False,train
DESI-045.1995-37.4502,45.19946134,-37.45021622,storfer,1,D,gradeD_consensus,False,train
DESI-045.2130-01.4841,45.21301537,-1.484085765,storfer,1,D,gradeD_consensus,False,train
DESI-045.2222-49.6970,45.22223245,-49.69702984,storfer,1,D,gradeD_consensus,True,
DESI-045.2604-17.5527,45.26040879,-17.5526511,storfer,1,D,gradeD_consensus,False,train
DESI-045.4516-55.0678,45.45158959,-55.06781536,storfer,1,D,gradeD_consensus,False,train
DESI-045.4979-46.5389,45.49788711,-46.53889066,storfer,1,D,gradeD_consensus,False,train
DESI-045.5119-39.1788,45.51187282,-39.17879484,storfer,1,D,gradeD_consensus,False,valsel
DESI-045.6647-05.1417,45.66474178,-5.141700001,storfer,1,D,gradeD_consensus,False,train
DESI-045.7889-06.4807,45.78890877,-6.48071822,storfer,1,D,gradeD_consensus,False,train
DESI-045.7917-12.0704,45.79167973,-12.07044599,storfer,1,D,gradeD_consensus,False,train
DESI-045.8080-61.1020,45.80803653,-61.10201148,storfer,1,D,gradeD_consensus,True,
DESI-045.8244-24.4663,45.82442527,-24.46631018,storfer,1,D,gradeD_consensus,False,train
DESI-045.9287-46.8140,45.92871691,-46.81403948,storfer,1,D,gradeD_consensus,False,train
DESI-046.0944-16.5805,46.09439164,-16.58050466,storfer,1,D,gradeD_consensus,False,train
DESI-046.1108-03.0724,46.11083797,-3.072437972,storfer,1,D,gradeD_consensus,False,train
DESI-046.2273-05.4515,46.22734701,-5.451513048,storfer,1,D,gradeD_consensus,False,valsel
DESI-046.3211-38.0378,46.32111965,-38.0377999,storfer,1,D,gradeD_consensus,False,train
DESI-046.3754-27.9005,46.37538332,-27.90046648,storfer,1,D,gradeD_consensus,False,train
DESI-046.3905-15.0742,46.39051684,-15.07420982,storfer,1,D,gradeD_consensus,False,train
DESI-046.4196-32.1180,46.41960359,-32.11798036,storfer,1,D,gradeD_consensus,False,train
DESI-046.6144-56.3946,46.61442426,-56.39456298,storfer,1,D,gradeD_consensus,False,valsel
DESI-046.7396-23.3937,46.73964359,-23.39371201,storfer,1,D,gradeD_consensus,False,train
DESI-046.8121-20.7062,46.81211699,-20.70615081,storfer,1,D,gradeD_consensus,False,valsel
DESI-046.8547-21.4551,46.85465667,-21.45510187,storfer,1,D,gradeD_consensus,True,
DESI-047.0606-25.8594,47.06055875,-25.85939154,storfer,1,D,gradeD_consensus,False,train
DESI-047.0866-11.0765,47.08657301,-11.07649442,storfer,1,D,gradeD_consensus,False,valsel
DESI-047.1501-45.3903,47.15013899,-45.39029023,storfer,1,D,gradeD_consensus,True,
DESI-047.1980-36.2676,47.19796452,-36.26761215,storfer,1,D,gradeD_consensus,True,
DESI-047.2453-18.4742,47.24525203,-18.47420991,storfer,1,D,gradeD_consensus,True,
DESI-047.3658-38.9108,47.3658208,-38.91075582,storfer,1,D,gradeD_consensus,False,train
DESI-047.4754-58.4605,47.47544407,-58.46050324,storfer,1,D,gradeD_consensus,False,train
DESI-047.5124-10.5368,47.51236443,-10.53677406,storfer,1,D,gradeD_consensus,False,train
DESI-047.5128-44.2451,47.51276656,-44.24505917,storfer,1,D,gradeD_consensus,False,train
DESI-047.5185-57.8173,47.51853707,-57.81728781,storfer,1,D,gradeD_consensus,False,train
DESI-047.5927-55.3396,47.59271709,-55.3396278,storfer,1,D,gradeD_consensus,False,train
DESI-047.6064-44.5002,47.60641999,-44.50016207,storfer,1,D,gradeD_consensus,False,train
DESI-047.6722-37.5431,47.6722298,-37.54311168,storfer,1,D,gradeD_consensus,False,train
DESI-047.8764-13.8517,47.87637635,-13.85170076,storfer,1,D,gradeD_consensus,False,train
DESI-048.0956-29.4408,48.09561812,-29.44076229,storfer,1,D,gradeD_consensus,False,train
DESI-048.2174-55.7631,48.21743657,-55.76310829,storfer,1,D,gradeD_consensus,False,train
DESI-048.2288-37.7018,48.22879328,-37.701819,storfer,1,D,gradeD_consensus,False,train
DESI-048.3290+00.2928,48.32903963,0.2928368632,storfer,1,D,gradeD_consensus,False,train
DESI-048.4459-22.7346,48.445895,-22.73462329,storfer,1,D,gradeD_consensus,False,train
DESI-048.4856-20.7939,48.48563402,-20.7938809,storfer,1,D,gradeD_consensus,False,train
DESI-048.6584-41.4090,48.65842594,-41.40896965,storfer,1,D,gradeD_consensus,False,valsel
DESI-048.8091-64.7542,48.80909994,-64.75423429,storfer,1,D,gradeD_consensus,False,train
DESI-048.8684-27.9493,48.86841407,-27.94934356,storfer,1,D,gradeD_consensus,True,
DESI-049.0871-25.1663,49.08713152,-25.16632064,storfer,1,D,gradeD_consensus,True,
DESI-049.2171-33.3726,49.21705277,-33.37261618,storfer,1,D,gradeD_consensus,False,train
DESI-049.2722-53.6685,49.2721863,-53.66851413,storfer,1,D,gradeD_consensus,False,valsel
DESI-049.2773-43.4571,49.27730203,-43.45714746,storfer,1,D,gradeD_consensus,False,train
DESI-049.3406-27.4366,49.34060018,-27.43660798,storfer,1,D,gradeD_consensus,True,
DESI-049.5396-36.9079,49.53960327,-36.90786881,storfer,1,D,gradeD_consensus,False,train
DESI-049.5506-31.0544,49.55060861,-31.05439238,storfer,1,D,gradeD_consensus,False,train
DESI-049.7973-57.0163,49.79731562,-57.01627752,storfer,1,D,gradeD_consensus,False,valsel
DESI-049.8322-43.9061,49.83222449,-43.90608531,storfer,1,D,gradeD_consensus,False,train
DESI-049.8543-45.3177,49.85428502,-45.31774422,storfer,1,D,gradeD_consensus,False,train
DESI-049.9462-20.2452,49.94619773,-20.2451737,storfer,1,D,gradeD_consensus,False,train
DESI-049.9861-10.2335,49.98607721,-10.23353532,storfer,1,D,gradeD_consensus,False,train
DESI-049.9982-51.8924,49.99822475,-51.8923986,storfer,1,D,gradeD_consensus,False,train
DESI-050.1844-53.0562,50.18435827,-53.05624425,storfer,1,D,gradeD_consensus,False,train
DESI-050.2957-14.9153,50.29568613,-14.91532827,storfer,1,D,gradeD_consensus,False,train
DESI-050.3011-13.1932,50.30111922,-13.19322935,storfer,1,D,gradeD_consensus,False,train
DESI-050.3331-30.8741,50.3331426,-30.87410199,storfer,1,D,gradeD_consensus,False,train
DESI-050.3646-27.7794,50.3645865,-27.77937339,storfer,1,D,gradeD_consensus,False,train
DESI-050.5107-44.4495,50.51067379,-44.44952988,storfer,1,D,gradeD_consensus,False,valsel
DESI-050.5149-10.5227,50.51493752,-10.52272483,storfer,1,D,gradeD_consensus,False,train
DESI-050.7132-31.8683,50.71320197,-31.86829259,storfer,1,D,gradeD_consensus,False,train
DESI-050.7168-31.7038,50.71680871,-31.70379867,storfer,1,D,gradeD_consensus,False,train
DESI-050.7453-15.4913,50.7452935,-15.49131602,storfer,1,D,gradeD_consensus,False,train
DESI-050.9258-10.7583,50.9257724,-10.75834595,storfer,1,D,gradeD_consensus,False,train
DESI-051.0093-34.7217,51.0093017,-34.72169733,storfer,1,D,gradeD_consensus,False,train
DESI-051.0316-59.3285,51.03155743,-59.32848565,storfer,1,D,gradeD_consensus,True,
DESI-051.0834-37.8719,51.08344484,-37.87190512,storfer,1,D,gradeD_consensus,False,train
DESI-051.1373-05.8986,51.13731594,-5.898586212,storfer,1,D,gradeD_consensus,False,train
DESI-051.1533-51.9844,51.15334326,-51.98442228,storfer,1,D,gradeD_consensus,False,train
DESI-051.1760-17.4043,51.17598594,-17.40425121,storfer,1,D,gradeD_consensus,False,valsel
DESI-051.3006-18.6799,51.30055824,-18.67985796,storfer,1,D,gradeD_consensus,False,train
DESI-051.3298-14.2947,51.32983299,-14.29468651,storfer,1,D,gradeD_consensus,False,valsel
DESI-051.3453-62.7777,51.34529749,-62.77769803,storfer,1,D,gradeD_consensus,False,valsel
DESI-051.3646-47.5715,51.36463946,-47.57147453,storfer,1,D,gradeD_consensus,False,train
DESI-051.4211-57.2314,51.42113239,-57.23140297,storfer,1,D,gradeD_consensus,False,valsel
DESI-051.4577-30.3040,51.45766948,-30.30400555,storfer,1,D,gradeD_consensus,False,train
DESI-051.6998-18.5526,51.69980187,-18.55257399,storfer,1,D,gradeD_consensus,False,train
DESI-051.7729-12.4114,51.77288128,-12.41140541,storfer,1,D,gradeD_consensus,True,
DESI-051.8548-33.5989,51.85480154,-33.59894512,storfer,1,D,gradeD_consensus,False,train
DESI-052.0124-21.6761,52.0124235,-21.67610933,storfer,1,D,gradeD_consensus,False,train
DESI-052.2725-56.9507,52.27253084,-56.9506633,storfer,1,D,gradeD_consensus,False,train
DESI-052.2884-28.8072,52.28841927,-28.80722347,storfer,1,D,gradeD_consensus,True,
DESI-052.4496-45.9813,52.44957102,-45.98126927,storfer,1,D,gradeD_consensus,False,train
DESI-052.5047-61.8568,52.50474803,-61.85684724,storfer,1,D,gradeD_consensus,False,train
DESI-052.5929-19.7049,52.59294813,-19.70489991,storfer,1,D,gradeD_consensus,False,train
DESI-052.6503-29.8281,52.65033339,-29.82812658,storfer,1,D,gradeD_consensus,False,train
DESI-052.6611-43.1772,52.66114947,-43.17724211,storfer,1,D,gradeD_consensus,False,train
DESI-052.6720-14.9811,52.67195263,-14.98105199,storfer,1,D,gradeD_consensus,False,train
DESI-052.6724-34.0801,52.67244809,-34.0801436,storfer,1,D,gradeD_consensus,False,train
DESI-052.7064-64.6149,52.70635585,-64.6149226,storfer,1,D,gradeD_consensus,False,train
DESI-052.7616-61.9224,52.76163571,-61.9224456,storfer,1,D,gradeD_consensus,False,train
DESI-052.8169-18.2273,52.81694549,-18.22732641,storfer,1,D,gradeD_consensus,False,train
DESI-052.8387-46.0374,52.83870343,-46.03737834,storfer,1,D,gradeD_consensus,False,train
DESI-052.9384-17.0005,52.93842357,-17.00054702,storfer,1,D,gradeD_consensus,False,train
DESI-052.9477-18.3776,52.94770717,-18.37763727,storfer,1,D,gradeD_consensus,False,train
DESI-053.0851-11.6975,53.08509634,-11.69754714,storfer,1,D,gradeD_consensus,False,train
DESI-053.1387-58.6104,53.13866203,-58.61037554,storfer,1,D,gradeD_consensus,False,train
DESI-053.1648-46.1865,53.16479256,-46.18653787,storfer,1,D,gradeD_consensus,False,valsel
DESI-053.2787-03.9514,53.27868992,-3.951403219,storfer,1,D,gradeD_consensus,True,
DESI-053.3866-12.8661,53.38656783,-12.86608766,storfer,1,D,gradeD_consensus,False,train
DESI-053.4495-26.5625,53.44950775,-26.56251463,storfer,1,D,gradeD_consensus,False,train
DESI-053.5151-59.5290,53.51508687,-59.52902982,storfer,1,D,gradeD_consensus,False,train
DESI-053.5245-22.7005,53.5245071,-22.70048989,storfer,1,D,gradeD_consensus,False,train
DESI-053.5439-24.0116,53.54390619,-24.01161652,storfer,1,D,gradeD_consensus,False,train
DESI-053.5456-48.2870,53.5455925,-48.28702012,storfer,1,D,gradeD_consensus,False,train
DESI-053.5842-49.6778,53.58418185,-49.67784107,storfer,1,D,gradeD_consensus,False,train
DESI-053.5862-14.9035,53.58621724,-14.90348823,storfer,1,D,gradeD_consensus,False,train
DESI-053.5872-14.4231,53.58719383,-14.42313893,storfer,1,D,gradeD_consensus,False,valsel
DESI-053.6713-29.6116,53.67127013,-29.61164642,storfer,1,D,gradeD_consensus,False,train
DESI-053.7018-10.3278,53.70184844,-10.32779169,storfer,1,D,gradeD_consensus,False,train
DESI-053.7164-51.3021,53.71637815,-51.30210607,storfer,1,D,gradeD_consensus,False,train
DESI-053.8366-61.0205,53.83655217,-61.0204605,storfer,1,D,gradeD_consensus,False,train
DESI-053.8659-12.6870,53.86587866,-12.6870044,storfer,1,D,gradeD_consensus,False,train
DESI-053.9320-25.8235,53.9320201,-25.82350342,storfer,1,D,gradeD_consensus,False,train
DESI-053.9361-13.3688,53.93609821,-13.3688157,storfer,1,D,gradeD_consensus,False,train
DESI-053.9819-15.0272,53.98194806,-15.0271643,storfer,1,D,gradeD_consensus,False,train
DESI-054.0533-49.8570,54.05325407,-49.85703735,storfer,1,D,gradeD_consensus,False,train
DESI-054.2334-16.4359,54.23344191,-16.43592442,storfer,1,D,gradeD_consensus,True,
DESI-054.3612-33.4955,54.36116624,-33.49548778,storfer,1,D,gradeD_consensus,False,train
DESI-054.3670-02.4833,54.36695936,-2.483345793,storfer,1,D,gradeD_consensus,False,train
DESI-054.4487-23.2975,54.44868656,-23.29754926,storfer,1,D,gradeD_consensus,False,train
DESI-054.4579-34.2452,54.457872,-34.24516443,storfer,1,D,gradeD_consensus,False,train
DESI-054.4879-33.2605,54.48785159,-33.26052694,storfer,1,D,gradeD_consensus,False,train
DESI-054.4914-29.5955,54.49140048,-29.59552584,storfer,1,D,gradeD_consensus,False,train
DESI-054.5298-21.2976,54.52976004,-21.29758904,storfer,1,D,gradeD_consensus,False,train
DESI-054.5414-44.9164,54.54140215,-44.91642621,storfer,1,D,gradeD_consensus,False,train
DESI-054.8691-13.6916,54.86911292,-13.69156098,storfer,1,D,gradeD_consensus,False,train
DESI-054.9391-16.6474,54.93907113,-16.64743207,storfer,1,D,gradeD_consensus,False,train
DESI-054.9985-26.9524,54.99851099,-26.95239675,storfer,1,D,gradeD_consensus,False,valsel
DESI-055.0229-48.3131,55.02288418,-48.31310496,storfer,1,D,gradeD_consensus,False,train
DESI-055.3556-15.7604,55.35564251,-15.7604364,storfer,1,D,gradeD_consensus,False,train
DESI-055.3907-57.1099,55.39065547,-57.1098515,storfer,1,D,gradeD_consensus,True,
DESI-055.4365-31.6484,55.43651039,-31.64843052,storfer,1,D,gradeD_consensus,False,train
DESI-055.4520-36.7467,55.45203762,-36.74673368,storfer,1,D,gradeD_consensus,False,valsel
DESI-055.4590-54.1650,55.45904637,-54.16497765,storfer,1,D,gradeD_consensus,False,train
DESI-055.4770-38.7638,55.47697413,-38.76376597,storfer,1,D,gradeD_consensus,False,train
DESI-055.5346-21.3181,55.53463598,-21.31806979,storfer,1,D,gradeD_consensus,False,train
DESI-055.5764-57.8697,55.57642079,-57.86970503,storfer,1,D,gradeD_consensus,True,
DESI-055.6787-28.8140,55.67871756,-28.81399087,storfer,1,D,gradeD_consensus,False,train
DESI-055.6917-47.2155,55.69167962,-47.21553678,storfer,1,D,gradeD_consensus,False,valsel
DESI-055.7077-25.8592,55.70767138,-25.8592483,storfer,1,D,gradeD_consensus,True,
DESI-055.7448-17.3940,55.7447592,-17.39396744,storfer,1,D,gradeD_consensus,False,train
DESI-055.8732-56.0662,55.87315359,-56.06619118,storfer,1,D,gradeD_consensus,True,
DESI-056.0226-62.5374,56.02263957,-62.5374138,storfer,1,D,gradeD_consensus,False,valsel
DESI-056.0227-44.7878,56.02271416,-44.78783423,storfer,1,D,gradeD_consensus,False,train
DESI-056.0415-38.7932,56.04147374,-38.79316667,storfer,1,D,gradeD_consensus,False,train
DESI-056.1215-18.6143,56.12154017,-18.61429346,storfer,1,D,gradeD_consensus,False,train
DESI-056.1862-02.3674,56.18624033,-2.367364408,storfer,1,D,gradeD_consensus,False,train
DESI-056.2424-21.7227,56.24240573,-21.72268691,storfer,1,D,gradeD_consensus,False,valsel
DESI-056.3370-54.6543,56.33696948,-54.6543273,storfer,1,D,gradeD_consensus,False,train
DESI-056.3754-37.2932,56.37541225,-37.29324411,storfer,1,D,gradeD_consensus,False,train
DESI-056.4645-49.3262,56.46450552,-49.32615981,storfer,1,D,gradeD_consensus,False,train
DESI-056.5839-08.9005,56.58385588,-8.900452272,storfer,1,D,gradeD_consensus,False,train
DESI-056.6665-26.9215,56.66649585,-26.9215085,storfer,1,D,gradeD_consensus,False,train
DESI-056.6872-04.9503,56.68721417,-4.950343111,storfer,1,D,gradeD_consensus,False,train
DESI-056.7039-24.2861,56.70393711,-24.28606212,storfer,1,D,gradeD_consensus,False,train
DESI-057.0840-36.0610,57.08399287,-36.06102589,storfer,1,D,gradeD_consensus,False,train
DESI-057.0949-11.2224,57.09485055,-11.22243406,storfer,1,D,gradeD_consensus,False,train
DESI-057.2639-21.5022,57.26392357,-21.50220036,storfer,1,D,gradeD_consensus,False,valsel
DESI-057.3542-23.0304,57.35418855,-23.03044504,storfer,1,D,gradeD_consensus,False,train
DESI-057.3549-30.5991,57.35492612,-30.59912769,storfer,1,D,gradeD_consensus,False,train
DESI-057.3675-38.3313,57.36750508,-38.33134373,storfer,1,D,gradeD_consensus,False,valsel
DESI-057.3764-25.4799,57.37643489,-25.47990145,storfer,1,D,gradeD_consensus,False,train
DESI-057.4964-47.7625,57.49636305,-47.76246743,storfer,1,D,gradeD_consensus,False,train
DESI-057.5966-21.1669,57.59655844,-21.16691947,storfer,1,D,gradeD_consensus,False,train
DESI-057.8242-52.6544,57.82422614,-52.65436568,storfer,1,D,gradeD_consensus,False,train
DESI-057.9159-37.9775,57.91586404,-37.97746897,storfer,1,D,gradeD_consensus,False,train
DESI-057.9173-43.8599,57.91734387,-43.85993327,storfer,1,D,gradeD_consensus,False,valsel
DESI-058.1489-34.6795,58.14894036,-34.67951385,storfer,1,D,gradeD_consensus,False,train
DESI-058.1802-26.7145,58.18017329,-26.7145152,storfer,1,D,gradeD_consensus,False,train
DESI-058.2840-58.9149,58.28403861,-58.91492006,storfer,1,D,gradeD_consensus,True,
DESI-058.3169-16.0871,58.31693584,-16.08705124,storfer,1,D,gradeD_consensus,True,
DESI-058.4285-47.3986,58.42850479,-47.39857131,storfer,1,D,gradeD_consensus,False,train
DESI-058.4544-37.5415,58.4543602,-37.54145938,storfer,1,D,gradeD_consensus,False,train
DESI-058.5330-37.6876,58.53295618,-37.68763022,storfer,1,D,gradeD_consensus,False,train
DESI-058.5714-02.6675,58.57144189,-2.667485478,storfer,1,D,gradeD_consensus,False,train
DESI-058.5925-31.7962,58.59253099,-31.79615976,storfer,1,D,gradeD_consensus,True,
DESI-058.6131-31.0313,58.61308409,-31.03131101,storfer,1,D,gradeD_consensus,False,train
DESI-059.0831-36.8211,59.08307788,-36.8211128,storfer,1,D,gradeD_consensus,False,train
DESI-059.0860-53.9585,59.08596502,-53.95847313,storfer,1,D,gradeD_consensus,False,train
DESI-059.1226-26.1034,59.12258347,-26.10342639,storfer,1,D,gradeD_consensus,False,train
DESI-059.2032-41.1599,59.20319744,-41.15991723,storfer,1,D,gradeD_consensus,False,train
DESI-059.2159-14.1441,59.2159151,-14.14407775,storfer,1,D,gradeD_consensus,False,train
DESI-059.3810-55.5340,59.38104375,-55.53398094,storfer,1,D,gradeD_consensus,False,train
DESI-059.4055-47.1005,59.40550417,-47.10046093,storfer,1,D,gradeD_consensus,False,train
DESI-059.5161-52.9986,59.51605307,-52.9985916,storfer,1,D,gradeD_consensus,False,train
DESI-059.6151-14.6921,59.61507398,-14.69210498,storfer,1,D,gradeD_consensus,False,train
DESI-059.6750-66.4595,59.67497593,-66.45946907,storfer,1,D,gradeD_consensus,False,train
DESI-059.7416-11.5208,59.74156469,-11.52082826,storfer,1,D,gradeD_consensus,False,train
DESI-059.7626-04.3015,59.76260206,-4.301501064,storfer,1,D,gradeD_consensus,False,train
DESI-059.7717-33.2824,59.77165469,-33.2823509,storfer,1,D,gradeD_consensus,False,train
DESI-060.1363-64.4825,60.13629311,-64.48247224,storfer,1,D,gradeD_consensus,False,train
DESI-060.1570-26.6301,60.15703262,-26.63012954,storfer,1,D,gradeD_consensus,True,
DESI-060.2010-50.9349,60.20096215,-50.9348551,storfer,1,D,gradeD_consensus,False,train
DESI-060.2622-35.2068,60.26222404,-35.20681665,storfer,1,D,gradeD_consensus,False,train
DESI-060.2998-48.8617,60.29980774,-48.8616895,storfer,1,D,gradeD_consensus,False,train
DESI-060.3535-27.2849,60.35348253,-27.28492277,storfer,1,D,gradeD_consensus,False,train
DESI-060.5098-19.3129,60.50981224,-19.31291514,storfer,1,D,gradeD_consensus,False,train
DESI-060.5212-54.4034,60.52115624,-54.40344138,storfer,1,D,gradeD_consensus,False,train
DESI-060.5509-20.1373,60.5509462,-20.13725012,storfer,1,D,gradeD_consensus,False,train
DESI-060.7712-42.9686,60.77122503,-42.96859394,storfer,1,D,gradeD_consensus,False,train
DESI-060.7740-32.1021,60.77404628,-32.10209883,storfer,1,D,gradeD_consensus,False,train
DESI-060.9166-66.9171,60.91658992,-66.9171076,storfer,1,D,gradeD_consensus,False,train
DESI-061.0071-02.4615,61.00708321,-2.461506944,storfer,1,D,gradeD_consensus,False,train
DESI-061.0228-45.1037,61.02281423,-45.10374014,storfer,1,D,gradeD_consensus,False,train
DESI-061.0493-05.5184,61.04932637,-5.518363901,storfer,1,D,gradeD_consensus,False,train
DESI-061.0785-27.0513,61.07850751,-27.05134212,storfer,1,D,gradeD_consensus,False,train
DESI-061.2553-43.5914,61.25525311,-43.59139672,storfer,1,D,gradeD_consensus,False,train
DESI-061.3034-29.9542,61.30338798,-29.95419015,storfer,1,D,gradeD_consensus,False,train
DESI-061.3299-40.9952,61.32993312,-40.99519805,storfer,1,D,gradeD_consensus,False,train
DESI-061.3497-65.7679,61.34971262,-65.76792581,storfer,1,D,gradeD_consensus,False,train
DESI-061.5345-45.4401,61.53451155,-45.44011057,storfer,1,D,gradeD_consensus,False,train
DESI-061.5470-47.0613,61.54700484,-47.06132831,storfer,1,D,gradeD_consensus,True,
DESI-061.6686-05.0598,61.66863125,-5.059760259,storfer,1,D,gradeD_consensus,False,train
DESI-061.7460-01.8087,61.74601783,-1.808693068,storfer,1,D,gradeD_consensus,False,train
DESI-061.8166-64.9329,61.81659251,-64.93286915,storfer,1,D,gradeD_consensus,False,train
DESI-061.8422-63.7824,61.84217166,-63.78235095,storfer,1,D,gradeD_consensus,False,train
DESI-061.9048-36.2314,61.90482795,-36.231431,storfer,1,D,gradeD_consensus,False,gate
DESI-061.9525-34.3155,61.9525437,-34.31553205,storfer,1,D,gradeD_consensus,False,train
DESI-061.9536-29.2678,61.95363698,-29.267772,storfer,1,D,gradeD_consensus,False,valsel
DESI-061.9918-24.1150,61.99179004,-24.11498481,storfer,1,D,gradeD_consensus,True,
DESI-062.0047-50.4563,62.00465488,-50.45630509,storfer,1,D,gradeD_consensus,False,valsel
DESI-062.0797-39.7374,62.07967879,-39.73735729,storfer,1,D,gradeD_consensus,False,train
DESI-062.1549-26.9505,62.15486198,-26.95045129,storfer,1,D,gradeD_consensus,True,
DESI-062.1553-07.8299,62.15534078,-7.82989632,storfer,1,D,gradeD_consensus,False,valsel
DESI-062.3891-48.0130,62.38905022,-48.01302953,storfer,1,D,gradeD_consensus,False,train
DESI-062.4650-30.2230,62.46498768,-30.22304,storfer,1,D,gradeD_consensus,True,
DESI-062.4679-65.1807,62.46788827,-65.180698,storfer,1,D,gradeD_consensus,False,train
DESI-062.5533-64.7312,62.55330312,-64.73121213,storfer,1,D,gradeD_consensus,False,train
DESI-062.5727-51.1915,62.57272667,-51.19151494,storfer,1,D,gradeD_consensus,False,valsel
DESI-062.6315-30.6712,62.63150148,-30.67124861,storfer,1,D,gradeD_consensus,False,valsel
DESI-062.6877-15.2397,62.68765494,-15.23965299,storfer,1,D,gradeD_consensus,True,
DESI-062.8821-58.7058,62.88206951,-58.70580306,storfer,1,D,gradeD_consensus,False,train
DESI-062.9542-40.6692,62.95419525,-40.66919138,storfer,1,D,gradeD_consensus,False,train
DESI-063.0426-01.8708,63.04255484,-1.87078496,storfer,1,D,gradeD_consensus,False,train
DESI-063.4201-11.5396,63.42013549,-11.53961567,storfer,1,D,gradeD_consensus,False,train
DESI-063.4310-37.6961,63.43103373,-37.69610029,storfer,1,D,gradeD_consensus,False,train
DESI-063.5206-03.8592,63.52055984,-3.859171097,storfer,1,D,gradeD_consensus,False,valsel
DESI-063.6521-18.6109,63.65210352,-18.61089522,storfer,1,D,gradeD_consensus,True,
DESI-063.7221-60.9460,63.72207539,-60.94601394,storfer,1,D,gradeD_consensus,False,train
DESI-063.7609-24.1991,63.76088868,-24.19911511,storfer,1,D,gradeD_consensus,True,
DESI-063.7883-25.9480,63.78831359,-25.94798769,storfer,1,D,gradeD_consensus,False,train
DESI-063.8649-24.6724,63.86486724,-24.67238223,storfer,1,D,gradeD_consensus,False,train
DESI-064.0324-37.1408,64.03238968,-37.14076781,storfer,1,D,gradeD_consensus,True,
DESI-064.0632-62.2118,64.06316047,-62.21175519,storfer,1,D,gradeD_consensus,True,
DESI-064.0855-36.7216,64.08550804,-36.72162767,storfer,1,D,gradeD_consensus,False,valsel
DESI-064.1649-59.1480,64.16487852,-59.148004,storfer,1,D,gradeD_consensus,False,train
DESI-064.6241-36.8359,64.62407958,-36.83585418,storfer,1,D,gradeD_consensus,False,train
DESI-064.6764-25.6185,64.67638979,-25.61851438,storfer,1,D,gradeD_consensus,False,train
DESI-064.7536-33.1899,64.75361474,-33.18989639,storfer,1,D,gradeD_consensus,False,train
DESI-064.7619-24.2173,64.76191557,-24.21730077,storfer,1,D,gradeD_consensus,False,train
DESI-064.7690-17.4702,64.76896736,-17.47024421,storfer,1,D,gradeD_consensus,False,train
DESI-064.7834-48.4797,64.78337269,-48.47967031,storfer,1,D,gradeD_consensus,False,train
DESI-065.1007-61.7276,65.1007136,-61.72764218,storfer,1,D,gradeD_consensus,False,valsel
DESI-065.3481-47.0370,65.34806853,-47.03697742,storfer,1,D,gradeD_consensus,False,valsel
DESI-065.6032-61.3750,65.60320654,-61.37498678,storfer,1,D,gradeD_consensus,False,valsel
DESI-065.6636-41.8463,65.66359082,-41.84632817,storfer,1,D,gradeD_consensus,False,train
DESI-065.6935-32.6515,65.69350353,-32.65153146,storfer,1,D,gradeD_consensus,False,train
DESI-065.7065+00.7816,65.70646576,0.7815805467,storfer,1,D,gradeD_consensus,False,train
DESI-065.7076-46.5045,65.7075672,-46.50447457,storfer,1,D,gradeD_consensus,False,train
DESI-065.7194-31.5595,65.7194031,-31.55951786,storfer,1,D,gradeD_consensus,False,train
DESI-065.7490-04.1584,65.74901753,-4.158357127,storfer,1,D,gradeD_consensus,False,train
DESI-065.7925-57.2460,65.79248591,-57.24595263,storfer,1,D,gradeD_consensus,False,train
DESI-065.8260-46.4772,65.82595242,-46.47715309,storfer,1,D,gradeD_consensus,False,train
DESI-065.9338-54.5288,65.93377641,-54.52880333,storfer,1,D,gradeD_consensus,False,train
DESI-066.2658-31.7677,66.26578392,-31.76767652,storfer,1,D,gradeD_consensus,False,train
DESI-066.3793-36.7825,66.37931428,-36.78250496,storfer,1,D,gradeD_consensus,False,train
DESI-066.4360-12.8908,66.4360208,-12.8907954,storfer,1,D,gradeD_consensus,False,train
DESI-066.4365-57.6926,66.43648652,-57.69261475,storfer,1,D,gradeD_consensus,False,train
DESI-066.4818-45.3975,66.48182792,-45.39747408,storfer,1,D,gradeD_consensus,False,train
DESI-066.5369-55.8275,66.53690999,-55.82751819,storfer,1,D,gradeD_consensus,False,train
DESI-066.6060-34.1070,66.60597585,-34.10699115,storfer,1,D,gradeD_consensus,False,train
DESI-066.6275-05.0553,66.62753617,-5.055263848,storfer,1,D,gradeD_consensus,True,
DESI-066.7355-22.2321,66.73554083,-22.23214619,storfer,1,D,gradeD_consensus,False,train
DESI-066.9776-24.8072,66.97758538,-24.80722615,storfer,1,D,gradeD_consensus,False,train
DESI-067.1809+00.3859,67.18088667,0.3858827765,storfer,1,D,gradeD_consensus,True,
DESI-067.2630-35.0674,67.26297321,-35.06736004,storfer,1,D,gradeD_consensus,False,train
DESI-067.2765-12.3593,67.27650461,-12.35931694,storfer,1,D,gradeD_consensus,False,train
DESI-067.3300-54.5333,67.33004619,-54.53328343,storfer,1,D,gradeD_consensus,False,train
DESI-067.3708-45.2907,67.37078653,-45.29074375,storfer,1,D,gradeD_consensus,False,valsel
DESI-067.3711-63.7120,67.37108294,-63.71204767,storfer,1,D,gradeD_consensus,False,valsel
DESI-067.4217-33.8078,67.42174068,-33.80775448,storfer,1,D,gradeD_consensus,False,train
DESI-067.5705-20.5269,67.57049644,-20.52689883,storfer,1,D,gradeD_consensus,False,train
DESI-067.6011-16.0548,67.60112285,-16.054817,storfer,1,D,gradeD_consensus,False,train
DESI-067.6272-38.6184,67.62717517,-38.61839923,storfer,1,D,gradeD_consensus,False,valsel
DESI-067.6511-42.7691,67.65114373,-42.76912162,storfer,1,D,gradeD_consensus,False,train
DESI-067.6743-45.3709,67.67431891,-45.37088167,storfer,1,D,gradeD_consensus,False,train
DESI-067.8850-24.3855,67.88498137,-24.38551475,storfer,1,D,gradeD_consensus,False,train
DESI-068.2501-54.9494,68.25005834,-54.94940673,storfer,1,D,gradeD_consensus,False,train
DESI-068.3915-18.7387,68.39146711,-18.73871445,storfer,1,D,gradeD_consensus,False,valsel
DESI-068.5170-46.5740,68.51702241,-46.57398723,storfer,1,D,gradeD_consensus,False,train
DESI-068.6021-39.8254,68.60208819,-39.8253795,storfer,1,D,gradeD_consensus,False,train
DESI-068.8877-39.7604,68.88765683,-39.76041998,storfer,1,D,gradeD_consensus,False,train
DESI-069.0021-54.2728,69.00209435,-54.27284378,storfer,1,D,gradeD_consensus,False,train
DESI-069.0536-33.3267,69.05359051,-33.32674961,storfer,1,D,gradeD_consensus,False,train
DESI-069.2361-49.8328,69.23612438,-49.8328263,storfer,1,D,gradeD_consensus,False,train
DESI-069.3171-20.5051,69.31710196,-20.50513948,storfer,1,D,gradeD_consensus,False,train
DESI-069.4013-42.1461,69.401335,-42.14606185,storfer,1,D,gradeD_consensus,False,train
DESI-069.5402-07.9032,69.54015796,-7.903196686,storfer,1,D,gradeD_consensus,False,valsel
DESI-069.6070-22.6835,69.60702924,-22.6834625,storfer,1,D,gradeD_consensus,True,
DESI-069.6299-09.7866,69.62991906,-9.786619174,storfer,1,D,gradeD_consensus,False,train
DESI-069.6671-50.9415,69.66713822,-50.94147965,storfer,1,D,gradeD_consensus,False,train
DESI-069.7119-49.8364,69.71193043,-49.83639005,storfer,1,D,gradeD_consensus,False,valsel
DESI-069.8018-31.3860,69.80176656,-31.38601541,storfer,1,D,gradeD_consensus,False,valsel
DESI-069.8344-34.2258,69.83436769,-34.22584203,storfer,1,D,gradeD_consensus,True,
DESI-070.1027-00.3468,70.1027272,-0.3467774437,storfer,1,D,gradeD_consensus,False,train
DESI-070.2082-24.1053,70.20822709,-24.10529887,storfer,1,D,gradeD_consensus,False,train
DESI-070.2519-09.3836,70.25185475,-9.383607682,storfer,1,D,gradeD_consensus,False,valsel
DESI-070.3047-46.7929,70.30467136,-46.7928711,storfer,1,D,gradeD_consensus,False,train
DESI-070.3956-36.8747,70.39559145,-36.87470406,storfer,1,D,gradeD_consensus,True,
DESI-070.4205-25.1027,70.4204501,-25.10267,storfer,1,D,gradeD_consensus,False,train
DESI-070.4773-51.1716,70.47734787,-51.17163375,storfer,1,D,gradeD_consensus,False,valsel
DESI-070.5380-20.4377,70.53801649,-20.43765725,storfer,1,D,gradeD_consensus,True,
DESI-070.6538-28.1716,70.65382763,-28.17162153,storfer,1,D,gradeD_consensus,False,train
DESI-070.6789-08.6091,70.67892895,-8.609107051,storfer,1,D,gradeD_consensus,False,train
DESI-070.7038-62.9501,70.70376284,-62.9500706,storfer,1,D,gradeD_consensus,False,gate
DESI-071.0494-35.7789,71.04940919,-35.77885309,storfer,1,D,gradeD_consensus,False,train
DESI-071.0831-20.4053,71.08313518,-20.40525983,storfer,1,D,gradeD_consensus,False,train
DESI-071.2248-22.9409,71.22484745,-22.94087066,storfer,1,D,gradeD_consensus,False,train
DESI-071.2805-00.3972,71.28051371,-0.3972340593,storfer,1,D,gradeD_consensus,False,train
DESI-071.5437-54.3721,71.54374107,-54.37205382,storfer,1,D,gradeD_consensus,False,train
DESI-071.5442-20.0902,71.54420318,-20.09017335,storfer,1,D,gradeD_consensus,False,train
DESI-071.5555-51.5204,71.55554808,-51.52039309,storfer,1,D,gradeD_consensus,True,
DESI-071.9041-27.1745,71.90410559,-27.17453936,storfer,1,D,gradeD_consensus,False,valsel
DESI-072.1009-30.7844,72.10085982,-30.78442563,storfer,1,D,gradeD_consensus,False,valsel
DESI-072.2333-04.2030,72.23334153,-4.202978377,storfer,1,D,gradeD_consensus,False,gate
DESI-072.2925-29.3024,72.2924878,-29.30240618,storfer,1,D,gradeD_consensus,True,
DESI-072.3071-39.0984,72.30712962,-39.09835668,storfer,1,D,gradeD_consensus,False,train
DESI-072.3639-21.9870,72.36392254,-21.98695512,storfer,1,D,gradeD_consensus,False,train
DESI-072.5688-26.5381,72.56884768,-26.5380767,storfer,1,D,gradeD_consensus,False,train
DESI-072.7936-19.1963,72.79355103,-19.19629547,storfer,1,D,gradeD_consensus,False,train
DESI-072.8709-00.8487,72.8708842,-0.8486667387,storfer,1,D,gradeD_consensus,False,train
DESI-072.9958-18.9457,72.99576575,-18.94571417,storfer,1,D,gradeD_consensus,False,valsel
DESI-073.0860-29.4580,73.08602199,-29.45803838,storfer,1,D,gradeD_consensus,False,valsel
DESI-073.1440-46.0739,73.14395809,-46.07388903,storfer,1,D,gradeD_consensus,False,valsel
DESI-073.2491-33.5194,73.24912956,-33.51936265,storfer,1,D,gradeD_consensus,False,train
DESI-073.2924-24.8422,73.29235535,-24.84221099,storfer,1,D,gradeD_consensus,False,train
DESI-073.3398-01.8974,73.33979065,-1.897434788,storfer,1,D,gradeD_consensus,False,train
DESI-073.3402-43.7832,73.34024494,-43.78322792,storfer,1,D,gradeD_consensus,False,valsel
DESI-073.6819-62.5668,73.68185935,-62.5667744,storfer,1,D,gradeD_consensus,False,train
DESI-073.6971-31.8711,73.69706804,-31.87106776,storfer,1,D,gradeD_consensus,False,valsel
DESI-073.9091-25.5053,73.90911924,-25.50525077,storfer,1,D,gradeD_consensus,False,valsel
DESI-074.0297-10.5460,74.02972803,-10.54601083,storfer,1,D,gradeD_consensus,False,train
DESI-074.0434-62.9677,74.04338707,-62.96773777,storfer,1,D,gradeD_consensus,True,
DESI-074.0519-37.5816,74.05193036,-37.58159256,storfer,1,D,gradeD_consensus,False,train
DESI-074.1251-48.7505,74.12511488,-48.75051459,storfer,1,D,gradeD_consensus,False,gate
DESI-074.2270-39.1458,74.22695631,-39.14583066,storfer,1,D,gradeD_consensus,False,train
DESI-074.8144-05.2559,74.81439574,-5.255884074,storfer,1,D,gradeD_consensus,False,train
DESI-074.8802-07.6602,74.88017036,-7.66016515,storfer,1,D,gradeD_consensus,False,train
DESI-074.8913-45.2662,74.89134207,-45.26616037,storfer,1,D,gradeD_consensus,True,
DESI-075.0691-20.1713,75.06905412,-20.17129083,storfer,1,D,gradeD_consensus,False,train
DESI-075.1405-62.2077,75.14047658,-62.20765721,storfer,1,D,gradeD_consensus,False,train
DESI-075.1681-38.2279,75.1681343,-38.22791269,storfer,1,D,gradeD_consensus,False,train
DESI-075.2006-48.0216,75.20059432,-48.02162539,storfer,1,D,gradeD_consensus,False,train
DESI-075.4378-23.1269,75.43776129,-23.1269228,storfer,1,D,gradeD_consensus,False,train
DESI-075.4719-60.7709,75.47190372,-60.77090996,storfer,1,D,gradeD_consensus,False,train
DESI-075.7137-37.3046,75.71366598,-37.30458909,storfer,1,D,gradeD_consensus,False,train
DESI-076.1100-55.8164,76.11004247,-55.81641116,storfer,1,D,gradeD_consensus,False,train
DESI-076.1843-21.9790,76.18433951,-21.97904881,storfer,1,D,gradeD_consensus,False,train
DESI-076.6583-47.6373,76.6582751,-47.63732295,storfer,1,D,gradeD_consensus,False,valsel
DESI-076.7002-25.0662,76.70021895,-25.06615003,storfer,1,D,gradeD_consensus,False,train
DESI-077.3800-43.6963,77.38000381,-43.69631978,storfer,1,D,gradeD_consensus,False,gate
DESI-077.4203-43.9034,77.42032632,-43.90337347,storfer,1,D,gradeD_consensus,False,train
DESI-077.4776-46.9882,77.47764533,-46.98816661,storfer,1,D,gradeD_consensus,False,train
DESI-077.5731-45.3217,77.57305182,-45.32172324,storfer,1,D,gradeD_consensus,True,
DESI-077.6624-60.4111,77.66241149,-60.41113319,storfer,1,D,gradeD_consensus,False,train
DESI-077.8049-18.6196,77.80489324,-18.61961656,storfer,1,D,gradeD_consensus,False,train
DESI-077.8975-26.3536,77.89748871,-26.35356561,storfer,1,D,gradeD_consensus,False,train
DESI-077.9121-19.6654,77.91213412,-19.66540276,storfer,1,D,gradeD_consensus,False,train
DESI-078.5765-34.4405,78.57649726,-34.44051067,storfer,1,D,gradeD_consensus,False,valsel
DESI-078.6386-30.8120,78.63863042,-30.81203719,storfer,1,D,gradeD_consensus,False,train
DESI-078.7386-20.0048,78.73864903,-20.00477111,storfer,1,D,gradeD_consensus,False,train
DESI-078.9758-27.1757,78.97575346,-27.17574584,storfer,1,D,gradeD_consensus,False,train
DESI-079.0145-39.2117,79.01446356,-39.21168335,storfer,1,D,gradeD_consensus,False,train
DESI-079.0468-30.1955,79.04679086,-30.19546609,storfer,1,D,gradeD_consensus,False,train
DESI-079.1526-62.1217,79.15259501,-62.12165931,storfer,1,D,gradeD_consensus,False,valsel
DESI-079.2037-56.0847,79.20371305,-56.08470506,storfer,1,D,gradeD_consensus,False,valsel
DESI-079.2424-61.1121,79.24239732,-61.11211365,storfer,1,D,gradeD_consensus,False,train
DESI-079.2830-26.6966,79.28302526,-26.69657708,storfer,1,D,gradeD_consensus,False,valsel
DESI-079.3248-19.8098,79.32479864,-19.80975229,storfer,1,D,gradeD_consensus,False,valsel
DESI-079.3939-52.9047,79.39389367,-52.90472045,storfer,1,D,gradeD_consensus,False,valsel
DESI-079.4903-55.2428,79.49031827,-55.24277344,storfer,1,D,gradeD_consensus,False,train
DESI-079.5199-30.5799,79.5198657,-30.57991181,storfer,1,D,gradeD_consensus,False,train
DESI-079.5604-26.8365,79.56042098,-26.83654487,storfer,1,D,gradeD_consensus,False,valsel
DESI-079.6838-39.0599,79.68376786,-39.05990551,storfer,1,D,gradeD_consensus,False,train
DESI-080.0755-62.8590,80.07546526,-62.8590256,storfer,1,D,gradeD_consensus,False,valsel
DESI-080.2097-60.9791,80.20965289,-60.97911926,storfer,1,D,gradeD_consensus,True,
DESI-080.2577-41.8750,80.25771555,-41.87497672,storfer,1,D,gradeD_consensus,False,train
DESI-080.2770-48.0705,80.27701024,-48.07047649,storfer,1,D,gradeD_consensus,False,train
DESI-080.4471-49.8138,80.44713309,-49.81379691,storfer,1,D,gradeD_consensus,True,
DESI-080.5336-30.6645,80.53361625,-30.66451236,storfer,1,D,gradeD_consensus,False,train
DESI-080.5495-62.4219,80.54947443,-62.42192047,storfer,1,D,gradeD_consensus,False,train
DESI-080.5770-44.2874,80.57700586,-44.28735617,storfer,1,D,gradeD_consensus,False,gate
DESI-080.6550-25.5818,80.65495459,-25.58180275,storfer,1,D,gradeD_consensus,True,
DESI-080.6734-43.7876,80.67339861,-43.78756165,storfer,1,D,gradeD_consensus,False,train
DESI-080.8301-25.5060,80.83005889,-25.50595928,storfer,1,D,gradeD_consensus,False,train
DESI-080.9096-30.9923,80.90956156,-30.99234052,storfer,1,D,gradeD_consensus,True,
DESI-080.9271-50.8719,80.92706557,-50.87192689,storfer,1,D,gradeD_consensus,False,train
DESI-081.0131-43.7706,81.01308737,-43.77062922,storfer,1,D,gradeD_consensus,False,valsel
DESI-081.0692-32.5628,81.06923529,-32.56282123,storfer,1,D,gradeD_consensus,False,train
DESI-081.1657-58.5678,81.16569068,-58.56778442,storfer,1,D,gradeD_consensus,False,valsel
DESI-081.2438-26.4193,81.24383112,-26.4193085,storfer,1,D,gradeD_consensus,False,train
DESI-081.2661-58.8041,81.2661341,-58.80408314,storfer,1,D,gradeD_consensus,False,train
DESI-081.2973-19.8634,81.297349,-19.86335996,storfer,1,D,gradeD_consensus,False,train
DESI-082.1798-60.5502,82.17976562,-60.55023932,storfer,1,D,gradeD_consensus,False,gate
DESI-082.2068-53.0752,82.20683078,-53.07521202,storfer,1,D,gradeD_consensus,False,train
DESI-082.3519-34.3146,82.35194402,-34.31455964,storfer,1,D,gradeD_consensus,False,train
DESI-082.3556-29.6436,82.35560338,-29.64359269,storfer,1,D,gradeD_consensus,False,valsel
DESI-082.4262-23.8864,82.42615632,-23.88638647,storfer,1,D,gradeD_consensus,False,train
DESI-082.4892-39.3288,82.48916199,-39.32876497,storfer,1,D,gradeD_consensus,False,gate
DESI-082.4909-35.0004,82.49087991,-35.00037673,storfer,1,D,gradeD_consensus,False,train
DESI-082.6216-38.8208,82.62161469,-38.82077432,storfer,1,D,gradeD_consensus,False,valsel
DESI-082.6410-61.8640,82.64104406,-61.86396194,storfer,1,D,gradeD_consensus,False,valsel
DESI-082.6676-23.4702,82.66758398,-23.47015576,storfer,1,D,gradeD_consensus,False,train
DESI-082.6686-54.7366,82.66864307,-54.73658807,storfer,1,D,gradeD_consensus,False,train
DESI-082.7036-24.1071,82.70360935,-24.10707204,storfer,1,D,gradeD_consensus,False,train
DESI-082.9342-38.6231,82.93423047,-38.62308375,storfer,1,D,gradeD_consensus,False,train
DESI-082.9477-61.9468,82.94771897,-61.94676897,storfer,1,D,gradeD_consensus,False,train
DESI-082.9834-51.7781,82.9833772,-51.7781334,storfer,1,D,gradeD_consensus,False,train
DESI-083.0071-38.9895,83.00709737,-38.98950101,storfer,1,D,gradeD_consensus,True,
DESI-083.0149-57.3767,83.01485468,-57.37666919,storfer,1,D,gradeD_consensus,False,train
DESI-083.2955-24.5205,83.29550114,-24.5204859,storfer,1,D,gradeD_consensus,False,train
DESI-083.6805-54.7728,83.68054802,-54.77276617,storfer,1,D,gradeD_consensus,False,train
DESI-083.7912-46.0891,83.79118604,-46.08914073,storfer,1,D,gradeD_consensus,False,valsel
DESI-083.9981-43.0494,83.99805378,-43.04940704,storfer,1,D,gradeD_consensus,True,
DESI-084.0181-48.1832,84.0181457,-48.18319563,storfer,1,D,gradeD_consensus,False,train
DESI-084.1894-32.7297,84.18943138,-32.72967705,storfer,1,D,gradeD_consensus,False,train
DESI-084.2068-34.6310,84.20680211,-34.63100137,storfer,1,D,gradeD_consensus,False,train
DESI-084.2371-18.8925,84.23709407,-18.89246474,storfer,1,D,gradeD_consensus,False,valsel
DESI-084.4258-61.5948,84.42582264,-61.59478334,storfer,1,D,gradeD_consensus,False,train
DESI-084.5323-49.3618,84.53226244,-49.36175999,storfer,1,D,gradeD_consensus,False,train
DESI-084.5484-29.5097,84.54838078,-29.5097403,storfer,1,D,gradeD_consensus,False,train
DESI-084.7049-18.1940,84.70489969,-18.19399517,storfer,1,D,gradeD_consensus,False,train
DESI-084.7399-56.7487,84.73994825,-56.74871102,storfer,1,D,gradeD_consensus,True,
DESI-084.8339-22.6520,84.83393342,-22.65197777,storfer,1,D,gradeD_consensus,False,valsel
DESI-084.9887-39.5556,84.98865307,-39.55563327,storfer,1,D,gradeD_consensus,False,train
DESI-085.6834-20.1946,85.68339875,-20.19464538,storfer,1,D,gradeD_consensus,False,train
DESI-085.7033-59.6730,85.70332664,-59.67298972,storfer,1,D,gradeD_consensus,True,
DESI-085.7329-35.9998,85.73292841,-35.99976623,storfer,1,D,gradeD_consensus,False,train
DESI-085.8473-32.5487,85.84732138,-32.54867843,storfer,1,D,gradeD_consensus,False,train
DESI-085.8693-24.4840,85.86933679,-24.48401919,storfer,1,D,gradeD_consensus,False,valsel
DESI-086.2870-40.9230,86.28700708,-40.92298615,storfer,1,D,gradeD_consensus,False,train
DESI-086.6127-20.1985,86.61269538,-20.19854375,storfer,1,D,gradeD_consensus,False,train
DESI-086.8877-23.6723,86.88773582,-23.67232796,storfer,1,D,gradeD_consensus,False,train
DESI-086.9182-57.9798,86.91818681,-57.97982413,storfer,1,D,gradeD_consensus,False,train
DESI-087.0587-33.3146,87.05865266,-33.31459179,storfer,1,D,gradeD_consensus,False,train
DESI-087.3533-46.2108,87.35327586,-46.2107886,storfer,1,D,gradeD_consensus,False,train
DESI-087.5399-31.6845,87.53985983,-31.68450651,storfer,1,D,gradeD_consensus,False,train
DESI-087.7037-48.5373,87.70370275,-48.53732007,storfer,1,D,gradeD_consensus,False,train
DESI-087.8480-34.7692,87.84797429,-34.76923873,storfer,1,D,gradeD_consensus,False,train
DESI-087.9020-29.9629,87.90201308,-29.96286701,storfer,1,D,gradeD_consensus,False,valsel
DESI-088.0504-21.9842,88.0503948,-21.98415702,storfer,1,D,gradeD_consensus,False,train
DESI-088.3440-49.3604,88.34403903,-49.36038237,storfer,1,D,gradeD_consensus,False,train
DESI-088.3634-23.1525,88.36340791,-23.1524813,storfer,1,D,gradeD_consensus,False,valsel
DESI-088.3686-33.7070,88.36862827,-33.70698893,storfer,1,D,gradeD_consensus,False,train
DESI-088.6494-26.4632,88.64941156,-26.46324943,storfer,1,D,gradeD_consensus,True,
DESI-088.9432-26.7282,88.94318566,-26.72815222,storfer,1,D,gradeD_consensus,False,train
DESI-089.0414-23.5348,89.04137102,-23.53475949,storfer,1,D,gradeD_consensus,False,train
DESI-089.0688-43.7956,89.06882218,-43.7955947,storfer,1,D,gradeD_consensus,False,train
DESI-089.5349-43.3483,89.53490869,-43.34832523,storfer,1,D,gradeD_consensus,False,train
DESI-089.5901-58.3437,89.59010454,-58.34368776,storfer,1,D,gradeD_consensus,False,train
DESI-089.6028-59.6559,89.60275965,-59.65591179,storfer,1,D,gradeD_consensus,False,train
DESI-089.7419-38.3045,89.74185123,-38.3044989,storfer,1,D,gradeD_consensus,False,train
DESI-089.9421-39.0898,89.94206253,-39.08980468,storfer,1,D,gradeD_consensus,False,valsel
DESI-089.9781-56.4278,89.97808622,-56.42776854,storfer,1,D,gradeD_consensus,False,train
DESI-090.0061-29.1837,90.00613615,-29.18374941,storfer,1,D,gradeD_consensus,True,
DESI-090.1469-48.6548,90.14692995,-48.65483854,storfer,1,D,gradeD_consensus,False,train
DESI-090.4948-34.7890,90.49484284,-34.78900871,storfer,1,D,gradeD_consensus,True,
DESI-090.5789-41.4105,90.57890766,-41.4105063,storfer,1,D,gradeD_consensus,True,
DESI-090.7206-29.3388,90.7205693,-29.33884181,storfer,1,D,gradeD_consensus,False,train
DESI-090.9948-35.9762,90.99483132,-35.97624256,storfer,1,D,gradeD_consensus,True,
DESI-091.3093-35.9327,91.30932843,-35.93271656,storfer,1,D,gradeD_consensus,False,gate
DESI-091.5388-37.3820,91.53877698,-37.38198058,storfer,1,D,gradeD_consensus,False,train
DESI-091.5874-56.3285,91.58744982,-56.32848458,storfer,1,D,gradeD_consensus,False,train
DESI-091.7483-60.1261,91.7482992,-60.12610861,storfer,1,D,gradeD_consensus,False,train
DESI-091.9109-49.2187,91.91093503,-49.21868122,storfer,1,D,gradeD_consensus,False,train
DESI-091.9139-31.8699,91.91390879,-31.86987501,storfer,1,D,gradeD_consensus,True,
DESI-092.1284-48.8922,92.12840749,-48.89219111,storfer,1,D,gradeD_consensus,False,train
DESI-092.3396-56.5898,92.33962237,-56.58982754,storfer,1,D,gradeD_consensus,False,train
DESI-092.7190-47.3279,92.71897932,-47.32787954,storfer,1,D,gradeD_consensus,False,train
DESI-092.7955-60.0088,92.79549166,-60.00881961,storfer,1,D,gradeD_consensus,True,
DESI-092.8225-48.9342,92.82252371,-48.93418427,storfer,1,D,gradeD_consensus,False,train
DESI-093.5660-40.8882,93.56595746,-40.88824929,storfer,1,D,gradeD_consensus,False,valsel
DESI-093.7269-39.4300,93.72690866,-39.43004387,storfer,1,D,gradeD_consensus,False,train
DESI-094.1275-56.4080,94.12750069,-56.40799748,storfer,1,D,gradeD_consensus,False,train
DESI-094.2545-54.1984,94.25445906,-54.19842857,storfer,1,D,gradeD_consensus,False,train
DESI-094.3079-46.1938,94.30788491,-46.19379802,storfer,1,D,gradeD_consensus,False,train
DESI-094.4363-55.2550,94.43628053,-55.25499543,storfer,1,D,gradeD_consensus,False,train
DESI-094.5352-57.7123,94.53520447,-57.71225095,storfer,1,D,gradeD_consensus,False,train
DESI-094.7244-41.2770,94.72442887,-41.27700817,storfer,1,D,gradeD_consensus,False,train
DESI-095.0270-54.6085,95.02702772,-54.60845738,storfer,1,D,gradeD_consensus,False,train
DESI-095.1395-60.6751,95.13947577,-60.67505998,storfer,1,D,gradeD_consensus,True,
DESI-095.9815-57.5922,95.98145066,-57.592172,storfer,1,D,gradeD_consensus,False,train
DESI-096.0045-49.5418,96.00446307,-49.54177504,storfer,1,D,gradeD_consensus,False,gate
DESI-096.8759-55.5559,96.87585162,-55.55590779,storfer,1,D,gradeD_consensus,False,train
DESI-097.9517-56.3876,97.95166293,-56.38762046,storfer,1,D,gradeD_consensus,True,
DESI-098.2920-58.6332,98.29201783,-58.63318332,storfer,1,D,gradeD_consensus,False,valsel
DESI-098.3120+62.9687,98.31203342,62.96872366,storfer,1,D,gradeD_consensus,True,
DESI-100.1030+47.5452,100.1030379,47.54524435,storfer,1,D,gradeD_consensus,False,train
DESI-101.2298+38.1657,101.2298125,38.1657142,storfer,1,D,gradeD_consensus,False,train
DESI-105.4164+69.4848,105.4163892,69.48476042,storfer,1,D,gradeD_consensus,False,train
DESI-109.1433+38.3519,109.1433234,38.35191315,storfer,1,D,gradeD_consensus,False,train
DESI-109.5046+33.9581,109.5045977,33.95805008,storfer,1,D,gradeD_consensus,False,valsel
DESI-110.3588+29.6455,110.3587591,29.64548038,storfer,1,D,gradeD_consensus,False,train
DESI-113.2734+24.8442,113.2734475,24.84419186,storfer,1,D,gradeD_consensus,False,valsel
DESI-114.0238+16.5774,114.0237633,16.57744023,storfer,1,D,gradeD_consensus,False,train
DESI-114.8425+35.0802,114.8425438,35.0801985,storfer,1,D,gradeD_consensus,False,train
DESI-116.5304+74.5394,116.5303748,74.5393685,storfer,1,D,gradeD_consensus,False,train
DESI-117.0810+09.0661,117.0809628,9.066102841,storfer,1,D,gradeD_consensus,False,train
DESI-117.6878+28.8868,117.6878216,28.88680628,storfer,1,D,gradeD_consensus,False,train
DESI-118.1342+17.9583,118.1342197,17.95826253,storfer,1,D,gradeD_consensus,False,valsel
DESI-118.1422+12.5087,118.1422063,12.50869165,storfer,1,D,gradeD_consensus,True,
DESI-118.9928+32.5688,118.9928207,32.56876502,storfer,1,D,gradeD_consensus,False,valsel
DESI-119.0983+11.8480,119.0982534,11.84795744,storfer,1,D,gradeD_consensus,False,train
DESI-119.8021+29.7959,119.8021251,29.79594773,storfer,1,D,gradeD_consensus,False,train
DESI-120.1951+15.1400,120.1951319,15.13999315,storfer,1,D,gradeD_consensus,False,train
DESI-120.9270+06.9043,120.9270052,6.904250371,storfer,1,D,gradeD_consensus,False,train
DESI-121.1641+18.4419,121.1641044,18.44194049,storfer,1,D,gradeD_consensus,False,train
DESI-121.3332+07.0786,121.3331602,7.078602123,storfer,1,D,gradeD_consensus,False,train
DESI-121.3411+53.5773,121.3410942,53.57726947,storfer,1,D,gradeD_consensus,False,train
DESI-121.3924+20.1296,121.3924481,20.12955686,storfer,1,D,gradeD_consensus,False,train
DESI-121.6711+06.6104,121.6710691,6.610387873,storfer,1,D,gradeD_consensus,False,train
DESI-121.9811+01.8792,121.9811297,1.879184779,storfer,1,D,gradeD_consensus,False,train
DESI-122.4254+23.5636,122.4254291,23.56356706,storfer,1,D,gradeD_consensus,False,train
DESI-123.0340+15.9659,123.0339726,15.96593118,storfer,1,D,gradeD_consensus,True,
DESI-123.0769+07.4780,123.0769107,7.478027709,storfer,1,D,gradeD_consensus,True,
DESI-123.3860+33.6484,123.3859863,33.64842566,storfer,1,D,gradeD_consensus,False,train
DESI-123.7256+29.3517,123.7255578,29.35168194,storfer,1,D,gradeD_consensus,False,train
DESI-124.2472+49.0289,124.2471758,49.02887417,storfer,1,D,gradeD_consensus,False,train
DESI-124.2632+17.1177,124.2632035,17.117705,storfer,1,D,gradeD_consensus,False,train
DESI-125.0810+11.8018,125.0809953,11.80175947,storfer,1,D,gradeD_consensus,False,train
DESI-125.2198+10.7893,125.2197848,10.78933445,storfer,1,D,gradeD_consensus,False,train
DESI-125.2460+36.1495,125.2459885,36.14950116,storfer,1,D,gradeD_consensus,True,
DESI-125.3337+36.3640,125.3337231,36.3640497,storfer,1,D,gradeD_consensus,False,gate
DESI-126.0009+22.8735,126.0009073,22.87348814,storfer,1,D,gradeD_consensus,False,train
DESI-126.3308+26.2940,126.3307505,26.29404544,storfer,1,D,gradeD_consensus,False,train
DESI-126.5062+11.2491,126.5062178,11.24906959,storfer,1,D,gradeD_consensus,False,valsel
DESI-126.5687+21.5660,126.5686834,21.56602587,storfer,1,D,gradeD_consensus,False,train
DESI-126.7347+14.9881,126.7347062,14.98807613,storfer,1,D,gradeD_consensus,False,train
DESI-126.9133+31.8713,126.9132698,31.87131865,storfer,1,D,gradeD_consensus,False,train
DESI-127.1210+08.8746,127.1210449,8.874637564,storfer,1,D,gradeD_consensus,False,train
DESI-127.1396+17.1897,127.1395927,17.1897194,storfer,1,D,gradeD_consensus,True,
DESI-127.1490+06.8658,127.1490425,6.865758691,storfer,1,D,gradeD_consensus,False,train
DESI-127.5712+31.8102,127.5712241,31.81023623,storfer,1,D,gradeD_consensus,False,train
DESI-128.1700+04.9160,128.1699854,4.915963086,storfer,1,D,gradeD_consensus,False,train
DESI-128.7014+16.6466,128.7014053,16.64663997,storfer,1,D,gradeD_consensus,False,gate
DESI-129.0570+06.9723,129.0570273,6.972262329,storfer,1,D,gradeD_consensus,False,train
DESI-129.1254-00.6866,129.1254354,-0.6865839457,storfer,1,D,gradeD_consensus,False,gate
DESI-129.1659+06.6589,129.1658898,6.658878687,storfer,1,D,gradeD_consensus,False,train
DESI-129.2317+21.8853,129.2317149,21.88528724,storfer,1,D,gradeD_consensus,False,valsel
DESI-129.7679+25.4877,129.7679122,25.48774506,storfer,1,D,gradeD_consensus,True,
DESI-129.8285+12.4182,129.8284683,12.41819159,storfer,1,D,gradeD_consensus,False,train
DESI-129.8490+39.2030,129.8489931,39.20297712,storfer,1,D,gradeD_consensus,True,
DESI-130.0101+08.6330,130.010105,8.63304015,storfer,1,D,gradeD_consensus,False,train
DESI-130.2624+07.0416,130.2623739,7.041645047,storfer,1,D,gradeD_consensus,False,train
DESI-130.4632-05.5459,130.4632003,-5.545919249,storfer,1,D,gradeD_consensus,False,valsel
DESI-132.0326+28.1427,132.0325533,28.14265312,storfer,1,D,gradeD_consensus,False,train
DESI-132.1146+16.7675,132.1146421,16.76748822,storfer,1,D,gradeD_consensus,False,train
DESI-132.8310+26.9762,132.8309822,26.97616392,storfer,1,D,gradeD_consensus,False,valsel
DESI-134.2270+07.9517,134.2269655,7.951658178,storfer,1,D,gradeD_consensus,True,
DESI-134.2854+09.9173,134.285429,9.917335072,storfer,1,D,gradeD_consensus,False,train
DESI-135.1408-03.2463,135.140822,-3.24629216,storfer,1,D,gradeD_consensus,False,train
DESI-135.1795-00.0232,135.179472,-0.02318871881,storfer,1,D,gradeD_consensus,False,train
DESI-135.2902+45.4310,135.2901994,45.43097234,storfer,1,D,gradeD_consensus,False,train
DESI-135.6487-04.2522,135.6487479,-4.25222518,storfer,1,D,gradeD_consensus,False,train
DESI-135.7214+05.6896,135.7213504,5.689574311,storfer,1,D,gradeD_consensus,False,train
DESI-135.7240-06.2970,135.7239826,-6.297010781,storfer,1,D,gradeD_consensus,False,train
DESI-136.0331-00.9981,136.0330604,-0.9980715865,storfer,1,D,gradeD_consensus,False,valsel
DESI-136.0739+01.6892,136.0739489,1.689160911,storfer,1,D,gradeD_consensus,True,
DESI-136.4655+13.0307,136.4654745,13.03070427,storfer,1,D,gradeD_consensus,False,valsel
DESI-137.3244+25.8079,137.3244455,25.80790202,storfer,1,D,gradeD_consensus,False,train
DESI-137.4164+13.8685,137.416412,13.86850828,storfer,1,D,gradeD_consensus,False,train
DESI-137.5867-02.3343,137.5867365,-2.334319061,storfer,1,D,gradeD_consensus,False,train
DESI-137.7719+61.1281,137.771937,61.12807612,storfer,1,D,gradeD_consensus,False,train
DESI-137.9658+45.7327,137.9658067,45.73271117,storfer,1,D,gradeD_consensus,False,train
DESI-138.0489+25.5402,138.0488818,25.54018477,storfer,1,D,gradeD_consensus,False,gate
DESI-138.2849+25.1073,138.2849402,25.10732047,storfer,1,D,gradeD_consensus,False,train
DESI-138.5360-06.6991,138.53596,-6.699149935,storfer,1,D,gradeD_consensus,False,train
DESI-138.5630+01.6484,138.5630297,1.648394539,storfer,1,D,gradeD_consensus,False,train
DESI-138.8482-00.9226,138.8481619,-0.9226171382,storfer,1,D,gradeD_consensus,False,train
DESI-139.1054+32.4048,139.1054045,32.40480302,storfer,1,D,gradeD_consensus,True,
DESI-139.2510-05.1914,139.250954,-5.191436888,storfer,1,D,gradeD_consensus,False,train
DESI-140.0786+15.1720,140.0786224,15.17195685,storfer,1,D,gradeD_consensus,False,train
DESI-140.1770+00.8430,140.1770063,0.8429628144,storfer,1,D,gradeD_consensus,False,train
DESI-140.6463+09.3427,140.6463089,9.342696422,storfer,1,D,gradeD_consensus,False,train
DESI-141.6150+39.7426,141.6150133,39.74259757,storfer,1,D,gradeD_consensus,False,train
DESI-141.9814+11.4093,141.9814196,11.4092501,storfer,1,D,gradeD_consensus,False,train
DESI-142.9758+12.6501,142.9758258,12.65009343,storfer,1,D,gradeD_consensus,False,train
DESI-143.1886+37.8620,143.1885563,37.86202188,storfer,1,D,gradeD_consensus,False,train
DESI-143.2149+66.1567,143.2148536,66.15671797,storfer,1,D,gradeD_consensus,False,train
DESI-143.9409+22.0397,143.9409358,22.03969151,storfer,1,D,gradeD_consensus,True,
DESI-144.0878+13.3795,144.0877745,13.37950723,storfer,1,D,gradeD_consensus,False,valsel
DESI-144.3042+13.0264,144.3041849,13.02636797,storfer,1,D,gradeD_consensus,False,train
DESI-145.1706+08.6200,145.1706038,8.619991693,storfer,1,D,gradeD_consensus,False,train
DESI-145.6562+32.9417,145.6561556,32.9416539,storfer,1,D,gradeD_consensus,False,train
DESI-146.3097+06.8014,146.3096649,6.801375918,storfer,1,D,gradeD_consensus,False,train
DESI-147.6379+17.3744,147.6378894,17.37443862,storfer,1,D,gradeD_consensus,False,train
DESI-148.1474+13.4621,148.1474312,13.46211515,storfer,1,D,gradeD_consensus,False,train
DESI-148.1742+37.1643,148.1742249,37.16432504,storfer,1,D,gradeD_consensus,False,valsel
DESI-148.3866+01.9347,148.3866202,1.934726905,storfer,1,D,gradeD_consensus,False,train
DESI-148.3986+31.5437,148.3985635,31.54374012,storfer,1,D,gradeD_consensus,False,train
DESI-149.3117+36.7185,149.311718,36.71854023,storfer,1,D,gradeD_consensus,False,train
DESI-149.5083+20.9524,149.5082846,20.95235893,storfer,1,D,gradeD_consensus,False,train
DESI-149.6951+10.9888,149.6951316,10.98876232,storfer,1,D,gradeD_consensus,False,train
DESI-149.9581-03.4552,149.9580748,-3.455203176,storfer,1,D,gradeD_consensus,False,train
DESI-149.9772+10.9708,149.9772051,10.97076865,storfer,1,D,gradeD_consensus,False,train
DESI-150.1690+21.9433,150.1689632,21.94325168,storfer,1,D,gradeD_consensus,False,train
DESI-150.4456+41.3192,150.4455623,41.319158,storfer,1,D,gradeD_consensus,False,train
DESI-151.2247-06.9532,151.2247014,-6.953170407,storfer,1,D,gradeD_consensus,False,train
DESI-151.6322-01.5771,151.6322342,-1.577099216,storfer,1,D,gradeD_consensus,False,train
DESI-151.6657+12.8394,151.6656624,12.83936137,storfer,1,D,gradeD_consensus,False,train
DESI-151.8533-06.6538,151.8533347,-6.653778583,storfer,1,D,gradeD_consensus,True,
DESI-152.3123+15.1126,152.3122914,15.11257696,storfer,1,D,gradeD_consensus,False,train
DESI-152.5652+12.9375,152.5652122,12.93745335,storfer,1,D,gradeD_consensus,False,train
DESI-152.6156+06.7005,152.6155518,6.700534828,storfer,1,D,gradeD_consensus,True,
DESI-152.6578-05.2562,152.6577877,-5.256212095,storfer,1,D,gradeD_consensus,False,train
DESI-152.8754+51.1960,152.8753957,51.19599938,storfer,1,D,gradeD_consensus,False,train
DESI-152.9039-05.1284,152.9039153,-5.128390979,storfer,1,D,gradeD_consensus,False,train
DESI-153.2746+18.8188,153.2746489,18.81875567,storfer,1,D,gradeD_consensus,False,train
DESI-153.3046+42.8180,153.3046015,42.81797427,storfer,1,D,gradeD_consensus,False,train
DESI-153.7953+04.5593,153.7953121,4.559309122,storfer,1,D,gradeD_consensus,False,train
DESI-153.8055+10.7042,153.8054637,10.7042134,storfer,1,D,gradeD_consensus,False,train
DESI-153.8145+16.8856,153.8145059,16.88562717,storfer,1,D,gradeD_consensus,False,train
DESI-153.9827+00.5818,153.9827463,0.5818253061,storfer,1,D,gradeD_consensus,False,train
DESI-154.2235+62.5859,154.223451,62.58586245,storfer,1,D,gradeD_consensus,True,
DESI-154.3692-05.4685,154.3691665,-5.468537226,storfer,1,D,gradeD_consensus,False,train
DESI-155.2333-01.3448,155.233277,-1.344793255,storfer,1,D,gradeD_consensus,False,train
DESI-155.2353+24.7317,155.2353472,24.73165712,storfer,1,D,gradeD_consensus,False,train
DESI-155.2526+17.3570,155.2525904,17.35701019,storfer,1,D,gradeD_consensus,False,train
DESI-155.4354+26.2623,155.4354172,26.26226908,storfer,1,D,gradeD_consensus,False,train
DESI-155.6658+40.2380,155.6657677,40.23802121,storfer,1,D,gradeD_consensus,False,train
DESI-155.9500+58.7357,155.9500243,58.73571405,storfer,1,D,gradeD_consensus,False,train
DESI-156.1869+26.4448,156.1869255,26.44475714,storfer,1,D,gradeD_consensus,False,train
DESI-156.5770+38.0271,156.5769874,38.02713792,storfer,1,D,gradeD_consensus,False,train
DESI-156.6722-00.4647,156.6721973,-0.4646894084,storfer,1,D,gradeD_consensus,False,valsel
DESI-157.0018+17.5684,157.0018017,17.56842081,storfer,1,D,gradeD_consensus,False,train
DESI-157.6661+06.9440,157.6660978,6.944040622,storfer,1,D,gradeD_consensus,False,train
DESI-157.7576-07.0278,157.757557,-7.027802677,storfer,1,D,gradeD_consensus,False,valsel
DESI-157.9485+15.2125,157.948539,15.21253076,storfer,1,D,gradeD_consensus,False,train
DESI-158.2769+05.0219,158.2768986,5.021914612,storfer,1,D,gradeD_consensus,False,train
DESI-158.2854+17.2109,158.2854102,17.21091051,storfer,1,D,gradeD_consensus,False,train
DESI-158.6464+11.2776,158.6463963,11.27758434,storfer,1,D,gradeD_consensus,False,valsel
DESI-159.0440+08.3395,159.0440012,8.339485782,storfer,1,D,gradeD_consensus,False,valsel
DESI-159.2841+29.6918,159.284051,29.69177606,storfer,1,D,gradeD_consensus,True,
DESI-159.9920+20.1807,159.9920221,20.18072442,storfer,1,D,gradeD_consensus,True,
DESI-160.0484-01.7260,160.0484219,-1.72604003,storfer,1,D,gradeD_consensus,False,train
DESI-160.1531+14.9915,160.1530632,14.99153769,storfer,1,D,gradeD_consensus,False,valsel
DESI-160.1933-09.3146,160.1932616,-9.314582383,storfer,1,D,gradeD_consensus,False,gate
DESI-160.2228+13.3049,160.2228142,13.30491597,storfer,1,D,gradeD_consensus,False,train
DESI-160.2990+19.5098,160.2990262,19.50983984,storfer,1,D,gradeD_consensus,True,
DESI-160.3893+21.2228,160.3893203,21.22283081,storfer,1,D,gradeD_consensus,False,valsel
DESI-160.6962+24.8794,160.6962456,24.8793662,storfer,1,D,gradeD_consensus,False,valsel
DESI-160.8869-01.2677,160.8868803,-1.267726895,storfer,1,D,gradeD_consensus,False,train
DESI-160.9271-08.5797,160.927149,-8.579664872,storfer,1,D,gradeD_consensus,False,train
DESI-161.1807-07.3487,161.1806652,-7.3487284,storfer,1,D,gradeD_consensus,False,train
DESI-161.2708+14.7580,161.2707516,14.75799867,storfer,1,D,gradeD_consensus,False,train
DESI-161.6439+15.9226,161.6438519,15.9225982,storfer,1,D,gradeD_consensus,True,
DESI-161.7244-03.1737,161.7243678,-3.173660832,storfer,1,D,gradeD_consensus,False,train
DESI-162.3903-08.4760,162.3902817,-8.475965283,storfer,1,D,gradeD_consensus,True,
DESI-162.5579-07.1236,162.557902,-7.123637119,storfer,1,D,gradeD_consensus,False,valsel
DESI-162.6640+00.2933,162.6640164,0.2933180677,storfer,1,D,gradeD_consensus,False,valsel
DESI-162.8900+06.2770,162.8900425,6.277031478,storfer,1,D,gradeD_consensus,False,train
DESI-163.1417+17.0374,163.1416934,17.03742016,storfer,1,D,gradeD_consensus,False,train
DESI-163.2195+05.6814,163.2194854,5.681386848,storfer,1,D,gradeD_consensus,False,train
DESI-163.5721-04.4966,163.572078,-4.496584113,storfer,1,D,gradeD_consensus,False,train
DESI-163.8118-07.5675,163.8118119,-7.567528627,storfer,1,D,gradeD_consensus,False,train
DESI-163.9741+21.8048,163.9741152,21.80478359,storfer,1,D,gradeD_consensus,False,train
DESI-164.3455-06.5003,164.3455056,-6.500339378,storfer,1,D,gradeD_consensus,False,train
DESI-164.4623+57.5071,164.4623482,57.50713102,storfer,1,D,gradeD_consensus,True,
DESI-164.7258-07.6458,164.7258394,-7.645802008,storfer,1,D,gradeD_consensus,False,train
DESI-164.8267+13.6926,164.8267414,13.69263404,storfer,1,D,gradeD_consensus,False,train
DESI-164.8308+56.3333,164.8308446,56.33326922,storfer,1,D,gradeD_consensus,False,train
DESI-164.8865+61.1296,164.8865285,61.12955164,storfer,1,D,gradeD_consensus,False,valsel
DESI-165.0400+19.2869,165.0400122,19.28686571,storfer,1,D,gradeD_consensus,False,train
DESI-165.0901+19.8001,165.0901042,19.80014891,storfer,1,D,gradeD_consensus,False,train
DESI-165.3112+11.4320,165.3112117,11.43201394,storfer,1,D,gradeD_consensus,False,train
DESI-165.4534-01.9007,165.4534172,-1.900695302,storfer,1,D,gradeD_consensus,False,train
DESI-165.5443-02.1943,165.5443246,-2.19431467,storfer,1,D,gradeD_consensus,True,
DESI-165.8125+13.5855,165.8124661,13.58552853,storfer,1,D,gradeD_consensus,False,train
DESI-166.1536+12.7652,166.1535924,12.76524741,storfer,1,D,gradeD_consensus,False,valsel
DESI-166.2106+25.0615,166.2105739,25.06153278,storfer,1,D,gradeD_consensus,False,valsel
DESI-166.2434-09.5304,166.2433892,-9.530391606,storfer,1,D,gradeD_consensus,False,train
DESI-166.4469-08.4782,166.4469496,-8.478160946,storfer,1,D,gradeD_consensus,False,train
DESI-166.8087-02.4924,166.8087334,-2.492433061,storfer,1,D,gradeD_consensus,True,
DESI-166.8873+09.2456,166.8872763,9.245617922,storfer,1,D,gradeD_consensus,False,train
DESI-167.0094-04.3062,167.0093533,-4.306163693,storfer,1,D,gradeD_consensus,False,train
DESI-167.1071+18.3830,167.1070968,18.38295132,storfer,1,D,gradeD_consensus,False,gate
DESI-167.1874+18.7125,167.1874266,18.71254654,storfer,1,D,gradeD_consensus,False,train
DESI-167.3008+06.2237,167.3007807,6.22370922,storfer,1,D,gradeD_consensus,False,valsel
DESI-167.7430+26.1643,167.7429869,26.16427529,storfer,1,D,gradeD_consensus,False,valsel
DESI-167.8994-07.8334,167.899398,-7.833424504,storfer,1,D,gradeD_consensus,False,train
DESI-167.9700-00.0432,167.9699578,-0.04319260016,storfer,1,D,gradeD_consensus,False,train
DESI-167.9938+19.2339,167.9938305,19.23387993,storfer,1,D,gradeD_consensus,False,train
DESI-168.0675+27.6132,168.0675127,27.613199,storfer,1,D,gradeD_consensus,False,train
DESI-168.2985-07.9035,168.2984744,-7.903497546,storfer,1,D,gradeD_consensus,False,train
DESI-168.3237+62.6361,168.3236705,62.63611708,storfer,1,D,gradeD_consensus,True,
DESI-168.7213-04.1119,168.7213056,-4.111913484,storfer,1,D,gradeD_consensus,False,train
DESI-168.7897+32.0302,168.7896654,32.03023555,storfer,1,D,gradeD_consensus,False,train
DESI-168.8672-03.8358,168.8672314,-3.835776526,storfer,1,D,gradeD_consensus,False,train
DESI-169.0591+55.3409,169.0590619,55.34092204,storfer,1,D,gradeD_consensus,False,valsel
DESI-169.0791+56.1769,169.0790859,56.17694506,storfer,1,D,gradeD_consensus,False,train
DESI-169.3868-02.2437,169.3867536,-2.243715723,storfer,1,D,gradeD_consensus,False,train
DESI-169.4732-08.3180,169.4731549,-8.318024593,storfer,1,D,gradeD_consensus,False,train
DESI-169.9242+51.1916,169.9241634,51.19163259,storfer,1,D,gradeD_consensus,False,train
DESI-170.2136+14.9737,170.2136344,14.97373676,storfer,1,D,gradeD_consensus,False,valsel
DESI-170.3208+19.8516,170.320842,19.85161153,storfer,1,D,gradeD_consensus,False,gate
DESI-170.3558+06.3403,170.3557949,6.340283265,storfer,1,D,gradeD_consensus,False,train
DESI-170.4453+13.0506,170.4452826,13.05064195,storfer,1,D,gradeD_consensus,False,valsel
DESI-170.5837-04.3185,170.5837459,-4.318513519,storfer,1,D,gradeD_consensus,False,train
DESI-170.9204+28.3600,170.9204213,28.35999327,storfer,1,D,gradeD_consensus,False,train
DESI-171.2614+12.4447,171.2614373,12.44470937,storfer,1,D,gradeD_consensus,False,train
DESI-171.8448+50.4054,171.8448376,50.40543772,storfer,1,D,gradeD_consensus,False,train
DESI-171.9865+14.8108,171.986549,14.81081181,storfer,1,D,gradeD_consensus,False,train
DESI-172.4556+57.7308,172.4556157,57.73082383,storfer,1,D,gradeD_consensus,False,train
DESI-172.9095+18.9692,172.9095148,18.96923901,storfer,1,D,gradeD_consensus,False,valsel
DESI-173.1346+28.7581,173.1346003,28.758059,storfer,1,D,gradeD_consensus,False,train
DESI-173.2244+18.9661,173.2243545,18.96612938,storfer,1,D,gradeD_consensus,False,train
DESI-173.6165+17.2081,173.6165188,17.20808871,storfer,1,D,gradeD_consensus,True,
DESI-173.8950+05.7829,173.8949573,5.782925942,storfer,1,D,gradeD_consensus,False,train
DESI-174.0314-00.0123,174.0314144,-0.01231063498,storfer,1,D,gradeD_consensus,False,train
DESI-174.2082+10.0236,174.2082333,10.02359709,storfer,1,D,gradeD_consensus,False,train
DESI-174.4789+15.0206,174.4788774,15.02064262,storfer,1,D,gradeD_consensus,False,train
DESI-174.6078+67.4443,174.607765,67.44433163,storfer,1,D,gradeD_consensus,False,train
DESI-174.6497+27.0319,174.6496887,27.03186818,storfer,1,D,gradeD_consensus,False,train
DESI-174.7971+17.5769,174.7971348,17.57687752,storfer,1,D,gradeD_consensus,False,train
DESI-175.0017+16.1414,175.0016632,16.14141344,storfer,1,D,gradeD_consensus,False,train
DESI-175.0968+13.6467,175.0967979,13.64672399,storfer,1,D,gradeD_consensus,True,
DESI-175.1698+11.1900,175.1698265,11.1900239,storfer,1,D,gradeD_consensus,False,train
DESI-175.2172+26.8174,175.2171785,26.81740454,storfer,1,D,gradeD_consensus,False,train
DESI-176.1171+20.5795,176.1171065,20.57953003,storfer,1,D,gradeD_consensus,False,train
DESI-176.1589+42.9085,176.1588735,42.90848316,storfer,1,D,gradeD_consensus,False,train
DESI-176.3437+15.1292,176.3436965,15.12922619,storfer,1,D,gradeD_consensus,False,train
DESI-176.7793+25.5264,176.7793211,25.52644743,storfer,1,D,gradeD_consensus,False,valsel
DESI-177.1839+08.1854,177.1838758,8.185411057,storfer,1,D,gradeD_consensus,False,valsel
DESI-177.1884-07.8256,177.1884135,-7.825613323,storfer,1,D,gradeD_consensus,False,train
DESI-177.2469+00.9752,177.2468987,0.9752251751,storfer,1,D,gradeD_consensus,False,gate
DESI-177.2995-02.5136,177.2995286,-2.513573622,storfer,1,D,gradeD_consensus,False,train
DESI-177.3731+23.1884,177.3731469,23.18840224,storfer,1,D,gradeD_consensus,True,
DESI-177.7140+11.1314,177.7140303,11.13142107,storfer,1,D,gradeD_consensus,False,train
DESI-177.7456+13.9456,177.7456207,13.94559983,storfer,1,D,gradeD_consensus,False,train
DESI-177.7516+20.2826,177.7516066,20.28258895,storfer,1,D,gradeD_consensus,False,train
DESI-178.2136+10.0038,178.213637,10.00378613,storfer,1,D,gradeD_consensus,False,train
DESI-178.3139+28.2102,178.3139418,28.21023677,storfer,1,D,gradeD_consensus,False,train
DESI-178.3199+23.5116,178.3199298,23.51162304,storfer,1,D,gradeD_consensus,False,train
DESI-178.7335+08.9469,178.7335487,8.946870751,storfer,1,D,gradeD_consensus,False,train
DESI-178.8724-03.5162,178.8723516,-3.516189301,storfer,1,D,gradeD_consensus,True,
DESI-178.9367-04.1859,178.9367013,-4.185850152,storfer,1,D,gradeD_consensus,False,train
DESI-179.4213+02.2752,179.4212809,2.275169706,storfer,1,D,gradeD_consensus,False,train
DESI-179.4786+29.0671,179.4785716,29.06706435,storfer,1,D,gradeD_consensus,False,train
DESI-179.5993-06.9113,179.5993162,-6.911307824,storfer,1,D,gradeD_consensus,False,train
DESI-179.9341+10.8000,179.9341199,10.80002427,storfer,1,D,gradeD_consensus,False,train
DESI-180.2973+01.4435,180.2972879,1.443524688,storfer,1,D,gradeD_consensus,False,train
DESI-180.4460+18.5746,180.4460255,18.57456638,storfer,1,D,gradeD_consensus,False,train
DESI-180.4672+25.2066,180.4671556,25.2065519,storfer,1,D,gradeD_consensus,False,valsel
DESI-180.5170+03.5366,180.5169918,3.53656966,storfer,1,D,gradeD_consensus,False,valsel
DESI-180.5518+23.1495,180.551801,23.14953107,storfer,1,D,gradeD_consensus,False,train
DESI-181.5662+40.4135,181.5662489,40.41345405,storfer,1,D,gradeD_consensus,False,train
DESI-182.0117+12.1448,182.0117061,12.14480228,storfer,1,D,gradeD_consensus,False,train
DESI-182.0229+16.6326,182.0229162,16.63262411,storfer,1,D,gradeD_consensus,False,train
DESI-182.2316+29.7893,182.2315615,29.78927715,storfer,1,D,gradeD_consensus,False,train
DESI-182.2541-01.7819,182.2541407,-1.781889688,storfer,1,D,gradeD_consensus,True,
DESI-182.4837+45.5337,182.4836879,45.53372198,storfer,1,D,gradeD_consensus,False,train
DESI-182.5394+21.5232,182.539393,21.52324014,storfer,1,D,gradeD_consensus,False,train
DESI-183.1408-07.8308,183.140819,-7.830770511,storfer,1,D,gradeD_consensus,False,train
DESI-183.2283+12.2596,183.2282551,12.25955386,storfer,1,D,gradeD_consensus,False,train
DESI-183.3074+21.2436,183.3074008,21.2436472,storfer,1,D,gradeD_consensus,False,gate
DESI-183.3440+30.1463,183.3440286,30.14634511,storfer,1,D,gradeD_consensus,False,valsel
DESI-183.7741+12.8002,183.7740943,12.80018609,storfer,1,D,gradeD_consensus,False,train
DESI-184.0938+17.4189,184.0938369,17.41885702,storfer,1,D,gradeD_consensus,True,
DESI-184.4018+07.8483,184.4017652,7.848347187,storfer,1,D,gradeD_consensus,False,valsel
DESI-184.4684+06.1761,184.4684323,6.176069158,storfer,1,D,gradeD_consensus,False,train
DESI-185.0204-06.7368,185.0203988,-6.73675718,storfer,1,D,gradeD_consensus,False,train
DESI-185.3433+35.5362,185.3432747,35.53623844,storfer,1,D,gradeD_consensus,False,valsel
DESI-185.5581+17.1599,185.5580901,17.15990285,storfer,1,D,gradeD_consensus,False,train
DESI-185.5771+31.3448,185.5770582,31.34480642,storfer,1,D,gradeD_consensus,False,train
DESI-185.6232-07.6971,185.6232407,-7.697052269,storfer,1,D,gradeD_consensus,False,train
DESI-185.9873+22.3908,185.9873375,22.39082828,storfer,1,D,gradeD_consensus,False,train
DESI-186.0723+20.3184,186.0722557,20.31842767,storfer,1,D,gradeD_consensus,False,train
DESI-186.1889+09.5193,186.188943,9.519285086,storfer,1,D,gradeD_consensus,True,
DESI-186.2843+56.1099,186.2842839,56.10988193,storfer,1,D,gradeD_consensus,True,
DESI-186.5432+23.1295,186.5431744,23.12954252,storfer,1,D,gradeD_consensus,True,
DESI-186.7628-07.9090,186.7627625,-7.908950231,storfer,1,D,gradeD_consensus,False,valsel
DESI-186.9441+18.3189,186.9441075,18.31886234,storfer,1,D,gradeD_consensus,False,train
DESI-187.2555+07.2983,187.2554828,7.298349267,storfer,1,D,gradeD_consensus,False,train
DESI-187.2805+24.0113,187.2805082,24.01134573,storfer,1,D,gradeD_consensus,False,train
DESI-187.7081+23.2787,187.708084,23.27869115,storfer,1,D,gradeD_consensus,True,
DESI-188.0680+12.8093,188.0679551,12.80927732,storfer,1,D,gradeD_consensus,False,train
DESI-188.2968+26.8674,188.2968361,26.86735083,storfer,1,D,gradeD_consensus,False,valsel
DESI-188.6007+08.3796,188.6006781,8.379636492,storfer,1,D,gradeD_consensus,False,train
DESI-188.7119+43.0436,188.711927,43.043561,storfer,1,D,gradeD_consensus,False,train
DESI-189.0480+13.2909,189.0480192,13.2908901,storfer,1,D,gradeD_consensus,False,train
DESI-189.5128+39.5539,189.51278,39.55389177,storfer,1,D,gradeD_consensus,False,gate
DESI-189.5725+19.2002,189.5725049,19.20015512,storfer,1,D,gradeD_consensus,False,train
DESI-190.1458+14.8175,190.1458034,14.81750224,storfer,1,D,gradeD_consensus,False,train
DESI-190.2072+03.3679,190.2071604,3.367891902,storfer,1,D,gradeD_consensus,False,train
DESI-190.4454+17.0552,190.4454428,17.05521688,storfer,1,D,gradeD_consensus,False,train
DESI-190.4575+26.1980,190.4574578,26.19801454,storfer,1,D,gradeD_consensus,False,valsel
DESI-190.5676+08.5060,190.567579,8.506024642,storfer,1,D,gradeD_consensus,False,train
DESI-190.7101-03.4350,190.7100739,-3.435037884,storfer,1,D,gradeD_consensus,False,train
DESI-190.8241-03.1129,190.8240645,-3.112888745,storfer,1,D,gradeD_consensus,False,valsel
DESI-190.8607+09.3334,190.8607229,9.333433335,storfer,1,D,gradeD_consensus,True,
DESI-191.7427+12.1318,191.7426907,12.13181612,storfer,1,D,gradeD_consensus,True,
DESI-191.7822+00.5842,191.7822469,0.5841604106,storfer,1,D,gradeD_consensus,True,
DESI-192.9480+28.9976,192.9479916,28.99759672,storfer,1,D,gradeD_consensus,False,train
DESI-193.3998+18.2457,193.399824,18.24570613,storfer,1,D,gradeD_consensus,False,train
DESI-194.0633-06.2223,194.063329,-6.222335468,storfer,1,D,gradeD_consensus,False,train
DESI-196.0896+25.9765,196.0895645,25.97646987,storfer,1,D,gradeD_consensus,False,train
DESI-196.1768-06.8936,196.1768045,-6.893572332,storfer,1,D,gradeD_consensus,True,
DESI-196.4927+09.1370,196.4927189,9.136969302,storfer,1,D,gradeD_consensus,False,train
DESI-196.7276+02.5127,196.7275658,2.512747236,storfer,1,D,gradeD_consensus,False,train
DESI-196.8489+14.4521,196.8488971,14.45210445,storfer,1,D,gradeD_consensus,False,train
DESI-197.5914+32.3642,197.5914296,32.36415252,storfer,1,D,gradeD_consensus,False,train
DESI-197.7338+21.9638,197.7337516,21.96380206,storfer,1,D,gradeD_consensus,False,train
DESI-197.8378+06.8112,197.8377693,6.811168448,storfer,1,D,gradeD_consensus,False,train
DESI-198.0250-09.6065,198.0249593,-9.606539979,storfer,1,D,gradeD_consensus,False,gate
DESI-198.0545+11.1442,198.0544792,11.14424129,storfer,1,D,gradeD_consensus,False,valsel
DESI-198.0561+11.3226,198.0560851,11.32258907,storfer,1,D,gradeD_consensus,True,
DESI-198.1151-05.6838,198.1150891,-5.683831511,storfer,1,D,gradeD_consensus,False,train
DESI-198.2573+11.8709,198.2573326,11.87089174,storfer,1,D,gradeD_consensus,False,train
DESI-198.7696+15.1221,198.7696209,15.12210998,storfer,1,D,gradeD_consensus,False,train
DESI-199.0121+15.7349,199.0120795,15.73486144,storfer,1,D,gradeD_consensus,False,train
DESI-199.1182+21.2467,199.1182105,21.24667289,storfer,1,D,gradeD_consensus,False,train
DESI-199.5197+29.1878,199.5196708,29.18781551,storfer,1,D,gradeD_consensus,False,valsel
DESI-199.7131+16.3005,199.7130976,16.3004511,storfer,1,D,gradeD_consensus,False,train
DESI-199.7831+27.2310,199.7830958,27.23097181,storfer,1,D,gradeD_consensus,False,train
DESI-199.9600+25.7969,199.9599743,25.79687834,storfer,1,D,gradeD_consensus,False,valsel
DESI-200.1756+28.0136,200.1755993,28.01361158,storfer,1,D,gradeD_consensus,True,
DESI-200.4340+06.2350,200.4340459,6.23504567,storfer,1,D,gradeD_consensus,False,train
DESI-200.4578-01.5744,200.4577619,-1.574412626,storfer,1,D,gradeD_consensus,False,train
DESI-200.7873-05.7022,200.7873082,-5.702197723,storfer,1,D,gradeD_consensus,True,
DESI-201.2601+25.9666,201.2600991,25.96656195,storfer,1,D,gradeD_consensus,False,train
DESI-201.6067-07.0142,201.6066786,-7.014191698,storfer,1,D,gradeD_consensus,False,train
DESI-202.1159+15.0895,202.1159406,15.08953741,storfer,1,D,gradeD_consensus,False,valsel
DESI-202.3899+22.7257,202.3899466,22.72565847,storfer,1,D,gradeD_consensus,False,valsel
DESI-202.9214+06.6223,202.9213765,6.622314031,storfer,1,D,gradeD_consensus,False,train
DESI-202.9942-05.7756,202.9942425,-5.775635511,storfer,1,D,gradeD_consensus,False,valsel
DESI-202.9966+23.9503,202.9966165,23.95029542,storfer,1,D,gradeD_consensus,False,train
DESI-203.2047+26.1721,203.2047115,26.17214361,storfer,1,D,gradeD_consensus,False,train
DESI-203.2582+06.1003,203.2582111,6.100256743,storfer,1,D,gradeD_consensus,False,train
DESI-203.2583+25.1892,203.2582713,25.18923058,storfer,1,D,gradeD_consensus,False,train
DESI-203.4861+06.0660,203.486087,6.065984455,storfer,1,D,gradeD_consensus,False,train
DESI-203.7478+00.2715,203.7477707,0.2714784064,storfer,1,D,gradeD_consensus,False,train
DESI-203.8457+32.5226,203.8456782,32.522593,storfer,1,D,gradeD_consensus,True,
DESI-204.1128-07.3465,204.1128474,-7.346519194,storfer,1,D,gradeD_consensus,False,train
DESI-204.1948-03.8971,204.1947748,-3.897129551,storfer,1,D,gradeD_consensus,False,train
DESI-204.2821+01.2169,204.2821224,1.216926225,storfer,1,D,gradeD_consensus,True,
DESI-204.3338+16.1418,204.3337747,16.14177893,storfer,1,D,gradeD_consensus,False,train
DESI-204.6233+02.8595,204.6233327,2.85954245,storfer,1,D,gradeD_consensus,False,train
DESI-204.6540-04.6416,204.6539855,-4.641599679,storfer,1,D,gradeD_consensus,False,train
DESI-204.7141+10.3544,204.7140677,10.35443179,storfer,1,D,gradeD_consensus,False,train
DESI-204.8360+09.2808,204.8359688,9.280762041,storfer,1,D,gradeD_consensus,False,train
DESI-204.9180+39.0693,204.9180348,39.06932792,storfer,1,D,gradeD_consensus,False,train
DESI-205.1528+34.5469,205.1528214,34.54687081,storfer,1,D,gradeD_consensus,False,train
DESI-205.2012+32.2667,205.2012454,32.26674446,storfer,1,D,gradeD_consensus,False,train
DESI-205.3561+32.5471,205.3561407,32.5471149,storfer,1,D,gradeD_consensus,False,train
DESI-205.5652+06.8083,205.5651698,6.808338972,storfer,1,D,gradeD_consensus,False,train
DESI-205.7356-05.2128,205.7355676,-5.212772326,storfer,1,D,gradeD_consensus,False,train
DESI-205.9215+22.7345,205.9215297,22.73450461,storfer,1,D,gradeD_consensus,False,train
DESI-206.0349+16.3570,206.0348586,16.35702343,storfer,1,D,gradeD_consensus,False,train
DESI-206.0760+23.4079,206.0759813,23.40790923,storfer,1,D,gradeD_consensus,True,
DESI-206.2731+54.8427,206.2731049,54.84270216,storfer,1,D,gradeD_consensus,False,valsel
DESI-206.6188+41.3954,206.6187552,41.39538033,storfer,1,D,gradeD_consensus,False,train
DESI-207.8165+38.6167,207.8165017,38.61667388,storfer,1,D,gradeD_consensus,False,valsel
DESI-207.9531-05.5963,207.9530644,-5.596260659,storfer,1,D,gradeD_consensus,False,train
DESI-208.3801+06.5127,208.3801447,6.512669608,storfer,1,D,gradeD_consensus,False,train
DESI-208.5999+34.4193,208.5998661,34.41930976,storfer,1,D,gradeD_consensus,False,train
DESI-208.6600+11.9032,208.6600089,11.90316533,storfer,1,D,gradeD_consensus,False,train
DESI-209.4680+22.5385,209.467971,22.53854902,storfer,1,D,gradeD_consensus,False,gate
DESI-209.5706+01.3723,209.5705721,1.372265866,storfer,1,D,gradeD_consensus,False,train
DESI-209.6938+05.8905,209.6938462,5.890504577,storfer,1,D,gradeD_consensus,False,valsel
DESI-210.0603+20.4767,210.0603324,20.47668267,storfer,1,D,gradeD_consensus,False,train
DESI-210.0889+52.2631,210.088933,52.26306652,storfer,1,D,gradeD_consensus,True,
DESI-210.6893+14.8202,210.6893334,14.82016291,storfer,1,D,gradeD_consensus,False,train
DESI-210.7339-00.6671,210.733875,-0.6670877438,storfer,1,D,gradeD_consensus,False,valsel
DESI-210.8412+23.1492,210.8411951,23.14916234,storfer,1,D,gradeD_consensus,False,train
DESI-211.2332+15.2530,211.2331557,15.25302267,storfer,1,D,gradeD_consensus,False,train
DESI-211.4731+14.0358,211.4730943,14.03582762,storfer,1,D,gradeD_consensus,True,
DESI-211.8451-00.1984,211.8450576,-0.1983592297,storfer,1,D,gradeD_consensus,False,valsel
DESI-213.4702+62.4531,213.4702408,62.45311741,storfer,1,D,gradeD_consensus,False,train
DESI-213.4723+08.6922,213.4722642,8.692205082,storfer,1,D,gradeD_consensus,False,gate
DESI-214.3112+13.4127,214.3111587,13.41274462,storfer,1,D,gradeD_consensus,False,train
DESI-214.5720+17.9809,214.5720278,17.9808926,storfer,1,D,gradeD_consensus,False,train
DESI-214.5876-04.5317,214.5875517,-4.531698589,storfer,1,D,gradeD_consensus,False,train
DESI-214.6425+04.9199,214.6425185,4.919912133,storfer,1,D,gradeD_consensus,True,
DESI-214.8563-02.4822,214.856327,-2.482156009,storfer,1,D,gradeD_consensus,False,gate
DESI-215.4351+21.4828,215.4351177,21.48279242,storfer,1,D,gradeD_consensus,False,train
DESI-215.5446-04.9779,215.5446305,-4.977925278,storfer,1,D,gradeD_consensus,False,valsel
DESI-215.7538+21.7338,215.7538389,21.73376463,storfer,1,D,gradeD_consensus,False,train
DESI-216.1696+08.1024,216.1696186,8.102410749,storfer,1,D,gradeD_consensus,False,train
DESI-216.2975-08.2402,216.2974541,-8.240248728,storfer,1,D,gradeD_consensus,False,train
DESI-216.9522-07.6261,216.952197,-7.6261072,storfer,1,D,gradeD_consensus,False,train
DESI-217.0492-05.9371,217.0492434,-5.93706723,storfer,1,D,gradeD_consensus,False,train
DESI-217.4115+24.0596,217.4115011,24.05959569,storfer,1,D,gradeD_consensus,False,train
DESI-217.9243+24.9398,217.9243022,24.93977972,storfer,1,D,gradeD_consensus,False,train
DESI-218.0993+04.4703,218.0992655,4.470305087,storfer,1,D,gradeD_consensus,False,train
DESI-218.1735+21.1353,218.1734825,21.13532637,storfer,1,D,gradeD_consensus,True,
DESI-218.3102-01.9511,218.3102309,-1.951067481,storfer,1,D,gradeD_consensus,False,train
DESI-218.4350+49.8043,218.4349957,49.80430988,storfer,1,D,gradeD_consensus,False,train
DESI-218.9378-05.6911,218.9377997,-5.691124497,storfer,1,D,gradeD_consensus,False,valsel
DESI-219.1315+68.1693,219.1315076,68.16927349,storfer,1,D,gradeD_consensus,True,
DESI-219.1798+24.8207,219.179775,24.82074312,storfer,1,D,gradeD_consensus,False,train
DESI-219.2066+31.5017,219.206592,31.50165448,storfer,1,D,gradeD_consensus,False,train
DESI-219.4708+20.5330,219.4708179,20.5330352,storfer,1,D,gradeD_consensus,False,train
DESI-220.1258-03.1082,220.1257991,-3.108153429,storfer,1,D,gradeD_consensus,False,train
DESI-220.6608+05.3406,220.6607771,5.340623193,storfer,1,D,gradeD_consensus,False,train
DESI-220.9600+33.2722,220.9600385,33.27222461,storfer,1,D,gradeD_consensus,False,train
DESI-221.0507+10.7489,221.0506666,10.74890203,storfer,1,D,gradeD_consensus,False,train
DESI-221.1123-05.2258,221.1122907,-5.225806312,storfer,1,D,gradeD_consensus,False,train
DESI-221.5467+03.0959,221.5467261,3.095907093,storfer,1,D,gradeD_consensus,False,train
DESI-221.6066+33.2353,221.6065811,33.23525337,storfer,1,D,gradeD_consensus,False,train
DESI-222.0079-08.2137,222.0078886,-8.213720059,storfer,1,D,gradeD_consensus,False,train
DESI-222.0590-03.3171,222.058954,-3.317073589,storfer,1,D,gradeD_consensus,False,train
DESI-222.0745+22.1906,222.0745234,22.19056523,storfer,1,D,gradeD_consensus,False,gate
DESI-222.3737+26.0485,222.3736766,26.04847142,storfer,1,D,gradeD_consensus,False,train
DESI-223.1958+22.9434,223.1958425,22.94341165,storfer,1,D,gradeD_consensus,False,train
DESI-223.2101+15.7448,223.210088,15.74479,storfer,1,D,gradeD_consensus,False,train
DESI-223.3701+27.6774,223.370092,27.67741735,storfer,1,D,gradeD_consensus,False,train
DESI-223.3822+27.5440,223.3821895,27.54399061,storfer,1,D,gradeD_consensus,True,
DESI-223.6357+27.2507,223.635701,27.25068072,storfer,1,D,gradeD_consensus,False,valsel
DESI-223.7120-07.5786,223.7120232,-7.578638524,storfer,1,D,gradeD_consensus,False,train
DESI-224.0564-04.1988,224.0564302,-4.198761872,storfer,1,D,gradeD_consensus,False,train
DESI-224.0868+27.9193,224.0867651,27.91929163,storfer,1,D,gradeD_consensus,True,
DESI-224.1666+50.8825,224.1665978,50.88246177,storfer,1,D,gradeD_consensus,False,train
DESI-225.1963+13.4597,225.1963415,13.45974759,storfer,1,D,gradeD_consensus,False,train
DESI-225.5696+24.2439,225.5695957,24.24385884,storfer,1,D,gradeD_consensus,False,train
DESI-225.8164+00.2921,225.8164365,0.2920720436,storfer,1,D,gradeD_consensus,False,train
DESI-225.9835+00.0378,225.9834679,0.03780936189,storfer,1,D,gradeD_consensus,True,
DESI-226.0753+62.4418,226.0752514,62.44180891,storfer,1,D,gradeD_consensus,False,train
DESI-226.2641+22.2037,226.2640523,22.20369085,storfer,1,D,gradeD_consensus,False,train
DESI-226.5226-03.4479,226.5226478,-3.447944809,storfer,1,D,gradeD_consensus,False,train
DESI-227.2022+24.0221,227.2022347,24.02214304,storfer,1,D,gradeD_consensus,False,train
DESI-227.4268+24.9871,227.4268315,24.98706718,storfer,1,D,gradeD_consensus,False,train
DESI-227.6192+24.9742,227.6191576,24.9741853,storfer,1,D,gradeD_consensus,False,train
DESI-227.7011+63.0570,227.7011121,63.05702497,storfer,1,D,gradeD_consensus,False,train
DESI-228.4433+21.3783,228.4432976,21.37825081,storfer,1,D,gradeD_consensus,False,train
DESI-228.7375+04.1751,228.7375222,4.175059696,storfer,1,D,gradeD_consensus,False,gate
DESI-228.7546+14.2660,228.7545873,14.26596063,storfer,1,D,gradeD_consensus,True,
DESI-229.1011-00.8300,229.1011326,-0.8300272223,storfer,1,D,gradeD_consensus,False,train
DESI-229.2057+07.8082,229.2057436,7.808189128,storfer,1,D,gradeD_consensus,False,train
DESI-229.3472-00.3889,229.3472352,-0.3889015221,storfer,1,D,gradeD_consensus,False,train
DESI-229.5042+16.0529,229.5041925,16.05289303,storfer,1,D,gradeD_consensus,False,train
DESI-229.8746+08.6673,229.8746049,8.66732679,storfer,1,D,gradeD_consensus,True,
DESI-230.2887+18.8089,230.2886949,18.80885657,storfer,1,D,gradeD_consensus,False,train
DESI-230.3455+68.9920,230.3454888,68.99203747,storfer,1,D,gradeD_consensus,True,
DESI-230.8718+33.8947,230.8718109,33.89471557,storfer,1,D,gradeD_consensus,False,train
DESI-232.4532+24.9424,232.4532003,24.9423896,storfer,1,D,gradeD_consensus,True,
DESI-232.6588+34.8253,232.6587756,34.8253342,storfer,1,D,gradeD_consensus,False,train
DESI-232.8936-00.3208,232.8935796,-0.3207652684,storfer,1,D,gradeD_consensus,False,train
DESI-233.3636+11.9529,233.3636463,11.95288761,storfer,1,D,gradeD_consensus,True,
DESI-233.6362+25.9687,233.6362121,25.9686965,storfer,1,D,gradeD_consensus,False,train
DESI-234.0147+36.4926,234.0146782,36.49257647,storfer,1,D,gradeD_consensus,False,train
DESI-234.9367+03.0766,234.9366694,3.076589183,storfer,1,D,gradeD_consensus,True,
DESI-235.0179+04.4711,235.0178598,4.47111634,storfer,1,D,gradeD_consensus,False,valsel
DESI-235.1699+02.9732,235.1698681,2.973211508,storfer,1,D,gradeD_consensus,False,train
DESI-236.3402+19.8429,236.3401515,19.84290326,storfer,1,D,gradeD_consensus,False,train
DESI-236.4548-00.0698,236.4547718,-0.06983555484,storfer,1,D,gradeD_consensus,False,train
DESI-236.5907+23.0086,236.5906624,23.00863956,storfer,1,D,gradeD_consensus,False,train
DESI-236.6280+02.9869,236.6279808,2.986942445,storfer,1,D,gradeD_consensus,False,train
DESI-237.5257+02.3795,237.5257316,2.379454967,storfer,1,D,gradeD_consensus,False,train
DESI-237.7687+29.0117,237.7686849,29.01168543,storfer,1,D,gradeD_consensus,False,valsel
DESI-238.7150+17.4694,238.715014,17.469379,storfer,1,D,gradeD_consensus,False,valsel
DESI-238.8618+16.2095,238.8617988,16.20946231,storfer,1,D,gradeD_consensus,False,train
DESI-239.3325+11.3431,239.3324789,11.34305531,storfer,1,D,gradeD_consensus,False,train
DESI-240.4732+09.1862,240.4731746,9.186198175,storfer,1,D,gradeD_consensus,False,train
DESI-240.9455+09.0668,240.9455077,9.066833774,storfer,1,D,gradeD_consensus,False,train
DESI-241.1336+11.3428,241.1336348,11.34281596,storfer,1,D,gradeD_consensus,True,
DESI-241.3500+35.0662,241.3499733,35.06617003,storfer,1,D,gradeD_consensus,False,valsel
DESI-241.8123+03.8783,241.8123128,3.878279805,storfer,1,D,gradeD_consensus,False,train
DESI-241.8326+09.0996,241.8325682,9.099643307,storfer,1,D,gradeD_consensus,False,train
DESI-241.8463+07.1753,241.8462857,7.175337242,storfer,1,D,gradeD_consensus,False,train
DESI-242.1752+09.4988,242.1751566,9.498820937,storfer,1,D,gradeD_consensus,False,train
DESI-242.3554+14.6583,242.3554178,14.65826547,storfer,1,D,gradeD_consensus,False,train
DESI-242.6332+06.6782,242.6331853,6.678228904,storfer,1,D,gradeD_consensus,False,gate
DESI-243.3324+12.1071,243.3324095,12.10713917,storfer,1,D,gradeD_consensus,False,train
DESI-243.3620+06.7223,243.3619703,6.722291149,storfer,1,D,gradeD_consensus,False,valsel
DESI-244.0276+06.5562,244.0276018,6.556164209,storfer,1,D,gradeD_consensus,False,valsel
DESI-244.3240+01.0447,244.324009,1.044663707,storfer,1,D,gradeD_consensus,False,train
DESI-244.4295+07.2579,244.4294947,7.257925886,storfer,1,D,gradeD_consensus,False,train
DESI-245.0015+08.4533,245.001519,8.453346797,storfer,1,D,gradeD_consensus,False,train
DESI-245.1306+50.4846,245.1306229,50.48463085,storfer,1,D,gradeD_consensus,False,train
DESI-246.4936+12.0455,246.4935768,12.04553468,storfer,1,D,gradeD_consensus,False,valsel
DESI-246.5309+10.7318,246.5309171,10.73178727,storfer,1,D,gradeD_consensus,False,train
DESI-246.6243+23.3417,246.6242757,23.34173081,storfer,1,D,gradeD_consensus,False,valsel
DESI-247.2287+17.6212,247.2286705,17.62123584,storfer,1,D,gradeD_consensus,False,train
DESI-248.2477+19.5318,248.2476941,19.53175783,storfer,1,D,gradeD_consensus,False,train
DESI-248.3528-01.6039,248.3527742,-1.603935021,storfer,1,D,gradeD_consensus,False,valsel
DESI-248.4449+33.6964,248.4449117,33.69636717,storfer,1,D,gradeD_consensus,False,train
DESI-248.7206+00.8534,248.7205503,0.8534016202,storfer,1,D,gradeD_consensus,True,
DESI-249.2110+09.6644,249.2109924,9.66436642,storfer,1,D,gradeD_consensus,False,train
DESI-249.9685+26.4353,249.9684617,26.43533304,storfer,1,D,gradeD_consensus,False,train
DESI-253.3612+16.5028,253.3611653,16.50279218,storfer,1,D,gradeD_consensus,True,
DESI-254.5130+56.6424,254.5129503,56.64236272,storfer,1,D,gradeD_consensus,True,
DESI-254.5243+24.8144,254.5242767,24.81435458,storfer,1,D,gradeD_consensus,False,train
DESI-255.0374+52.7436,255.0374053,52.74357265,storfer,1,D,gradeD_consensus,False,train
DESI-256.6215+34.3686,256.6214639,34.36855338,storfer,1,D,gradeD_consensus,False,train
DESI-257.1676+22.6972,257.1676496,22.69723705,storfer,1,D,gradeD_consensus,False,train
DESI-257.4001+07.9392,257.4000949,7.939230369,storfer,1,D,gradeD_consensus,False,train
DESI-257.8090+45.1857,257.8089527,45.1856561,storfer,1,D,gradeD_consensus,True,
DESI-257.8357+52.2664,257.835731,52.26639447,storfer,1,D,gradeD_consensus,False,train
DESI-258.5685+16.0378,258.568475,16.03776694,storfer,1,D,gradeD_consensus,False,train
DESI-259.6875+09.9162,259.6875209,9.916226434,storfer,1,D,gradeD_consensus,False,train
DESI-259.9288+32.4636,259.9287952,32.46363787,storfer,1,D,gradeD_consensus,False,train
DESI-260.5889+28.3162,260.5888999,28.31621939,storfer,1,D,gradeD_consensus,False,valsel
DESI-260.7725+40.1080,260.7725463,40.10803862,storfer,1,D,gradeD_consensus,False,train
DESI-261.4662+09.5566,261.4661596,9.556570883,storfer,1,D,gradeD_consensus,False,train
DESI-261.8129+18.9196,261.8128689,18.91956392,storfer,1,D,gradeD_consensus,False,train
DESI-261.9887+19.0129,261.9887434,19.01294029,storfer,1,D,gradeD_consensus,True,
DESI-262.0559+12.5296,262.0559217,12.52955542,storfer,1,D,gradeD_consensus,False,train
DESI-262.1716+22.2222,262.1715616,22.22223947,storfer,1,D,gradeD_consensus,False,train
DESI-262.2552+14.0633,262.2552075,14.06331496,storfer,1,D,gradeD_consensus,False,train
DESI-262.9164+22.8663,262.9163745,22.86626545,storfer,1,D,gradeD_consensus,False,valsel
DESI-263.0314+25.3463,263.0314076,25.34632565,storfer,1,D,gradeD_consensus,False,valsel
DESI-263.5485+54.2002,263.5484779,54.20021025,storfer,1,D,gradeD_consensus,False,train
DESI-264.6984+14.0553,264.6983804,14.05531485,storfer,1,D,gradeD_consensus,False,train
DESI-264.7369+22.7052,264.7369447,22.70520757,storfer,1,D,gradeD_consensus,False,train
DESI-266.1293+14.2989,266.1292592,14.29894172,storfer,1,D,gradeD_consensus,False,train
DESI-266.4046+28.7676,266.4046342,28.76758391,storfer,1,D,gradeD_consensus,False,train
DESI-266.5050+33.9755,266.5049794,33.97545481,storfer,1,D,gradeD_consensus,False,train
DESI-267.5083+30.1731,267.5082839,30.17310058,storfer,1,D,gradeD_consensus,False,train
DESI-267.8572+29.0846,267.8572204,29.08455544,storfer,1,D,gradeD_consensus,True,
DESI-268.6716+17.8283,268.6716059,17.82825276,storfer,1,D,gradeD_consensus,False,train
DESI-271.0566+22.5282,271.0566144,22.52816818,storfer,1,D,gradeD_consensus,False,train
DESI-272.4717+29.5801,272.4716652,29.58014972,storfer,1,D,gradeD_consensus,False,train
DESI-272.6519+44.4332,272.6519234,44.43322568,storfer,1,D,gradeD_consensus,False,train
DESI-277.2995+39.3591,277.2994755,39.35911965,storfer,1,D,gradeD_consensus,True,
DESI-278.0590+37.3431,278.0589995,37.34312985,storfer,1,D,gradeD_consensus,False,train
DESI-278.4260+43.3935,278.4260058,43.39351767,storfer,1,D,gradeD_consensus,True,
DESI-279.5187+44.5269,279.5186694,44.52692069,storfer,1,D,gradeD_consensus,False,train
DESI-280.4217+74.2348,280.4216865,74.23480128,storfer,1,D,gradeD_consensus,False,train
DESI-286.6211+62.3055,286.6211348,62.30548636,storfer,1,D,gradeD_consensus,False,gate
DESI-300.9143-53.4200,300.9142908,-53.42003022,storfer,1,D,gradeD_consensus,False,train
DESI-303.0981-56.2208,303.0981203,-56.22078443,storfer,1,D,gradeD_consensus,False,train
DESI-304.8058-51.9381,304.805774,-51.93814702,storfer,1,D,gradeD_consensus,False,train
DESI-305.8436-48.5599,305.8436436,-48.55989426,storfer,1,D,gradeD_consensus,False,gate
DESI-306.7393-49.3333,306.7393265,-49.3333415,storfer,1,D,gradeD_consensus,False,train
DESI-306.8246-47.7699,306.8245608,-47.76994878,storfer,1,D,gradeD_consensus,False,gate
DESI-308.0432-41.5946,308.0432,-41.59459926,storfer,1,D,gradeD_consensus,False,train
DESI-308.0694-43.6335,308.0694414,-43.63347097,storfer,1,D,gradeD_consensus,False,train
DESI-308.4852-43.1004,308.4851816,-43.10044659,storfer,1,D,gradeD_consensus,False,train
DESI-308.7726-48.2381,308.7726162,-48.23811551,storfer,1,D,gradeD_consensus,False,train
DESI-308.9771-63.3591,308.9771292,-63.35912401,storfer,1,D,gradeD_consensus,False,train
DESI-309.2203-46.9067,309.2202685,-46.90668596,storfer,1,D,gradeD_consensus,False,train
DESI-309.2245-63.9326,309.2244776,-63.93264105,storfer,1,D,gradeD_consensus,False,train
DESI-309.6524-44.4549,309.6523593,-44.45490826,storfer,1,D,gradeD_consensus,False,train
DESI-310.0201+03.7227,310.0201372,3.722687137,storfer,1,D,gradeD_consensus,False,train
DESI-310.5241-56.3032,310.5241149,-56.30318424,storfer,1,D,gradeD_consensus,False,train
DESI-310.6620-45.8900,310.6620305,-45.89001032,storfer,1,D,gradeD_consensus,False,valsel
DESI-311.9808-59.0120,311.9807606,-59.01203252,storfer,1,D,gradeD_consensus,False,train
DESI-312.1944-45.9930,312.1944347,-45.99298027,storfer,1,D,gradeD_consensus,False,train
DESI-313.3691-54.0952,313.369069,-54.09520529,storfer,1,D,gradeD_consensus,True,
DESI-313.4783-45.5807,313.478305,-45.5806943,storfer,1,D,gradeD_consensus,False,train
DESI-313.8609-52.1259,313.8608827,-52.1259424,storfer,1,D,gradeD_consensus,False,train
DESI-313.9924-43.5953,313.9923841,-43.59526401,storfer,1,D,gradeD_consensus,False,train
DESI-314.1440-53.1623,314.1440436,-53.16231344,storfer,1,D,gradeD_consensus,False,train
DESI-314.2005+05.8759,314.2004549,5.87594854,storfer,1,D,gradeD_consensus,False,train
DESI-315.1441-55.9067,315.1440952,-55.90669065,storfer,1,D,gradeD_consensus,False,train
DESI-315.5677-48.0099,315.5676673,-48.00987095,storfer,1,D,gradeD_consensus,False,train
DESI-316.6479-54.0411,316.6479321,-54.04111978,storfer,1,D,gradeD_consensus,False,train
DESI-317.2522+06.9301,317.2522059,6.930082271,storfer,1,D,gradeD_consensus,False,train
DESI-317.4156-40.9409,317.4156401,-40.94090046,storfer,1,D,gradeD_consensus,False,valsel
DESI-317.9597-44.5769,317.9597361,-44.57687017,storfer,1,D,gradeD_consensus,True,
DESI-318.0286-53.9781,318.0286451,-53.97806304,storfer,1,D,gradeD_consensus,False,train
DESI-318.2628-56.2396,318.2628044,-56.23958244,storfer,1,D,gradeD_consensus,False,train
DESI-318.3703+18.0576,318.3703255,18.05763987,storfer,1,D,gradeD_consensus,True,
DESI-319.1877-42.5322,319.1876792,-42.53218328,storfer,1,D,gradeD_consensus,False,train
DESI-319.3414-05.7090,319.3413712,-5.709042182,storfer,1,D,gradeD_consensus,False,valsel
DESI-319.5754-61.2030,319.5753667,-61.20297573,storfer,1,D,gradeD_consensus,False,valsel
DESI-319.6864+16.9161,319.6863858,16.9160609,storfer,1,D,gradeD_consensus,False,valsel
DESI-319.7069-46.3994,319.7069473,-46.39935114,storfer,1,D,gradeD_consensus,False,valsel
DESI-319.8536+05.3021,319.8535592,5.302064613,storfer,1,D,gradeD_consensus,False,train
DESI-319.9330+00.3645,319.9329749,0.3645461382,storfer,1,D,gradeD_consensus,False,train
DESI-320.1300-45.8642,320.1299792,-45.86416097,storfer,1,D,gradeD_consensus,False,gate
DESI-320.1858-63.1300,320.1858309,-63.13000491,storfer,1,D,gradeD_consensus,False,train
DESI-320.2416-41.4194,320.2416322,-41.41943991,storfer,1,D,gradeD_consensus,False,train
DESI-320.6024+00.5296,320.6023825,0.5295607783,storfer,1,D,gradeD_consensus,False,valsel
DESI-320.9876+10.5432,320.9876499,10.54319575,storfer,1,D,gradeD_consensus,False,valsel
DESI-321.6921+20.6176,321.6921363,20.61760155,storfer,1,D,gradeD_consensus,False,train
DESI-322.0300+17.0328,322.0300252,17.03282138,storfer,1,D,gradeD_consensus,False,train
DESI-322.3436-13.1683,322.3436144,-13.16830469,storfer,1,D,gradeD_consensus,False,valsel
DESI-322.7722-40.3258,322.7721559,-40.32584559,storfer,1,D,gradeD_consensus,False,train
DESI-322.7926-48.9781,322.7925759,-48.97814088,storfer,1,D,gradeD_consensus,False,train
DESI-323.1489-41.4276,323.1489131,-41.42764119,storfer,1,D,gradeD_consensus,False,gate
DESI-323.2318-61.6659,323.2317944,-61.66585479,storfer,1,D,gradeD_consensus,False,train
DESI-323.5478-00.8199,323.5477685,-0.8198837207,storfer,1,D,gradeD_consensus,False,train
DESI-323.6128-46.1633,323.6128406,-46.1632639,storfer,1,D,gradeD_consensus,False,train
DESI-323.7508-62.9115,323.7507665,-62.91151848,storfer,1,D,gradeD_consensus,False,train
DESI-324.0323-49.9306,324.0322959,-49.93057714,storfer,1,D,gradeD_consensus,False,gate
DESI-324.0416-04.8402,324.0415734,-4.840246725,storfer,1,D,gradeD_consensus,True,
DESI-324.3000-01.7331,324.2999666,-1.733127536,storfer,1,D,gradeD_consensus,False,train
DESI-324.6900+16.9825,324.6900383,16.98250513,storfer,1,D,gradeD_consensus,False,train
DESI-324.8326-43.0421,324.8325737,-43.04211883,storfer,1,D,gradeD_consensus,False,train
DESI-325.2553-61.8115,325.255307,-61.81145771,storfer,1,D,gradeD_consensus,False,train
DESI-325.3486-62.3149,325.3486298,-62.31490643,storfer,1,D,gradeD_consensus,False,train
DESI-325.3681+02.2797,325.3680989,2.279733165,storfer,1,D,gradeD_consensus,False,valsel
DESI-325.3707-00.8261,325.3706712,-0.8261133425,storfer,1,D,gradeD_consensus,False,valsel
DESI-325.7902-42.9283,325.7902234,-42.92826301,storfer,1,D,gradeD_consensus,False,train
DESI-325.9594+20.1279,325.9594016,20.12786432,storfer,1,D,gradeD_consensus,False,train
DESI-326.1190+01.1202,326.1190494,1.12023448,storfer,1,D,gradeD_consensus,False,train
DESI-326.4385-00.4798,326.4384925,-0.4798432017,storfer,1,D,gradeD_consensus,True,
DESI-326.4499-06.0018,326.4499322,-6.001836138,storfer,1,D,gradeD_consensus,False,train
DESI-326.4525-55.0224,326.4524975,-55.02243687,storfer,1,D,gradeD_consensus,False,train
DESI-326.4590+21.5903,326.458967,21.59028222,storfer,1,D,gradeD_consensus,False,train
DESI-326.4825+00.0027,326.4824921,0.002722786141,storfer,1,D,gradeD_consensus,False,gate
DESI-326.4896+13.8431,326.4896132,13.84312146,storfer,1,D,gradeD_consensus,False,train
DESI-326.5968-42.2949,326.5967551,-42.29485546,storfer,1,D,gradeD_consensus,True,
DESI-326.6925-43.2476,326.6924787,-43.24762815,storfer,1,D,gradeD_consensus,False,valsel
DESI-326.8985-56.0088,326.8984558,-56.00883137,storfer,1,D,gradeD_consensus,True,
DESI-327.0381+02.0460,327.0381345,2.046032732,storfer,1,D,gradeD_consensus,False,gate
DESI-327.0863-49.3603,327.0863388,-49.36030296,storfer,1,D,gradeD_consensus,False,train
DESI-327.2878+08.8755,327.2877821,8.875475083,storfer,1,D,gradeD_consensus,False,train
DESI-327.4735-47.4774,327.4735292,-47.4773588,storfer,1,D,gradeD_consensus,False,train
DESI-327.5577-51.3316,327.5576923,-51.33155488,storfer,1,D,gradeD_consensus,False,train
DESI-328.0471+10.3451,328.0471341,10.34514026,storfer,1,D,gradeD_consensus,False,train
DESI-328.3989-42.0387,328.3988591,-42.03869012,storfer,1,D,gradeD_consensus,False,train
DESI-328.9677-01.2661,328.9677085,-1.26612187,storfer,1,D,gradeD_consensus,False,train
DESI-329.0349+01.3896,329.0349332,1.389556038,storfer,1,D,gradeD_consensus,True,
DESI-329.2143+24.4986,329.2142911,24.49857758,storfer,1,D,gradeD_consensus,False,train
DESI-329.2266-57.5828,329.226647,-57.58284052,storfer,1,D,gradeD_consensus,False,train
DESI-329.6264-62.4564,329.6263762,-62.45643953,storfer,1,D,gradeD_consensus,False,train
DESI-329.7434-61.9749,329.743394,-61.97489935,storfer,1,D,gradeD_consensus,False,train
DESI-330.1278-11.1619,330.1278438,-11.16191025,storfer,1,D,gradeD_consensus,False,train
DESI-330.1711-52.6158,330.1710702,-52.6158385,storfer,1,D,gradeD_consensus,False,train
DESI-330.2099-57.2533,330.2099092,-57.25328494,storfer,1,D,gradeD_consensus,False,train
DESI-330.7453-04.9140,330.7452741,-4.913970199,storfer,1,D,gradeD_consensus,False,train
DESI-330.9477-62.2874,330.9477451,-62.28742796,storfer,1,D,gradeD_consensus,True,
DESI-331.0995-54.5395,331.0994666,-54.53950956,storfer,1,D,gradeD_consensus,False,train
DESI-331.6220-58.1441,331.6220275,-58.14405564,storfer,1,D,gradeD_consensus,False,valsel
DESI-331.6225+00.9580,331.622476,0.9579566039,storfer,1,D,gradeD_consensus,False,train
DESI-331.6629-40.2521,331.6629298,-40.25205159,storfer,1,D,gradeD_consensus,False,train
DESI-331.8070-52.0497,331.8069969,-52.04974277,storfer,1,D,gradeD_consensus,True,
DESI-331.9423-43.3391,331.9423028,-43.33906323,storfer,1,D,gradeD_consensus,False,train
DESI-331.9426+20.1438,331.9426043,20.14382788,storfer,1,D,gradeD_consensus,False,train
DESI-332.3926-57.5415,332.3925637,-57.54148477,storfer,1,D,gradeD_consensus,False,train
DESI-332.8213-11.3775,332.8212944,-11.37747991,storfer,1,D,gradeD_consensus,False,train
DESI-332.8418-61.8965,332.8418089,-61.89654515,storfer,1,D,gradeD_consensus,False,train
DESI-333.0868-00.1706,333.0868266,-0.170584372,storfer,1,D,gradeD_consensus,False,train
DESI-333.4099+10.6329,333.409932,10.63288505,storfer,1,D,gradeD_consensus,False,valsel
DESI-333.5789+01.1774,333.5788992,1.177397199,storfer,1,D,gradeD_consensus,False,train
DESI-333.8091+01.0446,333.8090556,1.044613153,storfer,1,D,gradeD_consensus,True,
DESI-333.9195+01.8297,333.9195017,1.829694136,storfer,1,D,gradeD_consensus,False,train
DESI-333.9297-42.1512,333.9296583,-42.15119173,storfer,1,D,gradeD_consensus,False,train
DESI-333.9665-01.6371,333.966501,-1.637082468,storfer,1,D,gradeD_consensus,False,train
DESI-334.4270-41.8720,334.4270254,-41.87204036,storfer,1,D,gradeD_consensus,True,
DESI-334.6628-09.6291,334.662802,-9.629088002,storfer,1,D,gradeD_consensus,False,train
DESI-334.6963-43.7652,334.6962732,-43.7651745,storfer,1,D,gradeD_consensus,False,train
DESI-334.7366+00.2816,334.7366264,0.2815940096,storfer,1,D,gradeD_consensus,False,train
DESI-334.7812-45.7618,334.7812288,-45.7617702,storfer,1,D,gradeD_consensus,False,train
DESI-334.7830-08.9395,334.7829665,-8.93954773,storfer,1,D,gradeD_consensus,True,
DESI-335.1115-63.1161,335.1114852,-63.11605683,storfer,1,D,gradeD_consensus,True,
DESI-335.1909-55.8748,335.1908554,-55.87478073,storfer,1,D,gradeD_consensus,True,
DESI-335.6052-06.1878,335.6051754,-6.187817977,storfer,1,D,gradeD_consensus,False,train
DESI-336.0656+15.3617,336.0655822,15.36174442,storfer,1,D,gradeD_consensus,False,train
DESI-336.1600-00.1304,336.1600317,-0.1304222202,storfer,1,D,gradeD_consensus,False,train
DESI-336.3734+11.5856,336.3734406,11.58559268,storfer,1,D,gradeD_consensus,False,train
DESI-336.4937-53.9729,336.4937167,-53.97287427,storfer,1,D,gradeD_consensus,False,train
DESI-336.6257-02.8177,336.6256731,-2.817701194,storfer,1,D,gradeD_consensus,False,train
DESI-336.7782-57.4705,336.7782342,-57.47050372,storfer,1,D,gradeD_consensus,False,valsel
DESI-336.8690-48.8743,336.8690222,-48.87425919,storfer,1,D,gradeD_consensus,False,train
DESI-337.0079+15.3865,337.0079416,15.38645627,storfer,1,D,gradeD_consensus,False,valsel
DESI-337.0238+23.4049,337.0237637,23.40493022,storfer,1,D,gradeD_consensus,False,train
DESI-337.0354+16.0921,337.0354138,16.09213518,storfer,1,D,gradeD_consensus,True,
DESI-337.2647-55.2168,337.2647156,-55.21682664,storfer,1,D,gradeD_consensus,False,train
DESI-337.3804-55.4231,337.3804468,-55.42307396,storfer,1,D,gradeD_consensus,False,train
DESI-337.3960-44.2745,337.3959707,-44.27449401,storfer,1,D,gradeD_consensus,False,train
DESI-337.4858-42.0527,337.485841,-42.05266296,storfer,1,D,gradeD_consensus,False,train
DESI-337.6099-45.7932,337.6098689,-45.79315217,storfer,1,D,gradeD_consensus,False,train
DESI-337.7015-50.1563,337.7015129,-50.15626876,storfer,1,D,gradeD_consensus,False,train
DESI-338.0693-43.5083,338.069336,-43.50826408,storfer,1,D,gradeD_consensus,False,train
DESI-338.1106-60.1609,338.1106385,-60.16087096,storfer,1,D,gradeD_consensus,False,valsel
DESI-338.1859+29.3470,338.18591,29.347047,storfer,1,D,gradeD_consensus,False,valsel
DESI-338.2819-50.7598,338.2819137,-50.75977508,storfer,1,D,gradeD_consensus,False,train
DESI-338.5431+32.4454,338.5430645,32.44538819,storfer,1,D,gradeD_consensus,False,valsel
DESI-338.6021-00.2403,338.6021442,-0.2402515556,storfer,1,D,gradeD_consensus,False,train
DESI-338.7134-60.8722,338.7133727,-60.87218147,storfer,1,D,gradeD_consensus,False,train
DESI-338.8070-10.3407,338.8070047,-10.34074447,storfer,1,D,gradeD_consensus,False,train
DESI-339.2448-54.4694,339.2447559,-54.469353,storfer,1,D,gradeD_consensus,False,train
DESI-339.2925+15.2458,339.2925004,15.24579305,storfer,1,D,gradeD_consensus,False,train
DESI-339.3348-56.2879,339.3348286,-56.28788523,storfer,1,D,gradeD_consensus,False,train
DESI-339.4463+33.0187,339.4462535,33.01869705,storfer,1,D,gradeD_consensus,False,train
DESI-339.4488-65.0855,339.4488051,-65.08546431,storfer,1,D,gradeD_consensus,False,train
DESI-339.4759+27.5897,339.4759148,27.58967242,storfer,1,D,gradeD_consensus,False,train
DESI-339.7947-48.2552,339.7946975,-48.25520591,storfer,1,D,gradeD_consensus,False,valsel
DESI-339.8359+01.7513,339.8358928,1.751308913,storfer,1,D,gradeD_consensus,False,valsel
DESI-340.3276-12.7675,340.3276247,-12.76751288,storfer,1,D,gradeD_consensus,False,valsel
DESI-340.3462+01.0608,340.3461922,1.060843641,storfer,1,D,gradeD_consensus,False,train
DESI-340.3985+01.1081,340.3985128,1.108131318,storfer,1,D,gradeD_consensus,False,train
DESI-340.7763-44.7168,340.7762841,-44.71676856,storfer,1,D,gradeD_consensus,True,
DESI-340.8924-01.8987,340.89245,-1.8986757,storfer,1,D,gradeD_consensus,False,valsel
DESI-340.9543-47.7620,340.9542543,-47.76201386,storfer,1,D,gradeD_consensus,False,train
DESI-341.2353-47.2688,341.2353343,-47.26883473,storfer,1,D,gradeD_consensus,False,train
DESI-341.2703-50.0221,341.2703412,-50.02205998,storfer,1,D,gradeD_consensus,False,train
DESI-341.5862-11.1060,341.5862285,-11.10603756,storfer,1,D,gradeD_consensus,False,valsel
DESI-342.1397-51.8900,342.1397466,-51.88995789,storfer,1,D,gradeD_consensus,False,train
DESI-342.2277-49.9235,342.2277068,-49.92345512,storfer,1,D,gradeD_consensus,False,train
DESI-342.5951-09.6182,342.5951273,-9.618236959,storfer,1,D,gradeD_consensus,False,train
DESI-342.6787-58.2335,342.6787477,-58.23345449,storfer,1,D,gradeD_consensus,True,
DESI-342.8398+14.4981,342.8397841,14.49807278,storfer,1,D,gradeD_consensus,False,train
DESI-342.9236-57.4053,342.923623,-57.40528995,storfer,1,D,gradeD_consensus,False,valsel
DESI-342.9296-46.7865,342.9296093,-46.78649969,storfer,1,D,gradeD_consensus,False,train
DESI-343.0755-02.2808,343.0755003,-2.280816699,storfer,1,D,gradeD_consensus,False,train
DESI-343.1778-50.4351,343.1777721,-50.43511231,storfer,1,D,gradeD_consensus,False,train
DESI-343.2543-57.6444,343.2543202,-57.6443771,storfer,1,D,gradeD_consensus,False,train
DESI-343.3393+12.1114,343.3392957,12.11144653,storfer,1,D,gradeD_consensus,False,train
DESI-343.8114-60.2360,343.8113591,-60.23597929,storfer,1,D,gradeD_consensus,False,train
DESI-343.9996+11.0677,343.9995947,11.06772398,storfer,1,D,gradeD_consensus,False,train
DESI-344.0644-48.6302,344.0644342,-48.63018347,storfer,1,D,gradeD_consensus,True,
DESI-344.1388-60.2111,344.1388372,-60.21107335,storfer,1,D,gradeD_consensus,False,train
DESI-344.4392-58.2336,344.439178,-58.23363215,storfer,1,D,gradeD_consensus,False,train
DESI-344.8283-04.8480,344.8282698,-4.847977209,storfer,1,D,gradeD_consensus,False,train
DESI-345.0133-44.9065,345.0133147,-44.90650098,storfer,1,D,gradeD_consensus,False,valsel
DESI-345.1396+03.8309,345.1395592,3.830914494,storfer,1,D,gradeD_consensus,False,valsel
DESI-345.5129+12.8317,345.5128816,12.83171722,storfer,1,D,gradeD_consensus,False,train
DESI-346.2113+27.3830,346.2112614,27.38298865,storfer,1,D,gradeD_consensus,False,train
DESI-346.6701+09.4238,346.670114,9.423763954,storfer,1,D,gradeD_consensus,False,train
DESI-346.7994-54.6686,346.7993789,-54.66858682,storfer,1,D,gradeD_consensus,False,train
DESI-347.0922-03.0723,347.0922001,-3.072310723,storfer,1,D,gradeD_consensus,False,train
DESI-347.1313+31.7770,347.1313231,31.77697735,storfer,1,D,gradeD_consensus,True,
DESI-347.2554+14.2154,347.2553784,14.21539246,storfer,1,D,gradeD_consensus,False,train
DESI-347.7404-12.9205,347.7404435,-12.9205125,storfer,1,D,gradeD_consensus,False,train
DESI-347.7686+26.6147,347.76859,26.61466624,storfer,1,D,gradeD_consensus,False,train
DESI-347.8116+11.6608,347.8116181,11.66083516,storfer,1,D,gradeD_consensus,False,train
DESI-348.0755-43.0908,348.07547,-43.09082644,storfer,1,D,gradeD_consensus,False,train
DESI-348.1246-44.8421,348.1245817,-44.84210434,storfer,1,D,gradeD_consensus,False,train
DESI-348.1977-64.4747,348.1977224,-64.47473413,storfer,1,D,gradeD_consensus,False,train
DESI-348.3159-48.8950,348.3158902,-48.89500408,storfer,1,D,gradeD_consensus,False,train
DESI-348.6431-00.1045,348.6430533,-0.1044636839,storfer,1,D,gradeD_consensus,False,gate
DESI-348.6442-01.8332,348.6441839,-1.833194926,storfer,1,D,gradeD_consensus,False,train
DESI-348.8037-03.2622,348.8036786,-3.262198193,storfer,1,D,gradeD_consensus,False,valsel
DESI-349.0465-12.9334,349.0465011,-12.93340961,storfer,1,D,gradeD_consensus,False,train
DESI-349.1187-55.2179,349.1186824,-55.21789208,storfer,1,D,gradeD_consensus,True,
DESI-349.2753-54.3971,349.2753467,-54.39709023,storfer,1,D,gradeD_consensus,False,train
DESI-349.7968-63.7671,349.7968029,-63.7670607,storfer,1,D,gradeD_consensus,False,train
DESI-349.8591-42.7259,349.8590731,-42.72590227,storfer,1,D,gradeD_consensus,False,valsel
DESI-350.0377-00.0217,350.0377395,-0.02173931978,storfer,1,D,gradeD_consensus,False,train
DESI-350.0618-50.7355,350.0618213,-50.73546948,storfer,1,D,gradeD_consensus,False,train
DESI-350.0879-56.8959,350.0879035,-56.89587566,storfer,1,D,gradeD_consensus,False,valsel
DESI-350.1337+11.9421,350.133654,11.942057,storfer,1,D,gradeD_consensus,False,valsel
DESI-350.1493-06.2062,350.1493037,-6.206211325,storfer,1,D,gradeD_consensus,False,valsel
DESI-350.3126-11.6199,350.312613,-11.61985425,storfer,1,D,gradeD_consensus,False,train
DESI-350.3191-02.2391,350.319068,-2.239086319,storfer,1,D,gradeD_consensus,False,train
DESI-350.3932-45.5906,350.393246,-45.59058047,storfer,1,D,gradeD_consensus,False,train
DESI-350.5277+18.7360,350.5277365,18.7359931,storfer,1,D,gradeD_consensus,False,train
DESI-350.5443-55.4194,350.5443412,-55.41935764,storfer,1,D,gradeD_consensus,True,
DESI-351.3880-48.1180,351.3880059,-48.11796101,storfer,1,D,gradeD_consensus,False,train
DESI-351.9182-45.5712,351.9181599,-45.57120799,storfer,1,D,gradeD_consensus,False,train
DESI-351.9918-62.5122,351.991783,-62.5122059,storfer,1,D,gradeD_consensus,False,train
DESI-352.0270-14.1906,352.0269997,-14.19062415,storfer,1,D,gradeD_consensus,False,valsel
DESI-352.3624-64.8045,352.3624053,-64.80450481,storfer,1,D,gradeD_consensus,False,train
DESI-352.5699-00.8932,352.569929,-0.89324586,storfer,1,D,gradeD_consensus,False,train
DESI-352.5780-41.1212,352.5780414,-41.12119463,storfer,1,D,gradeD_consensus,False,gate
DESI-352.6821+02.5550,352.6821447,2.554951252,storfer,1,D,gradeD_consensus,False,train
DESI-352.9777+02.6842,352.9777099,2.684168327,storfer,1,D,gradeD_consensus,False,train
DESI-352.9932-59.7235,352.9932132,-59.72346873,storfer,1,D,gradeD_consensus,False,train
DESI-353.0419-40.3917,353.0419191,-40.39166174,storfer,1,D,gradeD_consensus,True,
DESI-353.0573+25.4119,353.0573284,25.41185096,storfer,1,D,gradeD_consensus,False,train
DESI-353.0952+03.4071,353.095243,3.407063212,storfer,1,D,gradeD_consensus,False,train
DESI-353.3734-42.2231,353.37345,-42.22306924,storfer,1,D,gradeD_consensus,False,valsel
DESI-353.4021-49.3960,353.4021099,-49.3959644,storfer,1,D,gradeD_consensus,False,train
DESI-353.4730+08.4866,353.4729696,8.486569145,storfer,1,D,gradeD_consensus,False,train
DESI-353.5047-63.7576,353.5046821,-63.75756404,storfer,1,D,gradeD_consensus,False,train
DESI-354.0683+03.3587,354.0683303,3.358654731,storfer,1,D,gradeD_consensus,False,train
DESI-354.0814+07.0779,354.0814066,7.077890011,storfer,1,D,gradeD_consensus,False,valsel
DESI-354.1193-53.2029,354.1193276,-53.20293072,storfer,1,D,gradeD_consensus,False,train
DESI-354.1325-03.9286,354.1324645,-3.928598603,storfer,1,D,gradeD_consensus,False,train
DESI-354.7646-47.6619,354.7645759,-47.66185182,storfer,1,D,gradeD_consensus,False,train
DESI-354.9714-50.4836,354.9713898,-50.48358314,storfer,1,D,gradeD_consensus,False,train
DESI-355.0214-10.9986,355.0213548,-10.99857464,storfer,1,D,gradeD_consensus,False,train
DESI-355.2530-39.8133,355.2529619,-39.81328681,storfer,1,D,gradeD_consensus,False,train
DESI-355.3524-01.0226,355.3524222,-1.022560516,storfer,1,D,gradeD_consensus,False,train
DESI-355.9330-48.4461,355.9330069,-48.44614028,storfer,1,D,gradeD_consensus,False,valsel
DESI-355.9541-58.0417,355.9540901,-58.0416888,storfer,1,D,gradeD_consensus,True,
DESI-356.2470+27.8721,356.2469625,27.87210857,storfer,1,D,gradeD_consensus,False,train
DESI-356.8358-56.5088,356.8358223,-56.50879986,storfer,1,D,gradeD_consensus,False,train
DESI-356.9390-50.8647,356.9389553,-50.86473712,storfer,1,D,gradeD_consensus,True,
DESI-357.5383-65.4512,357.5382929,-65.45116664,storfer,1,D,gradeD_consensus,False,valsel
DESI-357.5606+07.8047,357.5606446,7.804663487,storfer,1,D,gradeD_consensus,False,train
DESI-357.6965-00.3651,357.6964744,-0.3650648472,storfer,1,D,gradeD_consensus,False,valsel
DESI-357.8497+02.2633,357.8496566,2.263309695,storfer,1,D,gradeD_consensus,False,valsel
DESI-357.9801+21.7696,357.9801251,21.76961674,storfer,1,D,gradeD_consensus,False,valsel
DESI-358.0188-63.0305,358.0187938,-63.03054067,storfer,1,D,gradeD_consensus,False,train
DESI-358.0414-11.9797,358.0413716,-11.97966268,storfer,1,D,gradeD_consensus,True,
DESI-358.3279-60.3544,358.3279459,-60.35441136,storfer,1,D,gradeD_consensus,False,train
DESI-358.4740-38.9983,358.4739978,-38.99828078,storfer,1,D,gradeD_consensus,False,train
DESI-358.9749+01.4608,358.9749421,1.460780363,storfer,1,D,gradeD_consensus,False,train
DESI-359.0710+02.3037,359.0709756,2.303689905,storfer,1,D,gradeD_consensus,False,train
DESI-359.6156-37.8948,359.6155637,-37.89478405,storfer,1,D,gradeD_consensus,False,train
DESI-359.7982-00.1966,359.7981705,-0.1965664047,storfer,1,D,gradeD_consensus,False,train
DESI-359.8557-03.0493,359.8557216,-3.049318766,storfer,1,D,gradeD_consensus,False,valsel
DESI-000.1688-38.3578,0.1688,-38.3578,inchausti,1,D,gradeD_consensus,False,train
DESI-000.2927-35.2595,0.2927,-35.2595,inchausti,1,D,gradeD_consensus,False,train
DESI-000.4827-40.4390,0.4827,-40.439,inchausti,1,D,gradeD_consensus,False,train
DESI-000.5604+28.1026,0.5604,28.1026,inchausti,1,D,gradeD_consensus,False,train
DESI-000.6714+02.8147,0.6714,2.8147,inchausti,1,D,gradeD_consensus,False,train
DESI-000.7821-03.4930,0.7821,-3.493,inchausti,1,D,gradeD_consensus,False,train
DESI-000.8340-34.8415,0.834,-34.8415,inchausti,1,D,gradeD_consensus,False,train
DESI-001.1560-54.8585,1.156,-54.8585,inchausti,1,D,gradeD_consensus,False,train
DESI-001.5927-37.1190,1.5927,-37.119,inchausti,1,D,gradeD_consensus,False,train
DESI-002.1845-34.5097,2.1845,-34.5097,inchausti,1,D,gradeD_consensus,False,valsel
DESI-002.2024+00.2793,2.2024,0.2793,inchausti,1,D,gradeD_consensus,False,valsel
DESI-002.2746-32.2696,2.2746,-32.2696,inchausti,1,D,gradeD_consensus,False,valsel
DESI-002.4101+21.2401,2.4101,21.2401,inchausti,1,D,gradeD_consensus,False,train
DESI-002.6036-05.8943,2.6036,-5.8943,inchausti,1,D,gradeD_consensus,False,train
DESI-002.6062+26.6905,2.6062,26.6905,inchausti,1,D,gradeD_consensus,False,train
DESI-002.8131-10.5364,2.8131,-10.5364,inchausti,1,D,gradeD_consensus,False,valsel
DESI-002.8652-09.5481,2.8652,-9.5481,inchausti,1,D,gradeD_consensus,False,train
DESI-004.1298-80.6467,4.1298,-80.6467,inchausti,1,D,gradeD_consensus,False,train
DESI-004.1379-52.1381,4.1379,-52.1381,inchausti,1,D,gradeD_consensus,False,train
DESI-004.3326-58.2689,4.3326,-58.2689,inchausti,1,D,gradeD_consensus,False,gate
DESI-004.3442-46.6572,4.3442,-46.6572,inchausti,1,D,gradeD_consensus,False,train
DESI-005.7210+04.5394,5.721,4.5394,inchausti,1,D,gradeD_consensus,False,train
DESI-005.9612+14.9804,5.9612,14.9804,inchausti,1,D,gradeD_consensus,False,train
DESI-006.1275-68.4848,6.1275,-68.4848,inchausti,1,D,gradeD_consensus,False,valsel
DESI-006.1548-24.4781,6.1548,-24.4781,inchausti,1,D,gradeD_consensus,True,
DESI-006.5500+12.8286,6.55,12.8286,inchausti,1,D,gradeD_consensus,False,train
DESI-006.5561+09.5546,6.5561,9.5546,inchausti,1,D,gradeD_consensus,False,train
DESI-007.0679-03.5609,7.0679,-3.5609,inchausti,1,D,gradeD_consensus,True,
DESI-007.1588-76.2755,7.1588,-76.2755,inchausti,1,D,gradeD_consensus,False,train
DESI-007.2386+00.2539,7.2386,0.2539,inchausti,1,D,gradeD_consensus,True,
DESI-007.3907+26.8028,7.3907,26.8028,inchausti,1,D,gradeD_consensus,False,train
DESI-007.6393-56.4265,7.6393,-56.4265,inchausti,1,D,gradeD_consensus,False,train
DESI-007.7110-57.6561,7.711,-57.6561,inchausti,1,D,gradeD_consensus,False,train
DESI-008.0860-13.4464,8.086,-13.4464,inchausti,1,D,gradeD_consensus,False,train
DESI-008.1840-75.8577,8.184,-75.8577,inchausti,1,D,gradeD_consensus,False,valsel
DESI-008.2434-66.4082,8.2434,-66.4082,inchausti,1,D,gradeD_consensus,True,
DESI-008.5272-76.1049,8.5272,-76.1049,inchausti,1,D,gradeD_consensus,False,train
DESI-008.7803-35.4223,8.7803,-35.4223,inchausti,1,D,gradeD_consensus,False,train
DESI-008.8347-31.2215,8.8347,-31.2215,inchausti,1,D,gradeD_consensus,True,
DESI-008.9070-27.8575,8.907,-27.8575,inchausti,1,D,gradeD_consensus,False,train
DESI-009.0742+01.6827,9.0742,1.6827,inchausti,1,D,gradeD_consensus,False,train
DESI-009.6391-53.0802,9.6391,-53.0802,inchausti,1,D,gradeD_consensus,False,valsel
DESI-009.7222-00.4093,9.7222,-0.4093,inchausti,1,D,gradeD_consensus,False,train
DESI-009.8348-28.7753,9.8348,-28.7753,inchausti,1,D,gradeD_consensus,False,train
DESI-009.8564-31.0899,9.8564,-31.0899,inchausti,1,D,gradeD_consensus,False,train
DESI-100.8508-70.6422,100.8508,-70.6422,inchausti,1,D,gradeD_consensus,False,train
DESI-101.6261-50.3572,101.6261,-50.3572,inchausti,1,D,gradeD_consensus,False,train
DESI-103.1014-58.1410,103.1014,-58.141,inchausti,1,D,gradeD_consensus,False,train
DESI-106.7589-78.0825,106.7589,-78.0825,inchausti,1,D,gradeD_consensus,False,train
DESI-108.0956-79.2734,108.0956,-79.2734,inchausti,1,D,gradeD_consensus,False,train
DESI-109.5757-62.3090,109.5757,-62.309,inchausti,1,D,gradeD_consensus,False,train
DESI-110.2495-70.3303,110.2495,-70.3303,inchausti,1,D,gradeD_consensus,False,train
DESI-113.7154+18.8927,113.7154,18.8927,inchausti,1,D,gradeD_consensus,False,train
DESI-115.5327-73.6825,115.5327,-73.6825,inchausti,1,D,gradeD_consensus,True,
DESI-116.9773+13.5747,116.9773,13.5747,inchausti,1,D,gradeD_consensus,False,train
DESI-118.9961+14.9727,118.9961,14.9727,inchausti,1,D,gradeD_consensus,False,train
DESI-120.4749+17.4389,120.4749,17.4389,inchausti,1,D,gradeD_consensus,False,train
DESI-120.6243+15.3128,120.6243,15.3128,inchausti,1,D,gradeD_consensus,False,train
DESI-123.8704+11.9575,123.8704,11.9575,inchausti,1,D,gradeD_consensus,False,train
DESI-125.9719+10.7007,125.9719,10.7007,inchausti,1,D,gradeD_consensus,False,train
DESI-126.1167+08.0517,126.1167,8.0517,inchausti,1,D,gradeD_consensus,False,gate
DESI-127.8188+15.0768,127.8188,15.0768,inchausti,1,D,gradeD_consensus,False,train
DESI-127.9249+01.6779,127.9249,1.6779,inchausti,1,D,gradeD_consensus,False,train
DESI-130.0259+21.8852,130.0259,21.8852,inchausti,1,D,gradeD_consensus,False,train
DESI-131.2557+09.6231,131.2557,9.6231,inchausti,1,D,gradeD_consensus,True,
DESI-131.9383+17.0654,131.9383,17.0654,inchausti,1,D,gradeD_consensus,True,
DESI-132.6109+24.7923,132.6109,24.7923,inchausti,1,D,gradeD_consensus,False,train
DESI-135.1925-01.7366,135.1925,-1.7366,inchausti,1,D,gradeD_consensus,True,
DESI-135.7480+24.2197,135.748,24.2197,inchausti,1,D,gradeD_consensus,False,train
DESI-136.8896-06.9895,136.8896,-6.9895,inchausti,1,D,gradeD_consensus,False,train
DESI-136.9481+12.4263,136.9481,12.4263,inchausti,1,D,gradeD_consensus,False,train
DESI-137.4801-08.7460,137.4801,-8.746,inchausti,1,D,gradeD_consensus,False,train
DESI-137.7468-05.9228,137.7468,-5.9228,inchausti,1,D,gradeD_consensus,False,train
DESI-137.8056+24.3109,137.8056,24.3109,inchausti,1,D,gradeD_consensus,False,train
DESI-138.2684-01.4940,138.2684,-1.494,inchausti,1,D,gradeD_consensus,False,valsel
DESI-138.4751-01.0539,138.4751,-1.0539,inchausti,1,D,gradeD_consensus,False,train
DESI-138.7167-11.1342,138.7167,-11.1342,inchausti,1,D,gradeD_consensus,False,valsel
DESI-138.9012-15.8703,138.9012,-15.8703,inchausti,1,D,gradeD_consensus,True,
DESI-139.4823+21.2922,139.4823,21.2922,inchausti,1,D,gradeD_consensus,False,train
DESI-140.4853-05.2976,140.4853,-5.2976,inchausti,1,D,gradeD_consensus,False,train
DESI-140.5373+28.3510,140.5373,28.351,inchausti,1,D,gradeD_consensus,False,train
DESI-140.7404-00.6844,140.7404,-0.6844,inchausti,1,D,gradeD_consensus,False,train
DESI-142.8029-02.6719,142.8029,-2.6719,inchausti,1,D,gradeD_consensus,False,train
DESI-142.9082+10.9368,142.9082,10.9368,inchausti,1,D,gradeD_consensus,False,train
DESI-143.5275-02.7059,143.5275,-2.7059,inchausti,1,D,gradeD_consensus,False,train
DESI-144.7930-22.8313,144.793,-22.8313,inchausti,1,D,gradeD_consensus,False,train
DESI-144.8240-11.0902,144.824,-11.0902,inchausti,1,D,gradeD_consensus,False,train
DESI-145.0114-10.3879,145.0114,-10.3879,inchausti,1,D,gradeD_consensus,False,train
DESI-145.3472-22.3146,145.3472,-22.3146,inchausti,1,D,gradeD_consensus,True,
DESI-145.5172+03.5349,145.5172,3.5349,inchausti,1,D,gradeD_consensus,False,train
DESI-146.4678-08.5084,146.4678,-8.5084,inchausti,1,D,gradeD_consensus,False,train
DESI-147.1565+16.9682,147.1565,16.9682,inchausti,1,D,gradeD_consensus,True,
DESI-147.2492-24.3950,147.2492,-24.395,inchausti,1,D,gradeD_consensus,False,train
DESI-147.7444+02.0541,147.7444,2.0541,inchausti,1,D,gradeD_consensus,False,train
DESI-148.2567+04.0503,148.2567,4.0503,inchausti,1,D,gradeD_consensus,False,train
DESI-148.2714+14.9951,148.2714,14.9951,inchausti,1,D,gradeD_consensus,False,train
DESI-148.5007-25.6660,148.5007,-25.666,inchausti,1,D,gradeD_consensus,False,train
DESI-148.6485+06.8008,148.6485,6.8008,inchausti,1,D,gradeD_consensus,False,train
DESI-149.0704-23.6289,149.0704,-23.6289,inchausti,1,D,gradeD_consensus,False,train
DESI-149.3158-05.0714,149.3158,-5.0714,inchausti,1,D,gradeD_consensus,False,train
DESI-149.3446+02.0481,149.3446,2.0481,inchausti,1,D,gradeD_consensus,True,
DESI-149.6190-17.5856,149.619,-17.5856,inchausti,1,D,gradeD_consensus,False,valsel
DESI-149.6321+05.2997,149.6321,5.2997,inchausti,1,D,gradeD_consensus,False,train
DESI-149.8058-28.2296,149.8058,-28.2296,inchausti,1,D,gradeD_consensus,True,
DESI-150.0921-02.7376,150.0921,-2.7376,inchausti,1,D,gradeD_consensus,False,train
DESI-150.4078-24.9694,150.4078,-24.9694,inchausti,1,D,gradeD_consensus,False,train
DESI-150.7123+05.2881,150.7123,5.2881,inchausti,1,D,gradeD_consensus,False,train
DESI-151.0577+06.8186,151.0577,6.8186,inchausti,1,D,gradeD_consensus,False,train
DESI-151.1293+05.7528,151.1293,5.7528,inchausti,1,D,gradeD_consensus,False,train
DESI-151.2041-14.9667,151.2041,-14.9667,inchausti,1,D,gradeD_consensus,False,train
DESI-151.4836-24.8282,151.4836,-24.8282,inchausti,1,D,gradeD_consensus,False,train
DESI-152.0893-01.5655,152.0893,-1.5655,inchausti,1,D,gradeD_consensus,False,train
DESI-152.1067-03.2930,152.1067,-3.293,inchausti,1,D,gradeD_consensus,False,valsel
DESI-152.2950+00.9424,152.295,0.9424,inchausti,1,D,gradeD_consensus,False,train
DESI-152.3094+03.8797,152.3094,3.8797,inchausti,1,D,gradeD_consensus,False,train
DESI-152.5893-08.1558,152.5893,-8.1558,inchausti,1,D,gradeD_consensus,False,valsel
DESI-152.6432-20.8328,152.6432,-20.8328,inchausti,1,D,gradeD_consensus,False,train
DESI-153.7004+16.2203,153.7004,16.2203,inchausti,1,D,gradeD_consensus,False,train
DESI-154.0014+27.6913,154.0014,27.6913,inchausti,1,D,gradeD_consensus,False,train
DESI-154.1700-16.9262,154.17,-16.9262,inchausti,1,D,gradeD_consensus,False,train
DESI-154.7266-05.4124,154.7266,-5.4124,inchausti,1,D,gradeD_consensus,False,gate
DESI-154.9158-04.4195,154.9158,-4.4195,inchausti,1,D,gradeD_consensus,False,train
DESI-155.2163-29.8382,155.2163,-29.8382,inchausti,1,D,gradeD_consensus,False,train
DESI-155.2663-01.7821,155.2663,-1.7821,inchausti,1,D,gradeD_consensus,True,
DESI-155.3257-13.4865,155.3257,-13.4865,inchausti,1,D,gradeD_consensus,False,train
DESI-155.8983+27.8180,155.8983,27.818,inchausti,1,D,gradeD_consensus,False,train
DESI-156.5271-82.7124,156.5271,-82.7124,inchausti,1,D,gradeD_consensus,False,train
DESI-156.9532-06.0551,156.9532,-6.0551,inchausti,1,D,gradeD_consensus,False,valsel
DESI-157.2440+14.2130,157.244,14.213,inchausti,1,D,gradeD_consensus,False,train
DESI-158.5761+02.3890,158.5761,2.389,inchausti,1,D,gradeD_consensus,False,train
DESI-159.4123-01.2972,159.4123,-1.2972,inchausti,1,D,gradeD_consensus,False,train
DESI-159.4929-21.4687,159.4929,-21.4687,inchausti,1,D,gradeD_consensus,False,valsel
DESI-160.3465+10.9963,160.3465,10.9963,inchausti,1,D,gradeD_consensus,False,train
DESI-160.8731-20.2295,160.8731,-20.2295,inchausti,1,D,gradeD_consensus,False,train
DESI-161.1489-25.3148,161.1489,-25.3148,inchausti,1,D,gradeD_consensus,True,
DESI-161.2707+14.7580,161.2707,14.758,inchausti,1,D,gradeD_consensus,False,train
DESI-161.7143+31.6703,161.7143,31.6703,inchausti,1,D,gradeD_consensus,False,train
DESI-162.2234-28.3043,162.2234,-28.3043,inchausti,1,D,gradeD_consensus,False,gate
DESI-162.6055+23.6866,162.6055,23.6866,inchausti,1,D,gradeD_consensus,False,train
DESI-163.7061+06.4988,163.7061,6.4988,inchausti,1,D,gradeD_consensus,False,train
DESI-163.8545-12.5610,163.8545,-12.561,inchausti,1,D,gradeD_consensus,False,valsel
DESI-164.0631-32.8981,164.0631,-32.8981,inchausti,1,D,gradeD_consensus,False,train
DESI-164.5715+05.0992,164.5715,5.0992,inchausti,1,D,gradeD_consensus,False,train
DESI-164.8051-07.1449,164.8051,-7.1449,inchausti,1,D,gradeD_consensus,False,train
DESI-164.8937-29.4393,164.8937,-29.4393,inchausti,1,D,gradeD_consensus,False,train
DESI-166.1678-19.5570,166.1678,-19.557,inchausti,1,D,gradeD_consensus,False,train
DESI-167.6116-03.8452,167.6116,-3.8452,inchausti,1,D,gradeD_consensus,False,train
DESI-168.9572+17.8020,168.9572,17.802,inchausti,1,D,gradeD_consensus,True,
DESI-169.3906-17.4863,169.3906,-17.4863,inchausti,1,D,gradeD_consensus,False,train
DESI-170.7420-31.8879,170.742,-31.8879,inchausti,1,D,gradeD_consensus,False,train
DESI-170.8581-31.3821,170.8581,-31.3821,inchausti,1,D,gradeD_consensus,False,train
DESI-171.7102-37.4479,171.7102,-37.4479,inchausti,1,D,gradeD_consensus,False,train
DESI-171.7143-37.3129,171.7143,-37.3129,inchausti,1,D,gradeD_consensus,False,train
DESI-172.2868+17.8705,172.2868,17.8705,inchausti,1,D,gradeD_consensus,False,train
DESI-172.3328-04.4817,172.3328,-4.4817,inchausti,1,D,gradeD_consensus,False,valsel
DESI-172.9739-36.9754,172.9739,-36.9754,inchausti,1,D,gradeD_consensus,False,train
DESI-172.9955+01.7147,172.9955,1.7147,inchausti,1,D,gradeD_consensus,False,train
DESI-173.5454+05.2471,173.5454,5.2471,inchausti,1,D,gradeD_consensus,False,train
DESI-173.7199-09.2660,173.7199,-9.266,inchausti,1,D,gradeD_consensus,False,train
DESI-173.7240-07.3524,173.724,-7.3524,inchausti,1,D,gradeD_consensus,False,valsel
DESI-174.0873+09.6254,174.0873,9.6254,inchausti,1,D,gradeD_consensus,False,train
DESI-174.4789+15.0207,174.4789,15.0207,inchausti,1,D,gradeD_consensus,False,train
DESI-176.4828-28.7828,176.4828,-28.7828,inchausti,1,D,gradeD_consensus,False,gate
DESI-176.5616+24.5493,176.5616,24.5493,inchausti,1,D,gradeD_consensus,False,gate
DESI-177.4631-28.6754,177.4631,-28.6754,inchausti,1,D,gradeD_consensus,False,valsel
DESI-177.5710-19.0347,177.571,-19.0347,inchausti,1,D,gradeD_consensus,False,train
DESI-178.0649+17.8773,178.0649,17.8773,inchausti,1,D,gradeD_consensus,False,valsel
DESI-178.1075+23.8622,178.1075,23.8622,inchausti,1,D,gradeD_consensus,False,train
DESI-178.4907-33.0657,178.4907,-33.0657,inchausti,1,D,gradeD_consensus,False,train
DESI-179.3542+28.7891,179.3542,28.7891,inchausti,1,D,gradeD_consensus,False,train
DESI-179.4288+19.0911,179.4288,19.0911,inchausti,1,D,gradeD_consensus,False,train
DESI-180.2553+13.1699,180.2553,13.1699,inchausti,1,D,gradeD_consensus,False,gate
DESI-180.3616+29.0116,180.3616,29.0116,inchausti,1,D,gradeD_consensus,False,train
DESI-180.7065+09.3442,180.7065,9.3442,inchausti,1,D,gradeD_consensus,False,valsel
DESI-180.9962+17.1099,180.9962,17.1099,inchausti,1,D,gradeD_consensus,False,train
DESI-181.0352-20.6840,181.0352,-20.684,inchausti,1,D,gradeD_consensus,True,
DESI-181.7372-36.3819,181.7372,-36.3819,inchausti,1,D,gradeD_consensus,False,valsel
DESI-182.4335-13.8583,182.4335,-13.8583,inchausti,1,D,gradeD_consensus,False,train
DESI-182.5633-02.5133,182.5633,-2.5133,inchausti,1,D,gradeD_consensus,False,train
DESI-184.0246-22.0995,184.0246,-22.0995,inchausti,1,D,gradeD_consensus,False,train
DESI-185.1026-02.7003,185.1026,-2.7003,inchausti,1,D,gradeD_consensus,False,train
DESI-185.8536+02.4882,185.8536,2.4882,inchausti,1,D,gradeD_consensus,True,
DESI-186.3306-13.5364,186.3306,-13.5364,inchausti,1,D,gradeD_consensus,False,train
DESI-187.0804+10.0535,187.0804,10.0535,inchausti,1,D,gradeD_consensus,False,gate
DESI-187.1932-09.2913,187.1932,-9.2913,inchausti,1,D,gradeD_consensus,False,train
DESI-187.5429-40.9312,187.5429,-40.9312,inchausti,1,D,gradeD_consensus,False,train
DESI-188.2737+25.4710,188.2737,25.471,inchausti,1,D,gradeD_consensus,False,train
DESI-188.3440-17.6925,188.344,-17.6925,inchausti,1,D,gradeD_consensus,False,train
DESI-189.0072+26.2469,189.0072,26.2469,inchausti,1,D,gradeD_consensus,False,train
DESI-189.1080+03.4791,189.108,3.4791,inchausti,1,D,gradeD_consensus,False,train
DESI-189.8679+06.5441,189.8679,6.5441,inchausti,1,D,gradeD_consensus,False,valsel
DESI-190.1531-33.7335,190.1531,-33.7335,inchausti,1,D,gradeD_consensus,True,
DESI-190.3463+12.2592,190.3463,12.2592,inchausti,1,D,gradeD_consensus,True,
DESI-190.5814-05.3644,190.5814,-5.3644,inchausti,1,D,gradeD_consensus,True,
DESI-190.6179+12.4404,190.6179,12.4404,inchausti,1,D,gradeD_consensus,False,train
DESI-190.6427-28.3430,190.6427,-28.343,inchausti,1,D,gradeD_consensus,False,train
DESI-191.3245+32.3267,191.3245,32.3267,inchausti,1,D,gradeD_consensus,False,train
DESI-191.3881-07.9152,191.3881,-7.9152,inchausti,1,D,gradeD_consensus,False,train
DESI-191.4845-12.7573,191.4845,-12.7573,inchausti,1,D,gradeD_consensus,False,train
DESI-191.5170-17.6333,191.517,-17.6333,inchausti,1,D,gradeD_consensus,False,train
DESI-191.6680+02.9985,191.668,2.9985,inchausti,1,D,gradeD_consensus,False,train
DESI-191.7014+05.2098,191.7014,5.2098,inchausti,1,D,gradeD_consensus,False,train
DESI-191.9856-31.4424,191.9856,-31.4424,inchausti,1,D,gradeD_consensus,False,train
DESI-193.0964-36.1751,193.0964,-36.1751,inchausti,1,D,gradeD_consensus,False,train
DESI-193.4688-02.2778,193.4688,-2.2778,inchausti,1,D,gradeD_consensus,False,train
DESI-193.5049-11.7828,193.5049,-11.7828,inchausti,1,D,gradeD_consensus,False,valsel
DESI-193.5136-30.8999,193.5136,-30.8999,inchausti,1,D,gradeD_consensus,False,train
DESI-194.3177-33.0940,194.3177,-33.094,inchausti,1,D,gradeD_consensus,False,train
DESI-195.8430-27.2899,195.843,-27.2899,inchausti,1,D,gradeD_consensus,False,valsel
DESI-196.0113-31.2669,196.0113,-31.2669,inchausti,1,D,gradeD_consensus,False,train
DESI-196.0295+00.4828,196.0295,0.4828,inchausti,1,D,gradeD_consensus,False,train
DESI-197.4403-03.8451,197.4403,-3.8451,inchausti,1,D,gradeD_consensus,False,train
DESI-197.5662+04.2909,197.5662,4.2909,inchausti,1,D,gradeD_consensus,False,train
DESI-197.5833-33.9709,197.5833,-33.9709,inchausti,1,D,gradeD_consensus,False,train
DESI-198.0473-29.5641,198.0473,-29.5641,inchausti,1,D,gradeD_consensus,False,train
DESI-198.1655-09.4811,198.1655,-9.4811,inchausti,1,D,gradeD_consensus,False,valsel
DESI-198.4688+06.4483,198.4688,6.4483,inchausti,1,D,gradeD_consensus,False,train
DESI-198.7274-19.1127,198.7274,-19.1127,inchausti,1,D,gradeD_consensus,False,valsel
DESI-198.7546-30.1395,198.7546,-30.1395,inchausti,1,D,gradeD_consensus,False,train
DESI-198.9398-34.6390,198.9398,-34.639,inchausti,1,D,gradeD_consensus,False,train
DESI-199.2648-31.8835,199.2648,-31.8835,inchausti,1,D,gradeD_consensus,False,train
DESI-199.5576-35.2501,199.5576,-35.2501,inchausti,1,D,gradeD_consensus,False,train
DESI-199.6473-42.7376,199.6473,-42.7376,inchausti,1,D,gradeD_consensus,False,valsel
DESI-199.6555-42.0909,199.6555,-42.0909,inchausti,1,D,gradeD_consensus,False,train
DESI-199.6596-39.3836,199.6596,-39.3836,inchausti,1,D,gradeD_consensus,False,train
DESI-199.6735-29.7547,199.6735,-29.7547,inchausti,1,D,gradeD_consensus,False,train
DESI-199.7358-42.5843,199.7358,-42.5843,inchausti,1,D,gradeD_consensus,False,train
DESI-200.1517+05.3073,200.1517,5.3073,inchausti,1,D,gradeD_consensus,False,valsel
DESI-200.1567-09.5761,200.1567,-9.5761,inchausti,1,D,gradeD_consensus,False,train
DESI-200.6764+25.8887,200.6764,25.8887,inchausti,1,D,gradeD_consensus,False,train
DESI-200.7125-28.3147,200.7125,-28.3147,inchausti,1,D,gradeD_consensus,False,train
DESI-201.1811-07.9681,201.1811,-7.9681,inchausti,1,D,gradeD_consensus,False,train
DESI-201.5395+01.4267,201.5395,1.4267,inchausti,1,D,gradeD_consensus,False,train
DESI-202.7279+10.3086,202.7279,10.3086,inchausti,1,D,gradeD_consensus,False,valsel
DESI-203.2162+23.2522,203.2162,23.2522,inchausti,1,D,gradeD_consensus,False,train
DESI-203.3116-41.8269,203.3116,-41.8269,inchausti,1,D,gradeD_consensus,False,valsel
DESI-203.4062+15.3782,203.4062,15.3782,inchausti,1,D,gradeD_consensus,False,train
DESI-203.5676-42.4192,203.5676,-42.4192,inchausti,1,D,gradeD_consensus,False,valsel
DESI-203.7167-31.7094,203.7167,-31.7094,inchausti,1,D,gradeD_consensus,False,train
DESI-204.3627-33.3613,204.3627,-33.3613,inchausti,1,D,gradeD_consensus,False,train
DESI-204.7642-27.7955,204.7642,-27.7955,inchausti,1,D,gradeD_consensus,False,train
DESI-205.1256+22.3604,205.1256,22.3604,inchausti,1,D,gradeD_consensus,False,train
DESI-205.9630-30.8777,205.963,-30.8777,inchausti,1,D,gradeD_consensus,False,train
DESI-206.0018-30.1306,206.0018,-30.1306,inchausti,1,D,gradeD_consensus,False,train
DESI-206.0226-30.4620,206.0226,-30.462,inchausti,1,D,gradeD_consensus,False,train
DESI-206.1340+05.1193,206.134,5.1193,inchausti,1,D,gradeD_consensus,False,train
DESI-206.3106-28.8189,206.3106,-28.8189,inchausti,1,D,gradeD_consensus,False,gate
DESI-206.3211+04.4803,206.3211,4.4803,inchausti,1,D,gradeD_consensus,True,
DESI-206.4797+20.1896,206.4797,20.1896,inchausti,1,D,gradeD_consensus,False,train
DESI-206.4837-26.4151,206.4837,-26.4151,inchausti,1,D,gradeD_consensus,False,train
DESI-206.6279-25.8782,206.6279,-25.8782,inchausti,1,D,gradeD_consensus,False,train
DESI-206.8248-31.2076,206.8248,-31.2076,inchausti,1,D,gradeD_consensus,False,train
DESI-206.8397+13.1939,206.8397,13.1939,inchausti,1,D,gradeD_consensus,False,train
DESI-206.8896+05.1498,206.8896,5.1498,inchausti,1,D,gradeD_consensus,False,train
DESI-207.2132+10.6639,207.2132,10.6639,inchausti,1,D,gradeD_consensus,False,train
DESI-207.3166-29.0347,207.3166,-29.0347,inchausti,1,D,gradeD_consensus,False,train
DESI-208.6515+12.1671,208.6515,12.1671,inchausti,1,D,gradeD_consensus,False,train
DESI-209.9474+06.0668,209.9474,6.0668,inchausti,1,D,gradeD_consensus,True,
DESI-209.9562-30.8685,209.9562,-30.8685,inchausti,1,D,gradeD_consensus,False,train
DESI-210.1898+08.0259,210.1898,8.0259,inchausti,1,D,gradeD_consensus,False,train
DESI-210.3240+25.0306,210.324,25.0306,inchausti,1,D,gradeD_consensus,False,valsel
DESI-210.4378-05.5546,210.4378,-5.5546,inchausti,1,D,gradeD_consensus,False,train
DESI-210.6385-06.0896,210.6385,-6.0896,inchausti,1,D,gradeD_consensus,False,train
DESI-211.7079+04.1977,211.7079,4.1977,inchausti,1,D,gradeD_consensus,False,train
DESI-211.7397+19.5140,211.7397,19.514,inchausti,1,D,gradeD_consensus,False,train
DESI-212.3008+17.3180,212.3008,17.318,inchausti,1,D,gradeD_consensus,False,train
DESI-213.1525-00.8962,213.1525,-0.8962,inchausti,1,D,gradeD_consensus,False,train
DESI-213.2960+31.3168,213.296,31.3168,inchausti,1,D,gradeD_consensus,False,train
DESI-213.3174+04.0706,213.3174,4.0706,inchausti,1,D,gradeD_consensus,False,train
DESI-214.7367-23.0648,214.7367,-23.0648,inchausti,1,D,gradeD_consensus,False,train
DESI-216.5992-25.0836,216.5992,-25.0836,inchausti,1,D,gradeD_consensus,False,train
DESI-219.4119+18.0067,219.4119,18.0067,inchausti,1,D,gradeD_consensus,False,valsel
DESI-220.9718-18.3027,220.9718,-18.3027,inchausti,1,D,gradeD_consensus,False,train
DESI-221.4963-04.7234,221.4963,-4.7234,inchausti,1,D,gradeD_consensus,True,
DESI-221.8479-00.2023,221.8479,-0.2023,inchausti,1,D,gradeD_consensus,False,valsel
DESI-221.9020-24.1702,221.902,-24.1702,inchausti,1,D,gradeD_consensus,False,train
DESI-221.9067+06.3038,221.9067,6.3038,inchausti,1,D,gradeD_consensus,False,train
DESI-222.0307+33.4313,222.0307,33.4313,inchausti,1,D,gradeD_consensus,False,train
DESI-223.2815-16.9094,223.2815,-16.9094,inchausti,1,D,gradeD_consensus,False,train
DESI-224.3410+06.7497,224.341,6.7497,inchausti,1,D,gradeD_consensus,False,valsel
DESI-224.3688-12.9423,224.3688,-12.9423,inchausti,1,D,gradeD_consensus,False,train
DESI-224.9281-16.5283,224.9281,-16.5283,inchausti,1,D,gradeD_consensus,True,
DESI-225.2482-09.9548,225.2482,-9.9548,inchausti,1,D,gradeD_consensus,False,train
DESI-225.3128+15.6918,225.3128,15.6918,inchausti,1,D,gradeD_consensus,False,valsel
DESI-226.7191+11.6085,226.7191,11.6085,inchausti,1,D,gradeD_consensus,False,train
DESI-227.1911+14.2174,227.1911,14.2174,inchausti,1,D,gradeD_consensus,False,train
DESI-228.1152-00.4353,228.1152,-0.4353,inchausti,1,D,gradeD_consensus,False,train
DESI-228.2778+06.1921,228.2778,6.1921,inchausti,1,D,gradeD_consensus,False,train
DESI-228.6519+14.0641,228.6519,14.0641,inchausti,1,D,gradeD_consensus,False,train
DESI-229.0317-09.8639,229.0317,-9.8639,inchausti,1,D,gradeD_consensus,False,train
DESI-229.7698+26.5314,229.7698,26.5314,inchausti,1,D,gradeD_consensus,False,gate
DESI-230.4949+01.9790,230.4949,1.979,inchausti,1,D,gradeD_consensus,False,train
DESI-231.0516+02.5048,231.0516,2.5048,inchausti,1,D,gradeD_consensus,False,train
DESI-231.7533-05.3441,231.7533,-5.3441,inchausti,1,D,gradeD_consensus,False,train
DESI-232.0986+08.6074,232.0986,8.6074,inchausti,1,D,gradeD_consensus,False,valsel
DESI-232.5513-18.8555,232.5513,-18.8555,inchausti,1,D,gradeD_consensus,False,valsel
DESI-234.4098+04.2188,234.4098,4.2188,inchausti,1,D,gradeD_consensus,False,valsel
DESI-234.8500+17.5976,234.85,17.5976,inchausti,1,D,gradeD_consensus,False,train
DESI-234.9814+14.2377,234.9814,14.2377,inchausti,1,D,gradeD_consensus,False,train
DESI-235.6200-08.3490,235.62,-8.349,inchausti,1,D,gradeD_consensus,False,train
DESI-236.8522+28.8404,236.8522,28.8404,inchausti,1,D,gradeD_consensus,False,train
DESI-237.4133-11.9157,237.4133,-11.9157,inchausti,1,D,gradeD_consensus,False,train
DESI-238.4986-10.6567,238.4986,-10.6567,inchausti,1,D,gradeD_consensus,False,train
DESI-238.5203+24.8965,238.5203,24.8965,inchausti,1,D,gradeD_consensus,False,train
DESI-239.9868+11.5169,239.9868,11.5169,inchausti,1,D,gradeD_consensus,False,train
DESI-240.0840+13.6074,240.084,13.6074,inchausti,1,D,gradeD_consensus,False,gate
DESI-246.3896-78.8546,246.3896,-78.8546,inchausti,1,D,gradeD_consensus,True,
DESI-247.4016+07.2462,247.4016,7.2462,inchausti,1,D,gradeD_consensus,False,train
DESI-248.5500+16.3690,248.55,16.369,inchausti,1,D,gradeD_consensus,False,train
DESI-253.7376+10.4898,253.7376,10.4898,inchausti,1,D,gradeD_consensus,False,train
DESI-262.2308+26.0727,262.2308,26.0727,inchausti,1,D,gradeD_consensus,False,valsel
DESI-263.7650+23.8348,263.765,23.8348,inchausti,1,D,gradeD_consensus,False,train
DESI-264.7112+14.5157,264.7112,14.5157,inchausti,1,D,gradeD_consensus,False,train
DESI-272.2975-81.0893,272.2975,-81.0893,inchausti,1,D,gradeD_consensus,False,train
DESI-278.8250-70.0048,278.825,-70.0048,inchausti,1,D,gradeD_consensus,True,
DESI-281.1717-61.4239,281.1717,-61.4239,inchausti,1,D,gradeD_consensus,False,train
DESI-286.0786-65.3230,286.0786,-65.323,inchausti,1,D,gradeD_consensus,False,valsel
DESI-287.4199-62.9982,287.4199,-62.9982,inchausti,1,D,gradeD_consensus,False,train
DESI-291.0427-56.5120,291.0427,-56.512,inchausti,1,D,gradeD_consensus,False,train
DESI-301.8803-41.1038,301.8803,-41.1038,inchausti,1,D,gradeD_consensus,False,train
DESI-302.0155-45.8571,302.0155,-45.8571,inchausti,1,D,gradeD_consensus,False,valsel
DESI-302.5063-51.3400,302.5063,-51.34,inchausti,1,D,gradeD_consensus,False,train
DESI-302.6637-57.6747,302.6637,-57.6747,inchausti,1,D,gradeD_consensus,False,train
DESI-305.4391-70.5479,305.4391,-70.5479,inchausti,1,D,gradeD_consensus,False,train
DESI-305.9702-59.3664,305.9702,-59.3664,inchausti,1,D,gradeD_consensus,False,train
DESI-307.3731-54.5756,307.3731,-54.5756,inchausti,1,D,gradeD_consensus,True,
DESI-308.7432-57.8536,308.7432,-57.8536,inchausti,1,D,gradeD_consensus,False,train
DESI-309.0951-35.6634,309.0951,-35.6634,inchausti,1,D,gradeD_consensus,False,train
DESI-309.6878-50.8136,309.6878,-50.8136,inchausti,1,D,gradeD_consensus,False,train
DESI-309.7315-33.9155,309.7315,-33.9155,inchausti,1,D,gradeD_consensus,False,train
DESI-311.3886-08.0080,311.3886,-8.008,inchausti,1,D,gradeD_consensus,False,train
DESI-311.9322-54.6593,311.9322,-54.6593,inchausti,1,D,gradeD_consensus,False,train
DESI-312.5088-36.3651,312.5088,-36.3651,inchausti,1,D,gradeD_consensus,False,train
DESI-312.8836-09.0633,312.8836,-9.0633,inchausti,1,D,gradeD_consensus,False,train
DESI-312.9081-36.0215,312.9081,-36.0215,inchausti,1,D,gradeD_consensus,False,train
DESI-313.1285-41.5614,313.1285,-41.5614,inchausti,1,D,gradeD_consensus,False,train
DESI-314.7426-49.5474,314.7426,-49.5474,inchausti,1,D,gradeD_consensus,False,train
DESI-314.7990-07.7029,314.799,-7.7029,inchausti,1,D,gradeD_consensus,False,train
DESI-316.1745-50.8948,316.1745,-50.8948,inchausti,1,D,gradeD_consensus,False,train
DESI-316.3772-07.1030,316.3772,-7.103,inchausti,1,D,gradeD_consensus,False,train
DESI-317.1653-64.1973,317.1653,-64.1973,inchausti,1,D,gradeD_consensus,False,train
DESI-318.9806-57.3205,318.9806,-57.3205,inchausti,1,D,gradeD_consensus,False,valsel
DESI-319.5101-55.3375,319.5101,-55.3375,inchausti,1,D,gradeD_consensus,True,
DESI-320.6636-44.4156,320.6636,-44.4156,inchausti,1,D,gradeD_consensus,False,train
DESI-320.9998+04.3754,320.9998,4.3754,inchausti,1,D,gradeD_consensus,False,train
DESI-321.1475-06.4212,321.1475,-6.4212,inchausti,1,D,gradeD_consensus,False,train
DESI-322.9917-61.2193,322.9917,-61.2193,inchausti,1,D,gradeD_consensus,False,train
DESI-323.2466+15.8272,323.2466,15.8272,inchausti,1,D,gradeD_consensus,False,train
DESI-324.0414-08.0635,324.0414,-8.0635,inchausti,1,D,gradeD_consensus,False,gate
DESI-324.0846-13.9455,324.0846,-13.9455,inchausti,1,D,gradeD_consensus,False,train
DESI-324.9912-53.5553,324.9912,-53.5553,inchausti,1,D,gradeD_consensus,False,gate
DESI-325.7825-55.5102,325.7825,-55.5102,inchausti,1,D,gradeD_consensus,False,train
DESI-325.9595+20.1289,325.9595,20.1289,inchausti,1,D,gradeD_consensus,False,train
DESI-326.2253-42.1598,326.2253,-42.1598,inchausti,1,D,gradeD_consensus,False,train
DESI-326.2677+14.2918,326.2677,14.2918,inchausti,1,D,gradeD_consensus,False,train
DESI-326.9612-50.5307,326.9612,-50.5307,inchausti,1,D,gradeD_consensus,False,train
DESI-327.3112-45.6364,327.3112,-45.6364,inchausti,1,D,gradeD_consensus,False,train
DESI-328.1204+05.5328,328.1204,5.5328,inchausti,1,D,gradeD_consensus,False,train
DESI-328.8674-54.5052,328.8674,-54.5052,inchausti,1,D,gradeD_consensus,False,train
DESI-329.1862-57.7251,329.1862,-57.7251,inchausti,1,D,gradeD_consensus,False,train
DESI-329.3568-47.7280,329.3568,-47.728,inchausti,1,D,gradeD_consensus,False,train
DESI-329.5056+05.0570,329.5056,5.057,inchausti,1,D,gradeD_consensus,False,train
DESI-329.5471-62.5713,329.5471,-62.5713,inchausti,1,D,gradeD_consensus,True,
DESI-330.9571-52.3147,330.9571,-52.3147,inchausti,1,D,gradeD_consensus,False,train
DESI-331.2227-53.4825,331.2227,-53.4825,inchausti,1,D,gradeD_consensus,False,train
DESI-333.6439-73.5576,333.6439,-73.5576,inchausti,1,D,gradeD_consensus,False,train
DESI-333.6494+21.4953,333.6494,21.4953,inchausti,1,D,gradeD_consensus,False,train
DESI-333.6836-51.0121,333.6836,-51.0121,inchausti,1,D,gradeD_consensus,False,train
DESI-333.9284-10.5103,333.9284,-10.5103,inchausti,1,D,gradeD_consensus,False,train
DESI-334.1945-01.0351,334.1945,-1.0351,inchausti,1,D,gradeD_consensus,False,train
DESI-334.1983+04.8512,334.1983,4.8512,inchausti,1,D,gradeD_consensus,False,train
DESI-334.7713-43.9105,334.7713,-43.9105,inchausti,1,D,gradeD_consensus,False,valsel
DESI-335.1211-03.8518,335.1211,-3.8518,inchausti,1,D,gradeD_consensus,True,
DESI-335.1427-02.4018,335.1427,-2.4018,inchausti,1,D,gradeD_consensus,False,train
DESI-335.6661-13.0270,335.6661,-13.027,inchausti,1,D,gradeD_consensus,False,train
DESI-336.6961-42.1644,336.6961,-42.1644,inchausti,1,D,gradeD_consensus,False,valsel
DESI-337.0990+27.9239,337.099,27.9239,inchausti,1,D,gradeD_consensus,False,train
DESI-337.2884-27.4477,337.2884,-27.4477,inchausti,1,D,gradeD_consensus,False,train
DESI-337.3318+01.7633,337.3318,1.7633,inchausti,1,D,gradeD_consensus,False,train
DESI-337.5347+30.9819,337.5347,30.9819,inchausti,1,D,gradeD_consensus,False,train
DESI-338.1747-13.6116,338.1747,-13.6116,inchausti,1,D,gradeD_consensus,False,train
DESI-338.5429+32.4461,338.5429,32.4461,inchausti,1,D,gradeD_consensus,False,valsel
DESI-339.1382-01.8913,339.1382,-1.8913,inchausti,1,D,gradeD_consensus,True,
DESI-339.6245-41.8983,339.6245,-41.8983,inchausti,1,D,gradeD_consensus,False,train
DESI-340.5205+31.6016,340.5205,31.6016,inchausti,1,D,gradeD_consensus,False,train
DESI-340.5723-57.0650,340.5723,-57.065,inchausti,1,D,gradeD_consensus,False,train
DESI-341.2176+20.3360,341.2176,20.336,inchausti,1,D,gradeD_consensus,False,train
DESI-341.3573-00.4576,341.3573,-0.4576,inchausti,1,D,gradeD_consensus,False,train
DESI-342.3022-47.2544,342.3022,-47.2544,inchausti,1,D,gradeD_consensus,False,train
DESI-342.6321-45.6349,342.6321,-45.6349,inchausti,1,D,gradeD_consensus,False,train
DESI-342.8532-00.1238,342.8532,-0.1238,inchausti,1,D,gradeD_consensus,False,train
DESI-342.8966+15.2894,342.8966,15.2894,inchausti,1,D,gradeD_consensus,False,train
DESI-343.0142+04.6287,343.0142,4.6287,inchausti,1,D,gradeD_consensus,False,train
DESI-343.1515-62.2539,343.1515,-62.2539,inchausti,1,D,gradeD_consensus,True,
DESI-343.2494+11.4021,343.2494,11.4021,inchausti,1,D,gradeD_consensus,False,train
DESI-344.1208-46.7453,344.1208,-46.7453,inchausti,1,D,gradeD_consensus,False,train
DESI-344.5435-59.7271,344.5435,-59.7271,inchausti,1,D,gradeD_consensus,False,valsel
DESI-344.6595+14.1737,344.6595,14.1737,inchausti,1,D,gradeD_consensus,False,train
DESI-344.8785-60.5572,344.8785,-60.5572,inchausti,1,D,gradeD_consensus,False,valsel
DESI-346.2136+27.3825,346.2136,27.3825,inchausti,1,D,gradeD_consensus,False,train
DESI-346.9611-21.7602,346.9611,-21.7602,inchausti,1,D,gradeD_consensus,False,train
DESI-347.1734+30.1310,347.1734,30.131,inchausti,1,D,gradeD_consensus,False,train
DESI-347.3632+02.4019,347.3632,2.4019,inchausti,1,D,gradeD_consensus,False,train
DESI-347.5045-68.0038,347.5045,-68.0038,inchausti,1,D,gradeD_consensus,False,valsel
DESI-347.5087-51.1062,347.5087,-51.1062,inchausti,1,D,gradeD_consensus,False,train
DESI-347.5567-61.1990,347.5567,-61.199,inchausti,1,D,gradeD_consensus,True,
DESI-347.5617-59.3176,347.5617,-59.3176,inchausti,1,D,gradeD_consensus,False,valsel
DESI-347.6484-00.6604,347.6484,-0.6604,inchausti,1,D,gradeD_consensus,False,valsel
DESI-347.8996+23.2750,347.8996,23.275,inchausti,1,D,gradeD_consensus,False,train
DESI-348.2881+29.1866,348.2881,29.1866,inchausti,1,D,gradeD_consensus,False,train
DESI-348.2923+04.4650,348.2923,4.465,inchausti,1,D,gradeD_consensus,False,valsel
DESI-349.0177-48.6452,349.0177,-48.6452,inchausti,1,D,gradeD_consensus,False,valsel
DESI-349.0204-49.5940,349.0204,-49.594,inchausti,1,D,gradeD_consensus,False,valsel
DESI-349.1097-01.9028,349.1097,-1.9028,inchausti,1,D,gradeD_consensus,False,train
DESI-349.1420-37.0736,349.142,-37.0736,inchausti,1,D,gradeD_consensus,False,valsel
DESI-349.1971-51.3260,349.1971,-51.326,inchausti,1,D,gradeD_consensus,False,train
DESI-350.0270-38.5505,350.027,-38.5505,inchausti,1,D,gradeD_consensus,True,
DESI-350.4905+01.6114,350.4905,1.6114,inchausti,1,D,gradeD_consensus,False,valsel
DESI-350.5647+11.7134,350.5647,11.7134,inchausti,1,D,gradeD_consensus,False,train
DESI-350.5994+02.8765,350.5994,2.8765,inchausti,1,D,gradeD_consensus,False,train
DESI-350.7004+22.5675,350.7004,22.5675,inchausti,1,D,gradeD_consensus,False,gate
DESI-351.2878-12.4640,351.2878,-12.464,inchausti,1,D,gradeD_consensus,False,valsel
DESI-351.3292-13.3649,351.3292,-13.3649,inchausti,1,D,gradeD_consensus,True,
DESI-351.3812-62.2565,351.3812,-62.2565,inchausti,1,D,gradeD_consensus,False,train
DESI-351.8162-71.7448,351.8162,-71.7448,inchausti,1,D,gradeD_consensus,True,
DESI-351.9036-54.2702,351.9036,-54.2702,inchausti,1,D,gradeD_consensus,False,valsel
DESI-351.9270-00.7388,351.927,-0.7388,inchausti,1,D,gradeD_consensus,True,
DESI-351.9845-13.6079,351.9845,-13.6079,inchausti,1,D,gradeD_consensus,False,train
DESI-352.1142-47.8515,352.1142,-47.8515,inchausti,1,D,gradeD_consensus,False,train
DESI-352.2549-50.4538,352.2549,-50.4538,inchausti,1,D,gradeD_consensus,False,train
DESI-352.6803+28.9266,352.6803,28.9266,inchausti,1,D,gradeD_consensus,False,valsel
DESI-352.7893-50.7141,352.7893,-50.7141,inchausti,1,D,gradeD_consensus,True,
DESI-352.9133-35.8909,352.9133,-35.8909,inchausti,1,D,gradeD_consensus,False,train
DESI-353.0511+00.4003,353.0511,0.4003,inchausti,1,D,gradeD_consensus,True,
DESI-353.1833+00.6938,353.1833,0.6938,inchausti,1,D,gradeD_consensus,True,
DESI-353.6035-54.4688,353.6035,-54.4688,inchausti,1,D,gradeD_consensus,False,train
DESI-353.6187+00.4669,353.6187,0.4669,inchausti,1,D,gradeD_consensus,False,train
DESI-353.9923-56.6292,353.9923,-56.6292,inchausti,1,D,gradeD_consensus,False,train
DESI-354.4103-45.9002,354.4103,-45.9002,inchausti,1,D,gradeD_consensus,False,train
DESI-354.5375+30.3291,354.5375,30.3291,inchausti,1,D,gradeD_consensus,False,train
DESI-354.6146-72.5535,354.6146,-72.5535,inchausti,1,D,gradeD_consensus,False,train
DESI-354.8972-58.3328,354.8972,-58.3328,inchausti,1,D,gradeD_consensus,True,
DESI-355.0473-61.6670,355.0473,-61.667,inchausti,1,D,gradeD_consensus,False,train
DESI-355.1973-00.0770,355.1973,-0.077,inchausti,1,D,gradeD_consensus,True,
DESI-355.4061-34.7497,355.4061,-34.7497,inchausti,1,D,gradeD_consensus,True,
DESI-355.9721-56.8547,355.9721,-56.8547,inchausti,1,D,gradeD_consensus,False,train
DESI-356.1640-73.6543,356.164,-73.6543,inchausti,1,D,gradeD_consensus,False,train
DESI-356.4212-45.1500,356.4212,-45.15,inchausti,1,D,gradeD_consensus,False,train
DESI-356.6888-00.7523,356.6888,-0.7523,inchausti,1,D,gradeD_consensus,False,train
DESI-357.0322-00.7010,357.0322,-0.701,inchausti,1,D,gradeD_consensus,False,train
DESI-357.3279-46.0660,357.3279,-46.066,inchausti,1,D,gradeD_consensus,False,train
DESI-357.4692+00.0075,357.4692,0.0075,inchausti,1,D,gradeD_consensus,False,train
DESI-357.5187-13.1170,357.5187,-13.117,inchausti,1,D,gradeD_consensus,False,valsel
DESI-358.0095-01.2485,358.0095,-1.2485,inchausti,1,D,gradeD_consensus,False,train
DESI-358.2285-01.5350,358.2285,-1.535,inchausti,1,D,gradeD_consensus,False,train
DESI-358.2365+03.1909,358.2365,3.1909,inchausti,1,D,gradeD_consensus,False,train
DESI-358.3313-60.3555,358.3313,-60.3555,inchausti,1,D,gradeD_consensus,False,train
DESI-358.7914-08.8224,358.7914,-8.8224,inchausti,1,D,gradeD_consensus,False,train
DESI-359.1194-01.3787,359.1194,-1.3787,inchausti,1,D,gradeD_consensus,False,train
DESI-359.1481-28.3346,359.1481,-28.3346,inchausti,1,D,gradeD_consensus,False,train
DESI-359.1597-01.9372,359.1597,-1.9372,inchausti,1,D,gradeD_consensus,False,train
DESI-359.4956-39.7289,359.4956,-39.7289,inchausti,1,D,gradeD_consensus,False,valsel
DESI-359.6383-00.1995,359.6383,-0.1995,inchausti,1,D,gradeD_consensus,False,gate
DESI-359.8398+01.3246,359.8398,1.3246,inchausti,1,D,gradeD_consensus,False,valsel
