recno,Q,Img,Name,Type,Score,delSc,Prob,zsp,zph,e_zph,Mod,Ref,gmag,rmag,zmag,Survey,Sloan,_RA,_DE,pair_ok
1,A,1,DESI-002.0299+18.3723,DC,3.5,1,0.97,0.4724,,,L18,,20.63,19.16,17.84,DECaLS,Sloan,2.0299,18.3723,True
2,A,2,DESI-003.6745-13.5042,DC,4.0,0,0.34,,0.406,0.021,L18,,20.0,18.17,17.18,DECaLS,Sloan,3.6745,-13.5042,True
3,A,3,DESI-006.0673-28.7195,REX,4.0,0,0.97,,0.533,0.025,L18,,20.8,18.86,17.55,DECaLS,Sloan,6.0673,-28.7195,True
4,A,4,DESI-007.6741-33.9765,REX,3.5,1,0.2,,0.858,0.041,shielded,,21.64,20.85,19.61,DECaLS,Sloan,7.6741,-33.9765,True
5,A,5,DESI-007.8631-01.7215,DC,4.0,0,0.53,0.5201,,,shielded,,21.61,19.79,18.6,DECaLS,Sloan,7.8631,-1.7215,True
6,A,6,DESI-008.0136+07.6678,DC,4.0,0,0.99,0.5566,,,L18,,21.14,19.57,18.1,DECaLS,Sloan,8.0136,7.6678,True
7,A,7,DESI-008.0732+01.0100,DC,3.5,1,0.31,,0.426,0.091,L18,e,20.25,18.4,17.45,DECaLS,Sloan,8.0732,1.01,True
8,A,8,DESI-008.6173+02.4228,DC,4.0,0,0.54,0.4548,,,shielded,"b,e",22.62,20.73,19.81,DECaLS,Sloan,8.6173,2.4228,True
9,A,9,DESI-009.7307+07.3230,DC,3.5,1,0.22,0.2547,,,L18,,18.65,17.21,16.36,DECaLS,Sloan,9.7307,7.323,True
10,A,10,DESI-010.0606-06.7620,REX,3.5,1,1.0,0.6152,,,L18,,20.99,19.69,18.64,DECaLS,Sloan,10.0606,-6.762,True
11,A,11,DESI-010.8534-20.6214,DC,4.0,0,0.11,0.3381,,,L18,,18.93,17.4,16.56,DECaLS,Sloan,10.8534,-20.6214,True
12,A,12,DESI-011.9249-19.6443,DC,3.5,1,0.84,,0.688,0.056,L18,,21.78,20.32,18.92,DECaLS,Sloan,11.9249,-19.6443,True
13,A,13,DESI-012.1155-17.9645,DC,3.5,1,0.9,,0.735,0.069,shielded,,22.57,21.17,19.76,DECaLS,Sloan,12.1155,-17.9645,True
14,A,14,DESI-012.9008-09.3904,DC,3.5,1,1.0,0.4485,,,L18,,22.3,20.33,18.64,DECaLS,Sloan,12.9008,-9.3904,True
15,A,15,DESI-014.9899+13.3320,DC,3.5,1,0.91,0.5163,,,shielded,,20.07,18.09,16.86,DECaLS,Sloan,14.9899,13.332,True
16,A,16,DESI-015.6763-14.0150,DC,3.5,1,1.0,,0.658,0.036,L18,,22.07,20.27,18.79,DECaLS,Sloan,15.6763,-14.015,True
17,A,17,DESI-015.8440-18.3629,DC,3.5,1,1.0,,0.364,0.019,L18,,20.42,18.71,17.83,DECaLS,Sloan,15.844,-18.3629,True
18,A,18,DESI-016.2202-07.9520,DC,4.0,0,0.48,,0.764,0.032,shielded,,23.36,21.16,19.29,DECaLS,Sloan,16.2202,-7.952,True
19,A,19,DESI-016.7705-31.4780,DC,4.0,0,1.0,,0.772,0.018,L18,,21.77,19.95,18.12,DECaLS,Sloan,16.7705,-31.478,True
20,A,20,DESI-017.4814+04.1605,DC,4.0,0,0.19,,0.281,0.14,L18,,19.66,18.53,17.85,DECaLS,Sloan,17.4814,4.1605,True
21,A,21,DESI-018.1307-62.1502,REX,4.0,0,0.99,,0.427,0.024,shielded,,20.07,18.27,17.32,DECaLS,Sloan,18.1307,-62.1502,True
22,A,22,DESI-021.0887-32.0706,DC,3.5,1,0.82,,0.754,0.08,shielded,,22.59,20.88,19.25,DECaLS,Sloan,21.0887,-32.0706,True
23,A,23,DESI-022.2123-29.9602,DC,4.0,0,1.0,,0.649,0.023,L18,,21.73,19.98,18.5,DECaLS,Sloan,22.2123,-29.9602,True
24,A,24,DESI-022.3887-15.1097,DC,4.0,0,1.0,,0.524,0.063,L18,,21.78,20.01,18.81,DECaLS,Sloan,22.3887,-15.1097,True
25,A,25,DESI-024.2940-10.5728,DC,3.5,1,0.87,0.4135,,,L18,,20.89,18.92,17.3,DECaLS,Sloan,24.294,-10.5728,True
26,A,26,DESI-024.5974-28.7358,DC,3.5,1,1.0,,0.414,0.022,L18,d,20.42,18.6,17.62,DECaLS,Sloan,24.5974,-28.7358,True
27,A,27,DESI-024.7783+22.1231,DC,3.5,1,0.13,0.4684,,,L18,,21.06,19.09,17.93,DECaLS,Sloan,24.7783,22.1231,True
28,A,28,DESI-025.9952+12.9370,DC,3.5,1,0.92,0.5114,,,L18,,20.75,18.86,17.8,DECaLS,Sloan,25.9952,12.937,True
29,A,29,DESI-026.2765+10.3100,REX,3.5,1,0.28,,0.462,0.138,L18,,21.56,20.16,19.51,DECaLS,Sloan,26.2765,10.31,True
30,A,30,DESI-027.2716-16.9818,DC,3.5,1,0.92,0.6916,,,L18,d,20.91,19.07,17.65,DECaLS,Sloan,27.2716,-16.9818,True
31,A,31,DESI-027.4831-28.5753,DC,3.5,1,0.97,,0.557,0.008,L18,,21.32,19.43,18.14,DECaLS,Sloan,27.4831,-28.5753,True
32,A,32,DESI-027.9088-04.1209,DC,3.5,1,0.81,0.6412,,,L18,,21.89,20.11,18.58,DECaLS,Sloan,27.9088,-4.1209,True
33,A,33,DESI-027.9613-10.0977,DC,4.0,0,1.0,0.5234,,,L18,,22.05,20.36,18.87,DECaLS,Sloan,27.9613,-10.0977,True
34,A,34,DESI-029.4044-12.3606,REX,4.0,0,0.96,,0.747,0.169,shielded,,20.77,20.19,19.2,DECaLS,Sloan,29.4044,-12.3606,True
35,A,35,DESI-030.4025+03.7476,DC,4.0,0,0.64,0.1696,,,L18,,19.16,17.93,17.16,DECaLS,Sloan,30.4025,3.7476,True
36,A,36,DESI-031.3208-01.3890,REX,3.5,1,1.0,0.6992,,,shielded,d,21.01,20.18,19.05,DECaLS,Sloan,31.3208,-1.389,True
37,A,37,DESI-031.6711-17.9929,REX,3.5,1,0.1,0.1548,,,shielded,,20.49,19.62,19.27,DECaLS,Sloan,31.6711,-17.9929,True
38,A,38,DESI-031.7778-27.4457,DC,4.0,0,1.0,,0.294,0.018,shielded,d,18.78,17.26,16.37,DECaLS,Sloan,31.7778,-27.4457,True
39,A,39,DESI-032.4042-25.3555,DC,3.5,1,0.49,,0.224,0.015,L18,,18.15,16.87,16.13,DECaLS,Sloan,32.4042,-25.3555,True
40,A,40,DESI-032.4765-35.7990,REX,4.0,0,0.98,,0.38,0.076,shielded,,21.42,19.78,18.95,DECaLS,Sloan,32.4765,-35.799,True
41,A,41,DESI-034.2366-59.8485,REX,4.0,0,0.66,,0.498,0.017,shielded,,21.01,19.34,18.29,DECaLS,Sloan,34.2366,-59.8485,True
42,A,42,DESI-035.2405-38.5511,REX,4.0,0,0.45,,0.407,0.038,shielded,d,18.98,17.32,16.39,DECaLS,Sloan,35.2405,-38.5511,True
43,A,43,DESI-035.7946-22.8049,DC,3.5,1,1.0,,0.89,0.048,L18,,22.44,21.1,19.33,DECaLS,Sloan,35.7946,-22.8049,True
44,A,44,DESI-036.2340+08.8300,DC,4.0,0,1.0,,0.326,0.035,L18,,18.15,16.5,15.61,DECaLS,Sloan,36.234,8.83,True
45,A,45,DESI-036.8326-24.1921,REX,3.5,1,0.39,,0.405,0.022,shielded,,19.27,17.43,16.46,DECaLS,Sloan,36.8326,-24.1921,True
46,A,46,DESI-037.0621-29.3949,DC,3.5,1,0.93,,0.312,0.013,L18,,19.74,18.11,17.25,DECaLS,Sloan,37.0621,-29.3949,True
47,A,47,DESI-037.4837-31.1730,DC,3.5,1,0.99,,0.466,0.075,L18,,22.06,20.28,19.17,DECaLS,Sloan,37.4837,-31.173,True
48,A,48,DESI-038.0264-35.4899,REX,3.5,1,1.0,,0.55,0.097,L18,,21.31,20.0,18.9,DECaLS,Sloan,38.0264,-35.4899,True
49,A,49,DESI-038.8136-21.5095,REX,4.0,0,0.94,,0.328,0.035,shielded,,22.15,20.64,19.83,DECaLS,Sloan,38.8136,-21.5095,True
50,A,50,DESI-040.2205-05.8472,DC,3.5,1,0.97,0.5238,,,L18,,21.68,19.81,18.52,DECaLS,Sloan,40.2205,-5.8472,True
51,A,51,DESI-040.5664-25.1054,REX,4.0,0,0.82,,0.325,0.045,shielded,,21.68,20.12,19.31,DECaLS,Sloan,40.5664,-25.1054,True
52,A,52,DESI-040.7627-00.1001,DC,3.5,1,1.0,0.4127,,,L18,d,19.95,18.14,17.19,DECaLS,Sloan,40.7627,-0.1001,True
53,A,53,DESI-041.7608+03.9333,DC,4.0,0,0.3,0.2603,,,shielded,,18.53,16.99,16.14,DECaLS,Sloan,41.7608,3.9333,True
54,A,54,DESI-042.0371-02.2771,REX,3.5,1,0.93,,0.247,0.018,L18,,20.04,18.66,17.9,DECaLS,Sloan,42.0371,-2.2771,True
55,A,55,DESI-043.1867-13.2239,REX,3.5,1,0.67,,0.431,0.033,shielded,,22.31,20.58,19.67,DECaLS,Sloan,43.1867,-13.2239,True
56,A,56,DESI-043.5347-28.7960,DC,4.0,0,0.93,,0.632,0.021,L18,,22.19,20.3,18.82,DECaLS,Sloan,43.5347,-28.796,True
57,A,57,DESI-043.6660-04.3071,DC,3.5,1,1.0,0.288,,,L18,,19.35,17.68,16.79,DECaLS,Sloan,43.666,-4.3071,True
58,A,58,DESI-044.4121-22.1575,DC,3.5,1,0.46,,0.484,0.07,shielded,,21.01,19.36,18.49,DECaLS,Sloan,44.4121,-22.1575,True
59,A,59,DESI-044.4344-20.1488,DC,3.5,1,0.49,,0.711,0.025,L18,,23.07,21.09,19.42,DECaLS,Sloan,44.4344,-20.1488,True
60,A,60,DESI-044.7161-19.9477,REX,3.5,1,0.89,,0.535,0.327,shielded,,20.04,19.79,19.07,DECaLS,Sloan,44.7161,-19.9477,True
61,A,61,DESI-044.9811+01.1387,DC,3.5,1,1.0,,0.834,0.079,L18,,21.54,20.39,18.66,DECaLS,Sloan,44.9811,1.1387,True
62,A,62,DESI-046.7690-06.4805,DC,4.0,0,0.33,,0.48,0.105,L18,,22.11,20.7,19.8,DECaLS,Sloan,46.769,-6.4805,True
63,A,63,DESI-047.1434-32.9919,REX,3.5,1,0.22,,0.5,0.091,shielded,,20.7,19.76,19.24,DECaLS,Sloan,47.1434,-32.9919,True
64,A,64,DESI-049.8264+02.0934,REX,3.5,1,0.9,0.3189,,,shielded,,22.33,20.35,19.37,DECaLS,Sloan,49.8264,2.0934,True
65,A,65,DESI-051.8321-21.6081,REX,3.5,1,0.16,,0.502,0.201,L18,,19.43,18.0,16.69,DECaLS,Sloan,51.8321,-21.6081,True
66,A,66,DESI-053.6254-13.1866,DC,4.0,0,1.0,,0.362,0.01,L18,,19.51,17.72,16.79,DECaLS,Sloan,53.6254,-13.1866,True
67,A,67,DESI-055.0891-25.5584,DC,3.5,1,1.0,,0.667,0.047,L18,d,21.94,20.17,18.7,DECaLS,Sloan,55.0891,-25.5584,True
68,A,68,DESI-055.7976-28.4777,DC,4.0,0,1.0,,0.447,0.049,L18,,20.93,19.27,18.38,DECaLS,Sloan,55.7976,-28.4777,True
69,A,69,DESI-057.2074-10.2962,DC,4.0,0,1.0,,0.745,0.075,L18,,21.97,20.33,18.65,DECaLS,Sloan,57.2074,-10.2962,True
70,A,70,DESI-057.9070-07.8706,DC,3.5,1,1.0,,0.677,0.051,L18,,21.98,20.28,18.72,DECaLS,Sloan,57.907,-7.8706,True
71,A,71,DESI-058.6486-30.5959,DC,4.0,0,0.12,,0.173,0.021,L18,,16.63,15.5,14.74,DECaLS,Sloan,58.6486,-30.5959,True
72,A,72,DESI-058.7926-18.5262,DC,4.0,0,1.0,,0.282,0.011,L18,,18.3,16.76,15.93,DECaLS,Sloan,58.7926,-18.5262,True
73,A,73,DESI-060.5238-22.0990,DC,4.0,0,1.0,,0.367,0.051,L18,d,21.11,19.32,18.25,DECaLS,Sloan,60.5238,-22.099,True
74,A,74,DESI-060.7613-21.3645,REX,3.5,1,0.28,,0.455,0.1,shielded,,20.19,19.34,18.83,DECaLS,Sloan,60.7613,-21.3645,True
75,A,75,DESI-060.9953-26.0348,REX,3.5,1,0.8,,0.289,0.083,shielded,,20.63,19.74,19.12,DECaLS,Sloan,60.9953,-26.0348,True
76,A,76,DESI-063.0145-18.9874,REX,3.5,1,0.18,,0.572,0.073,shielded,,22.06,20.27,19.3,DECaLS,Sloan,63.0145,-18.9874,True
77,A,77,DESI-064.8536-25.2248,DC,4.0,0,0.98,,0.36,0.012,L18,,19.51,17.72,16.82,DECaLS,Sloan,64.8536,-25.2248,True
78,A,78,DESI-065.6447-28.0652,DC,4.0,0,0.53,,0.641,0.036,L18,,21.63,19.81,18.31,DECaLS,Sloan,65.6447,-28.0652,True
79,A,79,DESI-066.1601-07.6524,REX,4.0,0,0.79,,0.278,0.049,shielded,,21.62,20.45,19.71,DECaLS,Sloan,66.1601,-7.6524,True
80,A,80,DESI-066.3798-37.7174,REX,3.5,1,0.23,,0.29,0.041,shielded,,20.79,19.16,18.32,DECaLS,Sloan,66.3798,-37.7174,True
81,A,81,DESI-067.4729-29.9597,DC,3.5,1,0.25,,0.716,0.015,L18,,21.85,19.86,18.16,DECaLS,Sloan,67.4729,-29.9597,True
82,A,82,DESI-069.0007-11.5477,DC,4.0,0,0.91,,0.425,0.033,L18,,20.02,18.22,17.14,DECaLS,Sloan,69.0007,-11.5477,True
83,A,83,DESI-070.1899-18.4737,DC,3.5,1,0.63,,0.526,0.01,L18,,21.12,19.15,17.91,DECaLS,Sloan,70.1899,-18.4737,True
84,A,84,DESI-070.1928-26.9754,DC,4.0,0,0.82,,0.5,0.011,L18,,20.6,18.67,17.5,DECaLS,Sloan,70.1928,-26.9754,True
85,A,85,DESI-070.4130-09.7774,DC,4.0,0,1.0,,0.437,0.036,L18,,21.92,20.18,19.19,DECaLS,Sloan,70.413,-9.7774,True
86,A,86,DESI-070.6171-09.1904,DC,3.5,1,0.55,,0.588,0.016,L18,,21.86,19.88,18.44,DECaLS,Sloan,70.6171,-9.1904,True
87,A,87,DESI-073.5286-10.2227,DC,3.5,1,0.89,,0.311,0.13,L18,,20.89,19.52,18.71,DECaLS,Sloan,73.5286,-10.2227,True
88,A,88,DESI-073.9030-25.5129,REX,4.0,0,0.51,,0.475,0.051,shielded,d,22.69,20.78,19.8,DECaLS,Sloan,73.903,-25.5129,True
89,A,89,DESI-074.9643-30.7236,DC,4.0,0,1.0,,0.431,0.017,L18,,20.45,18.62,17.61,DECaLS,Sloan,74.9643,-30.7236,True
90,A,90,DESI-075.2790-24.4179,DC,4.0,0,0.9,,0.289,0.106,L18,,20.7,19.29,18.47,DECaLS,Sloan,75.279,-24.4179,True
91,A,91,DESI-078.3561-30.8433,DC,4.0,0,0.63,,0.387,0.021,L18,,19.73,18.0,17.06,DECaLS,Sloan,78.3561,-30.8433,True
92,A,92,DESI-081.7547-18.9674,DC,4.0,0,1.0,,0.439,0.013,L18,,20.45,18.56,17.53,DECaLS,Sloan,81.7547,-18.9674,True
93,A,93,DESI-082.1548-26.5667,DC,4.0,0,1.0,,0.84,0.043,L18,,23.04,21.18,19.31,DECaLS,Sloan,82.1548,-26.5667,True
94,A,94,DESI-083.5074-25.3491,REX,3.5,1,0.94,,0.477,0.064,shielded,,20.88,19.07,18.04,DECaLS,Sloan,83.5074,-25.3491,True
95,A,95,DESI-086.3066-26.5884,DC,4.0,0,1.0,,0.448,0.083,L18,,21.27,19.87,19.1,DECaLS,Sloan,86.3066,-26.5884,True
96,A,96,DESI-087.1525-36.2427,REX,4.0,0,0.42,,0.305,0.036,L18,,18.33,16.77,15.92,DECaLS,Sloan,87.1525,-36.2427,True
97,A,97,DESI-090.9854-35.9683,REX,4.0,0,0.9,,0.529,0.115,L18,,22.97,20.92,19.76,DECaLS,Sloan,90.9854,-35.9683,True
98,A,98,DESI-094.5639+50.3059,DC,3.5,0,1.0,,0.522,0.02,L18,,21.29,19.54,18.24,MzLS,Sloan,94.5639,50.3059,False
99,A,99,DESI-102.2440+36.2021,DC,3.5,1,1.0,,0.659,0.047,L18,,21.7,20.27,18.78,MzLS,Sloan,102.244,36.2021,True
100,A,100,DESI-104.1909+38.7456,DC,4.0,0,1.0,0.4549,,,L18,,21.08,19.89,18.36,MzLS,Sloan,104.1909,38.7456,True
101,A,101,DESI-107.5775+40.1752,DC,4.0,0,1.0,0.2928,,,L18,,19.2,17.62,16.74,MzLS,Sloan,107.5775,40.1752,True
102,A,102,DESI-109.4199+46.4087,DC,3.5,1,0.9,,0.429,0.074,L18,a,19.11,17.43,16.3,MzLS,Sloan,109.4199,46.4087,True
103,A,103,DESI-109.9018+27.9032,DC,4.0,0,0.63,,0.533,0.016,L18,,21.04,19.2,17.97,DECaLS,Sloan,109.9018,27.9032,True
104,A,104,DESI-109.9255+57.3569,DC,4.0,0,0.21,,0.747,0.044,L18,,21.81,20.3,18.63,MzLS,Sloan,109.9255,57.3569,True
105,A,105,DESI-110.4891+49.8801,DC,4.0,0,0.16,,0.43,0.022,L18,,19.42,17.62,16.55,MzLS,Sloan,110.4891,49.8801,True
106,A,106,DESI-111.9670+30.2010,REX,3.5,1,0.23,0.1527,,,shielded,,22.45,20.64,19.73,DECaLS,Sloan,111.967,30.201,True
107,A,107,DESI-115.3417+37.4889,DC,3.5,1,0.96,0.6031,,,L18,,21.79,20.29,18.82,MzLS,Sloan,115.3417,37.4889,True
108,A,108,DESI-116.3092+33.6326,DC,3.5,1,0.33,0.5642,,,L18,,22.8,20.94,19.19,MzLS,Sloan,116.3092,33.6326,True
109,A,109,DESI-118.4491+20.9528,DC,4.0,0,0.99,0.5866,,,L18,,22.71,20.25,18.27,DECaLS,Sloan,118.4491,20.9528,True
110,A,110,DESI-118.8480+34.7610,DC,4.0,0,1.0,0.7224,,,L18,i,22.89,21.29,19.46,MzLS,Sloan,118.848,34.761,True
111,A,111,DESI-130.6476+30.3670,DC,3.5,1,0.33,0.5041,,,L18,,24.01,22.4,20.42,DECaLS,Sloan,130.6476,30.367,True
112,A,112,DESI-131.6362-01.9047,DC,3.5,1,1.0,0.5422,,,L18,e,22.25,20.62,18.74,DECaLS,Sloan,131.6362,-1.9047,True
113,A,113,DESI-134.3046+16.4322,DC,3.5,1,0.38,0.4441,,,L18,,20.86,19.03,17.95,DECaLS,Sloan,134.3046,16.4322,True
114,A,114,DESI-139.5922+61.1759,REX,3.5,1,0.29,,0.242,0.062,L18,,22.01,20.57,19.75,MzLS,Sloan,139.5922,61.1759,True
115,A,115,DESI-141.4491+37.3023,DC,3.5,1,0.65,0.5527,,,L18,,22.01,20.2,18.78,MzLS,Sloan,141.4491,37.3023,True
116,A,116,DESI-142.0189+20.5292,DC,3.5,1,0.2,,0.198,0.006,L18,,16.92,15.62,14.82,DECaLS,Sloan,142.0189,20.5292,True
117,A,117,DESI-142.9212-06.7297,REX,4.0,0,0.1,,0.264,0.032,L18,,20.31,19.01,18.25,DECaLS,Sloan,142.9212,-6.7297,True
118,A,118,DESI-147.9185+07.5090,DC,4.0,0,0.15,0.3527,,,L18,,20.27,18.63,17.74,DECaLS,Sloan,147.9185,7.509,True
119,A,119,DESI-148.1676+34.5795,DC,4.0,0,0.5,0.3963,,,shielded,h,20.54,18.82,17.94,MzLS,Sloan,148.1676,34.5795,True
120,A,120,DESI-151.1424+41.2121,DC,4.0,0,0.3,0.5934,,,L18,c,21.03,19.29,17.76,MzLS,Sloan,151.1424,41.2121,True
121,A,121,DESI-151.2154-00.5291,REX,3.5,1,1.0,0.6335,,,shielded,,21.01,19.85,18.57,DECaLS,Sloan,151.2154,-0.5291,True
122,A,122,DESI-151.7182-07.9276,DC,4.0,0,0.99,,0.569,0.025,L18,,21.34,19.45,18.13,DECaLS,Sloan,151.7182,-7.9276,True
123,A,123,DESI-153.7269+44.2610,REX,3.5,1,0.54,0.2971,,,shielded,,20.07,18.55,17.7,MzLS,Sloan,153.7269,44.261,True
124,A,124,DESI-153.7937+32.5308,DC,4.0,0,0.08,,0.243,0.147,L18,,19.81,18.21,17.37,MzLS,Sloan,153.7937,32.5308,True
125,A,125,DESI-156.8137+11.8314,REX,3.5,1,0.28,0.28,,,shielded,,19.83,18.66,17.93,DECaLS,Sloan,156.8137,11.8314,True
126,A,126,DESI-157.4222+20.4043,DC,3.5,1,0.43,,0.946,0.324,shielded,,24.05,22.23,19.72,DECaLS,Sloan,157.4222,20.4043,True
127,A,127,DESI-157.6135-06.6858,DC,4.0,0,1.0,,0.463,0.029,L18,,20.48,18.68,17.59,DECaLS,Sloan,157.6135,-6.6858,True
128,A,128,DESI-160.1716+18.8477,DC,4.0,0,0.35,,0.358,0.039,L18,,19.13,17.54,16.65,DECaLS,Sloan,160.1716,18.8477,True
129,A,129,DESI-161.1159+31.2337,DC,4.0,0,0.83,0.5291,,,L18,,22.85,20.98,19.4,DECaLS,Sloan,161.1159,31.2337,True
130,A,130,DESI-161.4114-08.8359,DC,3.5,1,0.98,,0.813,0.15,L18,,22.07,20.94,19.29,DECaLS,Sloan,161.4114,-8.8359,True
131,A,131,DESI-162.3475+35.7447,DC,3.5,1,0.29,0.2603,,,L18,,19.18,17.52,16.6,MzLS,Sloan,162.3475,35.7447,True
132,A,132,DESI-164.9800+42.8595,REX,4.0,0,0.29,,0.817,0.036,shielded,,23.76,21.91,19.97,MzLS,Sloan,164.98,42.8595,True
133,A,133,DESI-166.9974+04.1560,DC,3.5,1,0.67,0.3359,,,L18,,18.86,17.12,16.18,DECaLS,Sloan,166.9974,4.156,True
134,A,134,DESI-168.7683+16.7607,DC,4.0,0,0.96,0.6197,,,L18,,21.31,19.39,18.17,DECaLS,Sloan,168.7683,16.7607,True
135,A,135,DESI-169.2414+14.7197,DC,3.5,1,0.47,0.5424,,,shielded,,21.8,19.95,18.42,DECaLS,Sloan,169.2414,14.7197,True
136,A,136,DESI-169.9718+14.7456,REX,4.0,0,0.16,0.1967,,,shielded,,20.41,19.35,18.65,DECaLS,Sloan,169.9718,14.7456,True
137,A,137,DESI-173.3049+50.1444,DC,4.0,0,0.92,0.2426,,,L18,,18.8,17.33,16.36,MzLS,Sloan,173.3049,50.1444,True
138,A,138,DESI-174.5481+14.7863,DC,3.5,1,0.96,0.5457,,,L18,,21.6,19.87,18.61,DECaLS,Sloan,174.5481,14.7863,True
139,A,139,DESI-175.0410+22.8792,DC,3.5,1,0.99,0.5426,,,L18,,21.16,19.43,18.13,DECaLS,Sloan,175.041,22.8792,True
140,A,140,DESI-175.4961+19.3041,REX,4.0,0,1.0,0.5425,,,L18,,21.12,19.86,18.87,DECaLS,Sloan,175.4961,19.3041,True
141,A,141,DESI-176.0987+17.7551,DC,3.5,1,0.49,0.5273,,,L18,,21.19,19.28,18.01,DECaLS,Sloan,176.0987,17.7551,True
142,A,142,DESI-178.0775+08.8170,DC,4.0,0,1.0,0.3244,,,L18,,20.33,18.75,17.88,DECaLS,Sloan,178.0775,8.817,True
143,A,143,DESI-179.0228+19.1869,DC,4.0,0,1.0,0.5689,,,L18,,21.23,19.36,18.1,DECaLS,Sloan,179.0228,19.1869,True
144,A,144,DESI-179.5632-06.6056,DC,3.5,1,0.75,,0.43,0.014,L18,,20.58,18.77,17.79,DECaLS,Sloan,179.5632,-6.6056,True
145,A,145,DESI-179.8326+61.7939,DC,3.5,1,0.99,0.3393,,,L18,,20.5,18.84,17.88,MzLS,Sloan,179.8326,61.7939,True
146,A,146,DESI-180.2708-02.3681,REX,3.5,1,0.93,0.3667,,,shielded,,21.02,19.28,18.39,DECaLS,Sloan,180.2708,-2.3681,True
147,A,147,DESI-181.9031+52.9176,DC,4.0,0,1.0,0.3428,,,L18,,19.59,18.03,17.17,MzLS,Sloan,181.9031,52.9176,True
148,A,148,DESI-183.0792+27.5646,REX,4.0,0,0.44,0.3364,,,shielded,,22.17,20.57,19.71,DECaLS,Sloan,183.0792,27.5646,True
149,A,149,DESI-186.8276-07.1227,REX,3.5,1,1.0,,0.617,0.126,shielded,,20.88,20.01,18.96,DECaLS,Sloan,186.8276,-7.1227,True
150,A,150,DESI-187.2782+59.1413,DC,3.5,1,0.98,0.5802,,,L18,,21.84,20.25,18.83,MzLS,Sloan,187.2782,59.1413,True
151,A,151,DESI-188.2155+27.0359,DC,3.5,1,1.0,0.5566,,,L18,,21.19,19.89,18.91,DECaLS,Sloan,188.2155,27.0359,True
152,A,152,DESI-189.4008+55.5619,DC,4.0,0,1.0,0.4279,,,L18,,20.2,18.45,17.51,MzLS,Sloan,189.4008,55.5619,True
153,A,153,DESI-189.9885+12.6693,DC,3.5,1,0.16,0.2183,,,L18,,19.1,17.79,17.03,DECaLS,Sloan,189.9885,12.6693,True
154,A,154,DESI-190.1345+45.1508,DC,4.0,0,1.0,0.2256,,,L18,,19.56,18.24,17.41,MzLS,Sloan,190.1345,45.1508,True
155,A,155,DESI-190.6911+75.8730,REX,3.5,1,0.87,,0.424,0.031,shielded,,22.39,20.57,19.63,MzLS,Sloan,190.6911,75.873,True
156,A,156,DESI-190.7929+21.3329,DC,3.5,1,0.99,0.3106,,,L18,,20.07,18.34,17.45,DECaLS,Sloan,190.7929,21.3329,True
157,A,157,DESI-191.2226+04.2210,DC,3.5,1,0.83,0.326,,,L18,e,19.86,18.22,17.37,DECaLS,Sloan,191.2226,4.221,True
158,A,158,DESI-192.4699+03.1592,DC,3.5,1,1.0,0.3202,,,L18,,20.16,18.5,17.61,DECaLS,Sloan,192.4699,3.1592,True
159,A,159,DESI-192.9428+01.7155,DC,4.0,0,0.31,0.673,,,L18,,22.22,20.16,18.47,DECaLS,Sloan,192.9428,1.7155,True
160,A,160,DESI-196.4575+22.9256,DC,4.0,0,1.0,0.2677,,,L18,,20.18,18.59,17.69,DECaLS,Sloan,196.4575,22.9256,True
161,A,161,DESI-197.5704+14.7474,REX,4.0,0,0.14,0.2943,,,shielded,,20.72,19.13,18.29,DECaLS,Sloan,197.5704,14.7474,True
162,A,162,DESI-200.7252+58.1651,DC,4.0,0,0.68,0.2229,,,L18,,18.44,17.2,16.46,MzLS,Sloan,200.7252,58.1651,True
163,A,163,DESI-200.7678+03.7216,DC,4.0,0,0.34,,0.896,0.078,shielded,,23.22,21.28,19.38,DECaLS,Sloan,200.7678,3.7216,True
164,A,164,DESI-205.1910+38.5483,DC,3.5,1,0.96,0.6334,,,L18,,22.11,20.44,18.79,MzLS,Sloan,205.191,38.5483,True
165,A,165,DESI-211.6718+08.7580,REX,3.5,1,0.38,0.1857,,,shielded,,23.49,21.65,19.8,DECaLS,Sloan,211.6718,8.758,True
166,A,166,DESI-211.9734-00.4713,REX,3.5,1,0.15,0.481,,,L18,l,20.73,18.93,17.85,DECaLS,Sloan,211.9734,-0.4713,True
167,A,167,DESI-214.3545+76.2152,REX,4.0,0,0.28,,0.343,0.386,shielded,,20.63,19.93,19.66,MzLS,Sloan,214.3545,76.2152,True
168,A,168,DESI-218.2479-07.2268,DC,3.5,1,1.0,,0.352,0.043,L18,,19.23,17.54,16.63,DECaLS,Sloan,218.2479,-7.2268,True
169,A,169,DESI-218.3457+60.1209,DC,3.5,1,1.0,,0.408,0.072,L18,,20.89,19.48,18.67,MzLS,Sloan,218.3457,60.1209,True
170,A,170,DESI-218.4715+14.0687,DC,3.5,1,1.0,0.5512,,,L18,,22.87,21.22,19.91,DECaLS,Sloan,218.4715,14.0687,True
171,A,171,DESI-220.4549+14.6891,DC,4.0,0,1.0,0.6149,,,L18,,22.4,20.53,18.74,DECaLS,Sloan,220.4549,14.6891,True
172,A,172,DESI-221.8241+78.0430,DC,4.0,0,0.3,,0.415,0.281,L18,,18.21,16.6,15.73,MzLS,Sloan,221.8241,78.043,True
173,A,173,DESI-227.3528+39.0279,DC,4.0,0,1.0,0.5975,,,L18,,21.73,20.18,18.55,MzLS,Sloan,227.3528,39.0279,True
174,A,174,DESI-227.5364+20.6236,DC,3.5,1,1.0,0.5847,,,L18,,22.27,20.31,18.67,DECaLS,Sloan,227.5364,20.6236,True
175,A,175,DESI-234.8707+16.8379,DC,3.5,1,0.99,0.3979,,,L18,,20.02,18.12,17.15,DECaLS,Sloan,234.8707,16.8379,True
176,A,176,DESI-240.8979+05.8745,DC,3.5,1,0.97,0.6753,,,shielded,,24.18,23.49,21.68,DECaLS,Sloan,240.8979,5.8745,True
177,A,177,DESI-241.2220+74.5292,DC,3.5,1,0.15,,0.331,0.021,L18,,20.79,19.23,18.33,MzLS,Sloan,241.222,74.5292,True
178,A,178,DESI-245.7514+21.6226,DC,4.0,0,1.0,,0.782,0.062,L18,,21.66,20.11,18.31,DECaLS,Sloan,245.7514,21.6226,True
179,A,179,DESI-246.0062+01.4836,DC,3.5,1,1.0,,0.912,0.105,L18,,22.73,21.13,19.19,DECaLS,Sloan,246.0062,1.4836,True
180,A,180,DESI-248.5498+70.9303,DC,3.5,1,0.78,,0.237,0.017,L18,,17.97,16.49,15.64,MzLS,Sloan,248.5498,70.9303,True
181,A,181,DESI-252.2720+02.3993,DC,4.0,0,1.0,,0.48,0.139,L18,,20.22,19.16,18.25,DECaLS,Sloan,252.272,2.3993,True
182,A,182,DESI-252.9173+28.0881,DC,3.5,1,1.0,,0.719,0.13,L18,,22.11,20.31,18.65,DECaLS,Sloan,252.9173,28.0881,True
183,A,183,DESI-253.2534+26.8843,DC,3.5,1,0.97,0.5214,,,shielded,,23.66,21.78,20.35,DECaLS,Sloan,253.2534,26.8843,True
184,A,184,DESI-254.4235+34.8162,DC,4.0,0,1.0,0.5777,,,L18,,22.71,20.88,19.07,MzLS,Sloan,254.4235,34.8162,True
185,A,185,DESI-260.8405+23.8442,DC,4.0,0,0.99,,0.424,0.155,shielded,,18.35,16.99,16.15,DECaLS,Sloan,260.8405,23.8442,True
186,A,186,DESI-260.9006+34.1995,DC,3.5,1,0.85,0.4184,,,shielded,h,19.87,18.17,17.14,MzLS,Sloan,260.9006,34.1995,True
187,A,187,DESI-266.4075+39.8584,REX,4.0,0,0.17,,0.339,0.05,L18,,19.05,17.38,16.44,MzLS,Sloan,266.4075,39.8584,True
188,A,188,DESI-277.9494+54.3033,DC,4.0,0,0.14,,0.252,0.009,L18,,18.13,16.59,15.71,MzLS,Sloan,277.9494,54.3033,True
189,A,189,DESI-278.8338+46.1076,DC,3.5,1,0.28,,0.42,0.016,L18,,19.63,17.72,16.67,MzLS,Sloan,278.8338,46.1076,True
190,A,190,DESI-287.1099+70.4625,DC,3.5,1,0.84,,0.518,0.049,shielded,,21.87,19.81,18.62,MzLS,Sloan,287.1099,70.4625,True
191,A,191,DESI-292.2833+55.8034,DC,3.5,1,0.95,,0.859,0.067,L18,,24.02,21.99,19.78,MzLS,Sloan,292.2833,55.8034,True
192,A,192,DESI-310.8020-06.1649,DC,3.5,1,0.61,0.5076,,,L18,,22.5,20.43,18.55,DECaLS,Sloan,310.802,-6.1649,True
193,A,193,DESI-327.8408+13.7884,DC,4.0,0,0.1,0.2015,,,L18,,19.29,18.05,17.21,DECaLS,Sloan,327.8408,13.7884,True
194,A,194,DESI-329.6820+02.9584,DC,4.0,0,1.0,0.2886,,,L18,,19.13,17.59,16.74,DECaLS,Sloan,329.682,2.9584,True
195,A,195,DESI-333.3655-13.2491,DC,4.0,0,1.0,,0.11,0.008,L18,,17.74,16.69,15.93,DECaLS,Sloan,333.3655,-13.2491,True
196,A,196,DESI-333.9656+04.5843,DC,4.0,0,0.19,0.5863,,,L18,e,22.43,20.47,18.82,DECaLS,Sloan,333.9656,4.5843,True
197,A,197,DESI-335.5357+27.7599,DC,3.5,1,0.55,0.4695,,,L18,,20.37,18.5,17.34,DECaLS,Sloan,335.5357,27.7599,True
198,A,198,DESI-339.8880-04.4883,DC,3.5,1,1.0,0.5318,,,L18,,21.09,19.32,18.05,DECaLS,Sloan,339.888,-4.4883,True
199,A,199,DESI-340.2304-00.0128,DC,3.5,1,0.59,0.424,,,L18,e,20.72,19.2,18.21,DECaLS,Sloan,340.2304,-0.0128,True
200,A,200,DESI-341.0206+27.9877,DC,3.5,1,0.79,0.3373,,,shielded,,19.19,17.39,16.43,DECaLS,Sloan,341.0206,27.9877,True
201,A,201,DESI-341.8012-02.0939,DC,4.0,0,1.0,0.3535,,,L18,,19.83,18.17,17.29,DECaLS,Sloan,341.8012,-2.0939,True
202,A,202,DESI-342.1516-01.3928,DC,3.5,1,0.99,0.6776,,,L18,d,20.86,18.92,17.8,DECaLS,Sloan,342.1516,-1.3928,True
203,A,203,DESI-342.9290-03.4136,REX,3.5,1,0.13,0.258,,,shielded,,18.17,16.66,15.82,DECaLS,Sloan,342.929,-3.4136,True
204,A,204,DESI-343.0402-04.2187,DC,3.5,1,0.97,0.4208,,,L18,,19.67,17.83,16.83,DECaLS,Sloan,343.0402,-4.2187,True
205,A,205,DESI-344.5567+17.1506,DC,4.0,0,0.91,0.6646,,,L18,,22.96,20.81,18.9,DECaLS,Sloan,344.5567,17.1506,True
206,A,206,DESI-345.0719+22.2249,DC,4.0,0,0.44,0.4182,,,L18,,21.35,19.3,18.2,DECaLS,Sloan,345.0719,22.2249,True
207,A,207,DESI-345.8609+23.4760,DC,3.5,1,0.86,0.3252,,,L18,,19.04,17.37,16.43,DECaLS,Sloan,345.8609,23.476,True
208,A,208,DESI-346.7668-13.3744,DC,4.0,0,0.96,,0.575,0.1,L18,,20.83,18.93,17.73,DECaLS,Sloan,346.7668,-13.3744,True
209,A,209,DESI-347.0926-02.1923,DC,3.5,1,0.65,0.3578,,,L18,d,21.58,19.97,19.12,DECaLS,Sloan,347.0926,-2.1923,True
210,A,210,DESI-347.7824+05.4971,DC,3.5,1,0.17,0.5875,,,L18,,20.75,18.94,17.25,DECaLS,Sloan,347.7824,5.4971,True
211,A,211,DESI-351.7484+20.4496,DC,3.5,1,0.15,0.6529,,,L18,,22.82,20.83,18.86,DECaLS,Sloan,351.7484,20.4496,True
212,A,212,DESI-353.4836-14.3846,DC,3.5,1,0.57,,0.372,0.061,L18,,20.36,18.99,18.15,DECaLS,Sloan,353.4836,-14.3846,True
213,A,213,DESI-353.5287-07.7712,REX,4.0,0,0.13,,0.522,0.1,L18,,19.96,18.11,17.16,DECaLS,Sloan,353.5287,-7.7712,True
214,A,214,DESI-355.2727-57.2679,REX,4.0,0,0.95,,0.447,0.044,L18,,19.22,17.53,16.5,DECaLS,Sloan,355.2727,-57.2679,True
215,A,215,DESI-356.7894-62.7765,REX,4.0,0,0.29,,0.252,0.033,shielded,,19.62,18.23,17.43,DECaLS,Sloan,356.7894,-62.7765,True
216,A,216,DESI-359.7003-61.4330,REX,4.0,0,0.94,,0.73,0.044,shielded,,19.96,18.06,17.11,DECaLS,Sloan,359.7003,-61.433,True
217,B,217,DESI-004.0930-09.1126,DC,3.0,0,0.98,,0.445,0.021,shielded,,22.07,20.24,19.22,DECaLS,Sloan,4.093,-9.1126,True
218,B,218,DESI-004.2564-10.1530,DC,3.0,0,0.6,0.5201,,,L18,,21.22,19.52,18.29,DECaLS,Sloan,4.2564,-10.153,True
219,B,219,DESI-004.8654+32.0834,REX,3.0,0,0.82,0.5566,,,L18,,19.9,18.13,17.21,MzLS,Sloan,4.8654,32.0834,True
220,B,220,DESI-005.2593-26.5437,DC,3.0,0,0.99,0.4548,,,shielded,,23.24,21.31,19.77,DECaLS,Sloan,5.2593,-26.5437,True
221,B,221,DESI-008.0382-11.7536,DC,3.0,0,0.7,,0.542,0.012,L18,,20.36,18.49,17.23,DECaLS,Sloan,8.0382,-11.7536,True
222,B,222,DESI-009.5789-22.7448,DC,3.0,0,0.95,,0.659,0.028,L18,,22.95,20.87,19.36,DECaLS,Sloan,9.5789,-22.7448,True
223,B,223,DESI-010.9823-38.8884,REX,3.0,0,0.83,,0.636,0.041,L18,,20.87,19.87,19.02,DECaLS,Sloan,10.9823,-38.8884,True
224,B,224,DESI-011.3586-34.2832,REX,3.0,0,1.0,,0.86,0.078,L18,,21.52,20.81,19.63,DECaLS,Sloan,11.3586,-34.2832,True
225,B,225,DESI-013.2126-24.3469,DC,3.0,0,0.97,,0.601,0.011,shielded,,21.8,19.92,18.5,DECaLS,Sloan,13.2126,-24.3469,True
226,B,226,DESI-013.8104-15.9165,REX,3.0,2,0.32,,0.741,0.055,shielded,,21.5,20.43,19.2,DECaLS,Sloan,13.8104,-15.9165,True
227,B,227,DESI-014.1400-29.2327,DC,3.0,0,0.99,0.5234,,,L18,,21.47,19.53,18.18,DECaLS,Sloan,14.14,-29.2327,True
228,B,228,DESI-014.3122+21.6428,DC,3.0,0,0.28,,0.824,0.038,L18,,23.62,21.38,19.46,DECaLS,Sloan,14.3122,21.6428,True
229,B,229,DESI-014.6685+05.7665,DC,3.0,0,0.44,0.1696,,,L18,,22.8,20.87,19.27,DECaLS,Sloan,14.6685,5.7665,True
230,B,230,DESI-014.7995-22.0867,DC,3.0,0,1.0,,0.78,0.057,L18,,22.99,20.97,19.15,DECaLS,Sloan,14.7995,-22.0867,True
231,B,231,DESI-015.2049+18.3077,DC,3.0,2,0.51,,0.593,0.012,L18,,21.4,19.57,18.17,DECaLS,Sloan,15.2049,18.3077,True
232,B,232,DESI-015.4982-21.4487,DC,3.0,0,0.97,,0.435,0.027,L18,d,19.87,18.05,17.04,DECaLS,Sloan,15.4982,-21.4487,True
233,B,233,DESI-015.7396-29.1895,DC,3.0,0,1.0,,0.266,0.013,L18,d,18.66,17.19,16.36,DECaLS,Sloan,15.7396,-29.1895,True
234,B,234,DESI-015.9372+27.1025,DC,3.0,0,0.69,,0.381,0.022,L18,,20.2,18.41,17.44,DECaLS,Sloan,15.9372,27.1025,True
235,B,235,DESI-016.1300-19.8697,DC,3.0,0,1.0,,0.42,0.024,shielded,,21.34,19.55,18.59,DECaLS,Sloan,16.13,-19.8697,True
236,B,236,DESI-016.3170+01.4392,DC,3.0,0,0.61,,0.253,0.008,shielded,e,18.79,17.33,16.53,DECaLS,Sloan,16.317,1.4392,True
237,B,237,DESI-016.5259-31.0774,DC,3.0,0,0.99,0.2603,,,L18,,21.15,19.46,18.21,DECaLS,Sloan,16.5259,-31.0774,True
238,B,238,DESI-016.5369-37.0055,REX,3.0,0,0.85,,0.419,0.081,shielded,,21.86,20.4,19.62,DECaLS,Sloan,16.5369,-37.0055,True
239,B,239,DESI-018.7209-25.2845,DC,3.0,0,0.23,,0.787,0.034,L18,,23.08,21.28,19.51,DECaLS,Sloan,18.7209,-25.2845,True
240,B,240,DESI-020.7960+30.9619,DC,3.0,0,0.92,,0.622,0.021,L18,,21.47,19.83,18.4,DECaLS,Sloan,20.796,30.9619,True
241,B,241,DESI-021.1715-06.9096,DC,3.0,2,0.32,,0.403,0.033,L18,,20.67,18.8,17.89,DECaLS,Sloan,21.1715,-6.9096,True
242,B,242,DESI-023.0157-16.0040,DC,3.0,0,0.98,,0.492,0.047,L18,,20.48,19.01,18.0,DECaLS,Sloan,23.0157,-16.004,True
243,B,243,DESI-024.7188-16.8552,DC,3.0,0,0.94,,0.553,0.016,L18,,21.32,19.56,18.32,DECaLS,Sloan,24.7188,-16.8552,True
244,B,244,DESI-025.7083-19.7918,DC,3.0,0,1.0,,0.267,0.016,L18,,18.6,17.17,16.4,DECaLS,Sloan,25.7083,-19.7918,True
245,B,245,DESI-025.9390-26.2946,DC,3.0,0,0.99,,0.334,0.019,L18,,19.17,17.55,16.68,DECaLS,Sloan,25.939,-26.2946,True
246,B,246,DESI-026.7621-01.9526,REX,3.0,0,0.28,,0.16,0.083,L18,,19.69,19.26,19.08,DECaLS,Sloan,26.7621,-1.9526,True
247,B,247,DESI-027.4483+12.4652,DC,3.0,0,0.64,,0.403,0.011,L18,,20.19,18.29,17.3,DECaLS,Sloan,27.4483,12.4652,True
248,B,248,DESI-027.5036+27.4267,DC,3.0,0,0.64,,0.3,0.011,L18,,19.13,17.52,16.64,DECaLS,Sloan,27.5036,27.4267,True
249,B,249,DESI-027.8944+05.1619,DC,3.0,0,1.0,,0.485,0.034,L18,,21.89,20.08,18.95,DECaLS,Sloan,27.8944,5.1619,True
250,B,250,DESI-027.9100-24.4413,DC,3.0,0,0.5,,0.42,0.04,L18,,20.81,19.17,18.25,DECaLS,Sloan,27.91,-24.4413,True
251,B,251,DESI-028.6096-23.4067,DC,3.0,2,1.0,,0.828,0.067,L18,,23.8,21.76,19.93,DECaLS,Sloan,28.6096,-23.4067,True
252,B,252,DESI-029.3219+25.4699,DC,3.0,0,0.96,,0.305,0.021,L18,,19.98,18.35,17.36,DECaLS,Sloan,29.3219,25.4699,True
253,B,253,DESI-029.9198-24.0197,REX,3.0,2,0.88,,0.813,0.062,shielded,,20.93,20.22,19.03,DECaLS,Sloan,29.9198,-24.0197,True
254,B,254,DESI-030.4360-27.6618,DC,3.0,0,1.0,,0.865,0.08,L18,d,22.38,21.26,19.53,DECaLS,Sloan,30.436,-27.6618,True
255,B,255,DESI-030.5443-01.3779,REX,3.0,2,0.96,,0.694,0.039,shielded,,21.72,20.54,19.35,DECaLS,Sloan,30.5443,-1.3779,True
256,B,256,DESI-031.0343-29.3024,DC,3.0,0,0.13,,0.746,0.208,L18,,21.66,20.68,19.01,DECaLS,Sloan,31.0343,-29.3024,True
257,B,257,DESI-033.4120-28.2374,DC,3.0,0,0.44,,0.795,0.03,L18,,22.07,20.33,18.55,DECaLS,Sloan,33.412,-28.2374,True
258,B,258,DESI-033.4558+14.1537,DC,3.0,0,0.92,,0.329,0.04,L18,,20.26,18.89,18.08,DECaLS,Sloan,33.4558,14.1537,True
259,B,259,DESI-033.8095-29.1570,DC,3.0,0,1.0,,0.646,0.334,shielded,d,20.57,20.18,19.42,DECaLS,Sloan,33.8095,-29.157,True
260,B,260,DESI-034.0760+02.9333,DC,3.0,0,0.2,,0.974,0.051,L18,,23.67,21.9,19.79,DECaLS,Sloan,34.076,2.9333,True
261,B,261,DESI-034.5995-01.9843,DC,3.0,0,0.11,,0.312,0.033,L18,e,19.68,18.34,17.58,DECaLS,Sloan,34.5995,-1.9843,True
262,B,262,DESI-034.7077-14.7784,DC,3.0,2,0.7,,0.576,0.011,shielded,,21.88,19.97,18.63,DECaLS,Sloan,34.7077,-14.7784,True
263,B,263,DESI-035.0142+02.7345,DC,3.0,0,0.97,0.4549,,,L18,,19.86,18.37,17.5,DECaLS,Sloan,35.0142,2.7345,True
264,B,264,DESI-036.0843-31.9371,DC,3.0,2,0.93,0.2928,,,L18,,22.32,20.44,19.26,DECaLS,Sloan,36.0843,-31.9371,True
265,B,265,DESI-037.0680-29.3960,DC,3.0,0,0.45,,0.292,0.01,L18,,19.27,17.71,16.88,DECaLS,Sloan,37.068,-29.396,True
266,B,266,DESI-037.7246+20.8596,DC,3.0,0,0.98,,0.653,0.065,L18,,21.8,20.24,18.76,DECaLS,Sloan,37.7246,20.8596,True
267,B,267,DESI-038.5455-35.7895,REX,3.0,0,0.4,,0.534,0.069,L18,,22.16,20.46,19.33,DECaLS,Sloan,38.5455,-35.7895,True
268,B,268,DESI-038.6407-14.8060,DC,3.0,0,1.0,0.5866,,,L18,,23.18,21.13,19.3,DECaLS,Sloan,38.6407,-14.806,True
269,B,269,DESI-039.7648-30.8467,DC,3.0,2,0.9,,0.487,0.041,shielded,,20.92,19.27,18.17,DECaLS,Sloan,39.7648,-30.8467,True
270,B,270,DESI-040.7511-19.8931,REX,3.0,2,0.97,0.3527,,,shielded,,21.57,20.71,19.5,DECaLS,Sloan,40.7511,-19.8931,True
271,B,271,DESI-041.1456-17.2445,REX,3.0,2,0.82,0.3963,,,shielded,,21.97,20.44,19.66,DECaLS,Sloan,41.1456,-17.2445,True
272,B,272,DESI-042.2860-28.3551,REX,3.0,2,0.47,0.5934,,,shielded,,21.98,21.2,19.86,DECaLS,Sloan,42.286,-28.3551,True
273,B,273,DESI-042.3475+16.8733,DC,3.0,2,0.84,,0.696,0.087,shielded,,22.09,20.76,19.43,DECaLS,Sloan,42.3475,16.8733,True
274,B,274,DESI-042.5350+00.1379,DC,3.0,0,0.87,,0.805,0.024,L18,,23.14,21.21,19.26,DECaLS,Sloan,42.535,0.1379,True
275,B,275,DESI-042.8971-12.3337,DC,3.0,0,1.0,,0.44,0.008,L18,d,20.45,18.57,17.57,DECaLS,Sloan,42.8971,-12.3337,True
276,B,276,DESI-044.1841-09.2468,DC,3.0,0,1.0,,0.885,0.076,L18,,22.06,21.12,19.58,DECaLS,Sloan,44.1841,-9.2468,True
277,B,277,DESI-044.3830-23.3527,REX,3.0,2,0.4,0.5291,,,shielded,,20.6,19.49,18.64,DECaLS,Sloan,44.383,-23.3527,True
278,B,278,DESI-044.5235-34.8959,REX,3.0,0,0.81,,0.442,0.052,shielded,,18.92,17.26,16.37,DECaLS,Sloan,44.5235,-34.8959,True
279,B,279,DESI-045.5878-04.3899,REX,3.0,0,0.2,,0.392,0.038,shielded,,21.63,19.86,18.96,DECaLS,Sloan,45.5878,-4.3899,True
280,B,280,DESI-046.4172-29.5712,DC,3.0,0,0.24,0.6197,,,L18,g,20.36,18.61,17.71,DECaLS,Sloan,46.4172,-29.5712,True
281,B,281,DESI-047.1385-17.6676,REX,3.0,0,0.78,0.1967,,,shielded,,21.31,20.5,19.43,DECaLS,Sloan,47.1385,-17.6676,True
282,B,282,DESI-047.3494-30.1968,DC,3.0,0,0.89,0.2426,,,L18,,21.41,19.76,18.76,DECaLS,Sloan,47.3494,-30.1968,True
283,B,283,DESI-047.4380-14.6211,DC,3.0,0,1.0,0.5425,,,L18,d,22.58,21.34,19.54,DECaLS,Sloan,47.438,-14.6211,True
284,B,284,DESI-048.6263-09.5613,DC,3.0,0,0.1,0.3244,,,L18,,20.98,19.38,18.31,DECaLS,Sloan,48.6263,-9.5613,True
285,B,285,DESI-048.6484-21.4665,DC,3.0,0,0.45,0.5689,,,L18,d,20.37,18.53,17.5,DECaLS,Sloan,48.6484,-21.4665,True
286,B,286,DESI-048.9389-29.9643,DC,3.0,0,0.51,0.3428,,,L18,,21.22,19.47,18.23,DECaLS,Sloan,48.9389,-29.9643,True
287,B,287,DESI-050.7649-27.5687,DC,3.0,0,0.65,0.3364,,,L18,,20.33,18.44,17.23,DECaLS,Sloan,50.7649,-27.5687,True
288,B,288,DESI-051.2051-10.3481,DC,3.0,0,1.0,0.4279,,,L18,a,20.83,19.27,18.13,DECaLS,Sloan,51.2051,-10.3481,True
289,B,289,DESI-053.7319-19.9224,DC,3.0,0,0.65,0.2256,,,shielded,,20.81,19.0,18.03,DECaLS,Sloan,53.7319,-19.9224,True
290,B,290,DESI-054.7129-14.1391,REX,3.0,2,0.39,0.673,,,shielded,,23.81,22.36,20.38,DECaLS,Sloan,54.7129,-14.1391,True
291,B,291,DESI-054.9589-00.1356,DC,3.0,0,0.94,0.2677,,,L18,,22.12,20.72,19.19,DECaLS,Sloan,54.9589,-0.1356,True
292,B,292,DESI-055.0363-25.7609,REX,3.0,2,0.18,0.2943,,,shielded,f,20.58,18.82,17.69,DECaLS,Sloan,55.0363,-25.7609,True
293,B,293,DESI-055.8328-16.2951,DC,3.0,0,0.88,0.2229,,,L18,,21.54,19.98,18.93,DECaLS,Sloan,55.8328,-16.2951,True
294,B,294,DESI-056.2001-20.9116,DC,3.0,0,0.88,,0.696,0.017,L18,,21.8,19.91,18.26,DECaLS,Sloan,56.2001,-20.9116,True
295,B,295,DESI-057.5232-13.1978,DC,3.0,0,1.0,,0.573,0.111,L18,,22.46,20.95,19.73,DECaLS,Sloan,57.5232,-13.1978,True
296,B,296,DESI-058.8732-36.5641,REX,3.0,2,0.91,0.6149,,,shielded,,18.45,16.83,15.98,DECaLS,Sloan,58.8732,-36.5641,True
297,B,297,DESI-060.9086-07.3160,DC,3.0,0,0.29,,0.785,0.064,L18,,21.94,20.62,19.01,DECaLS,Sloan,60.9086,-7.316,True
298,B,298,DESI-061.6770-23.3205,DC,3.0,0,1.0,0.5975,,,L18,,22.01,20.11,18.75,DECaLS,Sloan,61.677,-23.3205,True
299,B,299,DESI-061.6880-15.0482,REX,3.0,2,1.0,,0.561,0.293,shielded,,20.42,19.82,18.83,DECaLS,Sloan,61.688,-15.0482,True
300,B,300,DESI-062.2475-05.9982,DC,3.0,0,1.0,,0.607,0.034,L18,,21.14,19.59,18.27,DECaLS,Sloan,62.2475,-5.9982,True
301,B,301,DESI-062.7834-22.9431,REX,3.0,0,0.93,0.5777,,,shielded,d,22.73,20.89,19.67,DECaLS,Sloan,62.7834,-22.9431,True
302,B,302,DESI-063.3879-16.8328,DC,3.0,0,0.87,,0.306,0.031,L18,,20.82,19.23,18.41,DECaLS,Sloan,63.3879,-16.8328,True
303,B,303,DESI-063.6168-19.9192,DC,3.0,0,1.0,,0.571,0.022,L18,,21.07,19.42,18.15,DECaLS,Sloan,63.6168,-19.9192,True
304,B,304,DESI-065.2568-21.6299,DC,3.0,0,1.0,,0.927,0.113,L18,,22.69,21.25,19.46,DECaLS,Sloan,65.2568,-21.6299,True
305,B,305,DESI-065.3372-29.8915,DC,3.0,0,0.12,0.2015,,,L18,,19.82,17.91,16.86,DECaLS,Sloan,65.3372,-29.8915,True
306,B,306,DESI-065.5808-26.9514,DC,3.0,0,0.66,0.2886,,,L18,,21.31,19.43,18.21,DECaLS,Sloan,65.5808,-26.9514,True
307,B,307,DESI-066.2134-23.1960,DC,3.0,0,0.82,,0.854,0.072,L18,,22.58,21.18,19.5,DECaLS,Sloan,66.2134,-23.196,True
308,B,308,DESI-068.3176-41.0553,REX,3.0,0,0.99,0.5863,,,L18,,21.7,20.69,19.59,DECaLS,Sloan,68.3176,-41.0553,True
309,B,309,DESI-069.9349-04.6098,DC,3.0,0,0.98,,0.38,0.014,L18,,20.25,18.4,17.43,DECaLS,Sloan,69.9349,-4.6098,True
310,B,310,DESI-071.2400-07.6007,DC,3.0,0,1.0,0.3535,,,L18,,20.64,18.89,17.93,DECaLS,Sloan,71.24,-7.6007,True
311,B,311,DESI-071.5624-20.0285,DC,3.0,0,0.97,0.6646,,,L18,d,20.44,18.56,17.59,DECaLS,Sloan,71.5624,-20.0285,True
312,B,312,DESI-071.8657-02.8613,DC,3.0,0,0.78,0.4182,,,shielded,,20.44,18.48,17.45,DECaLS,Sloan,71.8657,-2.8613,True
313,B,313,DESI-072.0528-30.3308,DC,3.0,0,0.78,,0.765,0.02,L18,,21.82,19.74,17.95,DECaLS,Sloan,72.0528,-30.3308,True
314,B,314,DESI-073.4865-21.3622,DC,3.0,0,0.27,,0.258,0.011,shielded,,19.31,17.84,17.02,DECaLS,Sloan,73.4865,-21.3622,True
315,B,315,DESI-078.3580-21.4717,DC,3.0,0,0.96,,0.362,0.029,L18,,21.69,20.03,19.14,DECaLS,Sloan,78.358,-21.4717,True
316,B,316,DESI-087.1036-29.8510,REX,3.0,2,0.89,,0.838,0.106,shielded,,21.34,20.79,19.81,DECaLS,Sloan,87.1036,-29.851,True
317,B,317,DESI-089.6411-28.7418,DC,3.0,0,0.84,,0.447,0.042,shielded,,21.94,20.33,19.33,DECaLS,Sloan,89.6411,-28.7418,True
318,B,318,DESI-091.2815-33.8949,REX,3.0,2,0.1,0.4724,,,shielded,,21.32,20.38,19.38,DECaLS,Sloan,91.2815,-33.8949,True
319,B,319,DESI-101.4601+48.5810,DC,3.0,0,0.56,,0.499,0.079,L18,,21.13,19.54,18.25,MzLS,Sloan,101.4601,48.581,True
320,B,320,DESI-110.6705+52.2273,DC,3.0,0,0.83,,0.619,0.013,L18,,21.78,19.84,18.28,MzLS,Sloan,110.6705,52.2273,True
321,B,321,DESI-115.6174+16.6039,DC,3.0,0,0.28,0.2547,,,L18,,23.14,21.13,19.25,DECaLS,Sloan,115.6174,16.6039,True
322,B,322,DESI-115.8731+50.8031,DC,3.0,0,0.99,0.6152,,,L18,,22.63,20.76,18.72,MzLS,Sloan,115.8731,50.8031,True
323,B,323,DESI-116.9217+26.8160,REX,3.0,0,0.56,,0.285,0.096,shielded,,21.25,21.39,19.01,DECaLS,Sloan,116.9217,26.816,True
324,B,324,DESI-121.8813+44.1801,DC,3.0,0,0.99,,0.415,0.028,L18,,20.87,19.11,18.05,MzLS,Sloan,121.8813,44.1801,True
325,B,325,DESI-122.9433+00.9701,DC,3.0,0,0.79,0.4485,,,L18,,20.95,19.42,18.04,DECaLS,Sloan,122.9433,0.9701,True
326,B,326,DESI-128.8049+41.1131,DC,3.0,0,1.0,0.5163,,,L18,,21.41,19.49,17.92,MzLS,Sloan,128.8049,41.1131,True
327,B,327,DESI-129.6057+30.2873,DC,3.0,0,0.95,,0.283,0.02,L18,,18.27,16.75,15.85,DECaLS,Sloan,129.6057,30.2873,True
328,B,328,DESI-130.7280-02.0271,DC,3.0,0,0.38,,0.422,0.027,L18,,20.52,18.75,17.82,DECaLS,Sloan,130.728,-2.0271,True
329,B,329,DESI-131.3340-00.9157,DC,3.0,0,0.88,,0.393,0.013,L18,"g,e",19.7,17.79,16.84,DECaLS,Sloan,131.334,-0.9157,True
330,B,330,DESI-132.6382+40.6196,REX,3.0,2,0.7,0.4135,,,shielded,,21.78,20.26,19.3,MzLS,Sloan,132.6382,40.6196,True
331,B,331,DESI-133.3800+23.3652,DC,3.0,0,0.94,,0.284,0.042,L18,,18.9,17.64,16.86,DECaLS,Sloan,133.38,23.3652,True
332,B,332,DESI-134.1503+23.8641,REX,3.0,0,0.19,0.4684,,,shielded,,20.91,19.09,17.78,DECaLS,Sloan,134.1503,23.8641,True
333,B,333,DESI-136.4227+34.8998,DC,3.0,0,0.17,0.5114,,,L18,,21.23,19.32,18.09,MzLS,Sloan,136.4227,34.8998,True
334,B,334,DESI-136.9765+00.9590,DC,3.0,0,0.39,,0.697,0.023,L18,e,22.84,20.61,18.97,DECaLS,Sloan,136.9765,0.959,True
335,B,335,DESI-137.4367+22.4354,DC,3.0,0,0.49,0.6916,,,shielded,,21.93,20.6,19.84,DECaLS,Sloan,137.4367,22.4354,True
336,B,336,DESI-138.0524+33.3767,DC,3.0,0,0.97,,0.807,0.041,L18,,22.91,20.98,19.05,MzLS,Sloan,138.0524,33.3767,True
337,B,337,DESI-139.8960+30.5323,DC,3.0,0,0.13,0.6412,,,L18,,19.92,18.07,17.11,DECaLS,Sloan,139.896,30.5323,True
338,B,338,DESI-147.7529+08.4157,DC,3.0,0,1.0,0.6992,,,L18,,19.94,18.2,17.28,DECaLS,Sloan,147.7529,8.4157,True
339,B,339,DESI-151.9618+04.6107,DC,3.0,0,0.33,0.1548,,,L18,,20.36,18.64,17.74,DECaLS,Sloan,151.9618,4.6107,True
340,B,340,DESI-154.4431-04.0841,DC,3.0,0,0.51,,0.257,0.008,shielded,,18.75,17.26,16.44,DECaLS,Sloan,154.4431,-4.0841,True
341,B,341,DESI-157.4831-05.4213,DC,3.0,0,1.0,,0.772,0.102,L18,,21.99,20.72,19.15,DECaLS,Sloan,157.4831,-5.4213,True
342,B,342,DESI-158.2306+75.3149,DC,3.0,0,0.82,,0.629,0.059,L18,,20.52,19.43,18.28,MzLS,Sloan,158.2306,75.3149,True
343,B,343,DESI-159.3007+04.5911,DC,3.0,0,1.0,,0.58,0.15,L18,,21.77,20.47,19.15,DECaLS,Sloan,159.3007,4.5911,True
344,B,344,DESI-159.7672-08.9316,DC,3.0,0,0.89,,0.397,0.031,L18,,20.1,18.48,17.62,DECaLS,Sloan,159.7672,-8.9316,True
345,B,345,DESI-161.8206+27.9906,DC,3.0,0,1.0,,0.427,0.03,L18,,19.39,17.72,16.72,DECaLS,Sloan,161.8206,27.9906,True
346,B,346,DESI-162.2464+10.5049,DC,3.0,0,0.45,0.5238,,,L18,,20.88,19.07,17.95,DECaLS,Sloan,162.2464,10.5049,True
347,B,347,DESI-162.6485+19.9352,DC,3.0,0,0.97,0.4127,,,L18,,22.94,20.91,19.36,DECaLS,Sloan,162.6485,19.9352,True
348,B,348,DESI-166.1262-08.6326,DC,3.0,0,0.23,,0.292,0.054,L18,,19.76,18.54,17.7,DECaLS,Sloan,166.1262,-8.6326,True
349,B,349,DESI-174.0622+41.0525,DC,3.0,0,0.29,,0.517,0.029,L18,,20.74,18.95,17.72,MzLS,Sloan,174.0622,41.0525,True
350,B,350,DESI-175.7970-01.6598,REX,3.0,2,0.96,0.288,,,shielded,m,20.9,19.98,18.74,DECaLS,Sloan,175.797,-1.6598,True
351,B,351,DESI-176.2391+30.5580,DC,3.0,0,1.0,,0.795,0.066,L18,,21.79,20.63,19.16,DECaLS,Sloan,176.2391,30.558,True
352,B,352,DESI-179.5944+72.4798,DC,3.0,0,0.98,,0.797,0.051,L18,,22.64,21.06,19.22,MzLS,Sloan,179.5944,72.4798,True
353,B,353,DESI-179.8536-05.1806,DC,3.0,0,0.97,,0.417,0.024,L18,,20.12,18.34,17.38,DECaLS,Sloan,179.8536,-5.1806,True
354,B,354,DESI-180.7746+69.8060,DC,3.0,0,0.98,,0.416,0.024,L18,,20.17,18.41,17.42,MzLS,Sloan,180.7746,69.806,True
355,B,355,DESI-181.0606+13.2918,DC,3.0,0,0.49,,0.971,0.227,shielded,,23.26,21.35,19.15,DECaLS,Sloan,181.0606,13.2918,True
356,B,356,DESI-181.5279+30.1133,REX,3.0,0,0.86,0.3189,,,shielded,,19.8,18.12,17.25,DECaLS,Sloan,181.5279,30.1133,True
357,B,357,DESI-184.9201+44.8673,REX,3.0,0,0.41,,0.491,0.026,shielded,,20.89,19.16,18.07,MzLS,Sloan,184.9201,44.8673,True
358,B,358,DESI-184.9250+00.8409,DC,3.0,0,0.34,,0.309,0.025,L18,e,18.52,16.97,16.09,DECaLS,Sloan,184.925,0.8409,True
359,B,359,DESI-185.0208+26.4909,DC,3.0,2,0.98,,0.71,0.019,L18,,22.63,20.54,18.88,DECaLS,Sloan,185.0208,26.4909,True
360,B,360,DESI-186.7661+28.0517,DC,3.0,0,0.59,,0.557,0.029,shielded,,22.17,20.33,19.1,DECaLS,Sloan,186.7661,28.0517,True
361,B,361,DESI-188.3339+14.1325,REX,3.0,0,0.86,,0.588,0.125,shielded,a,21.08,19.91,18.88,DECaLS,Sloan,188.3339,14.1325,True
362,B,362,DESI-189.5574+27.3029,DC,3.0,0,0.47,,0.348,0.024,shielded,,20.88,19.31,18.5,DECaLS,Sloan,189.5574,27.3029,True
363,B,363,DESI-190.4916+03.7894,REX,3.0,2,0.95,,0.416,0.021,shielded,e,22.28,20.46,19.56,DECaLS,Sloan,190.4916,3.7894,True
364,B,364,DESI-191.3160+19.0924,DC,3.0,0,0.12,,0.447,0.015,L18,,20.58,18.72,17.71,DECaLS,Sloan,191.316,19.0924,True
365,B,365,DESI-192.0695+07.7162,REX,3.0,0,0.58,,0.576,0.022,shielded,,22.82,20.93,19.63,DECaLS,Sloan,192.0695,7.7162,True
366,B,366,DESI-200.0505-08.5058,DC,3.0,0,0.98,,0.611,0.036,L18,,21.21,19.72,18.45,DECaLS,Sloan,200.0505,-8.5058,True
367,B,367,DESI-200.8958+06.1545,DC,3.0,0,0.31,,0.324,0.01,L18,,19.29,17.63,16.76,DECaLS,Sloan,200.8958,6.1545,True
368,B,368,DESI-202.9388+51.5753,DC,3.0,0,0.99,,0.282,0.02,L18,,19.06,17.57,16.75,MzLS,Sloan,202.9388,51.5753,True
369,B,369,DESI-203.8331-08.4487,DC,3.0,0,0.16,,0.486,0.078,L18,,21.23,19.89,18.88,DECaLS,Sloan,203.8331,-8.4487,True
370,B,370,DESI-209.6224+16.9285,REX,3.0,2,0.93,,0.845,0.055,shielded,,21.23,20.57,19.3,DECaLS,Sloan,209.6224,16.9285,True
371,B,371,DESI-214.8006+53.4366,DC,3.0,0,0.98,0.1527,,,L18,,21.48,19.5,17.98,MzLS,Sloan,214.8006,53.4366,True
372,B,372,DESI-214.8651-04.0003,REX,3.0,0,0.77,0.6031,,,shielded,,21.0,20.18,19.23,DECaLS,Sloan,214.8651,-4.0003,True
373,B,373,DESI-218.0748+07.0556,DC,3.0,0,0.79,0.5642,,,L18,,22.88,21.27,19.79,DECaLS,Sloan,218.0748,7.0556,True
374,B,374,DESI-219.2455+29.6141,DC,3.0,0,0.46,0.5041,,,L18,,20.47,18.8,17.89,DECaLS,Sloan,219.2455,29.6141,True
375,B,375,DESI-220.4044+50.2463,DC,3.0,0,1.0,0.5422,,,L18,,21.96,21.05,19.46,MzLS,Sloan,220.4044,50.2463,True
376,B,376,DESI-223.1039+48.4711,DC,3.0,0,0.56,0.4441,,,L18,,20.81,18.97,17.99,MzLS,Sloan,223.1039,48.4711,True
377,B,377,DESI-224.3857-01.9882,REX,3.0,2,0.79,,0.626,0.103,shielded,k,21.18,20.05,19.02,DECaLS,Sloan,224.3857,-1.9882,True
378,B,378,DESI-225.4050+52.1417,DC,3.0,0,0.98,0.5527,,,L18,,23.34,21.73,19.99,MzLS,Sloan,225.405,52.1417,True
379,B,379,DESI-228.0786+20.8316,DC,3.0,0,0.19,,0.432,0.034,L18,,21.64,19.93,18.98,DECaLS,Sloan,228.0786,20.8316,True
380,B,380,DESI-228.8268+63.2724,DC,3.0,0,0.22,0.6335,,,L18,,21.47,19.59,18.05,MzLS,Sloan,228.8268,63.2724,True
381,B,381,DESI-231.2874+42.4646,DC,3.0,0,0.17,0.2971,,,L18,e,24.01,23.03,21.61,MzLS,Sloan,231.2874,42.4646,True
382,B,382,DESI-231.4998+08.7774,DC,3.0,0,0.8,0.28,,,L18,,21.76,20.26,18.92,DECaLS,Sloan,231.4998,8.7774,True
383,B,383,DESI-231.8201+12.9511,DC,3.0,0,0.8,,0.709,0.148,L18,,22.64,21.25,19.74,DECaLS,Sloan,231.8201,12.9511,True
384,B,384,DESI-233.7453+01.3400,DC,3.0,0,0.34,,0.31,0.02,L18,,18.9,17.31,16.44,DECaLS,Sloan,233.7453,1.34,True
385,B,385,DESI-234.4783+14.7232,DC,3.0,0,0.98,0.2603,,,L18,,22.07,20.94,19.39,DECaLS,Sloan,234.4783,14.7232,True
386,B,386,DESI-236.0113+26.1712,REX,3.0,2,0.29,0.3359,,,shielded,,20.61,20.14,19.15,DECaLS,Sloan,236.0113,26.1712,True
387,B,387,DESI-236.3307+16.2141,DC,3.0,0,0.18,0.5424,,,L18,,20.25,18.37,17.4,DECaLS,Sloan,236.3307,16.2141,True
388,B,388,DESI-236.4854+10.0292,DC,3.0,0,0.95,0.5457,,,L18,,21.2,19.46,17.93,DECaLS,Sloan,236.4854,10.0292,True
389,B,389,DESI-236.5553+35.0802,DC,3.0,0,0.99,0.5426,,,L18,,20.08,18.79,17.95,MzLS,Sloan,236.5553,35.0802,True
390,B,390,DESI-244.3589+20.7108,DC,3.0,0,1.0,0.5273,,,L18,,22.41,20.83,19.4,DECaLS,Sloan,244.3589,20.7108,True
391,B,391,DESI-244.5899+53.1871,DC,3.0,0,0.45,,0.454,0.028,L18,,20.67,18.93,17.87,MzLS,Sloan,244.5899,53.1871,True
392,B,392,DESI-255.6529+28.5791,DC,3.0,0,1.0,0.3393,,,L18,,20.75,19.0,18.02,DECaLS,Sloan,255.6529,28.5791,True
393,B,393,DESI-257.4348+31.9046,DC,3.0,0,0.99,0.3667,,,L18,,21.9,20.62,18.99,DECaLS,Sloan,257.4348,31.9046,True
394,B,394,DESI-259.0541+28.5928,DC,3.0,0,0.92,,0.277,0.007,L18,,19.05,17.51,16.68,DECaLS,Sloan,259.0541,28.5928,True
395,B,395,DESI-259.7428+11.2635,REX,3.0,2,0.18,0.5802,,,shielded,,19.76,18.8,18.11,DECaLS,Sloan,259.7428,11.2635,True
396,B,396,DESI-267.2985+23.5101,DC,3.0,0,0.98,0.5566,,,shielded,a,19.39,17.95,17.08,DECaLS,Sloan,267.2985,23.5101,True
397,B,397,DESI-269.7333+29.0742,REX,3.0,2,0.97,0.2183,,,shielded,,22.26,20.73,19.91,DECaLS,Sloan,269.7333,29.0742,True
398,B,398,DESI-269.7858+41.9039,REX,3.0,0,1.0,,0.716,0.104,shielded,,21.36,20.0,18.36,MzLS,Sloan,269.7858,41.9039,True
399,B,399,DESI-273.4736+34.7448,DC,3.0,0,0.5,0.3106,,,L18,,19.99,18.37,17.45,MzLS,Sloan,273.4736,34.7448,True
400,B,400,DESI-285.9297+52.4182,DC,3.0,0,1.0,0.326,,,shielded,a,21.65,20.15,18.63,MzLS,Sloan,285.9297,52.4182,True
401,B,401,DESI-293.9927+58.1525,DC,3.0,0,0.58,0.3202,,,L18,,20.81,18.92,17.43,MzLS,Sloan,293.9927,58.1525,True
402,B,402,DESI-311.4249-10.6762,DC,3.0,0,0.34,0.6334,,,L18,,17.43,16.37,15.61,DECaLS,Sloan,311.4249,-10.6762,True
403,B,403,DESI-313.9780+08.7331,DC,3.0,0,0.63,0.1857,,,L18,,22.87,21.13,19.42,DECaLS,Sloan,313.978,8.7331,True
404,B,404,DESI-332.7233-40.9782,REX,3.0,2,0.32,0.481,,,shielded,,21.36,20.47,19.35,DECaLS,Sloan,332.7233,-40.9782,True
405,B,405,DESI-335.2155+00.9713,REX,3.0,2,0.32,,0.341,0.036,shielded,e,19.48,17.76,16.83,DECaLS,Sloan,335.2155,0.9713,True
406,B,406,DESI-335.2291-11.4857,DC,3.0,0,0.85,,0.52,0.009,L18,,21.75,19.78,18.57,DECaLS,Sloan,335.2291,-11.4857,True
407,B,407,DESI-337.2103+14.9081,DC,3.0,0,0.99,0.5512,,,L18,,22.78,21.62,19.98,DECaLS,Sloan,337.2103,14.9081,True
408,B,408,DESI-342.1516+20.2529,DC,3.0,0,0.13,0.5847,,,L18,,22.68,20.8,18.91,DECaLS,Sloan,342.1516,20.2529,True
409,B,409,DESI-344.6262-58.6910,REX,3.0,2,0.94,0.3979,,,shielded,,19.43,17.92,17.19,DECaLS,Sloan,344.6262,-58.691,True
410,B,410,DESI-353.4326-03.4619,REX,3.0,0,0.94,0.6753,,,L18,,21.51,20.72,19.76,DECaLS,Sloan,353.4326,-3.4619,True
411,B,411,DESI-353.6004+17.9899,REX,3.0,0,0.23,,0.432,0.031,shielded,,22.76,20.96,19.99,DECaLS,Sloan,353.6004,17.9899,True
412,B,412,DESI-354.0428-02.1264,REX,3.0,2,0.99,,0.485,0.084,shielded,a,20.6,19.37,18.44,DECaLS,Sloan,354.0428,-2.1264,True
413,B,413,DESI-356.8114-00.7980,DC,3.0,0,0.52,,0.786,0.017,L18,,22.99,20.86,18.98,DECaLS,Sloan,356.8114,-0.798,True
414,B,414,DESI-357.3718-60.0110,REX,3.0,2,0.14,,0.37,0.069,shielded,,20.24,19.07,18.39,DECaLS,Sloan,357.3718,-60.011,True
415,B,415,DESI-359.1477-13.2930,DC,3.0,0,1.0,0.5214,,,L18,,21.68,20.67,19.28,DECaLS,Sloan,359.1477,-13.293,True
416,C,416,DESI-000.0254+21.6415,REX,2.5,1,0.24,0.503,,,L18,,20.98,19.66,18.59,DECaLS,Sloan,0.0254,21.6415,True
417,C,417,DESI-000.0369+21.2841,DC,2.5,1,1.0,,0.357,0.066,L18,,21.66,20.06,19.23,DECaLS,Sloan,0.0369,21.2841,True
418,C,418,DESI-000.2881-10.5619,DC,2.5,1,0.18,0.438,,,L18,,20.75,19.66,18.54,DECaLS,Sloan,0.2881,-10.5619,True
419,C,419,DESI-000.4022-04.0111,REX,2.5,1,0.17,0.7237,,,shielded,,21.58,20.51,19.26,DECaLS,Sloan,0.4022,-4.0111,True
420,C,420,DESI-000.6943+27.0894,REX,2.5,1,0.39,0.5841,,,L18,,21.85,21.08,19.77,DECaLS,Sloan,0.6943,27.0894,True
421,C,421,DESI-001.1051-60.0972,REX,2.5,1,0.56,,0.752,0.072,shielded,,21.96,20.98,19.84,DECaLS,Sloan,1.1051,-60.0972,True
422,C,422,DESI-001.2742-54.2626,REX,2.0,0,0.36,,0.534,0.047,shielded,,21.05,19.2,18.0,DECaLS,Sloan,1.2742,-54.2626,True
423,C,423,DESI-001.4446+15.8147,DC,2.5,1,0.41,0.2141,,,L18,,18.88,17.5,16.67,DECaLS,Sloan,1.4446,15.8147,True
424,C,424,DESI-001.6798+05.0237,DC,2.5,1,0.9,0.4323,,,shielded,,20.22,18.57,17.56,DECaLS,Sloan,1.6798,5.0237,True
425,C,425,DESI-001.7036-11.2181,DC,2.5,1,0.11,0.2862,,,L18,,20.78,19.15,18.25,DECaLS,Sloan,1.7036,-11.2181,True
426,C,426,DESI-001.8280+01.5349,REX,2.5,1,0.88,0.3217,,,shielded,,20.46,19.32,18.64,DECaLS,Sloan,1.828,1.5349,True
427,C,427,DESI-002.0769-06.3760,REX,2.0,0,0.17,0.589,,,shielded,,21.75,20.64,19.45,DECaLS,Sloan,2.0769,-6.376,True
428,C,428,DESI-002.2652-52.4195,REX,2.5,1,0.78,,0.275,0.037,shielded,,20.94,19.79,18.79,DECaLS,Sloan,2.2652,-52.4195,True
429,C,429,DESI-002.4643-34.6088,REX,2.0,0,0.17,,0.775,0.033,shielded,,21.35,20.53,19.47,DECaLS,Sloan,2.4643,-34.6088,True
430,C,430,DESI-002.5204-35.7296,REX,2.0,2,0.17,,0.567,0.086,shielded,,20.65,19.71,18.86,DECaLS,Sloan,2.5204,-35.7296,True
431,C,431,DESI-002.5452-60.5666,REX,2.0,2,0.19,,0.774,0.051,shielded,,21.8,20.81,19.58,DECaLS,Sloan,2.5452,-60.5666,True
432,C,432,DESI-002.7167+18.5282,DC,2.5,1,0.79,,0.604,0.072,L18,,22.05,20.58,19.41,DECaLS,Sloan,2.7167,18.5282,True
433,C,433,DESI-002.9359+01.0175,REX,2.0,2,0.15,0.7402,,,L18,,21.31,20.44,19.27,DECaLS,Sloan,2.9359,1.0175,True
434,C,434,DESI-003.0228-44.3054,REX,2.0,2,0.62,,0.853,0.057,shielded,,21.85,20.93,19.46,DECaLS,Sloan,3.0228,-44.3054,True
435,C,435,DESI-003.2647-32.9648,REX,2.5,1,0.5,,0.482,0.086,shielded,,20.7,19.07,18.07,DECaLS,Sloan,3.2647,-32.9648,True
436,C,436,DESI-003.8795+24.4528,DC,2.5,1,0.94,0.597,,,shielded,,21.15,19.33,18.0,DECaLS,Sloan,3.8795,24.4528,True
437,C,437,DESI-003.9009-29.8221,DC,2.5,1,0.99,,0.873,0.05,shielded,,21.97,20.53,18.74,DECaLS,Sloan,3.9009,-29.8221,True
438,C,438,DESI-004.0093-13.4169,DC,2.5,1,0.95,0.4246,,,shielded,,21.23,19.39,18.31,DECaLS,Sloan,4.0093,-13.4169,True
439,C,439,DESI-004.2156-05.8182,DC,2.5,1,0.97,0.3293,,,shielded,,22.1,20.41,19.21,DECaLS,Sloan,4.2156,-5.8182,True
440,C,440,DESI-004.7352-31.8716,REX,2.5,1,0.13,,0.288,0.023,shielded,,19.65,18.64,18.0,DECaLS,Sloan,4.7352,-31.8716,True
441,C,441,DESI-004.8732-31.1123,REX,2.5,1,0.15,,0.323,0.027,shielded,,22.01,20.44,19.64,DECaLS,Sloan,4.8732,-31.1123,True
442,C,442,DESI-005.2856-39.3724,REX,2.5,1,0.3,,0.342,0.03,shielded,,19.71,18.09,17.21,DECaLS,Sloan,5.2856,-39.3724,True
443,C,443,DESI-005.5523-04.4710,REX,2.0,2,0.12,0.6013,,,shielded,,21.36,20.17,19.03,DECaLS,Sloan,5.5523,-4.471,True
444,C,444,DESI-006.0703+01.4212,DC,2.0,0,0.48,0.4951,,,L18,,20.97,19.28,18.19,DECaLS,Sloan,6.0703,1.4212,True
445,C,445,DESI-006.0848-64.9549,REX,2.0,2,0.12,,0.86,0.083,shielded,,21.54,20.79,19.48,DECaLS,Sloan,6.0848,-64.9549,True
446,C,446,DESI-006.1955-57.9429,REX,2.0,2,0.14,,0.751,0.065,shielded,,21.58,20.75,19.8,DECaLS,Sloan,6.1955,-57.9429,True
447,C,447,DESI-006.2199-01.8426,REX,2.5,1,0.21,0.6907,,,L18,,22.03,21.06,19.84,DECaLS,Sloan,6.2199,-1.8426,True
448,C,448,DESI-006.3643+10.1853,DC,2.5,1,0.14,0.4579,,,L18,,20.34,18.58,17.49,DECaLS,Sloan,6.3643,10.1853,True
449,C,449,DESI-006.4166-27.4448,REX,2.5,1,0.68,,0.821,0.051,shielded,,21.79,20.95,19.69,DECaLS,Sloan,6.4166,-27.4448,True
450,C,450,DESI-006.4448+03.6455,DC,2.0,2,0.25,0.4092,,,L18,,21.1,19.39,18.45,DECaLS,Sloan,6.4448,3.6455,True
451,C,451,DESI-006.5376-05.1005,DC,2.0,0,0.18,0.3694,,,L18,,20.65,18.9,17.96,DECaLS,Sloan,6.5376,-5.1005,True
452,C,452,DESI-006.5454-60.8859,REX,2.0,0,0.17,,0.47,0.034,shielded,,20.94,19.64,18.81,DECaLS,Sloan,6.5454,-60.8859,True
453,C,453,DESI-006.6039+04.3071,REX,2.0,2,0.22,0.7094,,,shielded,,21.47,20.38,19.18,DECaLS,Sloan,6.6039,4.3071,True
454,C,454,DESI-006.9518-03.8141,DC,2.0,0,0.14,0.5883,,,L18,,23.69,21.85,19.85,DECaLS,Sloan,6.9518,-3.8141,True
455,C,455,DESI-007.0770-27.5692,DC,2.5,1,0.22,,0.881,0.074,L18,,23.36,21.7,19.84,DECaLS,Sloan,7.077,-27.5692,True
456,C,456,DESI-007.0848-52.1662,REX,2.0,0,0.25,,0.87,0.072,shielded,,21.78,21.05,19.78,DECaLS,Sloan,7.0848,-52.1662,True
457,C,457,DESI-007.3282-25.6413,REX,2.0,2,0.16,,0.63,0.092,shielded,,21.29,20.19,19.21,DECaLS,Sloan,7.3282,-25.6413,True
458,C,458,DESI-007.4408-02.3542,DC,2.5,1,0.99,0.6435,,,L18,,21.34,19.91,18.63,DECaLS,Sloan,7.4408,-2.3542,True
459,C,459,DESI-007.6167-07.3598,REX,2.5,1,0.99,0.6851,,,shielded,,22.21,20.92,19.51,DECaLS,Sloan,7.6167,-7.3598,True
460,C,460,DESI-007.7075-31.8051,DC,2.5,1,0.22,,0.221,0.006,L18,,18.05,16.72,15.97,DECaLS,Sloan,7.7075,-31.8051,True
461,C,461,DESI-007.7552-24.4012,DC,2.5,1,0.99,,0.623,0.013,L18,,21.59,19.72,18.25,DECaLS,Sloan,7.7552,-24.4012,True
462,C,462,DESI-007.9602-00.6805,DC,2.0,0,0.58,0.4808,,,L18,e,21.47,19.63,18.58,DECaLS,Sloan,7.9602,-0.6805,True
463,C,463,DESI-008.0561+11.4205,DC,2.5,1,0.69,0.3835,,,L18,,22.28,20.41,19.38,DECaLS,Sloan,8.0561,11.4205,True
464,C,464,DESI-008.6662-13.6007,DC,2.5,1,0.67,,0.714,0.04,L18,,23.2,21.27,19.63,DECaLS,Sloan,8.6662,-13.6007,True
465,C,465,DESI-008.8590-20.2624,REX,2.5,1,0.73,0.3017,,,shielded,,22.45,20.8,19.93,DECaLS,Sloan,8.859,-20.2624,True
466,C,466,DESI-008.9856-31.0498,REX,2.5,1,0.15,,0.416,0.053,shielded,,22.38,20.68,19.72,DECaLS,Sloan,8.9856,-31.0498,True
467,C,467,DESI-009.4655-11.1778,DC,2.5,1,1.0,0.6034,,,L18,,20.8,19.77,18.64,DECaLS,Sloan,9.4655,-11.1778,True
468,C,468,DESI-009.4901-61.7741,REX,2.0,0,0.13,,0.366,0.095,L18,,21.14,19.98,19.21,DECaLS,Sloan,9.4901,-61.7741,True
469,C,469,DESI-009.5831-22.7369,DC,2.5,1,0.34,,0.669,0.037,L18,,23.23,21.32,19.78,DECaLS,Sloan,9.5831,-22.7369,True
470,C,470,DESI-009.6186-25.3693,REX,2.0,2,0.29,,0.695,0.068,shielded,,21.62,20.51,19.37,DECaLS,Sloan,9.6186,-25.3693,True
471,C,471,DESI-009.6226-36.7634,REX,2.0,2,0.37,,0.761,0.121,shielded,,21.19,20.32,19.28,DECaLS,Sloan,9.6226,-36.7634,True
472,C,472,DESI-009.6721-07.4138,DC,2.0,0,0.5,0.2798,,,shielded,,20.06,18.54,17.65,DECaLS,Sloan,9.6721,-7.4138,True
473,C,473,DESI-009.7395-07.7564,DC,2.5,1,0.84,0.4099,,,shielded,,20.61,18.75,17.73,DECaLS,Sloan,9.7395,-7.7564,True
474,C,474,DESI-010.3697-51.0101,REX,2.0,2,0.39,,0.694,0.038,shielded,,21.45,20.39,19.31,DECaLS,Sloan,10.3697,-51.0101,True
475,C,475,DESI-010.4341-23.6515,DC,2.5,1,1.0,0.3905,,,L18,,19.71,17.91,16.93,DECaLS,Sloan,10.4341,-23.6515,True
476,C,476,DESI-010.5365-09.9688,DC,2.0,0,0.17,0.4173,,,L18,,20.63,19.2,18.26,DECaLS,Sloan,10.5365,-9.9688,True
477,C,477,DESI-010.5692-05.5844,DC,2.0,0,1.0,0.2764,,,L18,,21.78,20.96,19.2,DECaLS,Sloan,10.5692,-5.5844,True
478,C,478,DESI-010.6237-15.1890,DC,2.5,1,0.49,,0.407,0.011,L18,,20.27,18.42,17.47,DECaLS,Sloan,10.6237,-15.189,True
479,C,479,DESI-011.0120+28.5026,REX,2.0,2,0.55,0.6125,,,shielded,,21.54,20.71,19.39,DECaLS,Sloan,11.012,28.5026,True
480,C,480,DESI-011.1176-09.8211,DC,2.0,0,0.29,0.5485,,,L18,,22.4,20.42,18.91,DECaLS,Sloan,11.1176,-9.8211,True
481,C,481,DESI-011.6128-26.6737,DC,2.5,1,0.76,,0.399,0.117,L18,,20.47,18.67,17.75,DECaLS,Sloan,11.6128,-26.6737,True
482,C,482,DESI-011.6341-32.5680,REX,2.0,2,0.27,,0.734,0.038,shielded,,22.07,21.01,19.83,DECaLS,Sloan,11.6341,-32.568,True
483,C,483,DESI-012.5414-15.3948,DC,2.0,0,0.1,,0.458,0.045,L18,,21.15,19.46,18.4,DECaLS,Sloan,12.5414,-15.3948,True
484,C,484,DESI-012.6879+05.1953,DC,2.0,0,0.95,0.394,,,L18,,20.56,18.92,18.0,DECaLS,Sloan,12.6879,5.1953,True
485,C,485,DESI-012.7302-17.3424,DC,2.0,0,0.94,,0.683,0.028,shielded,d,22.52,20.68,19.12,DECaLS,Sloan,12.7302,-17.3424,True
486,C,486,DESI-013.0309-62.2004,REX,2.0,0,0.28,,0.751,0.039,shielded,,21.68,20.78,19.78,DECaLS,Sloan,13.0309,-62.2004,True
487,C,487,DESI-013.0826-21.4621,DC,2.5,1,0.82,,0.533,0.041,L18,,21.0,19.61,18.62,DECaLS,Sloan,13.0826,-21.4621,True
488,C,488,DESI-013.3666-16.0988,DC,2.5,1,0.63,,0.68,0.1,L18,,21.49,20.22,18.92,DECaLS,Sloan,13.3666,-16.0988,True
489,C,489,DESI-013.4834-25.7652,REX,2.0,2,0.72,,0.605,0.023,shielded,,20.95,19.7,18.66,DECaLS,Sloan,13.4834,-25.7652,True
490,C,490,DESI-014.0464+00.1260,REX,2.0,2,0.37,0.4563,,,shielded,,21.88,21.17,19.76,DECaLS,Sloan,14.0464,0.126,True
491,C,491,DESI-014.1862-18.9657,DC,2.0,0,0.96,,0.41,0.029,L18,,21.45,19.64,18.64,DECaLS,Sloan,14.1862,-18.9657,True
492,C,492,DESI-014.2189-16.4016,DC,2.5,1,0.97,,0.359,0.013,L18,,20.36,18.66,17.77,DECaLS,Sloan,14.2189,-16.4016,True
493,C,493,DESI-014.2352-25.7746,DC,2.0,0,0.97,,0.606,0.01,L18,,21.7,19.83,18.4,DECaLS,Sloan,14.2352,-25.7746,True
494,C,494,DESI-014.2478-14.0421,DC,2.0,0,0.94,,0.426,0.036,L18,,20.16,18.42,17.45,DECaLS,Sloan,14.2478,-14.0421,True
495,C,495,DESI-014.2970-13.2907,DC,2.5,1,0.57,,0.388,0.026,L18,,20.51,18.84,17.92,DECaLS,Sloan,14.297,-13.2907,True
496,C,496,DESI-014.3439-25.1811,DC,2.5,1,0.97,,0.535,0.037,shielded,,20.61,19.14,18.07,DECaLS,Sloan,14.3439,-25.1811,True
497,C,497,DESI-014.4115-29.9751,DC,2.5,1,0.97,,0.723,0.023,L18,,21.1,19.29,17.6,DECaLS,Sloan,14.4115,-29.9751,True
498,C,498,DESI-014.6510-23.5443,DC,2.0,0,0.73,,0.513,0.051,shielded,,21.17,19.78,18.83,DECaLS,Sloan,14.651,-23.5443,True
499,C,499,DESI-014.6810-05.0260,DC,2.0,0,0.88,0.5929,,,L18,,21.55,20.62,19.09,DECaLS,Sloan,14.681,-5.026,True
500,C,500,DESI-014.8630-23.2117,DC,2.0,0,0.37,,0.852,0.076,L18,,21.45,20.5,18.99,DECaLS,Sloan,14.863,-23.2117,True
501,C,501,DESI-014.9525-24.7056,DC,2.5,1,0.69,,0.21,0.021,shielded,,19.4,18.08,17.23,DECaLS,Sloan,14.9525,-24.7056,True
502,C,502,DESI-014.9575-05.5838,DC,2.5,1,0.99,0.5091,,,L18,,21.77,20.23,18.98,DECaLS,Sloan,14.9575,-5.5838,True
503,C,503,DESI-014.9799-18.4828,REX,2.0,2,0.19,,0.85,0.056,shielded,,21.41,20.7,19.6,DECaLS,Sloan,14.9799,-18.4828,True
504,C,504,DESI-015.4277-15.0401,DC,2.5,1,0.98,,0.646,0.029,L18,,21.65,20.08,18.74,DECaLS,Sloan,15.4277,-15.0401,True
505,C,505,DESI-015.6198-20.2297,DC,2.5,1,1.0,,0.414,0.033,L18,,20.71,19.01,18.08,DECaLS,Sloan,15.6198,-20.2297,True
506,C,506,DESI-015.6786-23.9439,DC,2.0,0,0.82,,0.799,0.27,L18,,22.43,20.56,18.96,DECaLS,Sloan,15.6786,-23.9439,True
507,C,507,DESI-015.9876-07.1360,DC,2.5,1,1.0,0.4384,,,L18,,20.88,19.17,18.1,DECaLS,Sloan,15.9876,-7.136,True
508,C,508,DESI-016.3301-16.4985,DC,2.0,0,0.52,,0.507,0.062,L18,,21.49,19.89,18.85,DECaLS,Sloan,16.3301,-16.4985,True
509,C,509,DESI-016.4629-05.0324,DC,2.5,1,0.98,0.5998,,,L18,,21.79,20.13,18.57,DECaLS,Sloan,16.4629,-5.0324,True
510,C,510,DESI-016.9846-14.6625,DC,2.5,1,0.97,,0.61,0.034,L18,,21.28,19.99,18.89,DECaLS,Sloan,16.9846,-14.6625,True
511,C,511,DESI-017.1638-08.3884,DC,2.0,0,0.91,0.5754,,,L18,,22.3,20.28,19.03,DECaLS,Sloan,17.1638,-8.3884,True
512,C,512,DESI-017.3346-07.3951,DC,2.5,1,0.72,0.5312,,,L18,,23.29,21.02,18.95,DECaLS,Sloan,17.3346,-7.3951,True
513,C,513,DESI-017.6727-14.7914,DC,2.5,1,1.0,,0.668,0.104,L18,,22.48,21.04,19.74,DECaLS,Sloan,17.6727,-14.7914,True
514,C,514,DESI-017.7799+13.7789,DC,2.5,1,1.0,0.6633,,,L18,,21.16,19.65,18.08,DECaLS,Sloan,17.7799,13.7789,True
515,C,515,DESI-017.8640+10.9845,REX,2.0,2,0.4,0.2782,,,shielded,a,19.76,18.47,17.56,DECaLS,Sloan,17.864,10.9845,True
516,C,516,DESI-017.8812+08.9282,DC,2.5,1,0.97,0.4062,,,L18,,19.68,17.97,16.87,DECaLS,Sloan,17.8812,8.9282,True
517,C,517,DESI-018.0610-21.6113,REX,2.0,2,0.63,,0.577,0.031,shielded,,23.03,21.21,19.92,DECaLS,Sloan,18.061,-21.6113,True
518,C,518,DESI-018.2042-02.9176,DC,2.5,1,0.52,0.3623,,,L18,,17.29,16.04,15.22,DECaLS,Sloan,18.2042,-2.9176,True
519,C,519,DESI-018.5346-19.7225,DC,2.5,1,0.95,,0.373,0.048,L18,,20.78,19.21,18.25,DECaLS,Sloan,18.5346,-19.7225,True
520,C,520,DESI-019.1019-00.1335,REX,2.0,0,0.23,0.1824,,,shielded,,20.44,19.81,19.18,DECaLS,Sloan,19.1019,-0.1335,True
521,C,521,DESI-019.3417-30.0427,REX,2.5,1,0.53,,0.328,0.051,L18,,19.74,18.56,17.78,DECaLS,Sloan,19.3417,-30.0427,True
522,C,522,DESI-019.4619-29.9677,REX,2.0,2,0.92,,0.812,0.083,shielded,,21.73,20.81,19.47,DECaLS,Sloan,19.4619,-29.9677,True
523,C,523,DESI-019.4701-11.0283,REX,2.0,0,0.78,,0.796,0.072,L18,,21.22,20.44,19.3,DECaLS,Sloan,19.4701,-11.0283,True
524,C,524,DESI-019.7886-05.2190,REX,2.0,2,0.56,0.6607,,,shielded,,21.49,20.76,19.77,DECaLS,Sloan,19.7886,-5.219,True
525,C,525,DESI-019.8252-22.6356,DC,2.5,1,1.0,0.1714,,,L18,,21.01,19.42,18.44,DECaLS,Sloan,19.8252,-22.6356,True
526,C,526,DESI-019.8273+27.4840,REX,2.0,2,0.14,0.6357,,,shielded,,21.45,20.25,19.16,DECaLS,Sloan,19.8273,27.484,True
527,C,527,DESI-020.3300-00.3409,REX,2.0,0,0.29,0.6346,,,shielded,,21.35,20.49,19.47,DECaLS,Sloan,20.33,-0.3409,True
528,C,528,DESI-020.3660+21.7344,DC,2.5,1,0.94,0.6365,,,L18,,20.44,18.6,17.18,DECaLS,Sloan,20.366,21.7344,True
529,C,529,DESI-020.6044-08.5205,DC,2.5,1,1.0,0.5325,,,L18,,20.97,19.3,18.16,DECaLS,Sloan,20.6044,-8.5205,True
530,C,530,DESI-020.7916-08.1086,DC,2.5,1,0.26,0.359,,,shielded,,20.65,19.01,18.11,DECaLS,Sloan,20.7916,-8.1086,True
531,C,531,DESI-021.1220-21.4623,DC,2.5,1,0.37,0.5022,,,shielded,,21.97,20.53,19.74,DECaLS,Sloan,21.122,-21.4623,True
532,C,532,DESI-021.5140-10.3682,DC,2.0,0,0.86,0.1752,,,shielded,,19.56,18.33,17.59,DECaLS,Sloan,21.514,-10.3682,True
533,C,533,DESI-021.8652-36.8157,REX,2.5,1,0.22,,0.689,0.162,L18,,21.05,20.14,19.38,DECaLS,Sloan,21.8652,-36.8157,True
534,C,534,DESI-022.2506+00.1193,DC,2.0,0,0.93,0.3288,,,L18,,20.29,18.87,18.03,DECaLS,Sloan,22.2506,0.1193,True
535,C,535,DESI-022.2823-07.0851,DC,2.0,0,0.11,0.3398,,,L18,,19.96,18.51,17.65,DECaLS,Sloan,22.2823,-7.0851,True
536,C,536,DESI-022.4814-02.6654,DC,2.5,1,0.42,0.4996,,,L18,,21.83,19.89,18.56,DECaLS,Sloan,22.4814,-2.6654,True
537,C,537,DESI-022.6133-18.8672,DC,2.5,1,0.33,0.5414,,,L18,,20.7,18.8,17.6,DECaLS,Sloan,22.6133,-18.8672,True
538,C,538,DESI-022.8470-16.8840,DC,2.5,1,0.23,,0.807,0.063,L18,,22.91,21.4,19.66,DECaLS,Sloan,22.847,-16.884,True
539,C,539,DESI-023.0128-02.3005,DC,2.0,0,0.63,,0.464,0.115,shielded,,21.64,20.33,19.57,DECaLS,Sloan,23.0128,-2.3005,True
540,C,540,DESI-023.0583+03.4399,REX,2.0,0,0.75,0.5785,,,shielded,,21.63,20.26,19.38,DECaLS,Sloan,23.0583,3.4399,True
541,C,541,DESI-023.4239-16.8390,DC,2.5,1,0.94,,0.644,0.061,L18,,20.77,19.28,17.91,DECaLS,Sloan,23.4239,-16.839,True
542,C,542,DESI-023.5148-30.5414,DC,2.5,1,0.78,,0.325,0.016,L18,g,19.71,18.07,17.17,DECaLS,Sloan,23.5148,-30.5414,True
543,C,543,DESI-023.5329-07.4703,REX,2.0,0,0.48,0.2615,,,shielded,,18.45,17.21,16.45,DECaLS,Sloan,23.5329,-7.4703,True
544,C,544,DESI-023.6649-28.7320,DC,2.5,1,0.15,,0.981,0.084,L18,,24.36,21.76,19.72,DECaLS,Sloan,23.6649,-28.732,True
545,C,545,DESI-023.8146-17.4043,DC,2.0,0,0.97,,0.768,0.051,L18,d,22.6,21.14,19.62,DECaLS,Sloan,23.8146,-17.4043,True
546,C,546,DESI-023.8165-32.6842,REX,2.5,1,0.56,,0.446,0.055,shielded,,20.22,18.61,17.7,DECaLS,Sloan,23.8165,-32.6842,True
547,C,547,DESI-023.8193+04.8514,REX,2.5,1,0.32,0.6901,,,shielded,,22.22,21.07,19.64,DECaLS,Sloan,23.8193,4.8514,True
548,C,548,DESI-023.9221-18.7413,DC,2.0,0,0.14,0.5278,,,L18,,22.17,20.48,19.37,DECaLS,Sloan,23.9221,-18.7413,True
549,C,549,DESI-023.9840-20.7577,DC,2.5,1,0.76,0.338,,,L18,,20.51,18.79,17.93,DECaLS,Sloan,23.984,-20.7577,True
550,C,550,DESI-024.1759-12.2872,DC,2.0,0,0.25,,0.407,0.071,L18,,21.14,19.37,18.36,DECaLS,Sloan,24.1759,-12.2872,True
551,C,551,DESI-024.1913-40.4779,REX,2.0,0,0.11,,0.587,0.026,shielded,,22.99,21.24,19.97,DECaLS,Sloan,24.1913,-40.4779,True
552,C,552,DESI-024.2160-14.8162,DC,2.0,0,0.12,,0.32,0.014,L18,,20.13,18.51,17.66,DECaLS,Sloan,24.216,-14.8162,True
553,C,553,DESI-024.2426+00.3033,REX,2.0,2,0.14,0.8093,,,shielded,,21.24,20.47,19.31,DECaLS,Sloan,24.2426,0.3033,True
554,C,554,DESI-024.3635-27.6051,DC,2.0,0,0.35,,0.41,0.024,L18,,21.8,19.9,18.86,DECaLS,Sloan,24.3635,-27.6051,True
555,C,555,DESI-024.3717-08.3056,DC,2.0,0,0.19,,0.778,0.025,L18,,23.78,21.66,19.82,DECaLS,Sloan,24.3717,-8.3056,True
556,C,556,DESI-024.3726+05.7609,DC,2.5,1,0.46,0.3618,,,L18,,21.26,19.51,18.45,DECaLS,Sloan,24.3726,5.7609,True
557,C,557,DESI-024.4002-27.1526,DC,2.5,1,0.1,,0.234,0.067,L18,,20.26,19.04,18.35,DECaLS,Sloan,24.4002,-27.1526,True
558,C,558,DESI-025.0520-20.1055,DC,2.0,0,0.36,,0.397,0.015,L18,,21.82,20.05,19.16,DECaLS,Sloan,25.052,-20.1055,True
559,C,559,DESI-025.1595-11.4143,DC,2.0,0,0.61,,0.322,0.021,L18,,18.98,17.36,16.51,DECaLS,Sloan,25.1595,-11.4143,True
560,C,560,DESI-025.4548-24.8641,DC,2.0,0,0.85,,0.223,0.005,L18,,18.35,16.99,16.22,DECaLS,Sloan,25.4548,-24.8641,True
561,C,561,DESI-025.4686-22.4962,DC,2.0,0,0.68,,0.37,0.025,L18,,20.22,18.51,17.63,DECaLS,Sloan,25.4686,-22.4962,True
562,C,562,DESI-025.4848+30.7585,DC,2.5,1,0.22,0.524,,,L18,,21.55,20.01,18.82,DECaLS,Sloan,25.4848,30.7585,True
563,C,563,DESI-025.5981+14.8037,DC,2.5,1,0.45,,0.772,0.063,L18,,22.64,20.91,19.15,DECaLS,Sloan,25.5981,14.8037,True
564,C,564,DESI-025.7040-19.7717,DC,2.0,0,0.5,,0.546,0.033,L18,,22.41,20.66,19.46,DECaLS,Sloan,25.704,-19.7717,True
565,C,565,DESI-025.7910+07.5022,DC,2.0,0,0.14,0.5569,,,L18,,21.12,19.45,18.17,DECaLS,Sloan,25.791,7.5022,True
566,C,566,DESI-025.8360-27.2964,REX,2.5,1,0.19,,0.303,0.069,shielded,,21.98,20.53,19.78,DECaLS,Sloan,25.836,-27.2964,True
567,C,567,DESI-025.8949+05.3365,DC,2.5,1,0.17,0.5272,,,L18,,21.55,19.63,18.25,DECaLS,Sloan,25.8949,5.3365,True
568,C,568,DESI-026.0431-28.9067,REX,2.0,0,0.94,,0.375,0.036,shielded,,22.2,20.67,19.85,DECaLS,Sloan,26.0431,-28.9067,True
569,C,569,DESI-026.2418+00.8017,DC,2.5,1,0.15,0.4773,,,L18,,20.96,19.09,18.02,DECaLS,Sloan,26.2418,0.8017,True
570,C,570,DESI-026.3453+04.8579,DC,2.5,1,0.98,0.3351,,,L18,,20.81,19.15,18.17,DECaLS,Sloan,26.3453,4.8579,True
571,C,571,DESI-026.5508+22.6087,DC,2.0,2,0.73,0.679,,,L18,,21.81,19.94,18.37,DECaLS,Sloan,26.5508,22.6087,True
572,C,572,DESI-026.7267-11.4066,DC,2.0,0,0.14,,0.453,0.038,L18,,21.39,19.8,18.81,DECaLS,Sloan,26.7267,-11.4066,True
573,C,573,DESI-026.7490-22.6820,DC,2.5,1,0.92,,0.346,0.053,shielded,,20.5,19.24,18.35,DECaLS,Sloan,26.749,-22.682,True
574,C,574,DESI-026.7792-40.1610,REX,2.0,0,0.93,,0.224,0.096,shielded,,21.89,20.6,19.9,DECaLS,Sloan,26.7792,-40.161,True
575,C,575,DESI-026.9591-26.6311,DC,2.5,1,0.97,,0.562,0.018,L18,,21.74,19.97,18.71,DECaLS,Sloan,26.9591,-26.6311,True
576,C,576,DESI-027.3253-30.3055,DC,2.0,0,0.99,,0.45,0.025,L18,g,21.17,19.43,18.41,DECaLS,Sloan,27.3253,-30.3055,True
577,C,577,DESI-027.3698-08.7626,DC,2.5,1,0.98,0.6772,,,L18,,22.59,21.69,19.91,DECaLS,Sloan,27.3698,-8.7626,True
578,C,578,DESI-027.3879+00.4647,DC,2.0,0,0.77,0.4892,,,L18,,20.49,18.71,17.63,DECaLS,Sloan,27.3879,0.4647,True
579,C,579,DESI-027.4775+21.7988,DC,2.5,1,0.17,0.5552,,,L18,,21.74,20.07,18.76,DECaLS,Sloan,27.4775,21.7988,True
580,C,580,DESI-027.4849-11.5108,DC,2.5,1,0.87,,0.402,0.036,L18,,20.86,19.1,18.06,DECaLS,Sloan,27.4849,-11.5108,True
581,C,581,DESI-027.5959-17.6114,DC,2.0,0,0.34,,0.442,0.175,shielded,,20.64,20.0,19.47,DECaLS,Sloan,27.5959,-17.6114,True
582,C,582,DESI-027.6346-18.3062,DC,2.0,0,0.15,,0.77,0.067,L18,,22.33,20.98,19.54,DECaLS,Sloan,27.6346,-18.3062,True
583,C,583,DESI-027.8170-19.1052,REX,2.5,1,0.1,,0.321,0.067,L18,,20.15,19.34,18.74,DECaLS,Sloan,27.817,-19.1052,True
584,C,584,DESI-027.8888-26.8005,DC,2.0,0,0.97,,0.689,0.061,L18,,20.98,19.9,18.76,DECaLS,Sloan,27.8888,-26.8005,True
585,C,585,DESI-027.9976-08.3646,DC,2.0,0,0.34,0.6218,,,L18,,21.09,19.81,18.65,DECaLS,Sloan,27.9976,-8.3646,True
586,C,586,DESI-028.0192-29.3878,DC,2.0,0,0.64,,0.367,0.041,L18,,21.51,19.82,18.84,DECaLS,Sloan,28.0192,-29.3878,True
587,C,587,DESI-028.1435-21.6420,REX,2.5,1,0.99,,0.369,0.104,L18,,21.29,20.19,19.32,DECaLS,Sloan,28.1435,-21.642,True
588,C,588,DESI-028.1494-31.3430,DC,2.0,0,0.14,,0.354,0.032,L18,,21.93,20.33,19.36,DECaLS,Sloan,28.1494,-31.343,True
589,C,589,DESI-028.1997+03.2624,DC,2.0,0,0.97,0.3493,,,L18,,20.52,18.77,17.8,DECaLS,Sloan,28.1997,3.2624,True
590,C,590,DESI-028.4669-11.2551,DC,2.5,1,0.18,,0.816,0.057,L18,,23.28,21.59,19.85,DECaLS,Sloan,28.4669,-11.2551,True
591,C,591,DESI-028.5320-08.1000,DC,2.0,0,0.35,0.3346,,,L18,,19.47,17.85,16.98,DECaLS,Sloan,28.532,-8.1,True
592,C,592,DESI-028.5715-16.2374,DC,2.0,0,0.23,0.3979,,,L18,,20.08,18.36,17.47,DECaLS,Sloan,28.5715,-16.2374,True
593,C,593,DESI-028.7845-25.8463,DC,2.0,0,1.0,,0.554,0.038,L18,,21.66,19.76,18.51,DECaLS,Sloan,28.7845,-25.8463,True
594,C,594,DESI-029.1389-02.4224,REX,2.5,1,0.52,,0.616,0.118,shielded,,21.25,19.8,18.66,DECaLS,Sloan,29.1389,-2.4224,True
595,C,595,DESI-029.1423-15.5876,REX,2.5,1,0.74,0.395,,,shielded,,21.27,20.4,19.51,DECaLS,Sloan,29.1423,-15.5876,True
596,C,596,DESI-029.3642+22.9216,DC,2.0,0,0.24,0.2454,,,L18,,19.18,17.66,16.71,DECaLS,Sloan,29.3642,22.9216,True
597,C,597,DESI-029.3687-05.2778,DC,2.0,0,0.82,0.5985,,,L18,e,21.77,19.98,18.75,DECaLS,Sloan,29.3687,-5.2778,True
598,C,598,DESI-029.4504-01.1535,DC,2.5,1,0.12,0.5416,,,L18,e,21.05,19.15,17.89,DECaLS,Sloan,29.4504,-1.1535,True
599,C,599,DESI-029.4673-27.8568,DC,2.0,0,0.89,,0.782,0.027,L18,,22.77,21.24,19.45,DECaLS,Sloan,29.4673,-27.8568,True
600,C,600,DESI-029.5569-11.2721,DC,2.5,1,0.99,,0.368,0.022,L18,,21.42,19.69,18.85,DECaLS,Sloan,29.5569,-11.2721,True
601,C,601,DESI-029.7821-32.2109,REX,2.0,2,0.33,,0.631,0.079,shielded,,21.97,20.7,19.55,DECaLS,Sloan,29.7821,-32.2109,True
602,C,602,DESI-029.7900-18.9500,DC,2.5,1,0.99,0.3393,,,L18,d,19.8,18.35,17.54,DECaLS,Sloan,29.79,-18.95,True
603,C,603,DESI-029.9230+29.5992,DC,2.0,0,0.14,0.3444,,,L18,,20.98,19.19,18.17,DECaLS,Sloan,29.923,29.5992,True
604,C,604,DESI-029.9687-27.8439,DC,2.0,0,1.0,,0.789,0.276,L18,,22.68,20.67,19.1,DECaLS,Sloan,29.9687,-27.8439,True
605,C,605,DESI-030.1018-10.7692,DC,2.0,0,0.62,,0.272,0.029,shielded,,18.89,17.74,17.02,DECaLS,Sloan,30.1018,-10.7692,True
606,C,606,DESI-030.1108-08.6449,DC,2.0,0,0.23,0.3965,,,L18,,21.34,19.82,18.9,DECaLS,Sloan,30.1108,-8.6449,True
607,C,607,DESI-030.1551+14.4092,DC,2.0,0,0.75,0.504,,,L18,,21.76,19.82,18.47,DECaLS,Sloan,30.1551,14.4092,True
608,C,608,DESI-030.1743-11.0445,DC,2.5,1,0.99,,0.176,0.011,shielded,,19.14,17.98,17.23,DECaLS,Sloan,30.1743,-11.0445,True
609,C,609,DESI-030.2531-36.7018,REX,2.5,1,0.92,,0.487,0.107,shielded,,20.54,19.41,18.5,DECaLS,Sloan,30.2531,-36.7018,True
610,C,610,DESI-030.3065-26.0892,REX,2.0,0,0.2,,0.855,0.125,shielded,,21.91,20.99,19.64,DECaLS,Sloan,30.3065,-26.0892,True
611,C,611,DESI-030.7600-06.6024,DC,2.0,0,0.98,0.4935,,,L18,,21.2,19.44,18.32,DECaLS,Sloan,30.76,-6.6024,True
612,C,612,DESI-030.7806-22.7856,DC,2.0,0,0.99,,0.347,0.038,L18,,21.08,19.42,18.51,DECaLS,Sloan,30.7806,-22.7856,True
613,C,613,DESI-030.8121-15.9384,DC,2.0,0,0.99,,0.685,0.07,L18,,22.07,20.58,19.18,DECaLS,Sloan,30.8121,-15.9384,True
614,C,614,DESI-030.9153-31.0823,DC,2.5,1,0.93,,0.474,0.052,L18,,21.68,20.05,19.1,DECaLS,Sloan,30.9153,-31.0823,True
615,C,615,DESI-031.1304-19.3899,REX,2.0,0,0.26,,0.78,0.046,shielded,,22.25,21.17,19.84,DECaLS,Sloan,31.1304,-19.3899,True
616,C,616,DESI-031.2607-21.8603,REX,2.0,2,0.16,,0.858,0.077,shielded,,22.08,21.26,19.9,DECaLS,Sloan,31.2607,-21.8603,True
617,C,617,DESI-031.3554-16.4083,DC,2.0,0,0.21,,0.77,0.075,L18,,23.47,21.65,19.97,DECaLS,Sloan,31.3554,-16.4083,True
618,C,618,DESI-031.3590-24.5664,REX,2.0,0,0.3,,0.592,0.053,shielded,,21.01,19.89,18.98,DECaLS,Sloan,31.359,-24.5664,True
619,C,619,DESI-031.4976-21.1722,DC,2.0,0,0.14,,0.716,0.09,L18,,21.98,20.62,19.09,DECaLS,Sloan,31.4976,-21.1722,True
620,C,620,DESI-031.6715-02.0052,DC,2.0,2,0.82,0.7005,,,L18,,20.55,19.81,18.49,DECaLS,Sloan,31.6715,-2.0052,True
621,C,621,DESI-031.7319-31.7726,DC,2.0,0,0.25,,0.607,0.014,L18,,21.74,19.81,18.38,DECaLS,Sloan,31.7319,-31.7726,True
622,C,622,DESI-031.8616-27.2286,DC,2.0,0,0.62,,0.82,0.029,L18,,22.57,20.59,18.68,DECaLS,Sloan,31.8616,-27.2286,True
623,C,623,DESI-032.0005-17.7739,DC,2.0,2,0.88,,0.908,0.056,L18,,24.25,21.85,19.79,DECaLS,Sloan,32.0005,-17.7739,True
624,C,624,DESI-032.1245-18.3429,DC,2.0,0,0.16,0.5606,,,L18,,23.1,21.0,19.17,DECaLS,Sloan,32.1245,-18.3429,True
625,C,625,DESI-032.1994+01.7689,DC,2.0,0,0.58,0.4722,,,shielded,,21.76,19.92,18.93,DECaLS,Sloan,32.1994,1.7689,True
626,C,626,DESI-032.2091-25.0391,REX,2.5,1,0.41,,0.449,0.019,shielded,,22.27,20.48,19.49,DECaLS,Sloan,32.2091,-25.0391,True
627,C,627,DESI-032.2667+04.8088,REX,2.0,0,0.21,0.5005,,,shielded,,20.86,19.32,18.3,DECaLS,Sloan,32.2667,4.8088,True
628,C,628,DESI-032.2674+03.6995,REX,2.0,0,0.81,0.2888,,,shielded,,20.97,19.16,17.98,DECaLS,Sloan,32.2674,3.6995,True
629,C,629,DESI-032.4773-30.3485,REX,2.5,1,0.2,,0.881,0.043,L18,,21.57,20.88,19.65,DECaLS,Sloan,32.4773,-30.3485,True
630,C,630,DESI-032.6664-00.6421,REX,2.5,1,0.26,0.2544,,,shielded,e,21.41,20.19,19.4,DECaLS,Sloan,32.6664,-0.6421,True
631,C,631,DESI-032.8213+00.3402,REX,2.0,0,0.14,0.6059,,,shielded,,21.45,20.64,19.48,DECaLS,Sloan,32.8213,0.3402,True
632,C,632,DESI-032.8584-16.2274,DC,2.0,0,0.6,,0.483,0.014,L18,,21.01,19.13,18.01,DECaLS,Sloan,32.8584,-16.2274,True
633,C,633,DESI-033.0297+00.2472,DC,2.0,0,0.85,0.2135,,,L18,,19.79,18.44,17.65,DECaLS,Sloan,33.0297,0.2472,True
634,C,634,DESI-033.0826+30.5530,DC,2.0,2,0.71,0.5477,,,L18,,21.15,19.74,18.74,DECaLS,Sloan,33.0826,30.553,True
635,C,635,DESI-033.1994-05.9312,REX,2.0,2,0.73,0.5022,,,shielded,j,21.87,21.01,19.81,DECaLS,Sloan,33.1994,-5.9312,True
636,C,636,DESI-033.2069-20.7412,DC,2.5,1,0.72,,0.272,0.008,L18,,19.54,18.08,17.32,DECaLS,Sloan,33.2069,-20.7412,True
637,C,637,DESI-033.5356-12.8859,DC,2.5,1,0.27,0.5551,,,L18,,22.91,21.03,19.23,DECaLS,Sloan,33.5356,-12.8859,True
638,C,638,DESI-033.7026-24.8797,DC,2.5,1,0.92,,0.803,0.035,L18,,22.87,20.77,18.86,DECaLS,Sloan,33.7026,-24.8797,True
639,C,639,DESI-033.7174+19.5413,REX,2.0,2,1.0,0.618,,,L18,a,21.38,19.74,18.3,DECaLS,Sloan,33.7174,19.5413,True
640,C,640,DESI-033.8313-22.6154,DC,2.5,1,0.9,,0.39,0.014,L18,,21.2,19.33,18.39,DECaLS,Sloan,33.8313,-22.6154,True
641,C,641,DESI-034.1856-00.3860,DC,2.5,1,1.0,0.4583,,,L18,,21.38,20.21,19.03,DECaLS,Sloan,34.1856,-0.386,True
642,C,642,DESI-034.2874-09.2052,DC,2.5,1,0.82,0.1872,,,shielded,,17.84,16.58,15.81,DECaLS,Sloan,34.2874,-9.2052,True
643,C,643,DESI-034.3096-10.0969,REX,2.5,1,0.12,0.6085,,,shielded,,21.44,20.68,19.55,DECaLS,Sloan,34.3096,-10.0969,True
644,C,644,DESI-034.3830+20.9523,REX,2.0,0,0.71,0.5886,,,shielded,,21.21,19.96,18.89,DECaLS,Sloan,34.383,20.9523,True
645,C,645,DESI-034.5247+26.6007,DC,2.0,0,0.98,,0.46,0.04,L18,,20.79,19.19,18.14,DECaLS,Sloan,34.5247,26.6007,True
646,C,646,DESI-034.5314-27.6291,DC,2.0,0,0.32,,0.214,0.06,shielded,,21.13,20.0,19.37,DECaLS,Sloan,34.5314,-27.6291,True
647,C,647,DESI-034.6677-24.8466,REX,2.0,0,0.12,,0.752,0.1,L18,,21.47,20.51,19.39,DECaLS,Sloan,34.6677,-24.8466,True
648,C,648,DESI-034.7239-16.8684,DC,2.0,0,0.75,,0.805,0.051,L18,,22.72,21.17,19.43,DECaLS,Sloan,34.7239,-16.8684,True
649,C,649,DESI-034.8554+05.6438,DC,2.5,1,0.13,0.6785,,,L18,,22.56,21.31,19.37,DECaLS,Sloan,34.8554,5.6438,True
650,C,650,DESI-034.9126-17.6882,DC,2.5,1,0.95,,0.538,0.014,L18,,21.27,19.28,18.01,DECaLS,Sloan,34.9126,-17.6882,True
651,C,651,DESI-034.9597-05.9518,DC,2.0,0,0.5,0.6726,,,shielded,,21.92,20.51,19.09,DECaLS,Sloan,34.9597,-5.9518,True
652,C,652,DESI-035.0412-28.1798,DC,2.5,1,0.81,,0.305,0.008,shielded,,19.77,18.18,17.36,DECaLS,Sloan,35.0412,-28.1798,True
653,C,653,DESI-035.1949+05.8853,REX,2.0,0,0.37,0.6358,,,shielded,,21.81,20.7,19.16,DECaLS,Sloan,35.1949,5.8853,True
654,C,654,DESI-035.2949-23.0878,DC,2.0,0,0.68,,0.267,0.011,shielded,,19.45,17.98,17.18,DECaLS,Sloan,35.2949,-23.0878,True
655,C,655,DESI-035.4007-26.6592,DC,2.5,1,0.96,,0.525,0.027,L18,,20.87,19.11,17.92,DECaLS,Sloan,35.4007,-26.6592,True
656,C,656,DESI-036.0382-16.3869,DC,2.0,0,0.67,0.4718,,,L18,,23.61,22.15,19.99,DECaLS,Sloan,36.0382,-16.3869,True
657,C,657,DESI-036.0573+19.8696,DC,2.5,1,0.16,,0.847,0.144,L18,,23.7,21.63,19.64,DECaLS,Sloan,36.0573,19.8696,True
658,C,658,DESI-036.0992+02.4337,DC,2.0,0,0.84,0.4826,,,L18,,20.96,19.38,18.13,DECaLS,Sloan,36.0992,2.4337,True
659,C,659,DESI-036.1196-25.0390,DC,2.0,0,0.15,,0.534,0.013,L18,,21.67,19.83,18.64,DECaLS,Sloan,36.1196,-25.039,True
660,C,660,DESI-036.3834-04.8500,REX,2.0,0,0.15,0.6087,,,shielded,,20.99,19.95,19.02,DECaLS,Sloan,36.3834,-4.85,True
661,C,661,DESI-036.7384-29.3340,DC,2.5,1,0.98,,0.567,0.046,L18,,21.97,20.22,19.06,DECaLS,Sloan,36.7384,-29.334,True
662,C,662,DESI-036.8067+29.5796,DC,2.5,1,0.96,0.4507,,,L18,,20.98,19.18,18.01,DECaLS,Sloan,36.8067,29.5796,True
663,C,663,DESI-037.2442-17.2723,REX,2.0,0,1.0,,0.868,0.064,L18,,21.18,20.52,19.4,DECaLS,Sloan,37.2442,-17.2723,True
664,C,664,DESI-037.3509+10.2791,DC,2.0,0,0.77,,0.695,0.035,L18,,21.98,20.37,18.85,DECaLS,Sloan,37.3509,10.2791,True
665,C,665,DESI-037.5061-20.9108,DC,2.0,0,0.98,,0.536,0.031,L18,,21.24,19.59,18.43,DECaLS,Sloan,37.5061,-20.9108,True
666,C,666,DESI-037.6346-24.1463,DC,2.0,0,0.62,,0.622,0.015,L18,,21.86,20.02,18.57,DECaLS,Sloan,37.6346,-24.1463,True
667,C,667,DESI-037.6589-01.8803,DC,2.5,1,0.67,0.2507,,,shielded,l,19.93,18.37,17.42,DECaLS,Sloan,37.6589,-1.8803,True
668,C,668,DESI-037.7099-17.5029,REX,2.0,0,0.92,,0.816,0.051,L18,,22.03,21.05,19.71,DECaLS,Sloan,37.7099,-17.5029,True
669,C,669,DESI-038.0192-17.6864,DC,2.0,0,0.47,0.4523,,,shielded,,22.14,20.29,19.35,DECaLS,Sloan,38.0192,-17.6864,True
670,C,670,DESI-038.3831-03.4670,DC,2.5,1,0.51,0.5494,,,L18,e,23.83,22.04,19.93,DECaLS,Sloan,38.3831,-3.467,True
671,C,671,DESI-038.7280-30.9373,REX,2.0,0,0.99,,0.794,0.183,L18,,20.92,20.23,19.12,DECaLS,Sloan,38.728,-30.9373,True
672,C,672,DESI-038.8158-17.1581,REX,2.5,1,0.27,0.6773,,,shielded,,21.45,20.43,19.21,DECaLS,Sloan,38.8158,-17.1581,True
673,C,673,DESI-039.2176-31.8548,DC,2.0,0,0.31,,0.401,0.01,L18,,20.09,18.2,17.26,DECaLS,Sloan,39.2176,-31.8548,True
674,C,674,DESI-039.3484-30.2921,DC,2.5,1,0.97,,0.545,0.019,L18,,21.03,19.24,17.98,DECaLS,Sloan,39.3484,-30.2921,True
675,C,675,DESI-039.6138-15.5779,DC,2.0,0,0.11,,0.732,0.032,L18,,21.92,20.33,18.74,DECaLS,Sloan,39.6138,-15.5779,True
676,C,676,DESI-039.8085-03.7403,DC,2.5,1,0.81,,0.686,0.046,L18,,22.73,20.91,19.39,DECaLS,Sloan,39.8085,-3.7403,True
677,C,677,DESI-039.9312-24.9308,DC,2.5,1,0.78,,0.661,0.016,L18,,21.63,19.56,18.02,DECaLS,Sloan,39.9312,-24.9308,True
678,C,678,DESI-039.9863-27.1208,DC,2.5,1,0.88,,0.521,0.033,L18,,21.14,19.5,18.38,DECaLS,Sloan,39.9863,-27.1208,True
679,C,679,DESI-040.0268-11.4252,REX,2.5,1,0.98,,0.696,0.041,shielded,,21.42,20.25,19.05,DECaLS,Sloan,40.0268,-11.4252,True
680,C,680,DESI-040.1730-21.4503,DC,2.5,1,0.91,,0.327,0.012,L18,,20.02,18.4,17.52,DECaLS,Sloan,40.173,-21.4503,True
681,C,681,DESI-040.6738-21.1358,REX,2.5,1,0.14,,0.317,0.026,shielded,,20.06,19.09,18.31,DECaLS,Sloan,40.6738,-21.1358,True
682,C,682,DESI-041.1156-28.6150,DC,2.5,1,1.0,,0.476,0.012,L18,,20.56,18.66,17.57,DECaLS,Sloan,41.1156,-28.615,True
683,C,683,DESI-041.4712-05.9667,DC,2.5,1,0.92,0.5731,,,L18,,22.87,20.84,18.9,DECaLS,Sloan,41.4712,-5.9667,True
684,C,684,DESI-042.0215-18.9309,DC,2.0,0,0.46,,0.417,0.036,shielded,,21.01,19.33,18.34,DECaLS,Sloan,42.0215,-18.9309,True
685,C,685,DESI-042.0940+02.7825,REX,2.5,1,0.96,0.3859,,,L18,,21.91,21.16,19.92,DECaLS,Sloan,42.094,2.7825,True
686,C,686,DESI-042.1344-12.1016,REX,2.5,1,0.98,,0.835,0.102,L18,,21.44,20.72,19.65,DECaLS,Sloan,42.1344,-12.1016,True
687,C,687,DESI-042.1475-12.1625,DC,2.0,0,0.86,,0.405,0.016,shielded,,21.2,19.39,18.47,DECaLS,Sloan,42.1475,-12.1625,True
688,C,688,DESI-042.2120-27.3537,DC,2.0,0,0.76,,0.234,0.008,shielded,,20.1,18.73,17.97,DECaLS,Sloan,42.212,-27.3537,True
689,C,689,DESI-043.3406-05.1544,DC,2.0,0,0.34,0.5834,,,shielded,,22.43,20.72,18.98,DECaLS,Sloan,43.3406,-5.1544,True
690,C,690,DESI-043.3785-12.6509,DC,2.0,0,0.87,,0.746,0.048,shielded,d,22.7,21.05,19.43,DECaLS,Sloan,43.3785,-12.6509,True
691,C,691,DESI-043.8215-16.6815,DC,2.5,1,1.0,0.5032,,,L18,,22.49,20.54,18.92,DECaLS,Sloan,43.8215,-16.6815,True
692,C,692,DESI-044.0165+00.3311,REX,2.0,0,0.25,0.6462,,,shielded,,21.47,20.34,19.29,DECaLS,Sloan,44.0165,0.3311,True
693,C,693,DESI-044.2789-16.7736,DC,2.0,0,0.41,,0.368,0.01,shielded,,19.94,18.13,17.2,DECaLS,Sloan,44.2789,-16.7736,True
694,C,694,DESI-044.3388-28.8952,DC,2.0,0,0.36,,0.939,0.108,shielded,,22.49,21.24,19.57,DECaLS,Sloan,44.3388,-28.8952,True
695,C,695,DESI-044.4764-23.3071,REX,2.5,1,0.33,,0.283,0.046,shielded,,20.43,18.72,17.59,DECaLS,Sloan,44.4764,-23.3071,True
696,C,696,DESI-044.5307-13.8106,DC,2.0,0,0.35,,0.672,0.082,L18,,22.72,21.1,19.71,DECaLS,Sloan,44.5307,-13.8106,True
697,C,697,DESI-044.7621-07.8029,DC,2.0,0,0.75,0.6841,,,shielded,,22.27,20.4,18.96,DECaLS,Sloan,44.7621,-7.8029,True
698,C,698,DESI-044.9661-38.8328,REX,2.0,0,0.41,,0.66,0.089,shielded,,21.37,20.23,19.12,DECaLS,Sloan,44.9661,-38.8328,True
699,C,699,DESI-044.9848-10.2476,REX,2.5,1,0.95,,0.433,0.027,shielded,,20.66,18.82,17.82,DECaLS,Sloan,44.9848,-10.2476,True
700,C,700,DESI-044.9857-26.8724,DC,2.0,0,1.0,,0.445,0.009,L18,g,22.33,20.56,19.59,DECaLS,Sloan,44.9857,-26.8724,True
701,C,701,DESI-045.0813+04.4270,REX,2.0,0,0.23,0.3044,,,shielded,,19.85,18.12,17.13,DECaLS,Sloan,45.0813,4.427,True
702,C,702,DESI-045.2324-10.9787,DC,2.0,0,0.95,,0.474,0.152,L18,,21.44,20.39,19.23,DECaLS,Sloan,45.2324,-10.9787,True
703,C,703,DESI-045.5432-22.6720,DC,2.5,1,1.0,,0.465,0.055,L18,,20.86,18.89,17.66,DECaLS,Sloan,45.5432,-22.672,True
704,C,704,DESI-045.8553-22.9291,DC,2.5,1,1.0,,0.531,0.038,L18,,21.6,19.86,18.65,DECaLS,Sloan,45.8553,-22.9291,True
705,C,705,DESI-045.8714+03.7781,DC,2.0,0,0.97,0.5305,,,L18,,22.12,20.4,18.76,DECaLS,Sloan,45.8714,3.7781,True
706,C,706,DESI-046.5824-13.5938,DC,2.5,1,0.86,,0.708,0.032,L18,,22.79,20.79,19.08,DECaLS,Sloan,46.5824,-13.5938,True
707,C,707,DESI-046.6654-27.6075,DC,2.5,1,1.0,,0.421,0.062,L18,g,19.82,18.29,17.34,DECaLS,Sloan,46.6654,-27.6075,True
708,C,708,DESI-046.6785-28.5384,DC,2.5,1,0.18,,0.544,0.021,L18,,20.96,19.36,18.2,DECaLS,Sloan,46.6785,-28.5384,True
709,C,709,DESI-046.7377-23.3925,DC,2.5,1,0.91,,0.555,0.042,L18,,21.43,19.62,18.42,DECaLS,Sloan,46.7377,-23.3925,True
710,C,710,DESI-046.8383-24.2794,DC,2.5,1,0.27,,0.484,0.036,shielded,,22.4,20.76,19.71,DECaLS,Sloan,46.8383,-24.2794,True
711,C,711,DESI-047.7104-21.2200,DC,2.5,1,0.61,,0.571,0.059,shielded,,20.36,19.03,17.98,DECaLS,Sloan,47.7104,-21.22,True
712,C,712,DESI-047.9174-07.5180,DC,2.0,0,0.42,0.441,,,shielded,,20.98,19.6,18.73,DECaLS,Sloan,47.9174,-7.518,True
713,C,713,DESI-048.2870-16.4246,DC,2.5,1,0.91,,0.358,0.066,L18,,20.83,19.32,18.46,DECaLS,Sloan,48.287,-16.4246,True
714,C,714,DESI-048.6940-13.7434,DC,2.5,1,0.77,0.6225,,,shielded,,22.29,20.75,19.19,DECaLS,Sloan,48.694,-13.7434,True
715,C,715,DESI-048.8942-27.2465,DC,2.0,0,0.5,,0.633,0.084,L18,,21.62,20.33,19.16,DECaLS,Sloan,48.8942,-27.2465,True
716,C,716,DESI-049.0800-28.8885,DC,2.5,1,0.68,,0.426,0.01,L18,,20.9,18.98,18.0,DECaLS,Sloan,49.08,-28.8885,True
717,C,717,DESI-049.1543-26.8148,DC,2.0,0,0.44,,0.69,0.036,shielded,,22.6,20.92,19.42,DECaLS,Sloan,49.1543,-26.8148,True
718,C,718,DESI-049.2052-18.0014,DC,2.0,0,0.8,,0.208,0.047,shielded,,20.34,19.22,18.53,DECaLS,Sloan,49.2052,-18.0014,True
719,C,719,DESI-049.3327-30.1661,DC,2.5,1,0.94,,0.523,0.017,L18,,20.6,18.68,17.47,DECaLS,Sloan,49.3327,-30.1661,True
720,C,720,DESI-049.3356-26.6664,DC,2.0,0,1.0,,0.31,0.012,L18,,19.99,18.42,17.57,DECaLS,Sloan,49.3356,-26.6664,True
721,C,721,DESI-049.4146-27.3320,REX,2.0,2,0.1,,0.501,0.172,shielded,,20.94,20.05,19.26,DECaLS,Sloan,49.4146,-27.332,True
722,C,722,DESI-049.4239-21.3050,DC,2.5,1,0.97,,0.475,0.011,shielded,d,20.66,18.77,17.67,DECaLS,Sloan,49.4239,-21.305,True
723,C,723,DESI-049.7786-27.6615,DC,2.5,1,1.0,,0.678,0.079,L18,,21.68,20.46,19.23,DECaLS,Sloan,49.7786,-27.6615,True
724,C,724,DESI-049.7855-07.5011,DC,2.5,1,1.0,0.4757,,,L18,,20.84,19.09,18.05,DECaLS,Sloan,49.7855,-7.5011,True
725,C,725,DESI-049.9132-21.1511,DC,2.5,1,0.65,,0.628,0.026,shielded,,21.66,20.03,18.69,DECaLS,Sloan,49.9132,-21.1511,True
726,C,726,DESI-050.1173-29.0147,DC,2.0,2,0.77,,0.74,0.064,shielded,,21.64,20.24,18.78,DECaLS,Sloan,50.1173,-29.0147,True
727,C,727,DESI-050.2069-21.4455,DC,2.0,0,0.52,,0.7,0.018,shielded,,22.85,20.84,19.21,DECaLS,Sloan,50.2069,-21.4455,True
728,C,728,DESI-050.3265-22.2543,DC,2.5,1,0.27,,0.535,0.046,shielded,,22.46,20.71,19.52,DECaLS,Sloan,50.3265,-22.2543,True
729,C,729,DESI-051.0021-27.1917,DC,2.0,0,0.99,,0.704,0.039,L18,,22.03,20.44,18.94,DECaLS,Sloan,51.0021,-27.1917,True
730,C,730,DESI-051.2450-11.5876,DC,2.5,1,1.0,,0.424,0.045,L18,,21.44,19.64,18.59,DECaLS,Sloan,51.245,-11.5876,True
731,C,731,DESI-051.4779-17.1685,REX,2.0,0,0.83,,0.867,0.122,L18,,21.91,21.12,19.87,DECaLS,Sloan,51.4779,-17.1685,True
732,C,732,DESI-051.5965-25.8119,REX,2.0,2,0.37,,0.713,0.036,shielded,,21.25,20.36,19.47,DECaLS,Sloan,51.5965,-25.8119,True
733,C,733,DESI-051.6476-25.0483,DC,2.5,1,0.31,,0.668,0.056,shielded,,22.59,20.78,19.26,DECaLS,Sloan,51.6476,-25.0483,True
734,C,734,DESI-051.7081-00.7311,DC,2.5,1,0.86,0.1742,,,L18,,19.43,17.89,16.8,DECaLS,Sloan,51.7081,-0.7311,True
735,C,735,DESI-052.0458-31.5770,DC,2.0,0,0.76,,0.641,0.059,shielded,,21.57,20.22,19.0,DECaLS,Sloan,52.0458,-31.577,True
736,C,736,DESI-052.3736-18.6378,DC,2.0,0,0.16,,0.636,0.016,L18,,22.1,20.19,18.66,DECaLS,Sloan,52.3736,-18.6378,True
737,C,737,DESI-052.4307-32.1849,REX,2.0,0,0.23,,0.816,0.074,L18,,22.38,21.18,19.71,DECaLS,Sloan,52.4307,-32.1849,True
738,C,738,DESI-052.5899+00.6691,DC,2.5,1,0.34,0.492,,,L18,,21.25,19.29,18.1,DECaLS,Sloan,52.5899,0.6691,True
739,C,739,DESI-052.6889-29.4983,REX,2.0,0,0.85,,0.645,0.086,shielded,,24.31,21.96,19.61,DECaLS,Sloan,52.6889,-29.4983,True
740,C,740,DESI-052.7565-09.4508,DC,2.0,0,0.97,,0.86,0.053,L18,,23.35,21.34,19.27,DECaLS,Sloan,52.7565,-9.4508,True
741,C,741,DESI-052.9149-18.2136,REX,2.0,0,0.5,,0.334,0.036,shielded,,19.73,18.11,17.21,DECaLS,Sloan,52.9149,-18.2136,True
742,C,742,DESI-053.1504-39.1976,REX,2.5,1,0.14,,0.532,0.082,shielded,,21.06,19.81,18.86,DECaLS,Sloan,53.1504,-39.1976,True
743,C,743,DESI-053.7471-26.5755,DC,2.0,0,0.44,,0.332,0.008,shielded,d,19.74,18.06,17.19,DECaLS,Sloan,53.7471,-26.5755,True
744,C,744,DESI-053.9519-29.9771,DC,2.0,0,0.99,,0.318,0.01,L18,,20.2,18.6,17.72,DECaLS,Sloan,53.9519,-29.9771,True
745,C,745,DESI-054.1741-20.3531,DC,2.5,1,0.55,,0.597,0.013,L18,d,21.67,19.76,18.34,DECaLS,Sloan,54.1741,-20.3531,True
746,C,746,DESI-054.2674-04.8785,REX,2.5,1,0.17,,0.386,0.033,shielded,,21.73,19.95,19.03,DECaLS,Sloan,54.2674,-4.8785,True
747,C,747,DESI-054.4002-15.7893,REX,2.0,0,0.63,,0.41,0.075,shielded,,20.7,19.27,18.36,DECaLS,Sloan,54.4002,-15.7893,True
748,C,748,DESI-054.4115-21.0294,DC,2.5,1,0.83,,0.782,0.05,shielded,,21.51,20.51,19.19,DECaLS,Sloan,54.4115,-21.0294,True
749,C,749,DESI-054.6271-05.6708,DC,2.0,0,0.69,0.6146,,,L18,,20.93,19.81,18.63,DECaLS,Sloan,54.6271,-5.6708,True
750,C,750,DESI-054.6308-24.6332,DC,2.0,0,0.83,,0.582,0.021,L18,,22.79,20.85,19.51,DECaLS,Sloan,54.6308,-24.6332,True
751,C,751,DESI-054.7432-28.2190,REX,2.5,1,0.35,,0.422,0.077,shielded,,21.69,20.06,19.18,DECaLS,Sloan,54.7432,-28.219,True
752,C,752,DESI-054.7788-12.2879,REX,2.0,0,0.92,0.3747,,,shielded,,21.69,20.55,19.86,DECaLS,Sloan,54.7788,-12.2879,True
753,C,753,DESI-054.8226-38.9498,REX,2.0,0,0.99,,0.715,0.044,shielded,,23.27,21.53,19.98,DECaLS,Sloan,54.8226,-38.9498,True
754,C,754,DESI-055.0105-27.3081,DC,2.5,1,0.89,,0.761,0.066,L18,,23.71,21.25,19.24,DECaLS,Sloan,55.0105,-27.3081,True
755,C,755,DESI-055.4130-13.4363,REX,2.0,0,0.78,,0.79,0.142,shielded,,21.78,20.74,19.34,DECaLS,Sloan,55.413,-13.4363,True
756,C,756,DESI-055.4365-31.6484,DC,2.5,1,0.92,,0.796,0.047,L18,,21.24,20.37,19.21,DECaLS,Sloan,55.4365,-31.6484,True
757,C,757,DESI-055.6364-20.0025,DC,2.0,0,0.27,,0.65,0.049,L18,,21.77,20.24,18.85,DECaLS,Sloan,55.6364,-20.0025,True
758,C,758,DESI-055.7686-10.8819,DC,2.5,1,0.23,,0.583,0.023,L18,,22.5,20.55,19.16,DECaLS,Sloan,55.7686,-10.8819,True
759,C,759,DESI-055.8961-29.9218,DC,2.0,0,0.2,,0.409,0.054,L18,,22.09,20.43,19.42,DECaLS,Sloan,55.8961,-29.9218,True
760,C,760,DESI-056.3743-33.2010,REX,2.0,2,0.49,,0.879,0.102,shielded,,21.52,20.51,19.14,DECaLS,Sloan,56.3743,-33.201,True
761,C,761,DESI-056.4484-30.3933,DC,2.5,1,0.87,,0.455,0.049,L18,,20.16,18.47,17.37,DECaLS,Sloan,56.4484,-30.3933,True
762,C,762,DESI-056.5384-26.4042,DC,2.0,0,0.88,,0.601,0.053,L18,,21.89,20.41,19.26,DECaLS,Sloan,56.5384,-26.4042,True
763,C,763,DESI-056.5861-09.6696,REX,2.0,2,0.9,,0.699,0.045,shielded,,21.52,20.33,19.11,DECaLS,Sloan,56.5861,-9.6696,True
764,C,764,DESI-056.6788-09.2313,DC,2.5,1,0.99,,0.427,0.021,L18,,20.17,18.31,17.27,DECaLS,Sloan,56.6788,-9.2313,True
765,C,765,DESI-056.8707-25.7853,DC,2.0,0,0.12,,0.611,0.028,L18,,21.62,19.93,18.57,DECaLS,Sloan,56.8707,-25.7853,True
766,C,766,DESI-056.8839-20.4636,DC,2.0,0,0.39,,0.298,0.01,L18,,19.15,17.53,16.66,DECaLS,Sloan,56.8839,-20.4636,True
767,C,767,DESI-057.0469-25.5083,REX,2.0,0,0.13,,0.654,0.075,shielded,,21.17,20.15,19.28,DECaLS,Sloan,57.0469,-25.5083,True
768,C,768,DESI-057.2082-22.3314,DC,2.0,0,0.87,,0.499,0.031,L18,,22.15,20.33,19.26,DECaLS,Sloan,57.2082,-22.3314,True
769,C,769,DESI-057.3298-26.9437,DC,2.0,0,0.4,,0.69,0.127,L18,,22.25,20.91,19.68,DECaLS,Sloan,57.3298,-26.9437,True
770,C,770,DESI-057.4192-19.9070,REX,2.0,0,0.29,,0.824,0.127,shielded,,21.95,21.16,19.75,DECaLS,Sloan,57.4192,-19.907,True
771,C,771,DESI-057.7531-19.8013,DC,2.5,1,0.32,,0.681,0.03,L18,,22.24,20.33,18.7,DECaLS,Sloan,57.7531,-19.8013,True
772,C,772,DESI-057.8307-15.1796,DC,2.0,0,0.46,,0.455,0.022,L18,,21.63,19.83,18.81,DECaLS,Sloan,57.8307,-15.1796,True
773,C,773,DESI-057.9593-22.2418,REX,2.0,0,0.97,,0.753,0.05,shielded,,21.45,20.21,18.85,DECaLS,Sloan,57.9593,-22.2418,True
774,C,774,DESI-058.1777-19.3799,DC,2.5,1,0.95,,0.631,0.04,L18,,22.6,20.98,19.63,DECaLS,Sloan,58.1777,-19.3799,True
775,C,775,DESI-058.3477-30.5941,REX,2.5,1,0.51,,0.867,0.056,shielded,,21.71,20.99,19.72,DECaLS,Sloan,58.3477,-30.5941,True
776,C,776,DESI-058.3547-02.8941,DC,2.0,0,0.82,,0.483,0.027,L18,,21.45,19.61,18.46,DECaLS,Sloan,58.3547,-2.8941,True
777,C,777,DESI-059.9626-26.5819,DC,2.5,1,0.36,,0.276,0.03,shielded,,20.71,19.32,18.44,DECaLS,Sloan,59.9626,-26.5819,True
778,C,778,DESI-060.0000-27.7231,DC,2.0,0,0.7,,0.7,0.052,shielded,,22.56,20.86,19.31,DECaLS,Sloan,60.0,-27.7231,True
779,C,779,DESI-060.1170-15.1166,DC,2.5,1,0.12,,0.355,0.033,L18,,21.14,19.57,18.7,DECaLS,Sloan,60.117,-15.1166,True
780,C,780,DESI-060.5532-27.5316,REX,2.0,0,0.17,,0.454,0.077,shielded,,21.29,19.67,18.53,DECaLS,Sloan,60.5532,-27.5316,True
781,C,781,DESI-060.5576-32.2606,DC,2.0,0,0.24,,0.912,0.063,L18,,23.31,21.57,19.57,DECaLS,Sloan,60.5576,-32.2606,True
782,C,782,DESI-060.6043-22.0993,DC,2.5,1,0.15,,0.804,0.063,L18,,22.84,21.37,19.72,DECaLS,Sloan,60.6043,-22.0993,True
783,C,783,DESI-060.7510-18.9797,DC,2.0,0,0.14,,0.238,0.013,L18,,19.53,18.11,17.34,DECaLS,Sloan,60.751,-18.9797,True
784,C,784,DESI-060.7611-18.5019,DC,2.0,0,0.97,,0.731,0.097,L18,,23.76,21.19,19.12,DECaLS,Sloan,60.7611,-18.5019,True
785,C,785,DESI-061.0473-16.8863,DC,2.0,0,0.21,,0.649,0.03,L18,,21.31,19.92,18.64,DECaLS,Sloan,61.0473,-16.8863,True
786,C,786,DESI-061.1937-08.7636,DC,2.5,1,0.48,,0.466,0.15,L18,,22.35,20.6,19.65,DECaLS,Sloan,61.1937,-8.7636,True
787,C,787,DESI-061.3000-15.6132,DC,2.5,1,0.99,,0.426,0.026,L18,,21.54,19.71,18.69,DECaLS,Sloan,61.3,-15.6132,True
788,C,788,DESI-061.3613-25.6735,DC,2.5,1,0.96,,0.28,0.01,L18,,19.36,17.81,16.96,DECaLS,Sloan,61.3613,-25.6735,True
789,C,789,DESI-061.5534-22.9034,DC,2.5,1,0.69,,0.802,0.021,shielded,,22.99,20.93,19.02,DECaLS,Sloan,61.5534,-22.9034,True
790,C,790,DESI-061.6860-14.6132,DC,2.5,1,0.12,,0.437,0.014,L18,,21.07,19.23,18.25,DECaLS,Sloan,61.686,-14.6132,True
791,C,791,DESI-061.9786-31.8631,DC,2.0,2,0.81,,0.953,0.087,L18,,22.66,21.3,19.45,DECaLS,Sloan,61.9786,-31.8631,True
792,C,792,DESI-062.2880-32.0960,DC,2.5,1,0.83,,0.385,0.021,L18,,22.21,20.51,19.68,DECaLS,Sloan,62.288,-32.096,True
793,C,793,DESI-062.3942-31.5637,DC,2.0,0,0.23,,0.869,0.041,L18,,23.79,21.7,19.77,DECaLS,Sloan,62.3942,-31.5637,True
794,C,794,DESI-062.4692-32.1910,DC,2.0,0,0.29,,0.614,0.023,L18,,21.95,20.15,18.75,DECaLS,Sloan,62.4692,-32.191,True
795,C,795,DESI-062.5854-03.6132,DC,2.5,1,0.6,,0.696,0.049,shielded,,21.42,19.56,17.91,DECaLS,Sloan,62.5854,-3.6132,True
796,C,796,DESI-062.6288-14.8934,DC,2.5,1,0.99,,0.568,0.044,L18,a,21.32,19.79,18.64,DECaLS,Sloan,62.6288,-14.8934,True
797,C,797,DESI-062.6611-19.4171,DC,2.5,1,0.91,,0.556,0.09,L18,,21.29,19.84,18.59,DECaLS,Sloan,62.6611,-19.4171,True
798,C,798,DESI-063.2031-01.8160,DC,2.5,1,0.8,,0.296,0.021,L18,,19.44,17.73,16.7,DECaLS,Sloan,63.2031,-1.816,True
799,C,799,DESI-063.2873-35.0175,REX,2.0,2,0.14,,0.769,0.033,L18,,22.07,20.87,19.46,DECaLS,Sloan,63.2873,-35.0175,True
800,C,800,DESI-063.4434-29.6321,DC,2.0,0,0.44,,0.873,0.08,L18,,24.12,21.77,19.82,DECaLS,Sloan,63.4434,-29.6321,True
801,C,801,DESI-064.0540-30.3893,REX,2.5,1,1.0,,0.627,0.06,L18,,21.08,19.82,18.65,DECaLS,Sloan,64.054,-30.3893,True
802,C,802,DESI-064.1560-20.0800,DC,2.0,0,0.79,,0.404,0.052,L18,,21.06,19.52,18.6,DECaLS,Sloan,64.156,-20.08,True
803,C,803,DESI-064.5125-19.1295,DC,2.0,0,0.81,,0.476,0.022,L18,,22.09,20.12,19.0,DECaLS,Sloan,64.5125,-19.1295,True
804,C,804,DESI-064.5883-31.2553,DC,2.5,1,0.99,,0.514,0.019,L18,,20.76,19.08,17.94,DECaLS,Sloan,64.5883,-31.2553,True
805,C,805,DESI-064.6062-24.9971,DC,2.0,0,0.11,,0.324,0.051,L18,,21.07,19.74,18.92,DECaLS,Sloan,64.6062,-24.9971,True
806,C,806,DESI-064.8599-09.5649,DC,2.0,0,0.61,,0.574,0.032,L18,,22.43,20.51,19.13,DECaLS,Sloan,64.8599,-9.5649,True
807,C,807,DESI-064.8752-37.1532,REX,2.0,0,0.15,,0.366,0.041,shielded,,20.53,19.36,18.67,DECaLS,Sloan,64.8752,-37.1532,True
808,C,808,DESI-065.1328-21.1219,DC,2.0,0,0.3,,0.694,0.027,shielded,,23.56,21.56,19.99,DECaLS,Sloan,65.1328,-21.1219,True
809,C,809,DESI-065.2204-24.1023,DC,2.5,1,0.25,,0.592,0.094,L18,,22.33,20.71,19.44,DECaLS,Sloan,65.2204,-24.1023,True
810,C,810,DESI-065.2768-20.9997,DC,2.0,0,0.67,,0.812,0.046,L18,,22.72,21.23,19.51,DECaLS,Sloan,65.2768,-20.9997,True
811,C,811,DESI-065.4182-22.9294,DC,2.0,0,0.16,,0.62,0.03,L18,,21.37,19.88,18.6,DECaLS,Sloan,65.4182,-22.9294,True
812,C,812,DESI-065.4574-11.0477,DC,2.5,1,0.96,,0.576,0.032,L18,,21.57,19.85,18.62,DECaLS,Sloan,65.4574,-11.0477,True
813,C,813,DESI-065.5424-29.0529,REX,2.0,0,0.14,,0.505,0.168,shielded,,20.57,19.53,18.67,DECaLS,Sloan,65.5424,-29.0529,True
814,C,814,DESI-065.5591-28.8002,DC,2.5,1,0.19,,0.416,0.051,L18,,21.41,19.5,18.38,DECaLS,Sloan,65.5591,-28.8002,True
815,C,815,DESI-065.6339-26.1299,DC,2.5,1,0.11,,0.773,0.016,L18,,22.41,20.44,18.58,DECaLS,Sloan,65.6339,-26.1299,True
816,C,816,DESI-065.7967-01.3515,DC,2.5,1,0.37,,0.387,0.021,L18,,20.3,18.46,17.4,DECaLS,Sloan,65.7967,-1.3515,True
817,C,817,DESI-065.8473-03.3572,DC,2.0,2,0.88,,0.603,0.008,L18,,21.52,19.61,18.14,DECaLS,Sloan,65.8473,-3.3572,True
818,C,818,DESI-066.5255-13.2436,DC,2.0,0,1.0,,0.749,0.054,L18,,21.93,20.52,19.06,DECaLS,Sloan,66.5255,-13.2436,True
819,C,819,DESI-067.6651-25.8495,DC,2.5,1,0.93,,0.596,0.101,L18,,21.38,20.19,19.21,DECaLS,Sloan,67.6651,-25.8495,True
820,C,820,DESI-067.8196-31.4630,DC,2.5,1,0.3,,0.489,0.057,L18,,22.71,20.91,19.88,DECaLS,Sloan,67.8196,-31.463,True
821,C,821,DESI-068.1022-20.0038,DC,2.5,1,1.0,,0.555,0.009,L18,,21.49,19.63,18.34,DECaLS,Sloan,68.1022,-20.0038,True
822,C,822,DESI-068.8475-22.0006,REX,2.5,1,0.45,,0.712,0.047,shielded,,21.4,20.48,19.57,DECaLS,Sloan,68.8475,-22.0006,True
823,C,823,DESI-068.9055-25.3337,DC,2.5,1,0.81,,0.544,0.053,L18,a,20.98,19.33,18.08,DECaLS,Sloan,68.9055,-25.3337,True
824,C,824,DESI-068.9980-21.6384,DC,2.0,0,0.11,,0.517,0.035,L18,,20.94,19.46,18.43,DECaLS,Sloan,68.998,-21.6384,True
825,C,825,DESI-069.3619-23.0974,DC,2.0,0,0.13,,0.384,0.027,L18,,21.56,19.83,18.91,DECaLS,Sloan,69.3619,-23.0974,True
826,C,826,DESI-069.5641-32.3475,DC,2.5,1,0.97,,0.506,0.017,L18,,20.78,18.99,17.84,DECaLS,Sloan,69.5641,-32.3475,True
827,C,827,DESI-069.6110-27.1239,DC,2.5,1,0.83,,0.757,0.031,shielded,,23.47,21.31,19.52,DECaLS,Sloan,69.611,-27.1239,True
828,C,828,DESI-069.6660-28.5525,DC,2.0,0,0.71,,0.592,0.024,L18,,20.99,19.51,18.3,DECaLS,Sloan,69.666,-28.5525,True
829,C,829,DESI-070.0841-06.3394,DC,2.5,1,0.14,0.1599,,,L18,,18.69,17.38,16.51,DECaLS,Sloan,70.0841,-6.3394,True
830,C,830,DESI-070.1117-24.5699,DC,2.5,1,0.25,,0.672,0.221,shielded,,23.25,21.14,19.4,DECaLS,Sloan,70.1117,-24.5699,True
831,C,831,DESI-070.2650-27.0995,REX,2.0,0,0.13,,0.389,0.127,shielded,,19.55,17.94,17.05,DECaLS,Sloan,70.265,-27.0995,True
832,C,832,DESI-070.8793-32.1335,DC,2.5,1,0.28,,0.317,0.068,L18,,19.87,18.57,17.75,DECaLS,Sloan,70.8793,-32.1335,True
833,C,833,DESI-071.3350-22.0787,DC,2.0,0,0.97,,0.434,0.026,L18,,19.55,17.72,16.66,DECaLS,Sloan,71.335,-22.0787,True
834,C,834,DESI-071.5515-28.6470,REX,2.5,1,0.2,,0.81,0.12,shielded,,22.19,21.25,19.96,DECaLS,Sloan,71.5515,-28.647,True
835,C,835,DESI-071.9694-29.1854,DC,2.0,0,0.9,,0.552,0.059,L18,,20.81,19.46,18.4,DECaLS,Sloan,71.9694,-29.1854,True
836,C,836,DESI-072.0873-19.4173,DC,2.5,1,0.5,,1.021,0.061,L18,,23.38,21.4,19.22,DECaLS,Sloan,72.0873,-19.4173,True
837,C,837,DESI-072.1089-29.1347,DC,2.0,0,0.28,,0.341,0.059,L18,,20.89,19.35,18.56,DECaLS,Sloan,72.1089,-29.1347,True
838,C,838,DESI-072.1777-05.0516,DC,2.5,1,0.22,0.2951,,,L18,,19.83,18.25,17.42,DECaLS,Sloan,72.1777,-5.0516,True
839,C,839,DESI-072.8336-18.7814,DC,2.5,1,0.43,,0.601,0.032,L18,,22.14,20.4,19.04,DECaLS,Sloan,72.8336,-18.7814,True
840,C,840,DESI-072.8845-01.0118,DC,2.5,1,0.88,0.6166,,,L18,,21.28,20.23,19.11,DECaLS,Sloan,72.8845,-1.0118,True
841,C,841,DESI-072.9124-08.0276,DC,2.0,0,0.29,,0.72,0.07,shielded,,21.98,20.68,19.24,DECaLS,Sloan,72.9124,-8.0276,True
842,C,842,DESI-073.5270-24.5988,DC,2.0,0,0.72,,0.793,0.057,shielded,,22.77,21.39,19.78,DECaLS,Sloan,73.527,-24.5988,True
843,C,843,DESI-073.6913-29.8156,DC,2.0,0,0.22,,0.69,0.026,L18,,22.41,20.34,18.72,DECaLS,Sloan,73.6913,-29.8156,True
844,C,844,DESI-074.2036-00.8212,DC,2.5,1,0.49,0.6326,,,L18,,23.45,21.61,19.63,DECaLS,Sloan,74.2036,-0.8212,True
845,C,845,DESI-074.3280-04.4293,DC,2.0,0,1.0,0.7333,,,L18,,21.99,20.57,19.1,DECaLS,Sloan,74.328,-4.4293,True
846,C,846,DESI-074.4224-18.7934,DC,2.0,0,0.48,,0.671,0.03,shielded,,22.73,20.83,19.26,DECaLS,Sloan,74.4224,-18.7934,True
847,C,847,DESI-074.4853-23.1579,DC,2.0,0,0.34,,0.549,0.031,L18,,21.79,19.97,18.71,DECaLS,Sloan,74.4853,-23.1579,True
848,C,848,DESI-074.6542-27.1065,DC,2.0,0,0.52,,0.558,0.024,L18,,21.77,19.99,18.72,DECaLS,Sloan,74.6542,-27.1065,True
849,C,849,DESI-075.3911-03.2937,DC,2.0,0,0.25,,0.77,0.065,L18,,22.4,21.01,19.38,DECaLS,Sloan,75.3911,-3.2937,True
850,C,850,DESI-075.4100-18.6007,DC,2.0,0,0.58,,0.279,0.011,L18,,20.03,18.49,17.67,DECaLS,Sloan,75.41,-18.6007,True
851,C,851,DESI-075.5665-31.0876,DC,2.0,0,0.92,,0.765,0.023,L18,,22.73,20.66,18.87,DECaLS,Sloan,75.5665,-31.0876,True
852,C,852,DESI-075.9545-26.6809,REX,2.0,0,0.1,,0.65,0.05,L18,,21.22,20.12,19.13,DECaLS,Sloan,75.9545,-26.6809,True
853,C,853,DESI-076.3503-24.3444,DC,2.0,0,0.58,,0.781,0.101,shielded,,21.28,20.24,18.77,DECaLS,Sloan,76.3503,-24.3444,True
854,C,854,DESI-076.4074-36.0651,REX,2.5,1,0.54,,0.59,0.059,shielded,,20.92,19.86,18.93,DECaLS,Sloan,76.4074,-36.0651,True
855,C,855,DESI-076.7517-25.6907,REX,2.0,0,0.61,,0.624,0.03,shielded,,20.84,19.62,18.55,DECaLS,Sloan,76.7517,-25.6907,True
856,C,856,DESI-077.2638-21.5958,DC,2.5,1,0.35,,0.637,0.012,L18,,21.81,19.87,18.35,DECaLS,Sloan,77.2638,-21.5958,True
857,C,857,DESI-077.3886-30.6005,DC,2.0,0,0.77,,0.626,0.158,shielded,,21.16,20.3,19.42,DECaLS,Sloan,77.3886,-30.6005,True
858,C,858,DESI-077.6960-26.5395,DC,2.5,1,0.81,,0.726,0.054,L18,,22.39,20.95,19.52,DECaLS,Sloan,77.696,-26.5395,True
859,C,859,DESI-077.7769-51.1904,REX,2.5,1,0.32,,0.305,0.075,shielded,,20.93,19.21,18.12,DECaLS,Sloan,77.7769,-51.1904,True
860,C,860,DESI-078.4202-28.2351,DC,2.0,0,0.41,,0.713,0.045,L18,,21.78,20.36,18.92,DECaLS,Sloan,78.4202,-28.2351,True
861,C,861,DESI-079.4502-23.2598,DC,2.0,0,0.6,,0.521,0.05,L18,,21.48,19.91,18.77,DECaLS,Sloan,79.4502,-23.2598,True
862,C,862,DESI-079.7106-32.3011,DC,2.5,1,0.12,,0.545,0.01,L18,,21.14,19.28,18.05,DECaLS,Sloan,79.7106,-32.3011,True
863,C,863,DESI-080.2860-18.3170,DC,2.5,1,0.63,,0.803,0.034,L18,,23.38,21.57,19.72,DECaLS,Sloan,80.286,-18.317,True
864,C,864,DESI-080.6361-24.9674,DC,2.0,0,0.41,,0.525,0.012,L18,,21.07,19.13,17.91,DECaLS,Sloan,80.6361,-24.9674,True
865,C,865,DESI-080.6724-24.0688,DC,2.0,0,0.37,,0.446,0.012,L18,,21.06,19.17,18.14,DECaLS,Sloan,80.6724,-24.0688,True
866,C,866,DESI-080.9091-21.0160,DC,2.0,0,0.84,,0.758,0.014,L18,,22.96,20.93,19.09,DECaLS,Sloan,80.9091,-21.016,True
867,C,867,DESI-081.2511-26.2779,DC,2.0,0,0.97,,0.753,0.02,L18,,22.27,20.31,18.54,DECaLS,Sloan,81.2511,-26.2779,True
868,C,868,DESI-081.5917-27.3214,REX,2.5,1,0.21,,0.634,0.154,L18,,20.77,19.89,18.92,DECaLS,Sloan,81.5917,-27.3214,True
869,C,869,DESI-082.4980-19.9199,DC,2.5,1,0.55,,0.544,0.025,L18,,21.37,19.56,18.26,DECaLS,Sloan,82.498,-19.9199,True
870,C,870,DESI-083.1991-29.3017,REX,2.0,0,0.65,,0.675,0.027,L18,,21.38,20.3,19.28,DECaLS,Sloan,83.1991,-29.3017,True
871,C,871,DESI-083.4490-22.2658,DC,2.5,1,0.98,,0.731,0.016,L18,,22.36,20.34,18.6,DECaLS,Sloan,83.449,-22.2658,True
872,C,872,DESI-083.7580-31.1953,REX,2.0,0,0.74,,0.822,0.094,shielded,,21.97,21.1,19.71,DECaLS,Sloan,83.758,-31.1953,True
873,C,873,DESI-083.9416-27.0088,DC,2.5,1,1.0,,0.541,0.013,L18,,21.09,19.25,18.0,DECaLS,Sloan,83.9416,-27.0088,True
874,C,874,DESI-084.2051-21.8332,REX,2.0,0,0.93,,0.307,0.074,shielded,,20.68,19.64,18.8,DECaLS,Sloan,84.2051,-21.8332,True
875,C,875,DESI-084.7962-28.0211,DC,2.0,0,0.2,,0.994,0.027,L18,,23.78,21.81,19.61,DECaLS,Sloan,84.7962,-28.0211,True
876,C,876,DESI-085.5750-21.8217,DC,2.0,0,0.87,,0.549,0.029,L18,,21.24,19.46,18.26,DECaLS,Sloan,85.575,-21.8217,True
877,C,877,DESI-085.7339-31.4431,DC,2.5,1,0.92,,0.508,0.039,L18,,21.7,19.81,18.62,DECaLS,Sloan,85.7339,-31.4431,True
878,C,878,DESI-086.5017-24.7015,REX,2.0,0,0.98,,0.76,0.034,shielded,,22.13,20.96,19.68,DECaLS,Sloan,86.5017,-24.7015,True
879,C,879,DESI-086.5815-27.7223,DC,2.0,0,0.51,,0.83,0.054,L18,,21.82,20.48,18.87,DECaLS,Sloan,86.5815,-27.7223,True
880,C,880,DESI-086.8986-28.1308,DC,2.5,1,0.12,,0.348,0.014,L18,,19.91,18.15,17.23,DECaLS,Sloan,86.8986,-28.1308,True
881,C,881,DESI-087.1209-25.5251,DC,2.0,0,0.9,,0.319,0.028,L18,,20.2,18.67,17.84,DECaLS,Sloan,87.1209,-25.5251,True
882,C,882,DESI-087.2700-23.9175,DC,2.0,0,0.98,,0.514,0.04,L18,,21.8,19.96,18.84,DECaLS,Sloan,87.27,-23.9175,True
883,C,883,DESI-087.4139-30.4661,DC,2.5,1,0.74,,0.467,0.038,L18,,21.59,20.01,19.01,DECaLS,Sloan,87.4139,-30.4661,True
884,C,884,DESI-087.9078-25.1400,DC,2.5,1,1.0,,0.724,0.066,L18,,21.48,20.32,19.11,DECaLS,Sloan,87.9078,-25.14,True
885,C,885,DESI-088.3590-23.0945,REX,2.5,1,0.28,,0.567,0.299,shielded,,21.75,20.69,19.74,DECaLS,Sloan,88.359,-23.0945,True
886,C,886,DESI-088.5024-29.7013,DC,2.0,0,0.96,,0.603,0.026,L18,,22.71,20.79,19.4,DECaLS,Sloan,88.5024,-29.7013,True
887,C,887,DESI-088.6111-44.9258,REX,2.0,0,0.44,,0.339,0.063,shielded,,21.15,19.91,19.14,DECaLS,Sloan,88.6111,-44.9258,True
888,C,888,DESI-089.5700-30.9485,DC,2.5,1,0.72,,0.711,0.046,L18,,22.95,21.21,19.6,DECaLS,Sloan,89.57,-30.9485,True
889,C,889,DESI-089.6163-27.0385,REX,2.0,0,0.98,,0.727,0.044,shielded,,21.58,20.28,18.93,DECaLS,Sloan,89.6163,-27.0385,True
890,C,890,DESI-090.4566-39.9871,REX,2.0,0,0.8,,0.464,0.026,shielded,,22.5,20.66,19.64,DECaLS,Sloan,90.4566,-39.9871,True
891,C,891,DESI-095.7736+58.8572,DC,2.5,1,0.98,,0.61,0.029,L18,,22.01,20.23,18.76,MzLS,Sloan,95.7736,58.8572,True
892,C,892,DESI-103.0258+33.1167,DC,2.5,1,0.24,,0.264,0.029,L18,,19.12,17.65,16.75,MzLS,Sloan,103.0258,33.1167,True
893,C,893,DESI-104.3289+45.1488,DC,2.0,0,0.26,,0.274,0.189,L18,,22.03,21.03,19.93,MzLS,Sloan,104.3289,45.1488,True
894,C,894,DESI-104.3594+32.5562,DC,2.0,0,0.64,,0.556,0.023,L18,,20.89,19.44,18.27,MzLS,Sloan,104.3594,32.5562,True
895,C,895,DESI-106.9992+50.2149,DC,2.0,0,0.17,,0.629,0.027,L18,,22.68,20.78,19.24,MzLS,Sloan,106.9992,50.2149,True
896,C,896,DESI-107.9747+28.3465,DC,2.0,0,0.91,,0.697,0.095,L18,,21.34,20.06,18.7,DECaLS,Sloan,107.9747,28.3465,True
897,C,897,DESI-109.4348+42.7031,DC,2.5,1,0.17,,0.227,0.014,L18,,18.54,17.05,16.11,MzLS,Sloan,109.4348,42.7031,True
898,C,898,DESI-112.0041+47.9631,DC,2.0,0,0.17,,0.703,0.039,L18,,23.3,21.53,19.84,MzLS,Sloan,112.0041,47.9631,True
899,C,899,DESI-112.0551+31.6799,DC,2.0,0,0.63,0.6745,,,L18,,21.3,19.93,18.61,DECaLS,Sloan,112.0551,31.6799,True
900,C,900,DESI-112.1758+38.2037,DC,2.0,0,0.55,0.5956,,,L18,,23.43,21.21,19.74,MzLS,Sloan,112.1758,38.2037,True
901,C,901,DESI-112.6173+38.3732,DC,2.0,0,0.81,0.5263,,,L18,,20.8,19.16,18.1,MzLS,Sloan,112.6173,38.3732,True
902,C,902,DESI-113.2568+51.5755,DC,2.0,0,0.93,,0.36,0.042,L18,,20.04,18.49,17.54,MzLS,Sloan,113.2568,51.5755,True
903,C,903,DESI-113.5048+34.7261,REX,2.0,0,0.16,0.6162,,,shielded,,21.28,20.08,19.22,MzLS,Sloan,113.5048,34.7261,True
904,C,904,DESI-114.0195+21.3041,DC,2.0,0,0.97,0.4533,,,L18,,19.83,18.11,17.08,DECaLS,Sloan,114.0195,21.3041,True
905,C,905,DESI-115.4473+34.9407,DC,2.0,0,1.0,0.5287,,,L18,,21.51,20.24,18.75,MzLS,Sloan,115.4473,34.9407,True
906,C,906,DESI-116.4388+09.6096,DC,2.5,1,0.39,0.5022,,,L18,,21.72,20.15,19.14,DECaLS,Sloan,116.4388,9.6096,True
907,C,907,DESI-117.2449+53.7774,DC,2.0,0,0.8,,0.601,0.043,L18,,20.95,19.62,18.4,MzLS,Sloan,117.2449,53.7774,True
908,C,908,DESI-117.7803+11.1984,DC,2.0,0,0.24,0.3592,,,L18,,20.11,18.46,17.56,DECaLS,Sloan,117.7803,11.1984,True
909,C,909,DESI-118.2474+52.6265,DC,2.0,0,0.13,0.8186,,,L18,,22.14,20.81,19.14,MzLS,Sloan,118.2474,52.6265,True
910,C,910,DESI-118.3583+10.5130,DC,2.0,0,0.6,0.5655,,,L18,,21.3,20.19,19.07,DECaLS,Sloan,118.3583,10.513,True
911,C,911,DESI-118.4567+25.8080,DC,2.0,0,0.33,0.5024,,,L18,,22.21,20.44,19.12,DECaLS,Sloan,118.4567,25.808,True
912,C,912,DESI-118.7209+31.4647,REX,2.5,1,0.29,0.6156,,,L18,,21.97,20.29,19.04,DECaLS,Sloan,118.7209,31.4647,True
913,C,913,DESI-118.7654+12.3763,DC,2.0,0,0.97,0.6674,,,L18,,21.77,20.44,18.91,DECaLS,Sloan,118.7654,12.3763,True
914,C,914,DESI-119.0587+30.2350,DC,2.5,1,1.0,0.3813,,,L18,,21.22,19.39,18.38,DECaLS,Sloan,119.0587,30.235,True
915,C,915,DESI-119.3016+24.1528,DC,2.5,1,0.12,0.5161,,,L18,,20.27,18.52,17.26,DECaLS,Sloan,119.3016,24.1528,True
916,C,916,DESI-119.5865+12.3470,DC,2.5,1,0.4,0.5794,,,L18,,21.09,19.66,18.29,DECaLS,Sloan,119.5865,12.347,True
917,C,917,DESI-120.0515+43.4978,DC,2.5,1,0.55,,0.989,0.086,L18,,23.33,21.87,19.95,MzLS,Sloan,120.0515,43.4978,True
918,C,918,DESI-120.3991+54.8115,DC,2.5,1,1.0,0.5286,,,L18,,20.76,19.14,17.83,MzLS,Sloan,120.3991,54.8115,True
919,C,919,DESI-120.8544+37.7610,DC,2.0,0,0.27,0.7049,,,L18,,22.05,20.66,19.28,MzLS,Sloan,120.8544,37.761,True
920,C,920,DESI-121.6990+77.2344,DC,2.5,1,0.94,,0.738,0.139,L18,,25.4,21.43,19.7,MzLS,Sloan,121.699,77.2344,True
921,C,921,DESI-122.5113+33.7794,DC,2.5,1,1.0,0.3136,,,L18,,21.55,19.92,18.87,MzLS,Sloan,122.5113,33.7794,True
922,C,922,DESI-122.5445-01.9522,DC,2.0,2,0.6,0.6349,,,L18,,22.83,21.16,19.06,DECaLS,Sloan,122.5445,-1.9522,True
923,C,923,DESI-122.8280+00.5908,DC,2.5,1,0.91,0.3799,,,L18,,19.6,17.89,16.98,DECaLS,Sloan,122.828,0.5908,True
924,C,924,DESI-122.8819+41.6140,DC,2.0,0,0.59,0.2815,,,L18,,19.94,18.48,17.51,MzLS,Sloan,122.8819,41.614,True
925,C,925,DESI-123.5420+11.5365,REX,2.0,0,0.38,0.1198,,,L18,,18.41,17.85,17.34,DECaLS,Sloan,123.542,11.5365,True
926,C,926,DESI-123.6121+27.3335,DC,2.0,0,0.98,0.3383,,,L18,,19.32,17.86,17.05,DECaLS,Sloan,123.6121,27.3335,True
927,C,927,DESI-124.3100+74.1113,DC,2.0,0,0.88,,0.859,0.072,L18,,21.48,20.61,18.89,MzLS,Sloan,124.31,74.1113,True
928,C,928,DESI-124.8181+31.4990,DC,2.0,0,1.0,0.5819,,,L18,,21.18,19.35,17.91,DECaLS,Sloan,124.8181,31.499,True
929,C,929,DESI-124.9193+19.2529,DC,2.0,0,0.78,0.606,,,L18,,20.7,19.38,17.93,DECaLS,Sloan,124.9193,19.2529,True
930,C,930,DESI-125.3638+69.4352,REX,2.0,0,0.11,,0.349,0.042,shielded,,22.13,20.44,19.5,MzLS,Sloan,125.3638,69.4352,True
931,C,931,DESI-125.6310+75.0251,DC,2.0,0,0.12,,0.366,0.027,L18,,20.62,19.0,18.1,MzLS,Sloan,125.631,75.0251,True
932,C,932,DESI-125.9350+04.6293,DC,2.0,0,0.1,0.6567,,,L18,,23.46,21.36,19.39,DECaLS,Sloan,125.935,4.6293,True
933,C,933,DESI-126.0500+04.7936,DC,2.5,1,0.93,0.3896,,,L18,,21.69,20.53,19.2,DECaLS,Sloan,126.05,4.7936,True
934,C,934,DESI-128.1456+11.5864,DC,2.0,0,0.97,0.6133,,,L18,,21.56,20.29,18.67,DECaLS,Sloan,128.1456,11.5864,True
935,C,935,DESI-129.9505+30.6284,DC,2.5,1,0.35,0.6653,,,L18,,22.69,20.87,19.07,DECaLS,Sloan,129.9505,30.6284,True
936,C,936,DESI-130.0214+11.8118,DC,2.5,1,0.43,0.4064,,,L18,,21.77,19.95,18.89,DECaLS,Sloan,130.0214,11.8118,True
937,C,937,DESI-130.5312+27.2618,DC,2.0,0,0.16,0.4179,,,L18,,21.23,19.36,18.19,DECaLS,Sloan,130.5312,27.2618,True
938,C,938,DESI-130.6033+10.4171,REX,2.0,0,0.45,0.4848,,,shielded,,21.43,20.04,19.04,DECaLS,Sloan,130.6033,10.4171,True
939,C,939,DESI-131.5647+51.9315,DC,2.5,1,0.1,,0.646,0.163,L18,,22.6,20.83,19.14,MzLS,Sloan,131.5647,51.9315,True
940,C,940,DESI-131.9068+13.5143,DC,2.0,0,0.9,0.4707,,,L18,,20.78,18.85,17.7,DECaLS,Sloan,131.9068,13.5143,True
941,C,941,DESI-132.2802+22.0446,DC,2.0,0,0.86,0.2895,,,L18,,19.78,18.09,17.1,DECaLS,Sloan,132.2802,22.0446,True
942,C,942,DESI-132.8111+24.4868,DC,2.0,0,0.4,0.6765,,,L18,,22.54,21.18,19.69,DECaLS,Sloan,132.8111,24.4868,True
943,C,943,DESI-133.1155+26.4614,DC,2.0,0,0.49,0.5363,,,L18,,21.37,20.02,18.72,DECaLS,Sloan,133.1155,26.4614,True
944,C,944,DESI-134.3978+21.5059,REX,2.0,0,0.12,0.2608,,,shielded,,19.15,17.86,16.98,DECaLS,Sloan,134.3978,21.5059,True
945,C,945,DESI-134.8207+06.2549,DC,2.5,1,1.0,0.2479,,,L18,,21.82,20.43,19.22,DECaLS,Sloan,134.8207,6.2549,True
946,C,946,DESI-136.0956+45.0733,DC,2.5,1,0.99,0.2974,,,L18,,19.32,17.69,16.82,MzLS,Sloan,136.0956,45.0733,True
947,C,947,DESI-136.8675+42.5504,REX,2.5,1,0.95,0.2413,,,shielded,a,19.69,18.57,17.5,MzLS,Sloan,136.8675,42.5504,True
948,C,948,DESI-137.0261+01.3321,DC,2.5,1,0.3,0.6752,,,L18,e,22.07,20.06,18.47,DECaLS,Sloan,137.0261,1.3321,True
949,C,949,DESI-137.1509+54.2055,DC,2.0,0,0.99,,0.715,0.076,L18,,22.66,21.16,19.68,MzLS,Sloan,137.1509,54.2055,True
950,C,950,DESI-137.4500+07.3521,DC,2.5,1,1.0,0.6459,,,L18,,21.74,19.85,18.27,DECaLS,Sloan,137.45,7.3521,True
951,C,951,DESI-137.9498+28.4536,DC,2.5,1,1.0,0.5653,,,L18,,22.42,20.67,18.94,DECaLS,Sloan,137.9498,28.4536,True
952,C,952,DESI-138.5115+16.5394,DC,2.0,0,0.12,0.8691,,,L18,,21.82,20.31,18.83,DECaLS,Sloan,138.5115,16.5394,True
953,C,953,DESI-139.3411+62.4459,DC,2.5,1,0.47,0.406,,,L18,,22.07,20.22,18.97,MzLS,Sloan,139.3411,62.4459,True
954,C,954,DESI-139.4885+64.4473,DC,2.0,0,0.91,0.5243,,,L18,,21.87,19.96,18.67,MzLS,Sloan,139.4885,64.4473,True
955,C,955,DESI-140.1299+02.7830,DC,2.0,0,0.2,0.2527,,,L18,e,19.85,18.29,17.4,DECaLS,Sloan,140.1299,2.783,True
956,C,956,DESI-141.5275+07.8090,DC,2.0,0,0.96,0.5715,,,L18,,22.25,20.4,18.96,DECaLS,Sloan,141.5275,7.809,True
957,C,957,DESI-141.8108+73.2823,DC,2.0,0,0.22,,0.392,0.032,L18,,20.79,19.12,18.27,MzLS,Sloan,141.8108,73.2823,True
958,C,958,DESI-142.7762+17.7152,REX,2.0,0,0.14,0.5243,,,shielded,,21.22,20.04,18.99,DECaLS,Sloan,142.7762,17.7152,True
959,C,959,DESI-143.7713+18.2787,DC,2.0,0,0.19,,0.921,0.073,L18,,23.61,21.62,19.58,DECaLS,Sloan,143.7713,18.2787,True
960,C,960,DESI-144.0261+12.8391,DC,2.0,0,0.68,0.2845,,,shielded,,20.63,19.48,18.74,DECaLS,Sloan,144.0261,12.8391,True
961,C,961,DESI-144.7849+00.6228,DC,2.0,0,0.14,0.4395,,,L18,,21.87,20.68,18.96,DECaLS,Sloan,144.7849,0.6228,True
962,C,962,DESI-145.1485+13.1356,DC,2.5,1,0.82,0.4702,,,L18,,21.74,20.22,19.2,DECaLS,Sloan,145.1485,13.1356,True
963,C,963,DESI-145.2603+38.7152,REX,2.5,1,0.91,0.6208,,,L18,,21.37,20.43,19.36,MzLS,Sloan,145.2603,38.7152,True
964,C,964,DESI-146.0028-01.8290,DC,2.0,0,0.32,0.5804,,,L18,m,22.65,20.86,19.12,DECaLS,Sloan,146.0028,-1.829,True
965,C,965,DESI-146.0983-08.1021,DC,2.0,0,0.94,,0.989,0.089,L18,,22.48,21.54,19.76,DECaLS,Sloan,146.0983,-8.1021,True
966,C,966,DESI-146.2199+40.2997,DC,2.5,1,0.99,0.4601,,,L18,,21.34,19.53,18.34,MzLS,Sloan,146.2199,40.2997,True
967,C,967,DESI-146.5442+13.9284,DC,2.0,0,0.8,0.504,,,L18,,21.56,20.3,19.57,DECaLS,Sloan,146.5442,13.9284,True
968,C,968,DESI-146.6840+19.4528,DC,2.5,1,0.1,0.4963,,,L18,,22.06,20.35,18.94,DECaLS,Sloan,146.684,19.4528,True
969,C,969,DESI-147.1576-02.5598,REX,2.5,1,1.0,0.6511,,,shielded,a,21.29,20.14,18.77,DECaLS,Sloan,147.1576,-2.5598,True
970,C,970,DESI-148.2095+10.7169,DC,2.0,0,0.79,0.375,,,L18,,21.11,19.65,18.76,DECaLS,Sloan,148.2095,10.7169,True
971,C,971,DESI-148.3840+10.5475,DC,2.0,0,0.11,0.3446,,,L18,,20.25,18.56,17.66,DECaLS,Sloan,148.384,10.5475,True
972,C,972,DESI-150.2941+46.1759,DC,2.0,0,0.11,0.6315,,,L18,,22.91,21.32,19.85,MzLS,Sloan,150.2941,46.1759,True
973,C,973,DESI-150.5233+15.3083,DC,2.0,0,0.94,0.5493,,,L18,,21.34,19.4,17.97,DECaLS,Sloan,150.5233,15.3083,True
974,C,974,DESI-151.2523+10.4499,DC,2.0,0,0.58,0.6799,,,L18,,21.06,19.42,18.14,DECaLS,Sloan,151.2523,10.4499,True
975,C,975,DESI-151.4072+67.5076,DC,2.0,0,0.63,,0.431,0.017,shielded,,20.84,19.04,17.97,MzLS,Sloan,151.4072,67.5076,True
976,C,976,DESI-151.8455-05.3863,DC,2.0,0,0.25,,0.743,0.089,L18,,23.14,21.56,19.99,DECaLS,Sloan,151.8455,-5.3863,True
977,C,977,DESI-152.2710+43.7279,DC,2.0,0,0.98,0.5751,,,L18,,22.32,20.43,18.93,MzLS,Sloan,152.271,43.7279,True
978,C,978,DESI-152.3889-05.6017,DC,2.5,1,1.0,,0.425,0.057,L18,,20.11,18.57,17.59,DECaLS,Sloan,152.3889,-5.6017,True
979,C,979,DESI-153.0776+44.3831,DC,2.5,1,0.84,0.4569,,,shielded,,20.51,18.77,17.65,MzLS,Sloan,153.0776,44.3831,True
980,C,980,DESI-153.2654+10.1926,REX,2.0,0,0.7,0.4228,,,shielded,a,21.31,19.54,18.38,DECaLS,Sloan,153.2654,10.1926,True
981,C,981,DESI-154.5759+74.5812,DC,2.0,0,0.94,,0.772,0.04,L18,,22.38,20.9,19.2,MzLS,Sloan,154.5759,74.5812,True
982,C,982,DESI-155.2571+53.8914,DC,2.5,1,0.51,0.6023,,,L18,,21.75,19.97,18.6,MzLS,Sloan,155.2571,53.8914,True
983,C,983,DESI-157.8915+18.5814,DC,2.5,1,0.98,0.5702,,,L18,,21.26,19.61,18.38,DECaLS,Sloan,157.8915,18.5814,True
984,C,984,DESI-157.9520+43.7158,DC,2.0,0,1.0,0.4414,,,L18,a,19.74,18.55,17.76,MzLS,Sloan,157.952,43.7158,True
985,C,985,DESI-158.0901+31.8835,DC,2.0,0,0.56,0.3334,,,L18,,19.61,18.04,17.18,DECaLS,Sloan,158.0901,31.8835,True
986,C,986,DESI-158.1287+46.3340,DC,2.5,1,0.62,0.6389,,,L18,,23.36,21.16,19.12,MzLS,Sloan,158.1287,46.334,True
987,C,987,DESI-158.1868+08.6779,DC,2.0,0,0.11,0.693,,,L18,,22.45,20.76,19.22,DECaLS,Sloan,158.1868,8.6779,True
988,C,988,DESI-158.2260+39.8507,DC,2.5,1,0.11,0.4079,,,L18,,20.57,18.61,17.63,MzLS,Sloan,158.226,39.8507,True
989,C,989,DESI-159.1096+12.9958,REX,2.0,0,0.4,0.3015,,,shielded,,21.11,20.17,19.45,DECaLS,Sloan,159.1096,12.9958,True
990,C,990,DESI-160.0017+56.5219,REX,2.0,0,0.16,0.2363,,,shielded,,20.37,19.5,18.78,MzLS,Sloan,160.0017,56.5219,True
991,C,991,DESI-160.0232+01.9838,DC,2.0,0,0.81,0.3753,,,L18,g,20.02,18.25,17.3,DECaLS,Sloan,160.0232,1.9838,True
992,C,992,DESI-160.1817+44.8942,DC,2.0,0,0.53,0.5807,,,shielded,,21.88,20.15,18.72,MzLS,Sloan,160.1817,44.8942,True
993,C,993,DESI-160.5973+00.2559,DC,2.5,1,0.91,0.5598,,,L18,,21.03,19.67,18.53,DECaLS,Sloan,160.5973,0.2559,True
994,C,994,DESI-160.6171+32.9365,DC,2.5,1,0.45,0.5335,,,L18,,20.01,18.23,17.02,MzLS,Sloan,160.6171,32.9365,True
995,C,995,DESI-160.7046+62.6611,DC,2.0,0,0.99,0.3573,,,L18,,19.82,18.33,17.43,MzLS,Sloan,160.7046,62.6611,True
996,C,996,DESI-160.7978+37.3601,DC,2.0,0,0.93,0.5615,,,L18,,21.46,19.69,18.34,MzLS,Sloan,160.7978,37.3601,True
997,C,997,DESI-161.5784+46.2302,DC,2.0,0,0.21,0.5755,,,L18,,22.73,20.96,19.34,MzLS,Sloan,161.5784,46.2302,True
998,C,998,DESI-161.8519-03.2118,REX,2.0,0,0.14,0.3404,,,shielded,,22.47,20.76,19.88,DECaLS,Sloan,161.8519,-3.2118,True
999,C,999,DESI-161.8653+23.9568,DC,2.5,1,1.0,0.5448,,,L18,,20.88,19.4,18.24,DECaLS,Sloan,161.8653,23.9568,True
1000,C,1000,DESI-162.0174+31.6472,DC,2.5,1,1.0,0.5825,,,L18,,22.78,20.99,19.24,DECaLS,Sloan,162.0174,31.6472,True
1001,C,1001,DESI-162.5961+20.0916,REX,2.5,1,0.73,0.4948,,,shielded,,20.1,19.01,17.83,DECaLS,Sloan,162.5961,20.0916,True
1002,C,1002,DESI-162.7849-07.1816,DC,2.5,1,0.26,,0.327,0.038,L18,,20.13,18.74,17.91,DECaLS,Sloan,162.7849,-7.1816,True
1003,C,1003,DESI-163.3484+09.6864,REX,2.0,0,0.34,0.5301,,,shielded,,21.94,20.53,19.21,DECaLS,Sloan,163.3484,9.6864,True
1004,C,1004,DESI-163.5448+05.8739,DC,2.0,0,0.31,0.4434,,,L18,,20.69,18.89,17.87,DECaLS,Sloan,163.5448,5.8739,True
1005,C,1005,DESI-163.7019+27.5697,DC,2.5,1,1.0,0.527,,,L18,,20.33,18.55,17.33,DECaLS,Sloan,163.7019,27.5697,True
1006,C,1006,DESI-164.0099+22.8302,REX,2.0,0,0.13,0.5996,,,shielded,,23.13,21.18,19.67,DECaLS,Sloan,164.0099,22.8302,True
1007,C,1007,DESI-164.1866+16.3070,DC,2.5,1,1.0,0.2531,,,L18,,19.03,17.54,16.73,DECaLS,Sloan,164.1866,16.307,True
1008,C,1008,DESI-164.3198-08.2676,DC,2.5,1,1.0,,0.335,0.024,L18,,19.43,17.87,17.01,DECaLS,Sloan,164.3198,-8.2676,True
1009,C,1009,DESI-165.0321+10.9706,REX,2.0,0,0.23,0.6193,,,shielded,,21.24,20.06,18.96,DECaLS,Sloan,165.0321,10.9706,True
1010,C,1010,DESI-165.1459+23.2635,DC,2.0,0,0.15,0.4366,,,L18,,19.72,17.93,17.03,DECaLS,Sloan,165.1459,23.2635,True
1011,C,1011,DESI-165.2130-00.8810,REX,2.0,0,0.81,0.4508,,,shielded,,22.56,20.67,19.64,DECaLS,Sloan,165.213,-0.881,True
1012,C,1012,DESI-165.2322+64.9414,DC,2.0,0,0.41,,0.567,0.033,L18,,22.97,21.0,19.65,MzLS,Sloan,165.2322,64.9414,True
1013,C,1013,DESI-165.2764+20.4527,DC,2.0,2,0.51,0.291,,,L18,,21.62,20.05,18.78,DECaLS,Sloan,165.2764,20.4527,True
1014,C,1014,DESI-165.4754-06.0423,DC,2.5,1,1.0,,0.402,0.069,L18,,19.95,18.41,17.38,DECaLS,Sloan,165.4754,-6.0423,True
1015,C,1015,DESI-165.7828-00.6598,DC,2.5,1,0.18,0.4963,,,L18,,22.93,21.19,19.32,DECaLS,Sloan,165.7828,-0.6598,True
1016,C,1016,DESI-166.7196+07.6232,DC,2.0,0,0.14,0.2991,,,L18,,23.74,21.96,19.57,DECaLS,Sloan,166.7196,7.6232,True
1017,C,1017,DESI-167.2393+37.8604,DC,2.0,0,0.94,0.2053,,,L18,,18.75,17.38,16.61,MzLS,Sloan,167.2393,37.8604,True
1018,C,1018,DESI-167.7733+26.7798,DC,2.0,0,0.51,0.2765,,,L18,,20.32,18.7,17.86,DECaLS,Sloan,167.7733,26.7798,True
1019,C,1019,DESI-168.5731+08.7634,REX,2.0,0,0.83,0.7123,,,shielded,,21.83,20.9,19.77,DECaLS,Sloan,168.5731,8.7634,True
1020,C,1020,DESI-168.9620+57.8315,DC,2.0,0,1.0,0.4893,,,L18,,21.26,19.45,18.3,MzLS,Sloan,168.962,57.8315,True
1021,C,1021,DESI-169.1444+19.0986,DC,2.0,0,0.13,0.5931,,,L18,,22.08,20.74,19.33,DECaLS,Sloan,169.1444,19.0986,True
1022,C,1022,DESI-169.6106-03.6275,REX,2.5,1,0.66,0.3945,,,shielded,,19.9,18.61,17.69,DECaLS,Sloan,169.6106,-3.6275,True
1023,C,1023,DESI-170.4254+36.9636,DC,2.5,1,0.93,0.5815,,,L18,,19.75,18.9,18.14,MzLS,Sloan,170.4254,36.9636,True
1024,C,1024,DESI-170.8944+12.5591,DC,2.0,0,1.0,0.5305,,,L18,,22.29,20.71,19.25,DECaLS,Sloan,170.8944,12.5591,True
1025,C,1025,DESI-171.1047+71.1948,DC,2.0,0,0.27,,0.754,0.037,L18,,21.68,20.13,18.29,MzLS,Sloan,171.1047,71.1948,True
1026,C,1026,DESI-172.4891+32.1637,DC,2.0,0,0.3,0.5193,,,shielded,,23.22,21.45,19.73,MzLS,Sloan,172.4891,32.1637,True
1027,C,1027,DESI-172.6002+05.7333,DC,2.0,0,0.64,0.2636,,,L18,,20.5,19.25,18.38,DECaLS,Sloan,172.6002,5.7333,True
1028,C,1028,DESI-172.6730+11.3081,DC,2.0,0,0.24,0.6632,,,L18,,22.21,20.75,19.18,DECaLS,Sloan,172.673,11.3081,True
1029,C,1029,DESI-173.5198+09.5846,DC,2.5,1,1.0,,0.638,0.069,L18,,22.61,21.07,19.77,DECaLS,Sloan,173.5198,9.5846,True
1030,C,1030,DESI-173.5474+17.0433,DC,2.5,1,0.57,0.6664,,,L18,,20.72,19.6,18.41,DECaLS,Sloan,173.5474,17.0433,True
1031,C,1031,DESI-174.0108+52.2363,REX,2.0,0,0.18,0.5404,,,L18,a,21.11,19.91,18.97,MzLS,Sloan,174.0108,52.2363,True
1032,C,1032,DESI-174.1285+21.7754,DC,2.0,0,0.98,0.4636,,,L18,,21.58,20.0,18.97,DECaLS,Sloan,174.1285,21.7754,True
1033,C,1033,DESI-174.2820+14.7811,DC,2.5,1,1.0,0.5951,,,L18,,22.06,20.34,18.8,DECaLS,Sloan,174.282,14.7811,True
1034,C,1034,DESI-174.4592+46.6094,DC,2.0,0,0.25,0.3134,,,L18,,19.16,17.51,16.64,MzLS,Sloan,174.4592,46.6094,True
1035,C,1035,DESI-174.8727-02.3072,DC,2.5,1,0.99,0.519,,,L18,e,22.58,20.64,18.94,DECaLS,Sloan,174.8727,-2.3072,True
1036,C,1036,DESI-175.1662+14.3254,REX,2.0,2,0.61,0.3711,,,L18,,20.31,18.97,18.15,DECaLS,Sloan,175.1662,14.3254,True
1037,C,1037,DESI-175.1752-00.7266,DC,2.5,1,1.0,0.616,,,L18,,21.5,20.45,19.15,DECaLS,Sloan,175.1752,-0.7266,True
1038,C,1038,DESI-175.7321+43.1339,DC,2.0,0,0.91,0.4782,,,L18,,20.17,18.31,17.09,MzLS,Sloan,175.7321,43.1339,True
1039,C,1039,DESI-175.7329+22.2232,REX,2.0,0,0.74,0.69,,,shielded,,21.47,20.84,19.73,DECaLS,Sloan,175.7329,22.2232,True
1040,C,1040,DESI-176.6400-06.1812,DC,2.5,1,0.99,,0.386,0.028,L18,,19.65,17.87,16.95,DECaLS,Sloan,176.64,-6.1812,True
1041,C,1041,DESI-176.9273+67.7222,DC,2.0,0,0.94,0.599,,,L18,,21.68,20.2,18.73,MzLS,Sloan,176.9273,67.7222,True
1042,C,1042,DESI-176.9311+26.1644,DC,2.0,0,0.82,0.6131,,,L18,a,21.84,19.96,18.69,DECaLS,Sloan,176.9311,26.1644,True
1043,C,1043,DESI-177.0183+29.4844,DC,2.5,1,0.96,0.5151,,,L18,,21.94,20.92,19.37,DECaLS,Sloan,177.0183,29.4844,True
1044,C,1044,DESI-177.0319+29.0869,DC,2.5,1,1.0,0.6224,,,L18,,21.98,20.05,18.37,DECaLS,Sloan,177.0319,29.0869,True
1045,C,1045,DESI-178.5091+14.0868,DC,2.5,1,0.7,0.741,,,L18,,22.72,20.83,19.26,DECaLS,Sloan,178.5091,14.0868,True
1046,C,1046,DESI-178.7212+21.4151,DC,2.0,0,0.99,0.5466,,,L18,,21.18,19.48,18.07,DECaLS,Sloan,178.7212,21.4151,True
1047,C,1047,DESI-179.4811+22.9115,REX,2.0,0,0.36,0.7805,,,L18,,20.89,20.21,19.22,DECaLS,Sloan,179.4811,22.9115,True
1048,C,1048,DESI-181.0043+47.5381,DC,2.0,0,1.0,0.4861,,,L18,,20.98,19.35,18.31,MzLS,Sloan,181.0043,47.5381,True
1049,C,1049,DESI-181.3975+41.1790,DC,2.0,0,1.0,0.4764,,,L18,,21.49,20.03,18.54,MzLS,Sloan,181.3975,41.179,True
1050,C,1050,DESI-182.5596+28.7243,REX,2.5,1,1.0,0.296,,,shielded,a,21.84,20.23,19.42,DECaLS,Sloan,182.5596,28.7243,True
1051,C,1051,DESI-182.7337-02.2276,DC,2.0,0,0.66,0.5326,,,L18,,22.05,20.82,19.81,DECaLS,Sloan,182.7337,-2.2276,True
1052,C,1052,DESI-183.0990-01.5510,DC,2.5,1,0.7,0.4034,,,L18,e,21.37,19.53,18.52,DECaLS,Sloan,183.099,-1.551,True
1053,C,1053,DESI-183.1167-08.5941,DC,2.0,0,0.63,,0.212,0.012,shielded,,19.54,18.26,17.49,DECaLS,Sloan,183.1167,-8.5941,True
1054,C,1054,DESI-184.4375+31.5263,DC,2.0,0,1.0,0.6967,,,L18,,22.18,20.47,18.9,DECaLS,Sloan,184.4375,31.5263,True
1055,C,1055,DESI-185.2581+21.8900,DC,2.0,0,0.41,0.5735,,,L18,,20.6,18.76,17.43,DECaLS,Sloan,185.2581,21.89,True
1056,C,1056,DESI-185.6190+23.9709,DC,2.0,0,0.8,0.5869,,,L18,,21.45,20.13,18.87,DECaLS,Sloan,185.619,23.9709,True
1057,C,1057,DESI-185.6850+70.6065,DC,2.0,0,0.64,,0.568,0.035,L18,,20.74,19.39,18.26,MzLS,Sloan,185.685,70.6065,True
1058,C,1058,DESI-185.9848+19.7177,DC,2.0,0,0.45,0.4966,,,shielded,,21.28,20.27,19.11,DECaLS,Sloan,185.9848,19.7177,True
1059,C,1059,DESI-186.0916+02.2030,DC,2.0,0,0.47,0.3481,,,L18,,19.92,18.07,17.05,DECaLS,Sloan,186.0916,2.203,True
1060,C,1060,DESI-186.4028-07.4188,DC,2.0,0,0.38,0.3685,,,L18,,21.08,19.44,18.53,DECaLS,Sloan,186.4028,-7.4188,True
1061,C,1061,DESI-187.1282+09.6881,REX,2.0,0,0.16,0.7398,,,shielded,,21.03,20.14,19.07,DECaLS,Sloan,187.1282,9.6881,True
1062,C,1062,DESI-189.2482+25.3442,DC,2.5,1,0.48,0.6128,,,L18,,21.21,19.31,17.82,DECaLS,Sloan,189.2482,25.3442,True
1063,C,1063,DESI-190.4855+03.7332,DC,2.0,0,0.52,0.3586,,,L18,,18.8,16.97,16.04,DECaLS,Sloan,190.4855,3.7332,True
1064,C,1064,DESI-190.5769+27.8629,DC,2.0,0,0.93,0.5112,,,L18,,21.26,19.44,18.08,DECaLS,Sloan,190.5769,27.8629,True
1065,C,1065,DESI-190.5981+31.4848,DC,2.0,0,0.16,0.242,,,L18,,19.3,17.95,17.19,DECaLS,Sloan,190.5981,31.4848,True
1066,C,1066,DESI-191.8527+36.7353,DC,2.5,1,0.98,0.6986,,,L18,a,21.99,20.17,18.74,MzLS,Sloan,191.8527,36.7353,True
1067,C,1067,DESI-192.8317-01.2219,REX,2.0,0,0.94,0.2631,,,L18,,22.11,20.37,18.75,DECaLS,Sloan,192.8317,-1.2219,True
1068,C,1068,DESI-193.6682+18.9533,REX,2.5,1,0.81,0.6412,,,shielded,,21.75,20.33,19.14,DECaLS,Sloan,193.6682,18.9533,True
1069,C,1069,DESI-194.1102+04.6703,DC,2.5,1,0.28,0.2292,,,L18,,18.05,16.62,15.83,DECaLS,Sloan,194.1102,4.6703,True
1070,C,1070,DESI-195.4842+11.1801,DC,2.0,0,0.3,0.6066,,,L18,,22.4,20.55,18.98,DECaLS,Sloan,195.4842,11.1801,True
1071,C,1071,DESI-196.3635+26.7520,DC,2.0,0,0.17,0.3611,,,L18,,19.69,17.99,17.11,DECaLS,Sloan,196.3635,26.752,True
1072,C,1072,DESI-196.6232-05.6670,DC,2.5,1,0.36,,0.405,0.011,L18,,20.34,18.43,17.45,DECaLS,Sloan,196.6232,-5.667,True
1073,C,1073,DESI-196.8233+23.1565,DC,2.5,1,1.0,0.3819,,,L18,,20.39,18.92,17.96,DECaLS,Sloan,196.8233,23.1565,True
1074,C,1074,DESI-198.2028+30.6423,DC,2.0,0,0.27,0.5037,,,L18,,21.34,19.84,18.59,DECaLS,Sloan,198.2028,30.6423,True
1075,C,1075,DESI-198.4925+31.0493,REX,2.0,0,0.18,0.3212,,,shielded,,22.29,20.54,19.63,DECaLS,Sloan,198.4925,31.0493,True
1076,C,1076,DESI-199.9412+01.5311,DC,2.5,1,0.91,0.5803,,,L18,,22.44,20.64,19.03,DECaLS,Sloan,199.9412,1.5311,True
1077,C,1077,DESI-200.5670+04.3460,DC,2.5,1,0.51,0.4027,,,L18,,20.81,19.34,18.3,DECaLS,Sloan,200.567,4.346,True
1078,C,1078,DESI-200.7983+38.2180,DC,2.0,0,0.12,0.5085,,,L18,,21.65,19.86,18.79,MzLS,Sloan,200.7983,38.218,True
1079,C,1079,DESI-202.5096+47.8919,DC,2.0,0,0.71,0.2674,,,shielded,,20.41,18.81,18.01,MzLS,Sloan,202.5096,47.8919,True
1080,C,1080,DESI-202.7745+07.4491,DC,2.0,0,0.49,0.1929,,,shielded,,19.47,18.4,17.69,DECaLS,Sloan,202.7745,7.4491,True
1081,C,1081,DESI-203.2912+06.9014,REX,2.0,0,0.63,0.4303,,,shielded,,21.5,20.65,19.42,DECaLS,Sloan,203.2912,6.9014,True
1082,C,1082,DESI-203.5927-09.2837,DC,2.0,0,0.53,,0.333,0.016,L18,,20.38,18.7,17.79,DECaLS,Sloan,203.5927,-9.2837,True
1083,C,1083,DESI-203.7084-08.7623,DC,2.0,0,0.63,,0.721,0.045,shielded,,22.97,21.01,19.34,DECaLS,Sloan,203.7084,-8.7623,True
1084,C,1084,DESI-203.8962+40.3315,DC,2.5,1,0.96,0.3087,,,L18,,21.34,19.75,18.54,MzLS,Sloan,203.8962,40.3315,True
1085,C,1085,DESI-204.0300+25.6164,DC,2.0,0,0.46,0.4939,,,L18,,22.01,20.54,19.38,DECaLS,Sloan,204.03,25.6164,True
1086,C,1086,DESI-204.2365+12.0278,DC,2.0,0,0.2,0.5327,,,L18,,22.45,20.96,19.47,DECaLS,Sloan,204.2365,12.0278,True
1087,C,1087,DESI-204.3113+42.3813,DC,2.0,0,0.39,0.2802,,,shielded,,20.35,18.81,17.87,MzLS,Sloan,204.3113,42.3813,True
1088,C,1088,DESI-205.4375+04.1861,DC,2.5,1,0.97,,0.598,0.059,L18,,21.54,20.13,19.02,DECaLS,Sloan,205.4375,4.1861,True
1089,C,1089,DESI-205.8655+21.7388,DC,2.0,0,0.2,0.5585,,,L18,,21.08,19.62,18.51,DECaLS,Sloan,205.8655,21.7388,True
1090,C,1090,DESI-206.0993-01.6071,DC,2.0,0,0.49,0.4681,,,shielded,,20.8,19.23,18.12,DECaLS,Sloan,206.0993,-1.6071,True
1091,C,1091,DESI-206.7000+28.6985,DC,2.0,0,0.47,0.441,,,L18,,21.71,19.94,18.92,DECaLS,Sloan,206.7,28.6985,True
1092,C,1092,DESI-207.4187+38.5022,DC,2.0,2,0.22,0.5818,,,L18,,21.14,19.41,18.01,MzLS,Sloan,207.4187,38.5022,True
1093,C,1093,DESI-207.4889+34.2732,DC,2.0,0,0.84,0.4911,,,L18,,20.45,18.73,17.53,MzLS,Sloan,207.4889,34.2732,True
1094,C,1094,DESI-207.5513+31.5862,DC,2.0,0,0.34,0.5095,,,L18,,22.36,20.81,19.42,DECaLS,Sloan,207.5513,31.5862,True
1095,C,1095,DESI-207.7050+52.9559,DC,2.0,0,0.66,0.2877,,,L18,,19.32,17.82,17.03,MzLS,Sloan,207.705,52.9559,True
1096,C,1096,DESI-207.8335-06.3831,DC,2.0,0,1.0,0.6211,,,L18,a,20.59,19.04,17.69,DECaLS,Sloan,207.8335,-6.3831,True
1097,C,1097,DESI-208.4386+31.8650,DC,2.0,0,0.15,0.5292,,,L18,,21.13,19.82,18.4,DECaLS,Sloan,208.4386,31.865,True
1098,C,1098,DESI-208.6688+19.1370,DC,2.0,0,0.5,0.5852,,,L18,,22.44,20.73,19.03,DECaLS,Sloan,208.6688,19.137,True
1099,C,1099,DESI-208.9997+19.7239,REX,2.0,0,0.24,0.3816,,,shielded,,21.63,20.87,19.73,DECaLS,Sloan,208.9997,19.7239,True
1100,C,1100,DESI-209.0944+03.6524,DC,2.0,0,0.75,0.2686,,,shielded,,17.9,16.43,15.65,DECaLS,Sloan,209.0944,3.6524,True
1101,C,1101,DESI-209.7020-04.3961,DC,2.5,1,0.72,,0.417,0.097,shielded,,19.96,18.74,17.99,DECaLS,Sloan,209.702,-4.3961,True
1102,C,1102,DESI-211.6546+38.7004,DC,2.0,0,0.43,0.4952,,,L18,,22.69,20.52,19.01,MzLS,Sloan,211.6546,38.7004,True
1103,C,1103,DESI-212.5306+62.1634,DC,2.5,1,0.99,0.5431,,,L18,,22.2,20.69,19.36,MzLS,Sloan,212.5306,62.1634,True
1104,C,1104,DESI-212.7710+23.2324,DC,2.0,0,0.82,0.2873,,,L18,a,19.48,17.87,16.98,DECaLS,Sloan,212.771,23.2324,True
1105,C,1105,DESI-214.7102+19.9447,DC,2.0,0,0.88,0.374,,,L18,,21.76,19.76,18.15,DECaLS,Sloan,214.7102,19.9447,True
1106,C,1106,DESI-215.1638+12.9717,DC,2.5,1,0.74,0.5937,,,L18,a,21.49,19.65,18.42,DECaLS,Sloan,215.1638,12.9717,True
1107,C,1107,DESI-216.0618+45.0242,DC,2.0,0,1.0,,0.819,0.1,L18,,22.53,21.16,19.58,MzLS,Sloan,216.0618,45.0242,True
1108,C,1108,DESI-217.0936+03.3000,DC,2.5,1,1.0,0.6108,,,L18,,21.64,20.23,18.85,DECaLS,Sloan,217.0936,3.3,True
1109,C,1109,DESI-217.0950+22.9130,DC,2.0,0,0.82,0.3242,,,L18,,19.41,18.15,17.33,DECaLS,Sloan,217.095,22.913,True
1110,C,1110,DESI-217.2090+51.6467,DC,2.0,0,0.22,,0.664,0.033,L18,,22.57,20.79,19.29,MzLS,Sloan,217.209,51.6467,True
1111,C,1111,DESI-217.7996+03.0093,DC,2.5,1,0.23,0.1665,,,L18,,18.47,17.28,16.5,DECaLS,Sloan,217.7996,3.0093,True
1112,C,1112,DESI-218.1147+28.7213,DC,2.5,1,0.91,0.328,,,L18,,19.66,17.84,16.94,DECaLS,Sloan,218.1147,28.7213,True
1113,C,1113,DESI-218.4468+18.7098,DC,2.0,0,1.0,0.282,,,L18,,19.15,17.61,16.8,DECaLS,Sloan,218.4468,18.7098,True
1114,C,1114,DESI-218.4780+03.0039,DC,2.5,1,0.97,0.6438,,,L18,g,21.58,20.19,18.87,DECaLS,Sloan,218.478,3.0039,True
1115,C,1115,DESI-219.1501+21.1453,DC,2.5,1,0.99,0.6024,,,L18,,21.01,19.93,18.5,DECaLS,Sloan,219.1501,21.1453,True
1116,C,1116,DESI-219.5680+25.0994,DC,2.0,0,0.75,0.3854,,,L18,,20.74,19.03,18.15,DECaLS,Sloan,219.568,25.0994,True
1117,C,1117,DESI-219.9040+07.3502,DC,2.0,0,0.6,0.5608,,,L18,a,20.82,19.11,18.04,DECaLS,Sloan,219.904,7.3502,True
1118,C,1118,DESI-220.0226+23.8599,DC,2.0,0,0.96,0.4126,,,L18,,20.22,18.62,17.64,DECaLS,Sloan,220.0226,23.8599,True
1119,C,1119,DESI-220.3113+04.4308,REX,2.5,1,0.5,0.3293,,,L18,,23.27,21.46,19.84,DECaLS,Sloan,220.3113,4.4308,True
1120,C,1120,DESI-220.3862-00.8996,DC,2.0,0,0.84,0.5167,,,L18,l,20.44,18.53,17.25,DECaLS,Sloan,220.3862,-0.8996,True
1121,C,1121,DESI-221.4063+04.9046,DC,2.0,0,0.37,0.3224,,,L18,,21.13,19.76,18.83,DECaLS,Sloan,221.4063,4.9046,True
1122,C,1122,DESI-221.6054+21.6944,DC,2.5,1,0.54,,0.071,0.029,shielded,,18.48,18.17,17.87,DECaLS,Sloan,221.6054,21.6944,True
1123,C,1123,DESI-221.9368+23.4043,DC,2.5,1,0.76,0.2818,,,L18,,18.8,17.22,16.39,DECaLS,Sloan,221.9368,23.4043,True
1124,C,1124,DESI-222.2403-07.4558,DC,2.0,0,0.23,,0.518,0.147,L18,,21.62,20.26,19.44,DECaLS,Sloan,222.2403,-7.4558,True
1125,C,1125,DESI-222.4812-06.8463,DC,2.0,0,0.3,0.311,,,shielded,,19.04,17.22,16.27,DECaLS,Sloan,222.4812,-6.8463,True
1126,C,1126,DESI-222.7392+03.5562,REX,2.0,0,0.13,0.2866,,,L18,,21.47,20.15,19.43,DECaLS,Sloan,222.7392,3.5562,True
1127,C,1127,DESI-223.0001-01.0752,DC,2.0,0,0.86,0.2712,,,L18,g,19.61,18.07,17.2,DECaLS,Sloan,223.0001,-1.0752,True
1128,C,1128,DESI-223.2085+58.0265,DC,2.0,0,0.11,0.3785,,,L18,,20.45,18.75,17.85,MzLS,Sloan,223.2085,58.0265,True
1129,C,1129,DESI-223.2358+58.0531,DC,2.5,1,0.86,0.3319,,,L18,,20.77,19.33,18.52,MzLS,Sloan,223.2358,58.0531,True
1130,C,1130,DESI-223.4373-06.5203,REX,2.0,0,0.2,0.1862,,,shielded,,20.43,19.04,18.2,DECaLS,Sloan,223.4373,-6.5203,True
1131,C,1131,DESI-224.3832-08.0150,DC,2.5,1,1.0,,0.429,0.044,L18,,20.59,18.94,17.9,DECaLS,Sloan,224.3832,-8.015,True
1132,C,1132,DESI-225.1316+62.7228,REX,2.0,0,0.21,,0.421,0.101,L18,,21.28,19.6,18.69,MzLS,Sloan,225.1316,62.7228,True
1133,C,1133,DESI-225.5679+15.1661,DC,2.0,0,0.11,0.5515,,,L18,,23.36,21.36,19.18,DECaLS,Sloan,225.5679,15.1661,True
1134,C,1134,DESI-226.1397+28.0320,DC,2.0,0,0.93,0.4815,,,L18,,20.63,19.41,18.52,DECaLS,Sloan,226.1397,28.032,True
1135,C,1135,DESI-226.2950+17.3451,DC,2.5,1,0.32,0.4836,,,L18,,20.7,18.81,17.63,DECaLS,Sloan,226.295,17.3451,True
1136,C,1136,DESI-226.3130+41.7447,DC,2.0,0,0.15,,0.446,0.1,L18,,20.9,19.35,18.15,MzLS,Sloan,226.313,41.7447,True
1137,C,1137,DESI-226.9254+29.9560,REX,2.0,0,0.13,0.1851,,,shielded,,18.74,17.52,16.73,DECaLS,Sloan,226.9254,29.956,True
1138,C,1138,DESI-226.9378+70.1215,DC,2.5,1,0.96,,0.509,0.026,L18,,20.7,18.92,17.68,MzLS,Sloan,226.9378,70.1215,True
1139,C,1139,DESI-226.9381+05.3823,DC,2.0,0,0.98,0.6187,,,L18,,21.22,19.46,18.1,DECaLS,Sloan,226.9381,5.3823,True
1140,C,1140,DESI-227.7518+10.5556,DC,2.5,1,0.91,0.3586,,,L18,,20.23,18.5,17.53,DECaLS,Sloan,227.7518,10.5556,True
1141,C,1141,DESI-227.9059+05.6220,DC,2.5,1,0.49,0.6132,,,L18,,23.39,21.6,19.77,DECaLS,Sloan,227.9059,5.622,True
1142,C,1142,DESI-227.9362+06.5090,DC,2.0,1,0.67,0.5379,,,L18,,20.87,19.55,18.65,DECaLS,Sloan,227.9362,6.509,False
1143,C,1143,DESI-228.4624-03.4634,DC,2.5,1,0.98,,0.648,0.019,L18,,22.02,20.11,18.46,DECaLS,Sloan,228.4624,-3.4634,True
1144,C,1144,DESI-228.4698+14.1675,REX,2.0,0,0.11,0.5766,,,shielded,,21.97,20.89,19.33,DECaLS,Sloan,228.4698,14.1675,True
1145,C,1145,DESI-228.6370+68.4893,DC,2.0,0,0.18,,0.521,0.023,L18,,21.11,19.31,18.05,MzLS,Sloan,228.637,68.4893,True
1146,C,1146,DESI-229.2637+10.0569,DC,2.5,1,0.87,0.5636,,,L18,,22.46,20.54,19.0,DECaLS,Sloan,229.2637,10.0569,True
1147,C,1147,DESI-229.7213+09.2304,REX,2.0,0,0.57,0.6645,,,shielded,,23.27,21.64,19.92,DECaLS,Sloan,229.7213,9.2304,True
1148,C,1148,DESI-229.7448+27.3746,DC,2.0,2,0.1,0.6638,,,L18,,21.59,19.8,18.24,DECaLS,Sloan,229.7448,27.3746,True
1149,C,1149,DESI-230.5321+32.8538,DC,2.5,1,1.0,0.6249,,,L18,,21.89,20.38,18.83,MzLS,Sloan,230.5321,32.8538,True
1150,C,1150,DESI-230.6319-00.7509,DC,2.0,0,0.89,0.5028,,,L18,g,20.94,18.96,17.6,DECaLS,Sloan,230.6319,-0.7509,True
1151,C,1151,DESI-230.9520+10.2717,REX,2.5,1,0.94,0.447,,,shielded,,22.5,20.78,19.94,DECaLS,Sloan,230.952,10.2717,True
1152,C,1152,DESI-230.9711+04.9138,DC,2.0,0,0.36,0.634,,,L18,,22.88,21.0,19.52,DECaLS,Sloan,230.9711,4.9138,True
1153,C,1153,DESI-230.9776+67.6248,DC,2.0,0,0.73,,0.752,0.02,L18,,22.4,20.61,18.77,MzLS,Sloan,230.9776,67.6248,True
1154,C,1154,DESI-231.0060+49.1881,DC,2.5,1,0.84,0.5332,,,L18,,22.23,20.59,18.99,MzLS,Sloan,231.006,49.1881,True
1155,C,1155,DESI-232.6507+80.8392,DC,2.0,0,0.25,,0.556,0.087,L18,,21.56,20.5,19.62,MzLS,Sloan,232.6507,80.8392,True
1156,C,1156,DESI-233.2341+50.1953,DC,2.5,1,0.97,0.5655,,,L18,,20.16,18.71,17.37,MzLS,Sloan,233.2341,50.1953,True
1157,C,1157,DESI-234.8063+11.7178,DC,2.5,1,0.91,0.5713,,,L18,,22.4,20.67,19.04,DECaLS,Sloan,234.8063,11.7178,True
1158,C,1158,DESI-235.0039+32.6092,DC,2.5,1,0.41,0.299,,,L18,,20.49,19.3,18.56,MzLS,Sloan,235.0039,32.6092,True
1159,C,1159,DESI-235.2734+07.5424,DC,2.0,0,0.58,0.2481,,,L18,,18.79,17.26,16.39,DECaLS,Sloan,235.2734,7.5424,True
1160,C,1160,DESI-235.5208+40.3319,DC,2.0,0,0.87,0.4568,,,L18,,20.69,19.19,18.21,MzLS,Sloan,235.5208,40.3319,True
1161,C,1161,DESI-235.7400+14.8762,REX,2.5,1,0.99,0.4532,,,shielded,,20.75,19.54,18.65,DECaLS,Sloan,235.74,14.8762,True
1162,C,1162,DESI-236.5762+48.3642,DC,2.0,0,0.24,0.211,,,L18,,18.8,17.37,16.55,MzLS,Sloan,236.5762,48.3642,True
1163,C,1163,DESI-236.5969+23.9051,DC,2.5,1,0.52,0.3051,,,L18,,19.08,17.48,16.62,DECaLS,Sloan,236.5969,23.9051,True
1164,C,1164,DESI-237.7650+06.8422,DC,2.0,0,0.46,0.4967,,,L18,,21.04,19.08,17.9,DECaLS,Sloan,237.765,6.8422,True
1165,C,1165,DESI-238.0854+61.6594,DC,2.5,1,0.37,0.4605,,,L18,,20.89,19.13,17.82,MzLS,Sloan,238.0854,61.6594,True
1166,C,1166,DESI-238.4959+16.3935,DC,2.5,1,1.0,0.3838,,,L18,,19.81,18.09,17.07,DECaLS,Sloan,238.4959,16.3935,True
1167,C,1167,DESI-238.5690+04.7276,DC,2.5,1,1.0,0.5394,,,L18,,22.31,21.08,19.5,DECaLS,Sloan,238.569,4.7276,True
1168,C,1168,DESI-238.6455+44.3415,DC,2.5,1,0.22,0.5738,,,L18,,22.9,21.15,19.59,MzLS,Sloan,238.6455,44.3415,True
1169,C,1169,DESI-238.6575+46.1560,DC,2.0,0,0.53,0.7298,,,L18,,21.63,20.49,18.8,MzLS,Sloan,238.6575,46.156,True
1170,C,1170,DESI-239.7952+07.5133,DC,2.0,0,0.12,0.4492,,,L18,,20.88,19.02,17.85,DECaLS,Sloan,239.7952,7.5133,True
1171,C,1171,DESI-241.7346+42.1102,REX,2.5,1,1.0,0.8924,,,L18,l,20.86,20.45,19.27,MzLS,Sloan,241.7346,42.1102,True
1172,C,1172,DESI-241.7375+18.1017,DC,2.5,1,0.98,0.2258,,,L18,,19.45,18.27,17.51,DECaLS,Sloan,241.7375,18.1017,True
1173,C,1173,DESI-241.8696+05.8963,DC,2.0,0,0.87,0.5909,,,L18,,20.87,19.71,18.62,DECaLS,Sloan,241.8696,5.8963,True
1174,C,1174,DESI-242.2528+04.4242,DC,2.0,0,0.41,0.2835,,,L18,,19.85,18.39,17.51,DECaLS,Sloan,242.2528,4.4242,True
1175,C,1175,DESI-244.5857+54.5052,DC,2.0,0,0.55,0.3616,,,L18,e,22.91,21.43,19.68,MzLS,Sloan,244.5857,54.5052,True
1176,C,1176,DESI-246.0592+10.6100,DC,2.0,0,0.99,0.6235,,,L18,,21.09,19.16,17.67,DECaLS,Sloan,246.0592,10.61,True
1177,C,1177,DESI-246.4202+33.2659,DC,2.5,1,0.75,,0.992,0.12,L18,,23.68,21.48,19.79,MzLS,Sloan,246.4202,33.2659,True
1178,C,1178,DESI-246.6316+49.1584,DC,2.0,0,0.63,0.2777,,,L18,,20.83,19.45,18.57,MzLS,Sloan,246.6316,49.1584,True
1179,C,1179,DESI-247.9945-01.6681,DC,2.0,0,0.72,,0.733,0.15,shielded,,20.74,19.47,18.16,DECaLS,Sloan,247.9945,-1.6681,True
1180,C,1180,DESI-248.9636+46.8071,DC,2.5,1,0.39,0.5405,,,L18,,21.8,20.74,19.24,MzLS,Sloan,248.9636,46.8071,True
1181,C,1181,DESI-249.0881+27.7159,DC,2.5,1,0.99,0.3342,,,L18,,19.85,18.07,17.08,DECaLS,Sloan,249.0881,27.7159,True
1182,C,1182,DESI-249.3569+31.6652,REX,2.0,0,0.99,0.4376,,,shielded,,22.38,20.68,19.69,DECaLS,Sloan,249.3569,31.6652,True
1183,C,1183,DESI-250.4830+66.2103,DC,2.0,0,0.58,,0.543,0.066,L18,,21.75,20.04,18.72,MzLS,Sloan,250.483,66.2103,True
1184,C,1184,DESI-250.8015+21.3635,DC,2.0,0,0.5,0.4826,,,L18,,21.86,20.5,19.4,DECaLS,Sloan,250.8015,21.3635,True
1185,C,1185,DESI-251.4915+22.9241,DC,2.0,0,0.53,0.3371,,,L18,,21.65,20.14,19.32,DECaLS,Sloan,251.4915,22.9241,True
1186,C,1186,DESI-251.7677+11.2970,REX,2.5,1,1.0,,0.22,0.141,L18,a,19.46,18.37,17.52,DECaLS,Sloan,251.7677,11.297,True
1187,C,1187,DESI-251.8574+09.6103,DC,2.5,1,0.99,,0.319,0.014,L18,,20.28,18.58,17.67,DECaLS,Sloan,251.8574,9.6103,True
1188,C,1188,DESI-252.1292+63.7872,DC,2.0,0,0.99,0.5302,,,L18,,21.66,20.16,18.5,MzLS,Sloan,252.1292,63.7872,True
1189,C,1189,DESI-253.0914+55.0867,REX,2.5,1,1.0,,0.462,0.114,shielded,,18.9,17.91,17.12,MzLS,Sloan,253.0914,55.0867,True
1190,C,1190,DESI-253.2568+30.8665,DC,2.5,1,0.37,0.5169,,,L18,,21.12,19.44,18.3,DECaLS,Sloan,253.2568,30.8665,True
1191,C,1191,DESI-254.2942+31.8480,REX,2.5,1,1.0,0.3915,,,L18,a,21.19,19.68,18.67,DECaLS,Sloan,254.2942,31.848,True
1192,C,1192,DESI-255.9749+41.6783,DC,2.0,0,0.29,0.4128,,,L18,,20.49,18.69,17.69,MzLS,Sloan,255.9749,41.6783,True
1193,C,1193,DESI-256.1498+08.2505,REX,2.0,0,0.1,,0.485,0.093,shielded,,21.27,20.75,19.92,DECaLS,Sloan,256.1498,8.2505,True
1194,C,1194,DESI-256.2179+07.8065,DC,2.5,1,0.37,,0.4,0.017,L18,,19.92,17.95,16.96,DECaLS,Sloan,256.2179,7.8065,True
1195,C,1195,DESI-256.7414+25.8919,DC,2.5,1,0.21,0.5953,,,L18,,22.37,21.17,19.4,DECaLS,Sloan,256.7414,25.8919,True
1196,C,1196,DESI-257.0428+11.8169,DC,2.0,0,0.94,0.546,,,L18,,19.85,18.69,17.63,DECaLS,Sloan,257.0428,11.8169,True
1197,C,1197,DESI-259.6311+23.7908,REX,2.5,1,0.99,0.6059,,,L18,,20.29,18.9,17.77,DECaLS,Sloan,259.6311,23.7908,True
1198,C,1198,DESI-259.8396+24.6880,DC,2.5,1,1.0,0.4894,,,L18,,21.42,19.63,18.43,DECaLS,Sloan,259.8396,24.688,True
1199,C,1199,DESI-261.7825+13.0155,DC,2.0,0,0.3,,0.507,0.015,L18,,21.43,19.48,18.21,DECaLS,Sloan,261.7825,13.0155,True
1200,C,1200,DESI-264.2946+26.8373,DC,2.5,1,0.96,0.4208,,,L18,,20.86,19.06,18.11,DECaLS,Sloan,264.2946,26.8373,True
1201,C,1201,DESI-266.3918+27.2260,DC,2.0,0,0.19,,0.751,0.054,L18,,22.72,20.95,19.27,DECaLS,Sloan,266.3918,27.226,True
1202,C,1202,DESI-267.9412+43.5847,DC,2.0,0,0.28,0.7418,,,L18,,22.6,20.77,18.94,MzLS,Sloan,267.9412,43.5847,True
1203,C,1203,DESI-267.9501+43.5780,DC,2.0,0,0.74,,0.559,0.268,L18,,22.8,21.22,19.47,MzLS,Sloan,267.9501,43.578,True
1204,C,1204,DESI-270.2102+35.8525,DC,2.5,1,0.94,,0.807,0.034,L18,,23.51,21.46,19.49,MzLS,Sloan,270.2102,35.8525,True
1205,C,1205,DESI-270.4979+48.3192,DC,2.0,0,0.88,0.402,,,L18,,19.68,17.87,16.81,MzLS,Sloan,270.4979,48.3192,True
1206,C,1206,DESI-270.5244+35.2017,DC,2.5,1,0.99,,0.343,0.025,L18,,19.43,17.74,16.91,MzLS,Sloan,270.5244,35.2017,True
1207,C,1207,DESI-273.3831+34.2652,DC,2.5,1,0.1,,0.217,0.011,L18,,18.53,17.14,16.3,MzLS,Sloan,273.3831,34.2652,True
1208,C,1208,DESI-273.6883+54.7764,DC,2.0,0,0.52,,0.51,0.016,L18,,21.28,19.37,18.12,MzLS,Sloan,273.6883,54.7764,True
1209,C,1209,DESI-274.3781+42.3118,DC,2.0,0,0.51,0.5793,,,L18,,21.72,20.1,18.63,MzLS,Sloan,274.3781,42.3118,True
1210,C,1210,DESI-275.2007+40.0650,DC,2.5,1,0.77,,0.848,0.067,L18,,22.98,21.67,19.96,MzLS,Sloan,275.2007,40.065,True
1211,C,1211,DESI-276.8661+51.8599,DC,2.0,0,0.77,,0.783,0.023,L18,,22.09,20.32,18.38,MzLS,Sloan,276.8661,51.8599,True
1212,C,1212,DESI-277.7776+57.3732,DC,2.0,0,0.13,,0.789,0.068,L18,,22.99,21.5,19.63,MzLS,Sloan,277.7776,57.3732,True
1213,C,1213,DESI-279.6919+47.5645,DC,2.0,0,0.97,,0.388,0.015,L18,,20.66,18.82,17.82,MzLS,Sloan,279.6919,47.5645,True
1214,C,1214,DESI-281.6950+76.1017,DC,2.5,1,1.0,,0.721,0.054,L18,,21.57,20.08,18.43,MzLS,Sloan,281.695,76.1017,True
1215,C,1215,DESI-282.8164+66.4911,DC,2.0,0,0.83,,0.667,0.018,L18,,22.31,20.43,18.77,MzLS,Sloan,282.8164,66.4911,True
1216,C,1216,DESI-283.8139+45.1750,DC,2.0,0,0.81,,0.692,0.172,L18,,21.72,20.66,19.31,MzLS,Sloan,283.8139,45.175,True
1217,C,1217,DESI-286.9816+69.1405,DC,2.5,1,0.36,,0.181,0.014,shielded,,18.76,17.4,16.47,MzLS,Sloan,286.9816,69.1405,True
1218,C,1218,DESI-290.9468+61.3182,DC,2.5,1,0.91,,0.575,0.018,L18,,21.83,19.86,18.46,MzLS,Sloan,290.9468,61.3182,True
1219,C,1219,DESI-291.7549+66.7310,DC,2.5,1,0.3,,0.695,0.037,L18,,21.96,20.41,18.75,MzLS,Sloan,291.7549,66.731,True
1220,C,1220,DESI-291.8967+54.2998,DC,2.0,0,0.49,,0.588,0.026,L18,,23.06,21.09,19.57,MzLS,Sloan,291.8967,54.2998,True
1221,C,1221,DESI-296.6448+60.3651,DC,2.5,1,0.93,0.2854,,,L18,,19.36,17.96,17.06,MzLS,Sloan,296.6448,60.3651,True
1222,C,1222,DESI-308.6348-47.1690,REX,2.0,0,0.87,,0.729,0.062,shielded,,20.95,20.16,19.23,DECaLS,Sloan,308.6348,-47.169,True
1223,C,1223,DESI-308.8072+00.7818,DC,2.5,1,0.59,0.3933,,,shielded,,22.55,20.89,19.73,DECaLS,Sloan,308.8072,0.7818,True
1224,C,1224,DESI-310.9666+03.2223,DC,2.0,0,0.15,0.3051,,,L18,,20.18,18.67,17.77,DECaLS,Sloan,310.9666,3.2223,True
1225,C,1225,DESI-313.3618-09.2758,DC,2.5,1,0.45,,0.419,0.016,L18,,20.46,18.49,17.44,DECaLS,Sloan,313.3618,-9.2758,True
1226,C,1226,DESI-313.5823-41.4077,REX,2.5,1,0.28,,0.406,0.224,shielded,,20.51,18.96,18.08,DECaLS,Sloan,313.5823,-41.4077,True
1227,C,1227,DESI-314.7376+04.7259,DC,2.5,1,0.42,0.5939,,,L18,,22.2,20.74,18.99,DECaLS,Sloan,314.7376,4.7259,True
1228,C,1228,DESI-315.3295+02.2958,DC,2.5,1,0.67,0.7481,,,L18,,23.22,22.06,19.81,DECaLS,Sloan,315.3295,2.2958,True
1229,C,1229,DESI-316.8445-00.9920,REX,2.0,2,0.13,0.5142,,,shielded,,21.04,19.62,18.52,DECaLS,Sloan,316.8445,-0.992,True
1230,C,1230,DESI-319.1672-01.5035,DC,2.0,0,0.26,0.1627,,,shielded,,19.7,18.55,17.78,DECaLS,Sloan,319.1672,-1.5035,True
1231,C,1231,DESI-319.4948-00.7468,REX,2.0,0,1.0,0.3865,,,L18,,21.58,20.88,19.69,DECaLS,Sloan,319.4948,-0.7468,True
1232,C,1232,DESI-319.5281+16.9379,DC,2.0,0,0.73,0.661,,,L18,,22.75,21.12,19.64,DECaLS,Sloan,319.5281,16.9379,True
1233,C,1233,DESI-319.7068-63.3875,REX,2.0,0,0.33,,0.656,0.053,shielded,,21.83,20.79,19.86,DECaLS,Sloan,319.7068,-63.3875,True
1234,C,1234,DESI-320.1446-11.1251,DC,2.5,1,0.47,0.5877,,,shielded,,22.46,20.67,19.21,DECaLS,Sloan,320.1446,-11.1251,True
1235,C,1235,DESI-320.8584+01.8867,DC,2.5,1,0.39,0.5249,,,L18,,20.65,18.78,17.37,DECaLS,Sloan,320.8584,1.8867,True
1236,C,1236,DESI-321.3061-00.0295,DC,2.0,0,0.15,,0.618,0.199,L18,,21.85,20.82,19.49,DECaLS,Sloan,321.3061,-0.0295,True
1237,C,1237,DESI-321.5604+09.8332,DC,2.5,1,0.51,0.5691,,,shielded,,22.88,20.91,19.02,DECaLS,Sloan,321.5604,9.8332,True
1238,C,1238,DESI-322.6011-61.9086,REX,2.0,0,0.74,,0.828,0.056,L18,,21.38,20.55,19.38,DECaLS,Sloan,322.6011,-61.9086,True
1239,C,1239,DESI-324.8366-63.7250,REX,2.0,0,0.74,,0.512,0.086,shielded,,22.07,20.67,19.44,DECaLS,Sloan,324.8366,-63.725,True
1240,C,1240,DESI-326.2881+19.8848,REX,2.0,0,0.99,0.6892,,,shielded,,22.91,21.24,19.26,DECaLS,Sloan,326.2881,19.8848,True
1241,C,1241,DESI-326.7119-43.0078,REX,2.0,0,1.0,,0.831,0.078,L18,,21.36,20.58,19.29,DECaLS,Sloan,326.7119,-43.0078,True
1242,C,1242,DESI-327.4249-44.1038,REX,2.5,1,1.0,,0.628,0.038,L18,,21.11,19.99,18.97,DECaLS,Sloan,327.4249,-44.1038,True
1243,C,1243,DESI-327.4427-00.3822,REX,2.5,1,0.36,0.566,,,L18,,21.05,19.41,18.15,DECaLS,Sloan,327.4427,-0.3822,True
1244,C,1244,DESI-328.0860-43.5877,REX,2.0,0,0.38,,0.582,0.047,shielded,,20.75,19.67,18.84,DECaLS,Sloan,328.086,-43.5877,True
1245,C,1245,DESI-328.7427+16.3475,REX,2.0,0,0.52,0.5108,,,shielded,,22.77,20.81,19.65,DECaLS,Sloan,328.7427,16.3475,True
1246,C,1246,DESI-329.5066+06.6401,DC,2.5,1,0.67,0.5044,,,L18,,21.43,19.81,18.73,DECaLS,Sloan,329.5066,6.6401,True
1247,C,1247,DESI-330.1481+23.6703,DC,2.0,0,0.11,0.6629,,,L18,,21.76,20.27,18.53,DECaLS,Sloan,330.1481,23.6703,True
1248,C,1248,DESI-330.4536+01.8039,DC,2.5,1,0.89,0.4534,,,L18,,20.93,19.13,18.14,DECaLS,Sloan,330.4536,1.8039,True
1249,C,1249,DESI-330.5620+10.6918,REX,2.5,1,0.13,0.3004,,,shielded,,19.73,17.99,17.03,DECaLS,Sloan,330.562,10.6918,True
1250,C,1250,DESI-331.9712-00.6607,DC,2.5,1,0.1,0.5372,,,L18,,22.18,20.25,18.92,DECaLS,Sloan,331.9712,-0.6607,True
1251,C,1251,DESI-333.8922-46.6457,REX,2.0,0,0.34,,0.336,0.049,L18,,19.49,18.02,17.18,DECaLS,Sloan,333.8922,-46.6457,True
1252,C,1252,DESI-334.2188-08.9595,DC,2.0,2,1.0,0.3127,,,L18,,20.17,18.65,17.58,DECaLS,Sloan,334.2188,-8.9595,True
1253,C,1253,DESI-334.5268+20.8617,DC,2.0,0,0.89,0.1981,,,L18,,18.6,17.23,16.42,DECaLS,Sloan,334.5268,20.8617,True
1254,C,1254,DESI-334.7964+08.9935,DC,2.0,0,0.16,,0.44,0.176,L18,,21.43,20.53,19.69,DECaLS,Sloan,334.7964,8.9935,True
1255,C,1255,DESI-335.2071-11.9607,DC,2.5,1,0.36,,0.366,0.013,L18,,20.17,18.41,17.49,DECaLS,Sloan,335.2071,-11.9607,True
1256,C,1256,DESI-336.7102+15.1795,DC,2.0,0,0.59,0.5059,,,L18,,22.25,20.71,19.15,DECaLS,Sloan,336.7102,15.1795,True
1257,C,1257,DESI-338.1775+01.6182,DC,2.5,1,0.35,0.4101,,,L18,,21.48,19.87,18.99,DECaLS,Sloan,338.1775,1.6182,True
1258,C,1258,DESI-338.9341+07.7338,DC,2.0,0,0.7,0.4919,,,L18,,21.3,19.42,18.2,DECaLS,Sloan,338.9341,7.7338,True
1259,C,1259,DESI-339.3998-12.0424,REX,2.5,1,0.6,,0.432,0.028,shielded,,22.42,20.55,19.57,DECaLS,Sloan,339.3998,-12.0424,True
1260,C,1260,DESI-340.0966+26.9614,DC,2.0,0,1.0,0.2671,,,L18,,18.57,17.02,16.15,DECaLS,Sloan,340.0966,26.9614,True
1261,C,1261,DESI-340.6218+03.2048,DC,2.5,1,0.94,0.5738,,,L18,,22.96,21.55,19.66,DECaLS,Sloan,340.6218,3.2048,True
1262,C,1262,DESI-340.7868-55.1416,REX,2.0,0,0.99,,0.78,0.046,shielded,,21.37,20.41,19.18,DECaLS,Sloan,340.7868,-55.1416,True
1263,C,1263,DESI-341.2747+00.6718,REX,2.5,1,0.37,0.6426,,,L18,,21.27,20.12,19.06,DECaLS,Sloan,341.2747,0.6718,True
1264,C,1264,DESI-341.8330+18.0226,DC,2.5,1,0.63,0.3,,,L18,a,19.49,18.04,17.14,DECaLS,Sloan,341.833,18.0226,True
1265,C,1265,DESI-342.0957+01.8350,DC,2.5,1,0.27,0.515,,,L18,k,21.64,19.84,18.48,DECaLS,Sloan,342.0957,1.835,True
1266,C,1266,DESI-342.2726+19.8035,DC,2.0,0,0.31,0.4892,,,L18,,22.92,21.49,19.87,DECaLS,Sloan,342.2726,19.8035,True
1267,C,1267,DESI-343.7432+03.9726,REX,2.0,2,0.1,,0.237,0.023,shielded,,17.97,16.63,15.83,DECaLS,Sloan,343.7432,3.9726,True
1268,C,1268,DESI-344.5905+05.0181,DC,2.5,1,0.95,0.6923,,,L18,,22.43,21.0,19.09,DECaLS,Sloan,344.5905,5.0181,True
1269,C,1269,DESI-344.9569+12.0924,DC,2.0,0,0.86,0.2568,,,L18,,21.2,19.84,18.54,DECaLS,Sloan,344.9569,12.0924,True
1270,C,1270,DESI-344.9861-02.7461,DC,2.0,0,0.97,0.4047,,,L18,,21.46,19.81,18.83,DECaLS,Sloan,344.9861,-2.7461,True
1271,C,1271,DESI-345.8679+08.9273,DC,2.5,1,0.96,0.5559,,,L18,,20.85,19.16,17.72,DECaLS,Sloan,345.8679,8.9273,True
1272,C,1272,DESI-346.1290-60.6806,REX,2.5,1,0.95,,0.619,0.046,shielded,,20.82,19.81,19.01,DECaLS,Sloan,346.129,-60.6806,True
1273,C,1273,DESI-346.6288+27.4720,DC,2.5,1,0.47,0.5264,,,L18,,22.64,20.87,19.48,DECaLS,Sloan,346.6288,27.472,True
1274,C,1274,DESI-346.7223-12.6443,DC,2.0,0,1.0,,0.394,0.014,L18,,19.72,17.87,16.91,DECaLS,Sloan,346.7223,-12.6443,True
1275,C,1275,DESI-346.7984-12.4431,DC,2.0,0,0.24,,0.331,0.014,L18,,20.66,19.04,18.21,DECaLS,Sloan,346.7984,-12.4431,True
1276,C,1276,DESI-347.1009+28.9983,DC,2.5,1,1.0,0.3953,,,L18,,22.71,21.03,19.55,DECaLS,Sloan,347.1009,28.9983,True
1277,C,1277,DESI-347.3571+28.3380,DC,2.0,0,0.76,0.3061,,,L18,a,20.53,19.04,18.14,DECaLS,Sloan,347.3571,28.338,True
1278,C,1278,DESI-347.7997-09.4026,DC,2.5,1,0.94,0.6376,,,L18,,21.45,19.64,18.2,DECaLS,Sloan,347.7997,-9.4026,True
1279,C,1279,DESI-347.9137-08.0379,REX,2.0,0,0.12,0.319,,,shielded,,20.08,18.56,17.69,DECaLS,Sloan,347.9137,-8.0379,True
1280,C,1280,DESI-348.1504-03.4410,DC,2.5,1,1.0,0.3298,,,L18,,19.07,17.49,16.61,DECaLS,Sloan,348.1504,-3.441,True
1281,C,1281,DESI-348.2452+04.8615,DC,2.5,1,0.18,0.3382,,,L18,,19.24,17.54,16.59,DECaLS,Sloan,348.2452,4.8615,True
1282,C,1282,DESI-348.3888-00.0460,DC,2.5,1,0.12,0.5643,,,L18,,22.98,21.55,19.81,DECaLS,Sloan,348.3888,-0.046,True
1283,C,1283,DESI-349.3386+14.7537,DC,2.0,0,0.36,0.4549,,,L18,,20.55,18.62,17.53,DECaLS,Sloan,349.3386,14.7537,True
1284,C,1284,DESI-349.5061+13.3835,DC,2.5,1,0.74,0.5571,,,L18,,21.83,19.96,18.28,DECaLS,Sloan,349.5061,13.3835,True
1285,C,1285,DESI-349.8902-01.1028,DC,2.0,0,0.9,0.5712,,,L18,,21.18,20.27,19.22,DECaLS,Sloan,349.8902,-1.1028,True
1286,C,1286,DESI-349.8938+11.8378,DC,2.5,1,1.0,0.5206,,,L18,a,22.06,20.23,18.97,DECaLS,Sloan,349.8938,11.8378,True
1287,C,1287,DESI-350.0271-12.0343,DC,2.5,1,0.83,,0.4,0.018,L18,,20.39,18.58,17.62,DECaLS,Sloan,350.0271,-12.0343,True
1288,C,1288,DESI-350.1155-00.5958,DC,2.0,0,0.72,0.4668,,,L18,,22.0,20.11,18.79,DECaLS,Sloan,350.1155,-0.5958,True
1289,C,1289,DESI-350.2503-13.4958,DC,2.0,0,0.98,,0.683,0.067,L18,,21.58,20.02,18.55,DECaLS,Sloan,350.2503,-13.4958,True
1290,C,1290,DESI-350.8416+10.7701,DC,2.0,0,1.0,0.5166,,,L18,,21.38,19.61,18.37,DECaLS,Sloan,350.8416,10.7701,True
1291,C,1291,DESI-351.8760-10.4864,DC,2.0,0,0.54,0.3882,,,L18,,20.82,19.15,18.27,DECaLS,Sloan,351.876,-10.4864,True
1292,C,1292,DESI-352.1378-14.5816,REX,2.0,0,0.34,,0.41,0.049,shielded,,20.96,19.65,18.81,DECaLS,Sloan,352.1378,-14.5816,True
1293,C,1293,DESI-352.2239+00.0936,DC,2.5,1,0.71,0.439,,,L18,e,21.05,19.27,18.23,DECaLS,Sloan,352.2239,0.0936,True
1294,C,1294,DESI-352.6210-05.0038,REX,2.0,0,0.79,0.6345,,,shielded,,20.8,20.09,19.23,DECaLS,Sloan,352.621,-5.0038,True
1295,C,1295,DESI-352.9172-10.0133,DC,2.5,1,1.0,0.2137,,,L18,,19.64,18.13,17.3,DECaLS,Sloan,352.9172,-10.0133,True
1296,C,1296,DESI-353.1493-00.0513,DC,2.0,0,0.97,0.5917,,,L18,e,21.85,19.98,18.77,DECaLS,Sloan,353.1493,-0.0513,True
1297,C,1297,DESI-353.2414+07.2878,DC,2.5,1,0.18,0.2956,,,L18,,21.27,19.82,18.96,DECaLS,Sloan,353.2414,7.2878,True
1298,C,1298,DESI-353.9228+00.6577,REX,2.0,0,0.61,0.4617,,,shielded,,22.26,20.39,19.34,DECaLS,Sloan,353.9228,0.6577,True
1299,C,1299,DESI-355.1190+29.7964,DC,2.5,1,0.99,0.4956,,,L18,,21.22,19.44,18.21,DECaLS,Sloan,355.119,29.7964,True
1300,C,1300,DESI-355.2734+24.1552,DC,2.5,1,0.37,0.2531,,,L18,,18.11,16.56,15.72,DECaLS,Sloan,355.2734,24.1552,True
1301,C,1301,DESI-355.7900-13.8140,DC,2.5,1,0.97,,0.736,0.014,L18,,22.48,20.39,18.64,DECaLS,Sloan,355.79,-13.814,True
1302,C,1302,DESI-356.4023+14.0221,DC,2.5,1,0.24,0.2247,,,L18,,19.6,18.31,17.42,DECaLS,Sloan,356.4023,14.0221,True
1303,C,1303,DESI-356.8749-00.1896,DC,2.5,1,0.59,,0.768,0.097,L18,,21.44,20.21,18.63,DECaLS,Sloan,356.8749,-0.1896,True
1304,C,1304,DESI-357.3211-04.4758,DC,2.0,0,0.43,0.707,,,L18,,21.26,19.64,18.34,DECaLS,Sloan,357.3211,-4.4758,True
1305,C,1305,DESI-358.0861+18.1055,DC,2.0,0,0.76,0.2761,,,L18,,20.88,19.34,18.49,DECaLS,Sloan,358.0861,18.1055,True
1306,C,1306,DESI-358.4109-13.2745,DC,2.5,1,0.68,,0.501,0.033,L18,,21.31,19.7,18.61,DECaLS,Sloan,358.4109,-13.2745,True
1307,C,1307,DESI-358.5112-10.0359,DC,2.0,0,0.22,0.4271,,,L18,,19.96,18.12,17.17,DECaLS,Sloan,358.5112,-10.0359,True
1308,C,1308,DESI-358.6999+05.0447,DC,2.0,0,1.0,0.4691,,,L18,,21.78,20.14,18.56,DECaLS,Sloan,358.6999,5.0447,True
1309,C,1309,DESI-359.1421+02.6922,DC,2.5,1,0.57,0.7455,,,L18,,23.01,21.38,19.49,DECaLS,Sloan,359.1421,2.6922,True
1310,C,1310,DESI-359.7217+01.4018,DC,2.5,1,0.93,0.3398,,,shielded,,21.33,19.89,18.68,DECaLS,Sloan,359.7217,1.4018,True
1311,C,1311,DESI-359.8831-02.2601,DC,2.5,1,0.45,0.6462,,,L18,,20.84,18.99,17.66,DECaLS,Sloan,359.8831,-2.2601,True
1312,C,1312,DESI-359.9690+03.3971,REX,2.5,1,0.61,0.2749,,,shielded,,21.82,20.27,19.46,DECaLS,Sloan,359.969,3.3971,True
