index,Ra,Dec,ref,klc_dup
0,0.08681,-0.3475,Shu22,1
1,0.1064644008874893,28.53664970397949,Talbot,1
2,0.25325,-33.67316,Petrillo et al. 2019,1
3,0.27506652,23.768154,Stein21,1
4,0.2771,1.0583,Wong21,1
5,0.30467,-33.36632,Petrillo et al. 2019,1
6,0.31063,0.27214,Shu22,1
7,0.31831,-30.17678,Petrillo et al. 2019,1
8,0.31852,-32.14243,Petrillo et al. 2019,1
10376,0.3685421137,-57.85849526,Storfer 2023,2
10,0.3735,-0.0449,SuGOHI5,1
11,0.38695,-32.362790000000004,Petrillo et al. 2019,1
12,0.492786,4.577447,SuGOHI8,1
13,0.5158017873764038,25.523637771606445,Talbot,1
14,0.527213,-33.544062,ODonnell22,1
15,0.5358061790466309,31.403297424316406,Talbot,1
16,0.5391430854797363,-7.211731433868408,Talbot,1
17,0.5392899999999999,-33.05526,Petrillo et al. 2019,1
18,0.5446826815605164,13.504034996032717,Talbot,1
19,0.5957,4.3571,Wong21,1
20,0.59845,-35.12122,Jacobs et al. 2019b,1
21,0.62765,-30.43883,Petrillo et al. 2019,1
22,0.64118,-32.49791,Petrillo et al. 2019,1
23,0.65762,-32.15828,Petrillo et al. 2019,1
24,0.673617422580719,24.60353660583496,Talbot,1
25,0.67631567,-0.2222029,Stein21,1
26,0.68757,-34.20733,Petrillo et al. 2019,1
10261,0.7486770989,-62.667184,Storfer 2023,2
28,0.75,0.8938,SuGOHI5,1
29,0.79235,-31.87919,Petrillo et al. 2019,1
30,0.8045,0.907,SuGOHI5,1
31,0.81817,-31.63607,Petrillo et al. 2019,1
32,0.81825,-33.8012,Jacobs et al. 2019b,1
33,0.8626,2.17249,Canameras22,1
34,0.8634522,-64.61961,Stein21,1
35,0.906289041042328,34.10005569458008,Talbot,1
36,0.91917,-31.98373,Petrillo et al. 2019,1
37,0.92331,-33.493109999999994,Petrillo et al. 2019,1
38,0.9601963,15.042252,Stein21,1
39,0.9785879254341124,8.76550579071045,Talbot,1
40,1.0623761,4.597637,Stein21,1
41,1.0719761848449707,15.01112461090088,Talbot,1
42,1.09146,-33.683370000000004,Petrillo et al. 2019,1
43,1.1271936893463137,16.7750186920166,Talbot,1
44,1.18523,-34.01095,Petrillo et al. 2019,1
45,1.204751,4.182399,SuGOHI8,1
46,1.216,-1.0546,SuGOHI5,1
10914,1.227674539,-64.38648693,Storfer 2023,2
48,1.26631,-28.99786,Petrillo et al. 2019,1
49,1.2743,1.1683,SuGOHI5,1
50,1.28137,0.75504,Shu22,1
51,1.30104,-31.46861,Petrillo et al. 2019,1
52,1.43637,-31.13294,Petrillo et al. 2019,1
53,1.5057125,-5.899551,Stein21,1
54,1.51303,-42.13697,Diehl et al. 2017,1
55,1.56922,-34.47606,Petrillo et al. 2019,1
56,1.65871,-29.14461,Petrillo et al. 2019,1
57,1.66623,-33.903209999999994,Petrillo et al. 2019,1
58,1.67002,-33.39761,Petrillo et al. 2019,1
59,1.6858,1.6899,SuGOHI5,1
60,1.68592,-44.49735,Jacobs et al. 2019b Diehl et al. 2017,1
61,1.693075,1.4095551,Stein21,1
62,1.71611,-27.23251,Li21,1
63,1.72787,-28.62962,Li21,1
64,1.7338,-0.6809,SuGOHI5,1
65,1.74425,-31.38683,Petrillo et al. 2019,1
66,1.7670400000000002,-30.84784,Petrillo et al. 2019,1
67,1.78415,-34.1003,Petrillo et al. 2019,1
68,1.7960329055786133,18.363187789916992,Talbot,1
69,1.7962599999999995,-31.86778,Petrillo et al. 2019,1
70,1.80467,-32.46204,Petrillo et al. 2019,1
71,1.81623,-31.89345,Petrillo et al. 2019,1
72,1.82463,-30.67448,Petrillo et al. 2019,1
73,1.86039,-32.983670000000004,Petrillo et al. 2019,1
74,1.86762,1.37603,Shu22,1
75,1.87201,-44.57949,Jacobs et al. 2019b Diehl et al. 2017,1
76,1.88358,-30.77042,Petrillo et al. 2019,1
77,1.8898,2.4401,Wong21,1
78,1.94876,-33.74484,Petrillo et al. 2019,1
79,1.9564016,18.616135,Stein21,1
80,1.96502,-33.43583,Petrillo et al. 2019,1
81,1.98516,-32.03347,Petrillo et al. 2019,1
12286,2.01231,-0.06896,SLACS,2
83,2.0285,0.22826,Canameras22,1
84,2.0559,1.58637,Canameras22,1
85,2.0587,0.1891,SuGOHI5,1
86,2.0592,2.0223,SuGOHI5,1
87,2.0672,-55.06631,Diehl et al. 2017,1
88,2.0855069160461426,17.094776153564453,Talbot,1
89,2.13171,-31.93959000000001,Petrillo et al. 2019,1
90,2.14835,-33.55402,Petrillo et al. 2019,1
91,2.2033,0.2641,SuGOHI5,1
92,2.21661,-31.99088,Petrillo et al. 2019,1
93,2.224783182144165,2.165199041366577,Talbot,1
94,2.254280805587769,19.08052444458008,Talbot,1
95,2.30228,-30.13529,Petrillo et al. 2019,1
96,2.3094,1.7908,SuGOHI5,1
97,2.3109,0.1758,SuGOHI5,1
98,2.3137286,-48.61376,Stein21,1
99,2.3429594,2.182966,Stein21,1
100,2.3739333152771,16.427078247070312,Talbot,1
101,2.395485,-36.1669,Stein21,1
102,2.406872272491455,20.68407249450684,Talbot,1
103,2.40901,-31.85332,Petrillo et al. 2019,1
104,2.4588716,-40.460564,Stein21,1
105,2.4812,-33.16003,Petrillo et al. 2019,1
106,2.48447,-33.935590000000005,Petrillo et al. 2019,1
107,2.49208,-33.950790000000005,Petrillo et al. 2019,1
108,2.50355,-31.859890000000004,Petrillo et al. 2019,1
109,2.50465,-29.97088,Petrillo et al. 2019,1
110,2.5260832,3.9111748,Stein21,1
111,2.54611,-27.01291,Li21,1
112,2.5815900000000003,-32.540409999999994,Petrillo et al. 2019,1
113,2.62678,-43.25413,Jacobs et al. 2019b,1
114,2.63424,-29.7189,Petrillo et al. 2019,1
115,2.63872,-29.18947,Petrillo et al. 2019,1
116,2.6481,-32.39087,Petrillo et al. 2019,1
117,2.674670457839966,4.306710720062256,Talbot,1
118,2.698571,-56.309055,Stein21,1
119,2.708117961883545,29.17019462585449,Talbot,1
120,2.795119285583496,1.095236897468567,Talbot,1
121,2.812672615051269,18.77126121520996,Talbot,1
122,2.82083,-33.48708,Petrillo et al. 2019,1
123,2.83263,32.77663,Savary22,1
124,2.91899,-28.86743,Petrillo et al. 2019,1
125,2.919286012649536,-2.179649591445923,Talbot,1
126,2.9359,1.0175,Wong21,1
127,2.97135,-46.23942,Jacobs et al. 2019b Diehl et al. 2017,1
128,2.978295087814331,7.910139560699463,Talbot,1
129,3.01269,-33.3749,Petrillo et al. 2019,1
130,3.08138,-32.11724,Petrillo et al. 2019,1
131,3.11151,-33.59666,Petrillo et al. 2019,1
132,3.114,0.4545,SuGOHI5,1
133,3.1236835,-33.777905,Stein21,1
134,3.15648,-32.60267,Petrillo et al. 2019,1
135,3.2896793,-5.9535527,Stein21,1
136,3.29016,0.66767,Jacobs et al. 2019b,1
137,3.29224,-3.59597,Jacobs et al. 2019b,1
138,3.30326,-32.11489,Petrillo et al. 2019,1
139,3.30668,0.46665,Shu22,1
10930,3.308581093,-56.1442795,Storfer 2023,2
141,3.324348,2.158807,SuGOHI8,1
142,3.34086,-32.59948,Petrillo et al. 2019,1
10932,3.362659063,-30.58401117,Storfer 2023,2
144,3.375819,-47.58624,Stein21,1
145,3.38649,-42.65808,Jacobs et al. 2019b,1
146,3.40396,-32.24453,Petrillo et al. 2019,1
147,3.41278,-32.36582,Petrillo et al. 2019,1
148,3.45459,-33.58498,Petrillo et al. 2019,1
149,3.4631,-33.64503,Petrillo et al. 2019,1
150,3.504166666666667,1.9641666666666664,Canameras et al. 2020,1
151,3.60087251663208,18.65917205810547,Talbot,1
152,3.601166,0.695906,SuGOHI8 DES,1
153,3.6769,-32.644890000000004,Petrillo et al. 2019,1
154,3.70453,-32.94001,Petrillo et al. 2019,1
155,3.7254,-0.9523,SuGOHI5,1
10263,3.740665466,1.616990123,Storfer 2023,2
157,3.75114,-29.79116,Petrillo et al. 2019,1
158,3.753104,26.859108,Stein21,1
159,3.8494,-33.82425,Petrillo et al. 2019,1
160,3.86517,-30.4868,Petrillo et al. 2019,1
161,3.9055,-29.96401,Petrillo et al. 2019,1
162,3.92831,-46.60305,Jacobs et al. 2019b,1
10937,3.934052758,-50.86740067,Storfer 2023,2
164,3.9492032527923584,13.965279579162598,Talbot,1
165,3.95071,-31.96064,Petrillo et al. 2019,1
166,3.96725,-2.51252,Jacobs et al. 2019b,1
167,4.14715,-28.85235,Petrillo et al. 2019,1
168,4.17592,-33.33226,Petrillo et al. 2019,1
169,4.21435,-29.35261,Petrillo et al. 2019,1
170,4.21649,-32.70916,Petrillo et al. 2019,1
171,4.225,-6.566944444444443,Canameras et al. 2020,1
172,4.32556,1.97183,Jacobs et al. 2019b,1
173,4.345833333333333,10.814722222222226,Canameras et al. 2020,1
174,4.372262,-1.763258,Stein21,1
10941,4.400880842,-11.82080146,Storfer 2023,2
176,4.50166,-29.63552,Petrillo et al. 2019,1
177,4.50945,-45.82622,Jacobs et al. 2019b,1
178,4.51075,-33.28275,Petrillo et al. 2019,1
179,4.5225800000000005,-31.492,Petrillo et al. 2019,1
180,4.56347,-32.80916,Petrillo et al. 2019,1
181,4.586292743682861,11.96593189239502,Talbot,1
182,4.704385,-49.909473,Stein21,1
183,4.7527,-31.10068,Petrillo et al. 2019,1
184,4.7652,2.3967,SuGOHI5,1
185,4.81803,-41.61405,Jacobs et al. 2019b,1
186,4.8870125,-59.485565,Stein21,1
187,4.9577300000000015,-33.2876,Petrillo et al. 2019,1
188,5.0671,0.0794,SuGOHI5,1
189,5.1096014976501465,19.01866912841797,Talbot,1
190,5.15752,0.349658,SuGOHI8,1
191,5.191260814666748,20.14651679992676,Talbot,1
192,5.254372596740723,22.310585021972656,Talbot,1
193,5.3619160652160645,35.26423645019531,Talbot,1
194,5.39182,-40.66717,Jacobs et al. 2019b Diehl et al. 2017,1
195,5.3962927,-29.349503,Stein21,1
196,5.45279,-50.47602,Diehl et al. 2017,1
197,5.46283769607544,11.66171646118164,Talbot,1
198,5.46609,-32.85129000000001,Petrillo et al. 2019,1
199,5.470287322998047,4.06464958190918,Talbot,1
200,5.528708934783936,-3.5561063289642334,Talbot,1
201,5.531038,-10.183047,Stein21,1
202,5.53621,-32.91628,Petrillo et al. 2019,1
203,5.54386,-32.4059,Petrillo et al. 2019,1
10388,5.6186701,1.803655021,Storfer 2023,2
205,5.630148410797119,14.905818939208984,Talbot,1
206,5.7434,0.1667,Huang et al. 2020a,1
207,5.74604,-33.293240000000004,Petrillo et al. 2019,1
208,5.79397,-30.8092,Petrillo et al. 2019,1
209,5.80266,-31.24283,Petrillo et al. 2019,1
210,5.81785,-32.33126,Petrillo et al. 2019,1
211,5.826450347900391,12.95973014831543,Talbot,1
212,5.890094757080078,24.92175674438477,Talbot,1
213,5.89691,-33.3739,Petrillo et al. 2019,1
214,5.9272,-35.09304,Li21,1
215,5.931769999999999,-49.39183,Diehl et al. 2017,1
216,5.976,-32.64883,Petrillo et al. 2019,1
217,5.986668,-51.526478,Stein21,1
218,6.015811920166016,-0.4756153225898742,Talbot,1
219,6.0168300000000015,-33.93967,Petrillo et al. 2019,1
220,6.024601936340332,-1.554924488067627,Talbot,1
221,6.058964252471924,8.258288383483887,Talbot,1
222,6.16141,-31.23683,Petrillo et al. 2019,1
223,6.1625,-1.5888888888888892,Canameras et al. 2020,1
224,6.176819999999998,-29.58651,Petrillo et al. 2019,1
225,6.210553646087647,4.668637275695801,Talbot,1
226,6.2305,0.3192,SuGOHI5,1
227,6.23732,-34.014790000000005,Jacobs et al. 2019b,1
228,6.247509002685547,-6.649661540985107,Talbot,1
229,6.29223,-31.65755,Jacobs et al. 2019b,1
10390,6.294508647,-49.77406904,Storfer 2023,2
231,6.32039,-29.50476,Petrillo et al. 2019,1
10952,6.364763333,-1.743622962,Storfer 2023,2
233,6.365538,-6.584123,Stein21,1
234,6.38384,-30.85396,Petrillo et al. 2019,1
235,6.4023900000000005,-34.633759999999995,Petrillo et al. 2019,1
236,6.5159693,-45.337303,Stein21,1
237,6.52459,-33.14754,Petrillo et al. 2019,1
238,6.52789,-55.07581,Jacobs et al. 2019b,1
239,6.529210567474365,-4.799674034118652,Talbot,1
240,6.53835,-31.00983,Petrillo et al. 2019,1
241,6.5926384925842285,36.085391998291016,Talbot,1
9403,6.6039,4.3071,Huang 2022,2
243,6.620833333333334,5.6875,Canameras et al. 2020,1
244,6.6478457,-48.97649,Stein21,1
245,6.658581733703613,10.479186058044434,Talbot,1
246,6.7171,3.0656,Wong21,1
247,6.73527,-34.23747,Petrillo et al. 2019,1
248,6.75025,-4.22321,Jacobs et al. 2019b,1
249,6.766727924346924,35.517311096191406,Talbot,1
250,6.9375,15.167222222222223,Canameras et al. 2020,1
251,6.9778337,-47.191544,Stein21,1
252,6.994120121002197,18.18321418762207,Talbot,1
253,7.029928684234619,-2.566591501235962,Talbot,1
10264,7.049747968,-48.43519273,Storfer 2023,2
255,7.09883,-26.99943,Li21,1
256,7.150146484375,29.55103874206543,Talbot,1
257,7.19578,-51.14695,Jacobs et al. 2019b,1
258,7.214962959289551,6.352964878082275,Talbot,1
12259,7.2824,-0.93071,SLACS,2
260,7.29972,-28.34521,Petrillo et al. 2019,1
261,7.31473,-30.97453,Petrillo et al. 2019,1
262,7.382880687713623,23.97593116760254,Talbot,1
263,7.4671035,-49.613945,Stein21,1
264,7.478532791137695,-1.2933294773101809,Talbot,1
265,7.51045,-33.08298,Petrillo et al. 2019,1
266,7.510460000000001,-52.22339,Diehl et al. 2017,1
267,7.5105,-0.1745,SuGOHI5,1
268,7.559630393981934,35.502525329589844,Talbot,1
10960,7.601741727,-4.447900479,Storfer 2023,2
270,7.6181793,-1.3031169,Stein21,1
271,7.630789999999998,-29.29055,Petrillo et al. 2019,1
272,7.663571,-45.117814,ODonnell22,1
273,7.6824064,-13.906733,Stein21,1
274,7.701235294342041,-2.341521739959717,Talbot,1
275,7.7019199999999985,-33.53665,Petrillo et al. 2019,1
276,7.7182,-33.18817,Petrillo et al. 2019,1
277,7.77035,-44.05004,Diehl et al. 2017,1
278,7.779623,-37.292908,ODonnell22,1
279,7.82531,-35.02563,Li21,1
280,7.832,-64.3438,Jacobs et al. 2019b,1
281,7.917680000000002,-29.51635,Petrillo et al. 2019,1
9412,7.9602,-0.6805,Huang 2022,2
283,8.0731,1.0105,SuGOHI5,1
284,8.108473777770996,27.38458633422852,Talbot,1
285,8.153557777404785,22.9150390625,Talbot,1
286,8.225708,0.810861,SuGOHI8,1
287,8.295525550842285,35.60453796386719,Talbot,1
288,8.345833333333333,39.649722222222216,Canameras et al. 2020,1
289,8.35229,-54.76004,Diehl et al. 2017,1
290,8.4214,2.7046,SuGOHI5,1
291,8.473306655883789,10.6771821975708,Talbot,1
292,8.5267,-24.09052,Jacobs et al. 2019b,1
293,8.616094,-13.814234,Stein21,1
8963,8.6173,2.4228,Huang 2022,2
10265,8.62096961,-45.8600867,Storfer 2023,2
296,8.681833267211914,23.17584609985352,Talbot,1
297,8.693760871887207,26.89039421081543,Talbot,1
298,8.773094,-2.1597588,Stein21,1
299,8.774687767028809,9.409707069396973,Talbot,1
300,8.78153,-25.44932,Jacobs et al. 2019b,1
10266,8.799559226,-12.57593998,Storfer 2023,2
302,8.821515,-25.545591,Stein21,1
303,8.84525,-51.50674,Diehl et al. 2017,1
10267,8.861018559,-50.33226182,Storfer 2023,2
305,8.87292,-59.22424,Stein21,1
306,8.9761,0.3561,SuGOHI5,1
307,9.018750190734863,2.5445244312286377,Talbot,1
308,9.0375,-1.143333333333333,Canameras et al. 2020,1
309,9.07342,-34.57238,Li21,1
310,9.136331,1.821272,SuGOHI8,1
311,9.16581,-34.42656,Li21,1
312,9.17006,0.76873,Huang et al. 2020a,1
313,9.2112,0.888,Wong21,1
314,9.223199,-44.831554,Stein21,1
315,9.3628,-41.53054,Jacobs et al. 2019b Diehl et al. 2017,1
10399,9.520185077,-45.35433342,Storfer 2023,2
317,9.531590461730955,21.00727272033692,Talbot,1
318,9.571085,27.795551,Stein21,1
10400,9.574558369,19.77377794,Storfer 2023,2
320,9.585700988769531,21.43636512756348,Talbot,1
321,9.58605670928955,15.195799827575684,Talbot,1
322,9.5932,-25.8422,Jacobs et al. 2019b,1
323,9.611690521240234,1.0636500120162964,Talbot,1
10401,9.67399117,-43.71202042,Storfer 2023,2
325,9.69256,-29.60189,Jacobs et al. 2019b,1
326,9.716928,-21.924359,ODonnell22,1
327,9.73291,2.26454,RCS2 J0038+0215,1
328,9.741323471069336,29.674673080444336,Talbot,1
329,9.790535926818848,4.104045867919922,Talbot,1
330,9.918042182922363,3.029501676559448,Talbot,1
331,9.946097373962402,10.796675682067873,Talbot,1
332,9.94903,-31.50492,Petrillo et al. 2019,1
333,9.9799,-12.2098,Huang et al. 2020a,1
334,9.994888,-11.488995,Stein21,1
335,9.99583,0.56767,Huang et al. 2020a,1
336,10.04244,-31.98262,Petrillo et al. 2019,1
8965,10.0606,-6.762,Huang 2022,2
338,10.07317,-40.410667,Stein21,1
339,10.09215,-58.32295,Diehl et al. 2017,1
340,10.14162,-30.75566,Petrillo et al. 2019,1
341,10.16456,-37.54704,Jacobs et al. 2019b,1
342,10.203723,-52.210136,Stein21,1
343,10.22111,-33.78418,Petrillo et al. 2019,1
344,10.24006,-9.0954,Huang et al. 2020a,1
345,10.24122,-29.15998,Petrillo et al. 2019,1
346,10.24385,-2.05722,Huang et al. 2020a,1
347,10.27676,-41.92668,Diehl et al. 2017,1
348,10.28753,-0.73025,Jacobs et al. 2019b Huang et al. 2020a,1
349,10.36296,-1.1298,Huang et al. 2020a,1
350,10.41533,-30.82312,Petrillo et al. 2019,1
351,10.43383,-31.77456,Petrillo et al. 2019,1
352,10.44288,-28.82441,Petrillo et al. 2019,1
10268,10.4613,-51.964,Storfer 2023,2
354,10.50673007965088,24.17555046081543,Talbot,1
10985,10.51045524,-15.25807335,Storfer 2023,2
356,10.5192,-32.53961,Petrillo et al. 2019,1
357,10.525753,23.343372,Stein21,1
358,10.532119,-36.2865,Stein21,1
359,10.549333,36.419549,Savary22,1
360,10.60976,-33.58381,Petrillo et al. 2019,1
361,10.6304,-31.47315,Petrillo et al. 2019,1
362,10.633333333333333,-17.229166666666664,Canameras et al. 2020,1
363,10.704161,1.3361976,Stein21,1
364,10.73881,-37.31623,Jacobs et al. 2019b,1
365,10.749083,-60.629126,ODonnell22,1
366,10.846679,-62.803256,ODonnell22,1
367,10.853851318359377,17.723190307617188,Talbot,1
368,10.85733699798584,0.3001928329467773,Talbot,1
369,10.920641,5.61503,Stein21,1
370,10.926358222961426,-0.0498495772480964,Talbot,1
371,10.92909,-31.26654000000001,Petrillo et al. 2019,1
372,10.94209,-30.82482000000001,Petrillo et al. 2019,1
10404,10.9437202,-50.10363148,Storfer 2023,2
374,10.944762,-31.197894,ODonnell22,1
375,10.945482,-13.872406,Stein21,1
376,10.98143,-34.887714,ODonnell22,1
12211,11.01208,1.2201799999999998,SLACS,2
378,11.02193,-4.80583,Huang et al. 2020a,1
379,11.075,-24.08333333333333,Canameras et al. 2020,1
380,11.08066,-35.06883,Li21,1
381,11.10528,-31.9987,Petrillo et al. 2019,1
382,11.141103,-32.025276,Stein21,1
10407,11.1551,-0.9223,Storfer 2023,2
384,11.16897,-32.04345,Petrillo et al. 2019,1
385,11.183902740478516,8.1029691696167,Talbot,1
386,11.190395,-22.192509,Stein21,1
10408,11.20934134,-34.31249387,Storfer 2023,2
388,11.235219955444336,-8.39481258392334,Talbot,1
389,11.251203536987305,2.947804450988769,Talbot,1
390,11.267827,-21.036959,Stein21,1
391,11.287328,-5.178099,ODonnell22,1
392,11.35765,-47.880790000000005,Diehl et al. 2017,1
393,11.375,10.115277777777775,Canameras et al. 2020,1
394,11.41233,-24.567171,Stein21,1
395,11.429166666666667,-16.16361111111111,Canameras et al. 2020,1
396,11.43211,-29.12109,Petrillo et al. 2019,1
397,11.441675,-20.219726,ODonnell22,1
398,11.455148696899414,12.429116249084473,Talbot,1
399,11.459045,-1.726783,ODonnell22,1
400,11.493571,-51.994034,ODonnell22,1
401,11.50837,-1.94118,Jacobs et al. 2019b Huang et al. 2020a Jacobs et al. 2019b,1
402,11.546068,-18.271152,Stein21,1
10269,11.5581,-57.6993,Storfer 2023,2
404,11.558863,7.4949594,Stein21,1
405,11.581817626953123,-0.6261070370674133,Talbot,1
406,11.633579,-1.575573,ODonnell22,1
407,11.7,-18.68194444444445,Canameras et al. 2020,1
408,11.74831,1.46004,Jacobs et al. 2019b,1
409,11.75654,-29.08823,Jacobs et al. 2019b,1
410,11.77097,-29.2613,Petrillo et al. 2019,1
411,11.79501,-30.8903,Petrillo et al. 2019,1
412,11.877939,-17.3783,Stein21,1
413,11.881908416748049,22.24739646911621,Talbot,1
414,11.92348,-6.1032,Huang et al. 2020a,1
415,11.96161,5.13889,RCS2 J0047+0508,1
416,11.96966,-51.42503,Diehl et al. 2017,1
417,11.991182,-52.917494,ODonnell22,1
418,11.998551,-38.445885,Stein21,1
419,12.038461685180664,3.385528326034546,Talbot,1
420,12.045044,-19.92056,Stein21,1
421,12.04644,-31.39869,Petrillo et al. 2019,1
422,12.086809158325195,28.10319328308105,Talbot,1
423,12.09770965576172,20.81326484680176,Talbot,1
424,12.1134,3.18808,Jacobs et al. 2019b,1
425,12.121125,-61.138363,Stein21,1
426,12.1605,-35.2322,Li21,1
427,12.192318,-40.97758,Stein21,1
428,12.241037368774414,4.874332427978516,Talbot,1
429,12.289609909057615,34.00497817993164,Talbot,1
430,12.29203,-33.24469000000001,Petrillo et al. 2019,1
431,12.29672908782959,5.199207305908203,Talbot,1
432,12.33172,-35.4585,Li21,1
433,12.41908,-54.24943,Diehl et al. 2017,1
434,12.423267364501951,6.254316806793213,Talbot,1
10272,12.4931099,2.45440469,Storfer 2023,2
436,12.505904197692873,1.7208900451660156,Talbot,1
437,12.53104,-18.64376,Huang et al. 2020a,1
438,12.536311,-46.15554,Stein21,1
439,12.5375,10.937222222222225,Canameras et al. 2020,1
440,12.55113,-46.8621,Jacobs et al. 2019b,1
441,12.56969165802002,11.598682403564451,Talbot,1
442,12.61427,-51.6663,Diehl et al. 2017,1
443,12.615394592285156,1.2044750452041626,Talbot,1
444,12.670641899108888,7.984424114227295,Talbot,1
9435,12.7302,-17.3424,Huang 2022,2
446,12.743558883666992,6.655801773071289,Talbot,1
447,12.775472,-36.45672,Stein21,1
448,12.901972770690918,-5.495211124420166,Talbot,1
449,13.02912712097168,6.399062633514404,Talbot,1
450,13.04313,4.55925,RCS2 J0052+0433,1
11008,13.05368043,-46.84083089,Storfer 2023,2
452,13.116166,-20.850668,Stein21,1
453,13.173,-28.68961,Petrillo et al. 2019,1
454,13.31169,-48.80682,Diehl et al. 2017,1
455,13.323360443115234,0.1487584114074707,Talbot,1
456,13.342227,29.775053,Stein21,1
457,13.40746,-30.5145,Petrillo et al. 2019,1
458,13.408021,0.9213255,Stein21,1
459,13.41314,-5.03359,Jacobs et al. 2019b,1
460,13.41403,-29.93937,Petrillo et al. 2019,1
461,13.432625,25.26576,Stein21,1
462,13.484841,1.929614,SuGOHI8,1
463,13.498377,34.042151,Savary22,1
464,13.5148,-28.40404,Petrillo et al. 2019,1
465,13.539087,-56.39495,Stein21,1
466,13.595720000000002,-5.7105,Huang et al. 2020a,1
467,13.61897,-46.61549,Diehl et al. 2017,1
468,13.67557,-29.214440000000003,Petrillo et al. 2019,1
469,13.69911766052246,26.4194450378418,Talbot,1
470,13.721449,2.423029,SuGOHI8,1
471,13.755308,13.823887,Stein21,1
472,13.763470000000002,-31.30885,Petrillo et al. 2019,1
473,13.78288,-33.59474,Petrillo et al. 2019,1
474,13.78327,-27.402073,Stein21,1
475,13.84939,-29.49796,Petrillo et al. 2019,1
476,13.86865,-30.69241,Petrillo et al. 2019,1
10273,13.87232329,-61.15770038,Storfer 2023,2
478,13.89787,-29.88162,Petrillo et al. 2019,1
479,13.91815,-30.48673,Petrillo et al. 2019,1
480,13.92636,-1.0691700000000002,Huang et al. 2020a,1
481,13.94677,-31.65982,Petrillo et al. 2019,1
482,13.9873,-0.64955,Huang et al. 2020a,1
483,14.01051,3.01518,Huang et al. 2020a,1
484,14.01184,-30.07568,Petrillo et al. 2019,1
485,14.0683,-1.3924,Huang et al. 2020a,1
486,14.07303,-2.42619,Huang et al. 2020a,1
11015,14.12793223,-0.1900114269,Storfer 2023,2
488,14.13803,-23.080074,Stein21,1
489,14.21105,-41.29355,Jacobs et al. 2019b,1
490,14.23325,-30.42193,Petrillo et al. 2019,1
10418,14.25206473,-54.28230715,Storfer 2023,2
492,14.261690139770508,-6.615470409393311,Talbot,1
493,14.32895,-30.91721,Petrillo et al. 2019,1
494,14.339,-28.44439,Petrillo et al. 2019,1
495,14.352429999999998,-31.18158,Petrillo et al. 2019,1
496,14.36612,2.15944,RCS2 J0057+0209,1
497,14.38441,-32.39556,Petrillo et al. 2019,1
498,14.396567344665527,4.658842086791992,Talbot,1
499,14.39678,-59.08847,Jacobs et al. 2019b,1
500,14.40366,-48.804,Diehl et al. 2017,1
9447,14.4115,-29.9751,Huang 2022,2
502,14.435790061950684,11.964888572692873,Talbot,1
503,14.44523,-16.74573,Huang et al. 2020a,1
504,14.48981,-30.98366,Petrillo et al. 2019,1
505,14.520229999999998,-23.28713,Jacobs et al. 2019b,1
506,14.526111602783203,11.02614402770996,Talbot,1
507,14.59987,-30.82963,Petrillo et al. 2019,1
508,14.61986,-0.46274,Huang et al. 2020a,1
509,14.63356,1.5832906,Stein21,1
510,14.64465,-52.03323,Jacobs et al. 2019b,1
511,14.649020000000002,-32.96703,Petrillo et al. 2019,1
512,14.676479999999998,-29.81067,Petrillo et al. 2019,1
513,14.69344,-33.56031,Petrillo et al. 2019,1
514,14.69796,0.23549,Huang et al. 2020a,1
515,14.702191,-28.011399,ODonnell22,1
516,14.712681,-13.533142,Stein21,1
517,14.71546,-33.03577,Petrillo et al. 2019,1
518,14.715979999999998,-0.35091,Huang et al. 2020a,1
519,14.7385,-31.0228,Petrillo et al. 2019,1
520,14.74944,-49.24327,Diehl et al. 2017,1
521,14.828538,-33.03296,Stein21,1
522,14.906632,1.125495,SuGOHI8,1
523,14.98036,-30.03101,Petrillo et al. 2019,1
524,14.987075805664062,0.4621363878250122,Talbot,1
525,14.989477157592772,-0.3314217031002044,Talbot,1
526,15.008333333333333,-13.193611111111114,Canameras et al. 2020,1
527,15.011747360229492,9.588263511657717,Talbot,1
528,15.037439,-39.61517,ODonnell22,1
529,15.04469,-33.68272,Petrillo et al. 2019,1
530,15.045370000000002,-33.94637,Petrillo et al. 2019,1
531,15.05764,-34.36723,Petrillo et al. 2019,1
532,15.05862,1.84803,Huang et al. 2020a,1
533,15.061890602111816,-1.29804790019989,Talbot,1
534,15.06408,-0.27179,Huang et al. 2020a,1
535,15.07213,0.00271,Huang et al. 2020a,1
11024,15.08039641,-21.3817744,Storfer 2023,2
537,15.089921,-0.730342,SuGOHI8,1
538,15.10929,-31.25675,Petrillo et al. 2019,1
539,15.118633270263672,-6.233535289764404,Talbot,1
540,15.13269,-31.7139,Petrillo et al. 2019,1
541,15.15,23.770277777777785,Canameras et al. 2020,1
542,15.1785,-18.87793,Huang et al. 2020a,1
543,15.1912,3.72211,Huang et al. 2020a,1
544,15.211616,-22.373678,Stein21,1
545,15.24027,-16.95419,Huang et al. 2020a,1
546,15.25703,-17.75613,Huang et al. 2020a,1
547,15.26676,-17.53436,Huang et al. 2020a,1
548,15.285101890563965,-2.724870681762696,Talbot,1
549,15.29914,0.16731,Huang et al. 2020a,1
550,15.304814,-23.45173,Stein21,1
11027,15.3225,-31.4911,Storfer 2023,2
552,15.347883224487305,-5.474836826324463,Talbot,1
553,15.3533,-17.019170000000003,Huang et al. 2020a,1
11029,15.35419009,-48.69054082,Storfer 2023,2
555,15.35936,-29.79685,Petrillo et al. 2019,1
556,15.36276,-0.90787,Huang et al. 2020a,1
557,15.36604,-33.72201,Jacobs et al. 2019b,1
11031,15.37797307,-32.594638,Storfer 2023,2
559,15.3792,-3.3438,Huang et al. 2020a,1
560,15.3813,0.5701,Huang et al. 2020a,1
561,15.40985,-41.33456,Diehl et al. 2017,1
562,15.41355,-47.22549,Diehl et al. 2017,1
563,15.44151,3.23993,Huang et al. 2020a,1
564,15.4610595703125,6.323830604553223,Talbot,1
565,15.479166666666664,-13.688611111111117,Canameras et al. 2020,1
566,15.483179,23.449379,Stein21,1
567,15.488588,-20.520935,Stein21,1
568,15.49182,-49.29394,Jacobs et al. 2019b,1
569,15.49593,-31.59905,Petrillo et al. 2019,1
9186,15.4982,-21.4487,Huang 2022,2
571,15.506659,2.901355,SuGOHI8,1
572,15.51229,-15.00786,Jacobs et al. 2019b,1
573,15.54271,-29.974390000000003,Petrillo et al. 2019,1
574,15.543029999999998,-0.3184,Huang et al. 2020a,1
575,15.56818,26.424822,Stein21,1
576,15.57214,-33.632490000000004,Petrillo et al. 2019,1
577,15.5823,-34.06263,Petrillo et al. 2019,1
578,15.59256,-33.86502,Petrillo et al. 2019,1
579,15.62009,-0.42067,Huang et al. 2020a,1
580,15.63024,-33.61439,Petrillo et al. 2019,1
581,15.65306,-0.09633,Huang et al. 2020a,1
582,15.65327,-44.66866,Diehl et al. 2017,1
583,15.65524,-30.58582,Petrillo et al. 2019,1
584,15.655507,-15.3585005,Stein21,1
585,15.65959,1.98243,Jacobs et al. 2019b,1
586,15.7134,-31.07755,Petrillo et al. 2019,1
587,15.732487678527832,15.389898300170898,Talbot,1
9187,15.7396,-29.1895,Huang 2022,2
589,15.77502,-43.381440000000005,Jacobs et al. 2019b,1
590,15.80704,-17.75309,Huang et al. 2020a,1
591,15.8163,0.0822,SuGOHI5 DECaLS,1
592,15.833679,-22.569459,ODonnell22,1
593,15.834611,0.7318889,Stein21,1
594,15.83985996246338,-1.0367262363433838,Talbot,1
11039,15.95135622,-38.46033274,Storfer 2023,2
596,15.96686,-18.02711,Huang et al. 2020a,1
597,15.98308,0.31871,Huang et al. 2020a,1
598,16.054046630859375,20.79354476928711,Talbot,1
599,16.09836,-53.69944,Diehl et al. 2017,1
600,16.11608,-34.14795,Petrillo et al. 2019,1
601,16.119535446166992,-4.755872249603272,Talbot,1
602,16.14388,-0.51847,Huang et al. 2020a,1
603,16.1452,3.903,Wong21,1
604,16.150660000000002,-0.57802,Huang et al. 2020a,1
605,16.17628,-2.44913,Huang et al. 2020a,1
606,16.185633,-19.025639,Stein21,1
607,16.18894,-0.58085,Huang et al. 2020a,1
608,16.20315,-0.62263,Huang et al. 2020a,1
609,16.21195,0.42073,Huang et al. 2020a,1
610,16.2307,0.0601,SuGOHI5,1
611,16.24869,-45.60174,Diehl et al. 2017,1
612,16.29208,-18.38948,Huang et al. 2020a,1
613,16.29949,-0.06899,Huang et al. 2020a,1
614,16.317,1.4392,SuGOHI5,1
615,16.32004,0.91626,Huang et al. 2020a,1
616,16.33185,1.7490400000000002,Jacobs et al. 2019b Huang et al. 2020a,1
617,16.33253,-33.93077,Petrillo et al. 2019,1
618,16.37603759765625,19.728395462036133,Talbot,1
619,16.37624,-29.8803,Jacobs et al. 2019b,1
620,16.38661766052246,8.90911865234375,Talbot,1
621,16.3969,0.1169,Huang et al. 2020a,1
11043,16.4186,-39.6573,Storfer 2023,3
623,16.4499,-50.971070000000005,Diehl et al. 2017,1
624,16.45017,-37.42846,Jacobs et al. 2019b,1
625,16.46254,2.86137,Huang et al. 2020a,1
626,16.46984,-35.34192,Li21,1
627,16.471353,-5.571992,Rojas21,1
628,16.48832,-0.17744,Huang et al. 2020a,1
11046,16.48942478,-39.60218799,Storfer 2023,2
10428,16.49308262,-34.23827684,Storfer 2023,2
631,16.4942,-45.40159,Diehl et al. 2017,1
632,16.513657,-30.09764,Stein21,1
633,16.51807,-49.13694,Diehl et al. 2017,1
634,16.52298,0.5463,Huang et al. 2020a,1
635,16.5306,-33.83204,Petrillo et al. 2019,1
636,16.53554,-0.2138699999999999,Huang et al. 2020a,1
637,16.56379,1.7434,Shu22,1
638,16.57242,-53.92721,Diehl et al. 2017,1
639,16.65219,-1.00258,Shu22,1
640,16.673124313354492,4.389644622802734,Talbot,1
641,16.67529,-34.40028,Petrillo et al. 2019,1
642,16.71496,-62.97051,Jacobs et al. 2019b,1
643,16.746389999999998,-44.53373,Jacobs et al. 2019b,1
644,16.752628326416016,-3.2030813694000244,Talbot,1
645,16.759724,-6.2773604,Stein21,1
646,16.7735,2.14793,Canameras22,1
647,16.7876,1.2914,SuGOHI5 DECaLS,1
648,16.78855,-0.3179,Shu22,1
649,16.80094,-16.857960000000002,Huang et al. 2020a,1
650,16.85539,-0.73198,Huang et al. 2020a,1
651,16.85973,3.21361,Huang et al. 2020a,1
652,16.87787,0.15571,Shu22,1
653,16.911678314208984,10.68127155303955,Talbot,1
654,16.916527,-36.154224,Stein21,1
655,16.91989,-5.3919,Huang et al. 2020a,1
656,16.922810000000002,-3.86796,Huang et al. 2020a,1
657,16.93494987487793,6.746208190917969,Talbot,1
658,16.94317,1.2221,Shu22,1
659,16.9681,2.3132,SuGOHI5,1
660,16.96818,0.35668,Huang et al. 2020a,1
661,16.96953,-14.44798,Huang et al. 2020a,1
662,16.99012,1.47583,Shu22,1
663,17.02972,-3.57957,Huang et al. 2020a,1
664,17.06532,-34.45714,Petrillo et al. 2019,1
665,17.070833333333333,-14.307222222222224,Canameras et al. 2020,1
666,17.08297,-29.658690000000004,Petrillo et al. 2019,1
667,17.111823,-26.3387,Rojas21,1
668,17.145788192749023,-0.2215912342071533,Talbot,1
669,17.175093,6.4121027,Stein21,1
670,17.202177,-31.876516,Stein21,1
671,17.20611,-56.727314,Stein21,1
672,17.231035,-28.03187,Stein21,1
673,17.23622,-17.92411,Huang et al. 2020a,1
674,17.24457,-31.40892,Petrillo et al. 2019,1
675,17.294520000000002,-4.91948,Jacobs et al. 2019b,1
676,17.3293,1.8917,SuGOHI5,1
677,17.381063,13.333031,Stein21,1
678,17.3869,-33.82333,Petrillo et al. 2019,1
679,17.39986,-31.16004,Petrillo et al. 2019,1
680,17.43502,-14.66002,Huang et al. 2020a,1
681,17.461387634277344,3.8691794872283936,Talbot,1
682,17.46945,-33.59256,Jacobs et al. 2019b,1
683,17.52396,-2.5417400000000003,Huang et al. 2020a,1
684,17.537470000000006,-31.78586,Petrillo et al. 2019,1
685,17.5628,0.02829,Canameras22,1
686,17.5715,-26.8684,Jacobs et al. 2019b,1
11057,17.57584581,19.63861809,Storfer 2023,2
688,17.57801,-24.380287,Stein21,1
689,17.589874267578125,7.058976650238037,Talbot,1
690,17.645914,-15.354332,Stein21,1
691,17.648787,8.68604,Stein21,1
692,17.67165,-32.42941,Petrillo et al. 2019,1
693,17.708333333333332,-8.1625,Canameras et al. 2020,1
694,17.751665115356445,4.147510528564453,Talbot,1
695,17.807371,1.0525776,Stein21,1
696,17.8247,-32.00523,Petrillo et al. 2019,1
697,17.832415,36.918446,Savary22,1
698,17.8625,10.984444444444444,Canameras et al. 2020,1
699,17.889034,-24.902649,Stein21,1
700,17.95326,-34.38149,Petrillo et al. 2019,1
701,17.9534,-0.018,SuGOHI5,1
702,17.995527,-39.12831,Stein21,1
703,18.04145,0.1861,Huang et al. 2020a,1
704,18.04309844970703,6.182116508483887,Talbot,1
705,18.07535,-4.58298,Jacobs et al. 2019b Huang et al. 2020a Jacobs et al. 2019b,1
706,18.106874465942383,2.8846797943115234,Talbot,1
707,18.1073,-0.3797,SuGOHI5,1
708,18.10742,2.37726,Huang et al. 2020a,1
709,18.1168,1.28199,Canameras22,1
710,18.17065,-33.13971,Petrillo et al. 2019,1
711,18.17142,-19.04563,Jacobs et al. 2019b Huang et al. 2020a Jacobs et al. 2019b,1
11063,18.17450729,-55.16472025,Storfer 2023,2
713,18.19228,-34.15278,Petrillo et al. 2019,1
714,18.1975,0.8818,SuGOHI5,1
715,18.21888,-33.90538,Petrillo et al. 2019,1
716,18.2496,0.7886,SuGOHI5,1
12338,18.252396,2.846168,BELLSG,2
718,18.25476,-3.72102,Huang et al. 2020a,1
719,18.2679,0.83213,Shu22,1
720,18.302078,25.084242,Stein21,1
721,18.3292236328125,28.50286102294922,Talbot,1
722,18.38407,-30.8492,Petrillo et al. 2019,1
11065,18.38966715,-38.22025939,Storfer 2023,2
724,18.40395,-18.99417,Huang et al. 2020a,1
725,18.47008,3.49684,Huang et al. 2020a,1
726,18.487911224365234,3.551898717880249,Talbot,1
727,18.48794,-29.4109,Jacobs et al. 2019b,1
728,18.49069,-32.50571,Petrillo et al. 2019,1
729,18.53489,-36.22043,Jacobs et al. 2019b,1
730,18.561428,-2.099786,Stein21,1
731,18.563358,-53.06492,Stein21,1
732,18.576235,-25.946394,Stein21,1
733,18.59583333333333,-10.201666666666666,Canameras et al. 2020,1
734,18.6207,2.8903,SuGOHI5,1
735,18.62312,-30.77813,Petrillo et al. 2019,1
736,18.63053131103516,-2.486876964569092,Talbot,1
737,18.640535,-23.463194,Stein21,1
738,18.68039,-41.39907,Diehl et al. 2017,1
739,18.693281,2.7088406,Stein21,1
740,18.7343,-31.12801,Petrillo et al. 2019,1
741,18.73845,-31.35251,Petrillo et al. 2019,1
742,18.78656959533692,20.371658325195312,Talbot,1
743,18.84148,-30.84428,Petrillo et al. 2019,1
744,18.87535,-31.82044,Petrillo et al. 2019,1
745,18.90833333333333,-30.26361111111111,Canameras et al. 2020,1
746,18.92008,-35.33872,Jacobs et al. 2019b,1
747,18.98830795288086,5.553275108337402,Talbot,1
748,18.98918,-32.32113,Petrillo et al. 2019,1
749,19.0011,2.47536,Shu22,1
750,19.00718688964844,0.1955879926681518,Talbot,1
751,19.03047,-28.20691,Jacobs et al. 2019b,1
752,19.08862,-30.25257,Petrillo et al. 2019,1
753,19.105076,-49.916008,Stein21,1
754,19.13478,-33.08319,Petrillo et al. 2019,1
755,19.15662,-50.77535,Diehl et al. 2017,1
756,19.19208,-33.76894,Petrillo et al. 2019,1
757,19.19494,-24.61724,Jacobs et al. 2019b,1
758,19.20388,-0.51725,Shu22,1
759,19.23399,-29.32333,Petrillo et al. 2019,1
760,19.34539031982422,-1.183637022972107,Talbot,1
761,19.38473,-33.26644,Petrillo et al. 2019,1
762,19.3902645111084,17.86433982849121,Talbot,1
10275,19.42979809,-48.70965833,Storfer 2023,2
764,19.466110229492188,-0.2772741019725799,Talbot,1
765,19.47148,-31.85513,Petrillo et al. 2019,1
766,19.48697,-24.47351,Jacobs et al. 2019b,1
767,19.4934,-30.44612,Petrillo et al. 2019,1
768,19.494770000000003,-5.45492,Jacobs et al. 2019b Huang et al. 2020a Jacobs et al. 2019b,1
11079,19.50042197,11.05523578,Storfer 2023,2
770,19.504350662231445,8.888163566589355,Talbot,1
771,19.5136,-31.88462,Petrillo et al. 2019,1
772,19.51557,-28.86438,Petrillo et al. 2019,1
11081,19.52439956,-56.63117327,Storfer 2023,2
774,19.5375,3.304444444444444,Canameras et al. 2020,1
11083,19.58847711,-13.53404194,Storfer 2023,2
776,19.6559,1.84779,Shu22,1
777,19.66181,-5.44411,Huang et al. 2020a,1
10276,19.6775,-61.9369,Storfer 2023,2
779,19.7436580657959,1.238572359085083,Talbot,1
780,19.77356,-28.68702,Petrillo et al. 2019,1
781,19.84587,-29.34212,Petrillo et al. 2019,1
782,19.85811,-33.94951,Petrillo et al. 2019,1
783,19.8624,1.2347,SuGOHI5,1
784,19.876686,-44.137653,Stein21,1
785,19.89221,-30.61063,Petrillo et al. 2019,1
786,19.89763,-12.82535,Huang et al. 2020a,1
787,19.90391,-31.09028,Petrillo et al. 2019,1
788,19.91277,-59.06229,Stein21,1
789,19.94356918334961,-2.7307441234588623,Talbot,1
790,19.95133,-29.13972,Petrillo et al. 2019,1
791,19.954975128173828,1.030885100364685,Talbot,1
792,19.97589,13.542879,Stein21,1
793,20.04071,-11.348333,Stein21,1
794,20.069562911987305,30.43148231506348,Talbot,1
795,20.07064,-30.79788,Petrillo et al. 2019,1
796,20.075568,0.190486,SuGOHI8,1
797,20.10187149047852,6.823163986206055,Talbot,1
798,20.10736,-18.33381,Jacobs et al. 2019b,1
799,20.13592,-30.392640000000004,Petrillo et al. 2019,1
800,20.17597,-51.73141,Jacobs et al. 2019b Diehl et al. 2017,1
801,20.19917,-28.79107,Petrillo et al. 2019,1
802,20.21765,-15.40024,Jacobs et al. 2019b,1
803,20.21825,-31.481140000000003,Petrillo et al. 2019,1
804,20.25145,-30.4231,Petrillo et al. 2019,1
805,20.253189086914062,4.77433967590332,Talbot,1
806,20.27263,-0.38105,Shu22,1
807,20.2893,-24.51592,Jacobs et al. 2019b,1
808,20.29754,-32.384570000000004,Petrillo et al. 2019,1
809,20.34769,-33.85981,Petrillo et al. 2019,1
810,20.35171,0.16543,Huang et al. 2020a,1
811,20.36117,-44.99459,Diehl et al. 2017,1
812,20.36913299560547,17.98920249938965,Talbot,1
813,20.44706,-28.75272,Petrillo et al. 2019,1
814,20.452398,-18.132006,Stein21,1
815,20.47003,-34.11674,Petrillo et al. 2019,1
816,20.47116,-17.927410000000002,Huang et al. 2020a,1
817,20.479902,-18.652456,Stein21,1
818,20.48586,-28.8198,Petrillo et al. 2019,1
819,20.50437,-58.62184,Jacobs et al. 2019b Diehl et al. 2017,1
820,20.52727,-4.81174,Huang et al. 2020a,1
821,20.57677,-30.7646,Petrillo et al. 2019,1
10440,20.61367331,-36.90740852,Storfer 2023,2
823,20.61802,-27.8613,Petrillo et al. 2019,1
824,20.64059,-28.99001,Petrillo et al. 2019,1
825,20.64334,-30.0708,Petrillo et al. 2019,1
826,20.64975,-30.62364,Petrillo et al. 2019,1
827,20.67203,-29.2129,Petrillo et al. 2019,1
828,20.69444,-27.55613,Li21,1
829,20.70588,-32.281,Petrillo et al. 2019,1
830,20.72905731201172,30.48126220703125,Talbot,1
831,20.74977,-54.95782,Diehl et al. 2017,1
832,20.75982,-13.22273,Huang et al. 2020a,1
833,20.785,1.1743,Wong21,1
834,20.785755,-18.729753,Stein21,1
11096,20.79570014,-48.35626072,Storfer 2023,2
836,20.91379,-29.181040000000007,Petrillo et al. 2019,1
837,20.92202,-31.97581,Petrillo et al. 2019,1
838,20.93636,-29.155579,Stein21,1
839,20.95954,-52.44416,Diehl et al. 2017,1
840,21.0106,-0.76648,Shu22,1
841,21.02064,-30.8456,Petrillo et al. 2019,1
842,21.021,-34.46076,Petrillo et al. 2019,1
843,21.0477,2.8654,Wong21,1
844,21.08599,-24.02993,Jacobs et al. 2019b,1
845,21.11886,-29.31561,Jacobs et al. 2019b,1
846,21.13009,-52.11745,Jacobs et al. 2019b,1
847,21.17193,-1.95944,Jacobs et al. 2019b,1
848,21.19901,-34.07325,Petrillo et al. 2019,1
849,21.22109,-14.71738,Jacobs et al. 2019b,1
850,21.22401,-34.373740000000005,Petrillo et al. 2019,1
851,21.23890686035156,15.18949031829834,Talbot,1
852,21.26461,-36.76638,Jacobs et al. 2019b,1
853,21.30328750610352,22.9553451538086,Talbot,1
854,21.32309341430664,-1.1970322132110596,Talbot,1
11099,21.35646726,-13.03098525,Storfer 2023,2
856,21.362005,-61.6441,Stein21,1
857,21.38456153869629,10.447273254394531,Talbot,1
858,21.389652252197266,-4.204147815704346,Talbot,1
859,21.38994,-41.70499,Jacobs et al. 2019b Diehl et al. 2017,1
860,21.39571189880371,22.28540229797364,Talbot,1
861,21.47881317138672,17.916852951049805,Talbot,1
862,21.49388,0.28713,Shu22,1
863,21.5286,2.5833,SuGOHI5,1
864,21.54392,-0.58831,Huang et al. 2020a,1
865,21.54952,-13.27835,Jacobs et al. 2019b,1
866,21.552940368652344,8.017035484313965,Talbot,1
867,21.56907,-30.50506,Petrillo et al. 2019,1
868,21.6021,-0.63916,Shu22,1
869,21.61307,-34.0445,Petrillo et al. 2019,1
870,21.647991,4.526526,Stein21,1
871,21.656494,16.35075,Stein21,1
872,21.66229820251465,30.044771194458008,Talbot,1
873,21.662918,-34.967102,Stein21,1
874,21.68207,-29.39043,Petrillo et al. 2019,1
875,21.69769,-28.80421,Petrillo et al. 2019,1
876,21.77275,-27.74967,Petrillo et al. 2019,1
877,21.80208,-31.12038,Petrillo et al. 2019,1
878,21.81281,-31.64079000000001,Petrillo et al. 2019,1
879,21.81908,-33.36483,Petrillo et al. 2019,1
880,21.83346176147461,-4.103847503662109,Talbot,1
881,21.836565,22.621656,Stein21,1
882,21.8474,1.3026,SuGOHI5,1
883,21.85179,-5.75598,Huang et al. 2020a,1
884,21.86093,-32.79685,Petrillo et al. 2019,1
885,21.88978385925293,-8.09127140045166,Talbot,1
886,21.92292,-28.11041,Petrillo et al. 2019,1
887,21.953813552856445,-4.925583362579346,Talbot,1
888,21.96366,0.09749,Huang et al. 2020a,1
889,21.97158,-45.54274,Jacobs et al. 2019b,1
890,22.05267000000001,-29.53452,Petrillo et al. 2019,1
891,22.09254,-29.612990000000003,Petrillo et al. 2019,1
892,22.14375,-29.091990000000006,Petrillo et al. 2019,1
893,22.145397186279297,17.841230392456055,Talbot,1
894,22.23240852355957,21.369543075561523,Talbot,1
895,22.251122,-5.5758286,Stein21,1
896,22.251442,-30.554825,Stein21,1
897,22.2775,0.64851,Canameras22,1
898,22.294377,-16.684065,ODonnell22,1
899,22.33894,0.65466,Huang et al. 2020a,1
900,22.38341,-11.70389,Jacobs et al. 2019b,1
8979,22.3887,-15.1097,Huang 2022,2
902,22.42498,-27.87664,Petrillo et al. 2019,1
903,22.42969,-30.11464,Petrillo et al. 2019,1
904,22.45370864868164,-4.5000081062316895,Talbot,1
905,22.4562,-31.34715,Petrillo et al. 2019,1
906,22.45725,-30.40705,Petrillo et al. 2019,1
907,22.465014,-10.959306,Stein21,1
908,22.4759,0.63361,Canameras22,1
909,22.47713279724121,22.23455810546875,Talbot,1
910,22.48437690734864,19.92523765563965,Talbot,1
911,22.500881,-29.267897,Stein21,1
10278,22.51206743,-37.74941171,Storfer 2023,2
913,22.60423851013184,33.44651794433594,Talbot,1
10447,22.61042637,-15.33695806,Storfer 2023,2
915,22.6289,-30.45799,Petrillo et al. 2019,1
916,22.64092445373535,26.210119247436523,Talbot,1
917,22.683629989624023,0.6521599888801575,Talbot,1
918,22.706923,-42.811337,Stein21,1
919,22.7106,-16.002370000000003,Jacobs et al. 2019b Huang et al. 2020a Jacobs et al. 2019b,1
920,22.827369689941406,5.680813789367676,Talbot,1
921,22.87059593200684,21.28974723815918,Talbot,1
922,22.94273,-29.66703,Petrillo et al. 2019,1
923,22.94459,-28.38517,Petrillo et al. 2019,1
924,22.985792,-20.790586,Stein21,1
925,23.000564575195312,-1.472465753555298,Talbot,1
926,23.071312,32.16752,Stein21,1
927,23.078814,-6.3251696,Stein21,1
928,23.093978881835938,-0.185239553451538,Talbot,1
929,23.12834,-28.75291,Petrillo et al. 2019,1
930,23.1965,1.2627,SuGOHI5,1
931,23.20825,-47.127,Jacobs et al. 2019b,1
932,23.221250534057617,19.0836181640625,Talbot,1
933,23.245455,1.3574666,Stein21,1
934,23.24608421325684,-5.295412540435791,Talbot,1
935,23.252742767333984,18.659421920776367,Talbot,1
936,23.28681373596192,0.822862446308136,Talbot,1
937,23.307302474975582,1.3567428588867188,Talbot,1
938,23.32823371887207,3.357853651046753,Talbot,1
939,23.34212,-12.867,Jacobs et al. 2019b,1
940,23.36279,-31.61788,Jacobs et al. 2019b,1
941,23.3816,-26.672812,Stein21,1
942,23.395570000000006,-29.32614,Petrillo et al. 2019,1
943,23.40117,-32.18734,Li21,1
944,23.45121383666992,25.49937629699707,Talbot,1
945,23.47773,-64.57028000000001,Jacobs et al. 2019b,1
946,23.479261,-10.96122,Stein21,1
947,23.51542,-30.54075,Petrillo et al. 2019,1
948,23.515970000000003,-20.11916,Jacobs et al. 2019b,1
949,23.56563,-29.177740000000004,Jacobs et al. 2019b,1
950,23.56964683532715,21.503881454467773,Talbot,1
951,23.57275009155273,23.402881622314453,Talbot,1
952,23.645836,2.6825829,Stein21,1
953,23.6659,-6.93438,Huang et al. 2020a,1
954,23.67655,4.5639,Huang et al. 2020a,1
955,23.705286,0.8656895,Stein21,1
956,23.73108,-46.03117,Diehl et al. 2017,1
957,23.75979804992676,0.1315908282995224,Talbot,1
958,23.77903,1.53061,Huang et al. 2020a,1
959,23.800351,-23.473269,ODonnell22,1
9495,23.8146,-17.4043,Huang 2022,2
961,23.84512,-42.53987,Jacobs et al. 2019b Diehl et al. 2017,1
962,23.9146,2.9376,Wong21,1
963,23.925281524658203,-4.145289897918701,Talbot,1
964,23.92831,-20.55986,Jacobs et al. 2019b,1
965,24.02415,-28.71448,Petrillo et al. 2019,1
966,24.1141,-6.6124578,Stein21,1
11123,24.13135882,-27.74197612,Storfer 2023,2
968,24.15,-17.984722222222224,Canameras et al. 2020,1
969,24.1631,0.1383599999999999,Jacobs et al. 2019b Huang et al. 2020a Jacobs et al. 2019b,1
970,24.17633,-19.76814,Jacobs et al. 2019b,1
971,24.21191,-22.00758,Jacobs et al. 2019b,1
972,24.3285,-8.51552,Jacobs et al. 2019b,1
973,24.35639190673828,4.022209167480469,Talbot,1
974,24.372653,-10.656303,Rojas21,1
975,24.385654,21.15675,Stein21,1
976,24.385780334472656,4.766157150268555,Talbot,1
977,24.39204,-28.72298,Petrillo et al. 2019,1
978,24.40932846069336,6.199718952178955,Talbot,1
979,24.4375,-16.338055555555556,Canameras et al. 2020,1
980,24.441565,-8.828331,Stein21,1
981,24.503646850585938,30.274581909179688,Talbot,1
982,24.517480850219727,4.996222496032715,Talbot,1
983,24.553617477416992,7.67321252822876,Talbot,1
984,24.5586,-29.43054,Petrillo et al. 2019,1
985,24.56273,-46.01312,Diehl et al. 2017,1
986,24.59567,-28.73555,Jacobs et al. 2019b,1
987,24.634822845458984,11.03205394744873,Talbot,1
988,24.70119,-7.53493,Huang et al. 2020a,1
989,24.701396942138672,22.18852806091309,Talbot,1
990,24.718918,-31.321907,Stein21,1
991,24.74166666666667,2.7897222222222213,Canameras et al. 2020,1
992,24.778631,20.254995,Stein21,1
993,24.83191,-30.70517000000001,Petrillo et al. 2019,1
994,24.86544,-29.59933,Petrillo et al. 2019,1
11131,24.9740262,-63.86782664,Storfer 2023,2
996,25.031986236572266,1.4676642417907717,Talbot,1
997,25.067174911499023,-3.4528112411499023,Talbot,1
11134,25.14155363,-55.00383699,Storfer 2023,2
999,25.2541,-13.0509,Jacobs et al. 2019b,1
1000,25.257343292236328,3.4616591930389404,Talbot,1
1001,25.25906753540039,18.512630462646484,Talbot,1
1002,25.275,-17.223333333333333,Canameras et al. 2020 Huang et al. 2020a Jacobs et al. 2019b Jacobs et al. 2019b,1
1003,25.28847312927246,-8.435713768005371,Talbot,1
1004,25.37083333333333,-22.945277777777783,Canameras et al. 2020,1
1005,25.39168,-40.67592,Jacobs et al. 2019b,1
1006,25.43720436096192,17.612279891967773,Talbot,1
1007,25.443309783935547,28.34282684326172,Talbot,1
1008,25.444098,-31.112558,Stein21,1
10455,25.46241713,-14.31014496,Storfer 2023,2
9512,25.4848,30.7585,Huang 2022,2
1011,25.54011,-50.54101,Diehl et al. 2017,1
1012,25.57455062866211,10.707383155822754,Talbot,1
1013,25.61312,-30.50543,Petrillo et al. 2019,1
1014,25.61895,-29.75402,Petrillo et al. 2019,1
1015,25.625517,21.309124,Stein21,1
1016,25.63712,-57.925014,Stein21,1
1017,25.6457,-16.80487,Jacobs et al. 2019b,1
1018,25.7203,-18.52105,Jacobs et al. 2019b,1
1019,25.748226165771484,0.0028307551983743,Talbot,1
1020,25.767704,6.473475,Stein21,1
1021,25.80483,-50.17021,Jacobs et al. 2019b,1
1022,25.805578,-32.003235,Stein21,1
10457,25.80610036,-24.48200917,Storfer 2023,2
1024,25.83097,-32.32071,Li21,1
9516,25.836,-27.2964,Huang 2022,2
1026,25.83613,-10.06797,Huang et al. 2020a,1
1027,25.843860626220703,1.858561992645264,Talbot,1
1028,25.858949661254883,9.645767211914062,Talbot,1
1029,25.86222,-8.83925,Jacobs et al. 2019b,1
1030,25.87569,-47.35981,Diehl et al. 2017,1
1031,25.922895431518555,19.76483154296875,Talbot,1
1032,25.95833333333333,16.1275,Canameras et al. 2020,1
1033,25.99289,-49.14618,Diehl et al. 2017,1
1034,26.01258,-32.2103,Li21,1
1035,26.016763,-0.129585,SuGOHI8 DES,1
1036,26.035975,-32.093212,Stein21,1
1037,26.038568,-14.517045,Stein21,1
1038,26.06162,-29.98238,Petrillo et al. 2019,1
1039,26.13829,-45.38385,Diehl et al. 2017,1
1040,26.13855,-11.70328,Jacobs et al. 2019b Huang et al. 2020a,1
1041,26.14155387878418,-8.276073455810547,Talbot,1
1042,26.154312,7.266591,Stein21,1
1043,26.1563,-30.61262,Petrillo et al. 2019,1
10280,26.1684,-22.2294,Storfer 2023,2
1045,26.18374,-28.80131,Petrillo et al. 2019,1
1046,26.24507,-1.59338,Huang et al. 2020a,1
1047,26.266666666666666,-4.930833333333334,Canameras et al. 2020 Huang et al. 2020a Jacobs et al. 2019b,1
1048,26.27708,-0.72845,Huang et al. 2020a,1
11152,26.3037,1.6196,Storfer 2023,2
1050,26.342863082885746,-10.422659873962402,Talbot,1
1051,26.375994,-11.029456,Stein21,1
1052,26.39699,-31.54319,Li21,1
1053,26.40999,-30.99338,Li21,1
1054,26.44493,-35.69093,Jacobs et al. 2019b,1
1055,26.48478,4.04139,Jacobs et al. 2019b Huang et al. 2020a Jacobs et al. 2019b,1
1056,26.513947,-59.444477,Stein21,1
11153,26.51584707,-26.74925765,Storfer 2023,2
1058,26.51955,-45.50924,Stein21,1
1059,26.58881,-28.92753,Petrillo et al. 2019,1
1060,26.61666666666667,-6.0152777777777775,Canameras et al. 2020,1
1061,26.61739,-33.77377,Stein21,1
1062,26.666603088378903,29.28336906433105,Talbot,1
1063,26.73342,-9.49779,Jacobs et al. 2019b CSWA 22,1
1064,26.74374389648437,21.798315048217773,Talbot,1
10466,26.74433034,-26.77129553,Storfer 2023,2
1066,26.752740000000003,-42.95386,Diehl et al. 2017,1
11156,26.80807522,-12.11336953,Storfer 2023,2
10469,26.87862275,-45.12631718,Storfer 2023,2
10281,26.91700019,-63.52485145,Storfer 2023,2
11157,26.9208,-47.4445,Storfer 2023,2
1071,26.93271,-17.489418,Stein21,1
1072,26.95277214050293,12.60993480682373,Talbot,1
1073,27.008922576904297,21.99019432067871,Talbot,1
1074,27.05,-19.265277777777783,Canameras et al. 2020,1
1075,27.081953,-53.33407,Stein21,1
1076,27.09046936035156,33.40521240234375,Talbot,1
1077,27.13131,-22.85774,Jacobs et al. 2019b,1
1078,27.163084,-44.432137,Stein21,1
1079,27.18497,-43.678540000000005,Diehl et al. 2017,1
1080,27.25469398498535,22.34652328491211,Talbot,1
8985,27.2716,-16.9818,Huang 2022,2
1082,27.28328,-31.6273,Jacobs et al. 2019b,1
9526,27.3253,-30.3055,Huang 2022,2
1084,27.32835,-13.81795,Jacobs et al. 2019b Huang et al. 2020a Jacobs et al. 2019b,1
1085,27.35922,-38.4254,Jacobs et al. 2019b,1
11159,27.37592951,-45.83978143,Storfer 2023,2
1087,27.411232,13.780492,Stein21,1
1088,27.437140000000003,-38.11493,Jacobs et al. 2019b,1
1089,27.47387,-13.10269,Jacobs et al. 2019b,1
1090,27.537940000000003,-3.0773,Jacobs et al. 2019b,1
1091,27.53878,-12.32843,Huang et al. 2020a,1
1092,27.545996,-16.829578,Stein21,1
1093,27.575249,-30.759085,Stein21,1
1094,27.59583333333333,3.398055555555556,Canameras et al. 2020,1
1095,27.598656,-31.71096,Stein21,1
11162,27.60390986,-41.19234508,Storfer 2023,2
1097,27.609590530395508,-3.17761754989624,Talbot,1
1098,27.65122,-55.46542,Diehl et al. 2017,1
1099,27.65484046936035,3.5970160961151123,Talbot,1
10475,27.6765268,-2.701816597,Storfer 2023,2
1101,27.70849,-22.27092,Jacobs et al. 2019b,1
1102,27.73769,-55.534780000000005,Diehl et al. 2017,1
1103,27.76238441467285,4.336984157562256,Talbot,1
1104,27.817757,-35.737442,Stein21,1
1105,27.856563568115234,3.8725016117095934,Talbot,1
1106,27.86651992797852,-2.1761302947998047,Talbot,1
1107,27.88724,-8.576419999999999,Huang et al. 2020a,1
1108,27.95172,-32.62105,Jacobs et al. 2019b,1
1109,27.97232,-14.80689,Huang et al. 2020a,1
1110,28.01996612548828,4.202696323394775,Talbot,1
1111,28.06807,-58.64509,Jacobs et al. 2019b,1
1112,28.14358,-28.893791,ODonnell22,1
1113,28.22211647033692,18.421077728271484,Talbot,1
1114,28.22237,-5.00193,Shu22,1
1115,28.222557067871094,11.086906433105469,Talbot,1
1116,28.25894546508789,-7.254315376281738,Talbot,1
1117,28.27102,-9.82893,Huang et al. 2020a,1
1118,28.2939,-5.2254,SuGOHI5,1
1119,28.29412,-4.38766,Shu22,1
11170,28.3093547,-0.438542889,Storfer 2023,2
1121,28.33026,-13.85861,Jacobs et al. 2019b,1
11174,28.3969135,-18.21494591,Storfer 2023,2
1123,28.44935,-4.40554,Shu22,1
1124,28.46949577331543,-1.923574924468994,Talbot,1
10479,28.47482658,-32.59963343,Storfer 2023,2
1126,28.50153350830078,32.43165588378906,Talbot,1
1127,28.529166666666665,3.4175,Canameras et al. 2020,1
1128,28.550512,-1.6632868,Stein21,1
1129,28.57520866394043,-2.535425901412964,Talbot,1
1130,28.6032,-0.661,SuGOHI5,1
1131,28.662267684936523,1.6985617876052856,Talbot,1
1132,28.671423,-5.735539,SuGOHI6,1
1133,28.692245,-37.671455,Stein21,1
1134,28.714067459106445,1.0626089572906494,Talbot,1
1135,28.71909,-48.48199,Jacobs et al. 2019b,1
1136,28.7249,-5.00569,Canameras22,1
1137,28.740345001220703,30.360700607299805,Talbot,1
1138,28.8133487701416,12.585606575012209,Talbot,1
1139,28.831804,-48.576538,Stein21,1
1140,28.83483,-13.904379999999998,Huang et al. 2020a,1
1141,28.83754,-2.4678,Shu22,1
1142,28.8743,-1.98666,Canameras22,1
1143,28.90539,-4.76705,Shu22,1
1144,28.9227,-3.518,SuGOHI5,1
1145,28.931659,-4.608362,SuGOHI2,1
1146,28.9336,-10.6677,Jacobs et al. 2019b,1
1147,28.977045,-6.505274,SuGOHI1,1
1148,28.998651,-5.226337,SuGOHI2,1
1149,29.001926,0.4421897,Stein21,1
1150,29.0112,-64.29168,Jacobs et al. 2019b,1
1151,29.037358,-5.93628,SuGOHI1,1
1152,29.04,-10.49264,Huang et al. 2020a,1
1153,29.06834,-10.9107685,Stein21,1
10482,29.07551543,-1.129748802,Storfer 2023,2
1155,29.09275,-6.23794,Shu22,1
1156,29.1155,-5.14909,Canameras22,1
1157,29.117345,-4.00511,SuGOHI6,1
1158,29.14917,-4.411711,SuGOHI1,1
1159,29.170471,-4.6945543,Stein21,1
1160,29.171027,-2.034148,SuGOHI6,1
1161,29.17803,-10.18339,Jacobs et al. 2019b Huang et al. 2020a Jacobs et al. 2019b,1
1162,29.1988,-4.95806,Canameras22,1
1163,29.214984893798828,13.66325855255127,Talbot,1
1164,29.2263,-4.407,SuGOHI5,1
1165,29.2355,-0.3107,SuGOHI5,1
1166,29.241073,-5.528088,SuGOHI6,1
1167,29.2789,-1.3736,SuGOHI5,1
1168,29.28436,-50.78052,Diehl et al. 2017,1
1169,29.29263,-32.9716,Petrillo et al. 2019,1
1170,29.295942,-61.429554,Stein21,1
1171,29.3166,-0.1216,SuGOHI5,1
1172,29.3185,-5.2537,SuGOHI5,1
1173,29.3326,-5.0109,SuGOHI5,1
1174,29.334590911865234,-7.724278926849365,Talbot,1
1175,29.34702491760254,-7.632091999053955,Talbot,1
1176,29.3474,-0.90973,Shu22,1
1177,29.364907,-2.449311,SuGOHI6,1
9547,29.3687,-5.2778,Huang 2022,2
1179,29.36879,-3.233415,SuGOHI1 SuGOHI6,1
1180,29.38109,-2.25091,Shu22,1
1181,29.381206,-3.516018,SuGOHI1,1
1182,29.44374,-32.43081,Petrillo et al. 2019,1
1183,29.445686,-25.238567,Stein21,1
1184,29.45004653930664,-8.85184097290039,Talbot,1
9548,29.4504,-1.1535,Huang 2022,2
1186,29.45956,-6.60054,Shu22,1
1187,29.459938,-0.638486,SuGOHI2,1
10486,29.46793227,-53.19866529,Storfer 2023,2
1189,29.47337913513184,32.25983428955078,Talbot,1
1190,29.48508,-34.20997,Petrillo et al. 2019,1
1191,29.485893,-2.302767,SuGOHI1 SuGOHI4,1
1192,29.485902,-4.900126,SuGOHI1,1
1193,29.4943,-6.24056,Canameras22,1
12287,29.49557,-0.94058,SLACS,2
1195,29.4962,-5.74709,Canameras22,1
1196,29.498441,-2.170902,SuGOHI1,1
1197,29.55897,-5.48009,Shu22,1
10488,29.55910472,27.0667542,Storfer 2023,2
1199,29.5639,-29.20502,Jacobs et al. 2019b,1
1200,29.578906,-2.908048,SuGOHI6,1
1201,29.579014,-1.73302,SuGOHI1,1
1202,29.581132,-1.950927,SuGOHI1 SuGOHI6,1
1203,29.582433700561523,-3.3792495727539062,Talbot,1
1204,29.6032,-0.6664899999999999,Jacobs et al. 2019b,1
1205,29.630458,-1.114956,SuGOHI2,1
1206,29.63079,-52.08832,Diehl et al. 2017,1
1207,29.637506,-4.345645,SuGOHI4,1
1208,29.643517,-4.402819,SuGOHI1,1
1209,29.649655,-1.847338,SuGOHI6,1
1210,29.649733,32.994532,Savary22,1
1211,29.654342,-6.295256,SuGOHI6,1
1212,29.66035461425781,1.5235613584518433,Talbot,1
1213,29.68192,-13.0258,Jacobs et al. 2019b,1
1214,29.682439,-6.089119,SuGOHI1,1
1215,29.68738,-30.74181,Petrillo et al. 2019,1
1216,29.69003,-0.50455,Shu22,1
1217,29.7242488861084,11.024959564208984,Talbot,1
1218,29.734411239624023,30.27367210388184,Talbot,1
1219,29.75914,-5.173532,SuGOHI6,1
10284,29.76665562,-34.21788775,Storfer 2023,2
10285,29.7678,-34.8361,Storfer 2023,2
1222,29.775,-16.145555555555553,Canameras et al. 2020,1
1223,29.78103,-3.713198,SuGOHI6,1
9552,29.79,-18.95,Huang 2022,2
1225,29.79425,-30.67752,Petrillo et al. 2019,1
1226,29.805601,-5.722426,SuGOHI6,1
1227,29.8075,-5.41751,Canameras22,1
1228,29.81456,-33.66144,Petrillo et al. 2019,1
1229,29.8238,-1.3589,Canameras22,1
1230,29.84435,-24.20188,Stein21,1
1231,29.85198,-5.21649,Shu22,1
11187,29.87728119,-10.16323955,Storfer 2023,2
1233,29.87848,-43.2991,Jacobs et al. 2019b,1
1234,29.87924,-5.29091,Shu22,1
1235,29.9092,-3.983,SuGOHI5 SuGOHI6,1
1236,29.9119,-4.7158,SuGOHI5,1
1237,29.92231559753418,30.203208923339844,Talbot,1
1238,29.94591,-48.30353,Jacobs et al. 2019b,1
1239,29.95545959472656,29.0754451751709,Talbot,1
1240,29.9623,-4.65385,Shu22,1
1241,29.97740173339844,18.928199768066406,Talbot,1
1242,29.9808,-5.06588,Canameras22,1
1243,29.983222,-3.175933,SuGOHI6,1
1244,29.9928,-5.07437,Canameras22,1
1245,30.00781,-32.36384,Petrillo et al. 2019,1
1246,30.01274,-4.016394,SuGOHI6,1
1247,30.05833333333333,-12.264722222222224,Canameras et al. 2020,1
1248,30.077134,-3.09712,SuGOHI6,1
1249,30.087169,-4.882441,SuGOHI1 SuGOHI6,1
1250,30.1065,-5.4821,SuGOHI5,1
1251,30.10788,-32.02503,Petrillo et al. 2019,1
1252,30.120026,-3.614416,SuGOHI6,1
1253,30.1236,-5.47561,Canameras22,1
1254,30.16037940979004,5.930713653564453,Talbot,1
1255,30.17545,-36.328407,Stein21,1
1256,30.179476,-39.426033,Stein21,1
1257,30.1797,1.9744,SuGOHI5,1
1258,30.1981,-3.73763,Canameras22,1
1259,30.20107,-31.48047,Petrillo et al. 2019,1
1260,30.20684,-1.587929,SuGOHI2,1
1261,30.209672,-3.007526,SuGOHI6,1
1262,30.22404,-30.37919,Petrillo et al. 2019,1
1263,30.2327,-31.027390000000004,Petrillo et al. 2019,1
1264,30.23423,-30.86422,Petrillo et al. 2019,1
1265,30.238509,-4.283593,SuGOHI1,1
1266,30.240176,1.463631,ODonnell22,1
1267,30.28319,-15.854729999999998,Jacobs et al. 2019b Huang et al. 2020a,1
12390,30.2833,-4.3127,Gavazzi2014,2
1269,30.29145812988281,14.566046714782717,Talbot,1
1270,30.29524040222168,0.3982073366641998,Talbot,1
1271,30.295847,-6.088746,SuGOHI1,1
1272,30.30478,-41.1622,Diehl et al. 2017,1
1273,30.32743,-32.22442,Petrillo et al. 2019,1
12324,30.339148,32.474907,BELLSG,2
1275,30.341369,-6.952126,SuGOHI6,1
1276,30.346573,-7.017733,SuGOHI1,1
1277,30.35898,-2.17553,SuGOHI1,1
1278,30.364275,-2.70586,SuGOHI1,1
1279,30.392551,-60.611214,Stein21,1
1280,30.42162,-34.238407,Stein21,1
1281,30.42492,-3.162793,SuGOHI1,1
1282,30.42769,-11.265869,Stein21,1
1283,30.42817,-30.670990000000003,Petrillo et al. 2019,1
1284,30.429588,-2.196687,SuGOHI1,1
9207,30.436,-27.6618,Huang 2022,2
1286,30.439549,-5.48291,SuGOHI6,1
1287,30.455625,-5.909897,SuGOHI6,1
1288,30.45733,-41.06918,Diehl et al. 2017,1
1289,30.46863,-32.35981,Petrillo et al. 2019,1
1290,30.487358,-2.02684,SuGOHI1,1
1291,30.5277,-24.75106,Jacobs et al. 2019b,1
1292,30.543764,-11.153221,Stein21,1
1293,30.543835,-0.659103,SuGOHI2,1
1294,30.5471,-3.77923,Canameras22,1
1295,30.5526,-5.1586,Canameras22,1
1296,30.585791,-5.280934,SuGOHI1,1
1297,30.587,-3.7,SuGOHI5,1
1298,30.591301,-2.948575,SuGOHI6,1
1299,30.6005,-5.7638,SuGOHI5,1
1300,30.60514,-32.91808,Petrillo et al. 2019,1
11195,30.62116896,-41.08867922,Storfer 2023,2
1302,30.637596,-36.125565,Stein21,1
1303,30.64198,-21.93967,Jacobs et al. 2019b,1
1304,30.654490000000006,-33.66748,Petrillo et al. 2019,1
1305,30.672475,-6.769788,SuGOHI1 SuGOHI3,1
1306,30.6761,-5.723,SuGOHI5,1
1307,30.73165,-2.66439,Shu22,1
1308,30.732029,30.094366,Savary22,1
1309,30.766666666666666,-23.634166666666665,Canameras et al. 2020 Jacobs et al. 2019b Jacobs et al. 2019b,1
1310,30.799484252929688,-0.3763532936573028,Talbot,1
1311,30.802540000000004,-10.78554,SL2S J020313-104708,1
1312,30.8114,-9.15873,Huang et al. 2020a,1
1313,30.81261,-33.58164,Petrillo et al. 2019,1
10493,30.82359869,-35.51560586,Storfer 2023,2
1315,30.833924,-6.658274,SuGOHI1,1
1316,30.83512,-7.580769999999999,SL2S J020320-073451,1
1317,30.8391,-1.27992,Canameras22,1
1318,30.840958,-51.52923,Stein21,1
1319,30.8696,-6.997,SuGOHI5,1
1320,30.88857,-34.26522,Petrillo et al. 2019,1
1321,30.89291,-31.83243,Petrillo et al. 2019,1
11196,30.89805319,-63.36934049,Storfer 2023,2
12401,30.9097,-5.3171,Gavazzi2014,2
1324,31.033434,-6.0832596,Stein21,1
1325,31.075746536254883,6.800164699554443,Talbot,1
1326,31.0849,-4.7321,SuGOHI5,1
1327,31.089188,31.529625,Stein21,1
1328,31.10156,-32.71435,Petrillo et al. 2019,1
1329,31.14315,-30.84315,Petrillo et al. 2019,1
1330,31.14553,-33.67884,Petrillo et al. 2019,1
1331,31.1545,-2.1802,SuGOHI5,1
1332,31.17122,-15.02661,Huang et al. 2020a,1
1333,31.179044723510746,2.182080268859864,Talbot,1
1334,31.201778,-34.42095,Stein21,1
1335,31.207834,-2.035043,SuGOHI6,1
1336,31.2085,-3.0596,SuGOHI5,1
1337,31.232077,-2.1474273,Stein21,1
1338,31.26312,-11.09629,SL2S J020503-110547,1
1339,31.27043,-40.64118,Jacobs et al. 2019b Diehl et al. 2017,1
1340,31.274890000000006,-33.29631,Petrillo et al. 2019,1
1341,31.28032,-31.62072,Petrillo et al. 2019,1
1342,31.2963,-4.993,SuGOHI5,1
8991,31.3208,-1.389,Huang 2022,2
1344,31.32657,-27.62872,Li21,1
1345,31.35872,-35.66317,Jacobs et al. 2019b,1
1346,31.381412,-1.929186,SuGOHI1,1
1347,31.392347,-5.168702,SuGOHI1,1
1348,31.4274,-33.16798,Petrillo et al. 2019,1
1349,31.436178,-19.59448,ODonnell22,1
1350,31.44887,-30.75185,Petrillo et al. 2019,1
1351,31.45348,-41.55323,Diehl et al. 2017,1
1352,31.46309,-31.23256,Petrillo et al. 2019,1
1353,31.47117,-4.945427,SuGOHI6,1
1354,31.486902,-2.14302,SuGOHI1 DES SuGOHI5 SuGOHI6,1
1355,31.5201,-3.03248,Canameras22,1
1356,31.522325,2.980347,ODonnell22,1
1357,31.538933,-35.85712,Stein21,1
10496,31.54749777,-37.49410041,Storfer 2023,2
1359,31.5561,-1.2381,SuGOHI5 DES,1
1360,31.571106,-8.389916,Stein21,1
11202,31.59150111,-20.90564992,Storfer 2023,2
1362,31.598,2.3053,SuGOHI5,1
11204,31.60002229,-5.117696911,Storfer 2023,2
1364,31.6033,-5.4397,SuGOHI5,1
1365,31.61951,-33.79683,Petrillo et al. 2019,1
1366,31.66953,-33.25547,Petrillo et al. 2019,1
1367,31.68757,-32.7059,Petrillo et al. 2019,1
12419,31.6926,-4.4046,Gavazzi2014,2
1369,31.69344,-36.493935,Stein21,1
1370,31.70196,-6.95037,SL2S J020648-065701,1
1371,31.713140000000003,-18.12256,Jacobs et al. 2019b,1
8993,31.7778,-27.4457,Huang 2022,2
10497,31.86368773,-50.86867237,Storfer 2023,2
1374,31.87782,-14.80463,Huang et al. 2020a,1
1375,31.8887,-45.88699,Diehl et al. 2017,1
1376,31.915304,-21.853104,Stein21,1
1377,31.939096,0.78938,SuGOHI8,1
1378,31.9405,-4.7559,SuGOHI5,1
1379,31.949564,-41.3646,Stein21,1
1380,31.983072,-4.413486,SuGOHI1,1
1381,31.9868,-5.8698,SuGOHI5,1
1382,32.02328,-12.123932,Stein21,1
1383,32.0261,-32.28888,Petrillo et al. 2019,1
1384,32.02864456176758,4.914311408996582,Talbot,1
1385,32.038088,-4.646675,SuGOHI6,1
1386,32.040592,-4.6977434,Stein21,1
1387,32.044529,-2.338394,SuGOHI6,1
1388,32.06525,-7.416060000000001,SL2S J020816-072458,1
1389,32.065301,-3.145956,SuGOHI6,1
1390,32.067,-2.6234,SuGOHI5 SuGOHI6,1
1391,32.07029,-9.61464,SL2S J020817-093653,1
12424,32.1203,-4.5485,Gavazzi2014,2
1393,32.13367,-3.27323,Shu22,1
1394,32.1339,-4.5545,SuGOHI5 More et al. 2016,1
12676,32.1379,-7.2372,Gavazzi2014,2
1396,32.1568,-4.3597,SuGOHI5,1
1397,32.176956,-3.535134,SuGOHI1,1
1398,32.195201,-3.457688,SuGOHI1,1
1399,32.201089,-4.407508,SuGOHI6 More et al. 2016 More et al. 2016,1
1400,32.251522,-32.233753,Stein21,1
12430,32.2623,-4.8041,Gavazzi2014,2
1402,32.281247,-1.095651,SuGOHI2,1
12431,32.2899,-6.5354,Gavazzi2014,2
1404,32.319372,-3.966315,SuGOHI6,1
12432,32.3451,-6.4184,Gavazzi2014,2
1406,32.348244,-2.03512,SuGOHI6,1
1407,32.37032,-1.34895,Shu22,1
1408,32.3722,-6.7198,SuGOHI5 DES More et al. 2012 More et al. 2016,1
1409,32.3842,-1.1263,SuGOHI5,1
1410,32.393985748291016,0.2462966442108154,Talbot,1
1411,32.4073,2.3824,SuGOHI5,1
1412,32.41157913208008,-3.8356006145477295,Talbot,1
1413,32.41415,-3.330255,SuGOHI1,1
1414,32.44801,-34.33224000000001,Petrillo et al. 2019,1
1415,32.4681,-2.85633,Canameras22,1
1416,32.4809,-2.745,SuGOHI5 SuGOHI6,1
1417,32.4902,-3.9158,SuGOHI5 More et al. 2012 More et al. 2016,1
1418,32.49261,-34.56675,Petrillo et al. 2019,1
1419,32.50582,-44.960213,Stein21,1
1420,32.5098,-2.7178,SuGOHI5,1
1421,32.529232025146484,2.755826711654663,Talbot,1
1422,32.5437,-1.3102,SuGOHI5,1
1423,32.556059999999995,-32.33027,Petrillo et al. 2019,1
1424,32.56565,-42.9032,Diehl et al. 2017,1
1425,32.571402,-3.846017,SuGOHI6,1
1426,32.59477,26.011173,Stein21,1
11212,32.5953473,-3.339315592,Storfer 2023,2
1428,32.65344,-53.8646,Jacobs et al. 2019b,1
9580,32.6664,-0.6421,Huang 2022,2
1430,32.66839,-3.753503,SuGOHI6,1
1431,32.676646,-3.993453,SuGOHI1,1
1432,32.679417,-4.356142,SuGOHI1,1
1433,32.70906,-1.31827,Jacobs et al. 2019b,1
1434,32.713557,-5.961915,SuGOHI1,1
11214,32.71759498,4.61568705,Storfer 2023,2
1436,32.744164,30.739874,Stein21,1
1437,32.75416666666667,-19.63611111111111,Canameras et al. 2020,1
1438,32.78553,-3.77235,SuGOHI6,1
1439,32.815,-3.7301,SuGOHI5,1
1440,32.82034,-33.42645,Petrillo et al. 2019,1
1441,32.827087,-4.458069,SuGOHI6 More et al. 2012 More et al. 2016,1
1442,32.8441,-4.3681,SuGOHI5,1
1443,32.851283,-3.231905,SuGOHI6,1
1444,32.892753,-2.631214,SuGOHI6,1
1445,32.965554,-3.351422,SuGOHI6,1
1446,32.9739,-3.1947,SuGOHI5,1
1447,32.97999,-31.05762,Petrillo et al. 2019,1
1448,32.9846,-3.36835,Canameras22,1
11216,32.9977,-59.9403,Storfer 2023,2
1450,33.003831,-4.135244,SuGOHI1 SuGOHI4,1
1451,33.004548,-4.322931,SuGOHI6,1
1452,33.010235,-4.370584,SuGOHI6,1
1453,33.01613,-27.1148,Li21,1
1454,33.020695,-44.384407,Stein21,1
1455,33.0358,-2.4651,SuGOHI5,1
1456,33.03653,-54.47071,Diehl et al. 2017,1
1457,33.03801,-3.81122,Shu22,1
1458,33.0617,0.4553,Wong21,1
1459,33.0671501159668,3.0112245082855225,Talbot,1
1460,33.101059,-2.575128,SuGOHI1,1
1461,33.10507,-8.86967,Jacobs et al. 2019b,1
10503,33.1145,-28.716,Storfer 2023,2
1463,33.12628,1.8770331,Stein21,1
12350,33.1411,-6.2028,Gavazzi2014,2
1465,33.153271,-2.524483,SuGOHI6,1
1466,33.157845,-3.751277,SuGOHI6,1
11220,33.16598965,-35.15053727,Storfer 2023,2
1468,33.171335,-1.683201,SuGOHI6,1
12351,33.1993,-5.9312,Gavazzi2014,3
1470,33.21842956542969,28.905723571777344,Talbot,1
1471,33.235558,-26.458786,Stein21,1
1472,33.240608,-3.264421,SuGOHI6,1
1473,33.242428,-5.302771,SuGOHI1,1
1474,33.2519,-3.7842,SuGOHI5,1
1475,33.2886,-24.2292,Jacobs et al. 2019b,1
1476,33.31063,-34.08501,Petrillo et al. 2019,1
1477,33.337277,-6.108053,SuGOHI6,1
12677,33.3522,-7.7319,Gavazzi2014,2
1479,33.357479999999995,-32.50747,Petrillo et al. 2019,1
1480,33.393749,-2.158199,SuGOHI6,1
1481,33.403042,30.301241,Savary22,1
1482,33.41111,-29.6716,Petrillo et al. 2019,1
1483,33.42089,-1.61006,Shu22,1
1484,33.44338,-21.741886,Stein21,1
1485,33.45396,-2.03154,Shu22,1
1486,33.463316,-4.830919,SuGOHI1,1
11225,33.47912152,14.8978041,Storfer 2023,2
1488,33.486352,-5.148854,SuGOHI6,1
1489,33.486909999999995,-33.24557,Petrillo et al. 2019,1
1490,33.497845,-21.282719,Stein21,1
1491,33.5333,-2.1079,SuGOHI5 DES SuGOHI6,1
1492,33.5337,-5.5923,SuGOHI5 More et al. 2012 More et al. 2016,1
1493,33.544828,-6.093709,SuGOHI6,1
1494,33.54581451416016,-4.497792720794678,Talbot,1
12352,33.5467,-4.0841,Gavazzi2014,2
1496,33.549937,-3.191787,SuGOHI1,1
1497,33.5687,-5.0548,SuGOHI5,1
1498,33.608928,-2.232852,SuGOHI1,1
1499,33.6119,-5.6623,SuGOHI5,1
1500,33.65266,-32.23172,Petrillo et al. 2019,1
1501,33.65336,-32.51977,Petrillo et al. 2019,1
1502,33.6757,-34.5196,Petrillo et al. 2019,1
1503,33.68561,-34.34857,Petrillo et al. 2019,1
10506,33.69562526,-42.11784386,Storfer 2023,2
1505,33.714066,-2.200235,SuGOHI6,1
1506,33.71666666666667,19.54111111111112,Canameras et al. 2020,1
1507,33.73505,-30.05793,Petrillo et al. 2019,1
1508,33.7625,-22.69388888888889,Canameras et al. 2020,1
11227,33.7669,-28.7135,Storfer 2023,2
1510,33.7832,-1.72585,Canameras22,1
1511,33.797,-5.0608,SuGOHI5,1
1512,33.79861,-32.3298,Petrillo et al. 2019,1
1513,33.80748,-30.1622,Petrillo et al. 2019,1
9212,33.8095,-29.157,Huang 2022,2
12353,33.8222,-6.2948,Gavazzi2014,2
1516,33.828129,-2.663068,SuGOHI6,1
1517,33.830154,-3.803059,SuGOHI4,1
1518,33.84596,-7.60654,SL2S J021523-073624,1
1519,33.85702,-33.8696,Petrillo et al. 2019,1
1520,33.8725,-4.6819,SuGOHI5,1
1521,33.879054,-3.270814,SuGOHI6,1
1522,33.89191,-32.49054,Petrillo et al. 2019,1
1523,33.893179,-4.280449,SuGOHI6,1
1524,33.90096,-54.705868,Stein21,1
1525,33.90833333333333,2.5261111111111108,Canameras et al. 2020,1
1526,33.93513,-33.60836,Petrillo et al. 2019,1
1527,33.9467,-2.1304,SuGOHI5,1
1528,33.96715,-0.83295,Shu22,1
1529,33.9716,-4.50457,Canameras22,1
1530,33.97347,-12.68408,Huang et al. 2020a,1
1531,33.9818,-5.4995,SuGOHI5,1
1532,34.001,-32.38263,Petrillo et al. 2019,1
1533,34.014492,-18.956785,Stein21,1
1534,34.016927,-6.136805,SuGOHI6,1
1535,34.02534,-4.57709,Huang et al. 2020a,1
1536,34.041138,-17.385752,Stein21,1
1537,34.06554000000001,-33.22612,Petrillo et al. 2019,1
1538,34.0892,-4.4788,SuGOHI5,1
1539,34.100120000000004,-9.96086,SL2S J021624-095739,1
1540,34.10406,-33.40128,Petrillo et al. 2019,1
1541,34.12915,-29.3352,Jacobs et al. 2019b,1
1542,34.1393,-2.80733,Canameras22,1
1543,34.14425,-5.17647,ACS J021634.62-051035.3,1
1544,34.153490000000005,-33.2145,Petrillo et al. 2019,1
1545,34.162876,-57.554855,Stein21,1
1546,34.1683,-3.510891,SuGOHI6,1
1547,34.188987,-2.14311,SuGOHI6,1
1548,34.20521,-7.056610000000001,SL2S J021649-070324,1
12279,34.21893,-8.22927,SLACS,2
1550,34.2193,-4.2905,SuGOHI5,1
1551,34.243961,-3.05025,SuGOHI6,1
1552,34.2777,-4.3794,SuGOHI5,1
1553,34.32809,-5.13305,Huang et al. 2020a,1
12466,34.3288,-5.4892,Gavazzi2014,2
1555,34.330894,-27.670616,Stein21,1
1556,34.3359,0.5536,SuGOHI5,1
1557,34.341886,-4.110093,SuGOHI4,1
1558,34.3477,-5.4069,SuGOHI5,1
1559,34.361202239990234,7.212686061859131,Talbot,1
1560,34.390217,-2.851741,SuGOHI6,1
1561,34.398140000000005,-30.44995,Petrillo et al. 2019,1
12355,34.4049,-5.2248,Gavazzi2014,2
1563,34.425111,-0.368465,SuGOHI8,1
1564,34.45548,-2.95368,Shu22,1
1565,34.46259000000001,-32.84121,Petrillo et al. 2019,1
1566,34.4638,1.1475,SuGOHI5,1
1567,34.46518,-31.0478,Petrillo et al. 2019,1
1568,34.4734,-2.40222,Canameras22,1
1569,34.478885,-3.781033,SuGOHI6,1
12356,34.5053,-8.0465,Gavazzi2014,3
1571,34.5159,-0.0486,Wong21,1
1572,34.5309,-5.26,SuGOHI5 More et al. 2012,1
11238,34.5824,-31.7049,Storfer 2023,2
12469,34.5983,-5.6559,Gavazzi2014,2
1575,34.59845,-32.289190000000005,Petrillo et al. 2019,1
9214,34.5995,-1.9843,Huang 2022,2
1577,34.61003494262695,-3.471719980239868,Talbot,1
1578,34.61855,-33.76362,Petrillo et al. 2019,1
1579,34.621604,-3.678,SuGOHI6,1
1580,34.6273,-0.4292,SuGOHI5,1
1581,34.6337,-32.76748,Petrillo et al. 2019,1
1582,34.6709,-2.7158,SuGOHI5,1
1583,34.6773,-4.07482,Canameras22,1
1584,34.689856,-5.084818,SuGOHI1,1
1585,34.71330261230469,-3.1509151458740234,Talbot,1
1586,34.72182,-33.18566,Petrillo et al. 2019,1
1587,34.733645,-6.459356,SuGOHI6,1
1588,34.74711,-31.3155,Petrillo et al. 2019,1
12357,34.7589,-8.493,Gavazzi2014,2
1590,34.7696,-2.2737,SuGOHI5,1
1591,34.7749,-6.0251,SuGOHI5,1
1592,34.792757,-44.454265,ODonnell22,1
1593,34.794232,-4.032718,SuGOHI6,1
1594,34.79729,-39.82454,Stein21,1
1595,34.811595,-2.036554,SuGOHI1,1
1596,34.823704,-6.532999,SuGOHI1 SuGOHI5,1
1597,34.874202,-2.294877,SuGOHI1,1
1598,34.892055,-2.301772,SuGOHI6,1
1599,34.893612,-8.098378,Stein21,1
1600,34.93873,-33.80277,Petrillo et al. 2019,1
1601,34.94892,-32.493959999999994,Petrillo et al. 2019,1
1602,34.95362,-48.57685,Diehl et al. 2017,1
12475,34.9596,-5.9518,Gavazzi2014,3
1604,34.9639,-4.8455,SuGOHI5,1
1605,34.966255,-3.371295,SuGOHI6,1
1606,34.9712,-4.1112,SuGOHI5,1
1607,34.9728,2.7854,SuGOHI5,1
1608,34.9851,-5.4664,SuGOHI5 More et al. 2012 More et al. 2016,1
1609,34.9875,20.129722222222227,Canameras et al. 2020,1
1610,34.99113082885742,2.288982391357422,Talbot,1
1611,34.99157,-14.94602,Huang et al. 2020a,1
1612,35.035636,-3.814587,SuGOHI6,1
1613,35.050212,-2.978831,SuGOHI6,1
1614,35.05973,-53.58636,Jacobs et al. 2019b,1
1615,35.08162,-4.19706,Huang et al. 2020a,1
1616,35.082128,-2.185517,SuGOHI6,1
1617,35.104706,-6.024663,SuGOHI6,1
1618,35.113934,-0.748069,SuGOHI8,1
11245,35.13744328,0.4676247301,Storfer 2023,2
1620,35.14968,-32.61854,Petrillo et al. 2019,1
1621,35.167639,-5.348907,SuGOHI4,1
1622,35.176190000000005,-45.50086,Jacobs et al. 2019b,1
1623,35.176705,-2.366798,SuGOHI1 SuGOHI5 SuGOHI6,1
1624,35.17868,-33.07439,Petrillo et al. 2019,1
1625,35.17963,-10.87124,SL2S J022043-105216,1
1626,35.181198,-3.444632,SuGOHI6,1
1627,35.182687,-2.872794,SuGOHI6,1
1628,35.1895,-3.4332,SuGOHI5 SuGOHI6,1
1629,35.190247,-1.4188555,Stein21,1
12358,35.1919,-9.8244,Gavazzi2014,2
1631,35.194447,-4.622251,SuGOHI1,1
1632,35.2344,-2.0926,SuGOHI5 SuGOHI6,1
12359,35.2358,-6.6595,Gavazzi2014,2
8997,35.2405,-38.5511,Huang 2022,2
1635,35.249349,-4.931855,SuGOHI4,1
1636,35.259792,20.236479,Stein21,1
1637,35.27011,-2.326804,SuGOHI6,1
1638,35.28067,-3.89095,Shu22,1
1639,35.307545,3.617769,Stein21,1
1640,35.347868,-2.302779,SuGOHI6,1
1641,35.363802,-6.595306,SuGOHI1,1
1642,35.394,-4.4111,SuGOHI5,1
1643,35.417204,-2.172249,SuGOHI1 DES,1
1644,35.41933,-46.87522,Stein21,1
1645,35.427685,-38.756466,Stein21,1
1646,35.44016,-33.0495,Petrillo et al. 2019,1
10516,35.45317396,-64.44513667,Storfer 2023,2
1648,35.463238,-6.792426,SuGOHI1 More et al. 2012 SuGOHI6 More et al. 2016,1
1649,35.464447021484375,-3.8954169750213614,Talbot,1
1650,35.489826,-2.552629,SuGOHI1,1
1651,35.50040999999999,-32.49528,Petrillo et al. 2019,1
10517,35.52678654,16.79157886,Storfer 2023,2
1653,35.549690000000005,-50.52319,Diehl et al. 2017,1
10518,35.59344672,-2.369812311,Storfer 2023,2
1655,35.6577,-32.158159999999995,Petrillo et al. 2019,1
1656,35.681114,-21.455898,Stein21,1
1657,35.688171,-5.116434,SuGOHI4,1
1658,35.70658,-34.49013,Stein21,1
1659,35.720240000000004,-3.95754,Huang et al. 2020a,1
1660,35.733,-24.2891,Stein21,1
1661,35.74328,-1.40099,Shu22,1
1662,35.7482,-2.9742,SuGOHI5,1
1663,35.75934,-3.180554,SuGOHI6,1
1664,35.782078,-5.466038,SuGOHI1 DECaLS,1
1665,35.811009,-0.432829,SuGOHI8,1
1666,35.814099,-6.485053,SuGOHI1 More et al. 2012 SuGOHI5 More et al. 2016,1
1667,35.825528,-3.062739,SuGOHI1,1
1668,35.82853,-4.39792,Huang et al. 2020a,1
1669,35.83437,-31.83844,Petrillo et al. 2019,1
1670,35.8379,-7.3794,Huang et al. 2020a,1
1671,35.84384,-6.32455,Huang et al. 2020a,1
1672,35.84620666503906,-5.899580955505371,Talbot,1
1673,35.866,-18.48364,Huang et al. 2020a,1
1674,35.870743,-50.999794,Stein21,1
1675,35.8938,1.1099,SuGOHI5,1
1676,35.895639,-3.077966,SuGOHI6,1
1677,35.90267,-6.880560000000001,Huang et al. 2020a,1
1678,35.9185,-5.84531,Huang et al. 2020a,1
1679,35.93932,-4.400469999999999,Huang et al. 2020a,1
12360,35.9423,-5.5718,Gavazzi2014,2
1681,35.98173,-3.69378,Shu22,1
1682,35.991158,-6.771207,SuGOHI1,1
12361,35.9914,-6.8619,Gavazzi2014,2
11255,36.00386005,-3.773869525,Storfer 2023,2
1685,36.01845,-4.40838,Huang et al. 2020a,1
1686,36.02087,-4.78528,SL2S J022405-044707,1
1687,36.02559,-6.47963,Huang et al. 2020a,1
10521,36.02623357,-61.71980348,Storfer 2023,2
1689,36.043196,-3.601476,SuGOHI1 SuGOHI5,1
1690,36.04844,-61.283775,Stein21,1
1691,36.05358,-6.16449,Huang et al. 2020a,1
1692,36.06188583374024,-1.134166240692139,Talbot,1
1693,36.063791,-3.741703,SuGOHI1 SuGOHI5 SuGOHI6,1
1694,36.06525,-5.80286,Huang et al. 2020a,1
1695,36.06766,-16.3767,Huang et al. 2020a,1
1696,36.08791,0.0725799999999999,Huang et al. 2020a,1
1697,36.093066,-1.829576,SuGOHI6,1
9608,36.0992,2.4337,Huang 2022,2
11258,36.104048,-14.69641816,Storfer 2023,2
1700,36.10503,-12.623164,Stein21,1
1701,36.110815,-3.625922,SuGOHI1,1
1702,36.11513,-5.22539,Huang et al. 2020a,1
1703,36.119458,-5.20867,SuGOHI1,1
1704,36.12506,-30.393390000000004,Petrillo et al. 2019,1
1705,36.13271,-30.30452,Petrillo et al. 2019,1
1706,36.14357,-0.0411,Huang et al. 2020a,1
1707,36.14567,-4.19306,SL2S J022435-040158,1
1708,36.14572,-5.49904,Huang et al. 2020a,1
1709,36.16275,-4.01254,SL2S J022439-040045,1
1710,36.20964,-2.251499,SuGOHI6,1
1711,36.21939,-4.34861,Huang et al. 2020a,1
1712,36.22441,-6.3029,Huang et al. 2020a,1
1713,36.2374,-3.8087,SuGOHI5,1
1714,36.25419,-5.60579,Huang et al. 2020a,1
1715,36.27139,-6.81923,Huang et al. 2020a,1
1716,36.275,-15.746666666666664,Canameras et al. 2020,1
12678,36.296,-4.9093,Gavazzi2014,2
1718,36.35297,-4.67922,Huang et al. 2020a,1
1719,36.35326,-42.015587,Stein21,1
1720,36.3797,-4.2091,SuGOHI5 DECaLS,1
1721,36.3888,-5.5346,SuGOHI5 More et al. 2016 SuGOHI6 More et al. 2016,1
1722,36.38958,-1.97418,Shu22,1
1723,36.3915,-5.0365,Huang et al. 2020a,1
1724,36.39967,-3.09182,Shu22,1
12489,36.4031,-4.2549,Gavazzi2014,2
1726,36.40814,-5.24735,Huang et al. 2020a,1
1727,36.41142,-4.05566,SL2S J022539-040320,1
1728,36.42679,-5.15485,Huang et al. 2020a,1
1729,36.43581008911133,-0.3402270078659057,Talbot,1
1730,36.43887,-32.3083,Petrillo et al. 2019,1
1731,36.439815,-2.605061,SuGOHI6,1
1732,36.44218,-7.62732,Jacobs et al. 2019b SL2S J022546-073739,1
1733,36.44888,-15.0922,Jacobs et al. 2019b Huang et al. 2020a Jacobs et al. 2019b,1
1734,36.4719,-24.72581,Stein21,1
1735,36.48267,-16.86215,Huang et al. 2020a,1
1736,36.53091430664063,1.1712994575500488,Talbot,1
1737,36.53925,-32.34444000000001,Petrillo et al. 2019,1
12679,36.5444,-4.3366,Gavazzi2014,2
1739,36.557581,-4.671795,SuGOHI1,1
1740,36.5643,-32.5263,Jacobs et al. 2019b,1
1741,36.56753,-37.975845,Stein21,1
1742,36.59273,-4.422687,SuGOHI4,1
1743,36.6001,-0.2879,Wong21,1
1744,36.6241,-2.68,SuGOHI5,1
1745,36.62452,2.1130400000000003,Jacobs et al. 2019b,1
1746,36.62818,-4.63156,Shu22,1
1747,36.636787,-4.763081,SuGOHI4,1
1748,36.65563,-3.71006,Huang et al. 2020a,1
1749,36.67771,-3.65554,Huang et al. 2020a,1
1750,36.68193,-3.69049,Huang et al. 2020a,1
1751,36.68425,-6.24393,SuGOHI6,1
1752,36.71982,0.28329,Huang et al. 2020a,1
1753,36.73251,-5.12756,Huang et al. 2020a,1
1754,36.73703,-34.16019,Petrillo et al. 2019,1
1755,36.769997,-3.122968,SuGOHI6,1
1756,36.78734,-47.3155,Jacobs et al. 2019b,1
1757,36.79098,-45.27531,Diehl et al. 2017,1
1758,36.8076,-5.02555,Huang et al. 2020a,1
1759,36.81327,-3.90328,Huang et al. 2020a,1
1760,36.84166666666667,-23.84,Canameras et al. 2020,1
1761,36.860584,-2.364474,SuGOHI1,1
1762,36.86857,-40.85031,Diehl et al. 2017,1
1763,36.89733,-33.98586,Stein21,1
1764,36.89959,-31.8455,Petrillo et al. 2019,1
1765,36.9,-2.1978,SuGOHI5,1
1766,36.907528,-24.011522,Stein21,1
1767,36.91084289550781,-1.2224180698394775,Talbot,1
1768,36.94583333333333,-10.243333333333332,Canameras et al. 2020,1
1769,36.95595,-6.153919999999999,Huang et al. 2020a,1
1770,36.99671,-9.12496,SL2S J022759-090730,1
1771,37.0122,-2.2004,SuGOHI5,1
1772,37.0235,-5.2926,SuGOHI5 More et al. 2016 DECaLS More et al. 2016,1
1773,37.03448,-4.50149,Huang et al. 2020a,1
1774,37.03777,-12.88119,Huang et al. 2020a,1
1775,37.043106,-16.758684,Stein21,1
1776,37.05447,-14.345242,Stein21,1
1777,37.05995,-31.47246,Petrillo et al. 2019,1
1778,37.13354,-9.82929,SL2S J022832-094945,1
1779,37.1402,-30.73887,Petrillo et al. 2019,1
1780,37.142012,-5.996838,SuGOHI6,1
1781,37.166964,-4.312274,SuGOHI6,1
1782,37.16864,-4.00275,Huang et al. 2020a,1
12504,37.1721,-6.2914,Gavazzi2014,2
1784,37.17301,-5.001398,SuGOHI4,1
1785,37.181711,-5.295705,SuGOHI1,1
1786,37.18383,-29.7045,Petrillo et al. 2019,1
10527,37.18628,-55.79889431,Storfer 2023,2
1788,37.19726,-50.55151,Diehl et al. 2017,1
1789,37.20105,-4.11608,Huang et al. 2020a,1
1790,37.205,-2.6256,SuGOHI5,1
1791,37.2064,-1.21576,Huang et al. 2020a,1
1792,37.25127,-31.4779,Petrillo et al. 2019,1
1793,37.2687,-6.3271,SuGOHI5,1
1794,37.29452,3.75222,Huang et al. 2020a,1
1795,37.2985,-5.9873,SuGOHI5,1
1796,37.31239,-31.50195,Petrillo et al. 2019,1
12506,37.3153,-6.1507,Gavazzi2014,2
1798,37.31891,-30.87885,Petrillo et al. 2019,1
1799,37.32233,-5.90154,SL2S J022917-055406,1
1800,37.33493,-33.55427,Petrillo et al. 2019,1
1801,37.35522,-33.97094,Petrillo et al. 2019,1
1802,37.377084,-3.643468,SuGOHI1 DES,1
1803,37.37911,-29.13786,Jacobs et al. 2019b,1
1804,37.38773727416992,-5.2929511070251465,Talbot,1
1805,37.39024000000001,-30.83811,Petrillo et al. 2019,1
1806,37.39798,-31.61219,Petrillo et al. 2019,1
1807,37.39922,-1.378643,SuGOHI2,1
1808,37.40289,-32.58491,Petrillo et al. 2019,1
1809,37.41782760620117,-1.9730204343795776,Talbot,1
1810,37.41934000000001,-33.03183,Petrillo et al. 2019,1
1811,37.42638,-30.07314,Petrillo et al. 2019,1
1812,37.46898,-6.294809,SuGOHI6,1
1813,37.47661,3.10887,Huang et al. 2020a,1
1814,37.47942,-1.2165618,Stein21,1
1815,37.4847,-31.30267000000001,Petrillo et al. 2019,1
1816,37.52283,-5.683153,SuGOHI1,1
1817,37.5237,-2.7209,SuGOHI5,1
1818,37.532982,-5.332098,SuGOHI1,1
1819,37.536,-5.6773,SuGOHI5 More et al. 2016 More et al. 2016,1
1820,37.56991,-31.36689,Jacobs et al. 2019b,1
1821,37.5705,-2.74578,Canameras22,1
1822,37.57254,-34.2153,Petrillo et al. 2019,1
1823,37.58131,-4.71046,Shu22,1
1824,37.5853,-33.88477,Petrillo et al. 2019,1
1825,37.598,-2.8846,SuGOHI5,1
1826,37.6072,-32.14624,Petrillo et al. 2019,1
1827,37.618,-2.3392,SuGOHI5,1
1828,37.643284,-2.698219,SuGOHI6,1
1829,37.65388870239258,-2.418637752532959,Talbot,1
9617,37.6589,-1.8803,Huang 2022,2
1831,37.662285,-5.003569,SuGOHI1,1
1832,37.67001,3.3684714,Stein21,1
1833,37.685167,-1.74537,SuGOHI6,1
1834,37.7003,-1.9841,SuGOHI5 SuGOHI6,1
11273,37.70267695,-27.04158669,Storfer 2023,2
1836,37.707366943359375,-0.5432816743850708,Talbot,1
1837,37.713477,-2.163688,SuGOHI6,1
1838,37.72808,-53.47473000000001,Diehl et al. 2017,1
1839,37.7516,-6.3608,SuGOHI5,1
1840,37.752798,-2.505766,SuGOHI6,1
1841,37.761606,-4.720033,SuGOHI4,1
1842,37.764624,-2.180609,SuGOHI6,1
1843,37.7666,-7.2691,SuGOHI5,1
1844,37.77798,-32.979009999999995,Petrillo et al. 2019,1
1845,37.844387,-5.386288,SuGOHI6,1
1846,37.85364,-4.85566,Shu22,1
1847,37.86821,-31.82994,Petrillo et al. 2019,1
1848,37.8766,2.8793,SuGOHI5,1
1849,37.889964,-4.417107,SuGOHI6,1
1850,37.89276885986328,0.4123557209968567,Talbot,1
1851,37.896106,-1.630361,SuGOHI6,1
1852,37.896905,-3.031345,SuGOHI1,1
1853,37.897002,-2.889544,SuGOHI1,1
1854,37.91184,-35.75196,Stein21,1
1855,37.9215,-4.8826,SuGOHI5,1
1856,37.932564,-3.035768,SuGOHI6,1
12515,37.9407,-6.2205,Gavazzi2014,2
1858,37.9442,-2.2058,SuGOHI5,1
1859,37.954231,-3.172648,SuGOHI6,1
1860,37.9617,-2.0858,SuGOHI5 SuGOHI6,1
1861,37.96712,-5.875864,SuGOHI1,1
1862,37.967778,-2.694951,SuGOHI6,1
1863,37.996383,-3.330325,SuGOHI1,1
9003,38.0264,-35.4899,Huang 2022,2
11277,38.04680338,0.227495194,Storfer 2023,2
1866,38.072379,-2.284367,SuGOHI1,1
1867,38.077062,-1.351091,SuGOHI2,1
1868,38.0872,-30.69522000000001,Petrillo et al. 2019,1
1869,38.15559,-34.12724,Petrillo et al. 2019,1
1870,38.18732,-3.49091,Shu22,1
1871,38.1875,-27.1975,Canameras et al. 2020,1
1872,38.20175,-2.11422,Shu22,1
1873,38.2077,-3.3905,SuGOHI5 DES DECaLS CASSOWARY SuGOHI6,1
12682,38.2149,-4.1399,Gavazzi2014,2
12521,38.2318,-6.3564,Gavazzi2014,2
1876,38.239079,-5.254356,SuGOHI6,1
1877,38.24833,5.997308,Stein21,1
1878,38.25178,-33.138940000000005,Petrillo et al. 2019,1
1879,38.262455,-4.706827,SuGOHI1,1
1880,38.264096,-2.525439,SuGOHI6,1
1881,38.265981,-2.351279,SuGOHI6,1
1882,38.27089,-10.44982,Huang et al. 2020a,1
1883,38.2732,-2.4766,SuGOHI5 SuGOHI6,1
12364,38.2794,-4.644,Gavazzi2014,2
1885,38.2855,-5.6564,SuGOHI5,1
1886,38.30653,-2.66879,Shu22,1
1887,38.311994,-2.731247,SuGOHI6,1
1888,38.3443,-2.0918,SuGOHI5 SuGOHI6,1
12523,38.3547,-5.5178,Gavazzi2014,2
1890,38.361785,-2.47396,SuGOHI6,1
1891,38.3831,-3.467,SuGOHI5 SuGOHI6,1
1892,38.38791,-3.2468,Shu22,1
1893,38.4039,-5.7598,SuGOHI5,1
1894,38.4081,-5.98246,Shu22,1
1895,38.4162,-5.5134,SuGOHI5,1
1896,38.42031,-2.6031,Shu22,1
1897,38.42204,-34.79979,Li21,1
1898,38.44538,-32.062529999999995,Petrillo et al. 2019,1
1899,38.467922,-3.076957,SuGOHI6,1
1900,38.48854,6.711511,Stein21,1
1901,38.48917388916016,-3.884423971176148,Talbot,1
1902,38.533050537109375,1.1766151189804075,Talbot,1
1903,38.534852,-3.978332,SuGOHI1,1
1904,38.58277,-3.331612,SuGOHI1,1
1905,38.58992,-34.41037,Petrillo et al. 2019,1
1906,38.63524,-45.49222,Diehl et al. 2017,1
10533,38.64662287,-62.38178081,Storfer 2023,2
1908,38.6589,-1.6981,Canameras22,1
1909,38.675846,-14.597791,Stein21,1
1910,38.684205,-3.594539,SuGOHI6,1
1911,38.698775,-4.211573,SuGOHI1,1
1912,38.700696,-5.191236,SuGOHI1,1
1913,38.701829,-3.818137,SuGOHI6,1
11290,38.74675609,-32.62352023,Storfer 2023,2
1915,38.75671,-9.97577,SL2S J023502-095833,1
1916,38.77465,-45.18173,Jacobs et al. 2019b,1
1917,38.8021,-3.3638,SuGOHI5,1
1918,38.812003,-4.31523,SuGOHI6,1
1919,38.82454,-27.19139,Li21,1
1920,38.82759,-32.14163,Petrillo et al. 2019,1
11291,38.83740886,-23.51977157,Storfer 2023,2
1922,38.84161,-2.83337,Shu22,1
1923,38.84277,-4.09554,Shu22,1
1924,38.8461,-10.51248,Huang et al. 2020a,1
1925,38.8515,-1.69112,Shu22,1
1926,38.86317,-48.30583,Jacobs et al. 2019b,1
1927,38.909245,-6.568352,SuGOHI1 SuGOHI5,1
1928,38.90989,-41.730183,Stein21,1
1929,38.919279,-4.032817,SuGOHI6,1
1930,38.9304,-2.25194,Canameras22,1
1931,38.9646,-32.07633,Petrillo et al. 2019,1
1932,38.97132,-32.84258,Petrillo et al. 2019,1
1933,38.9862,-31.04239,Petrillo et al. 2019,1
1934,38.99515,-6.06955,Huang et al. 2020a,1
1935,38.99919000000001,-30.18049,Petrillo et al. 2019,1
1936,39.00938,-51.36216,Jacobs et al. 2019b Diehl et al. 2017,1
1937,39.04626,-6.34277,Huang et al. 2020a,1
1938,39.102222,-4.46306,SuGOHI6,1
1939,39.121627,-6.0804,SuGOHI6,1
1940,39.155415,-3.538899,SuGOHI1 SuGOHI5,1
1941,39.155959,2.958314,SuGOHI8,1
1942,39.20024,3.3583199999999995,Jacobs et al. 2019b Jacobs et al. 2019b Huang et al. 2020a,1
1943,39.225,-16.59361111111111,Canameras et al. 2020,1
1944,39.230297,-2.615557,SuGOHI1,1
1945,39.23686,-58.511646,Stein21,1
1946,39.281615,-2.593682,SuGOHI1 SuGOHI6,1
1947,39.2864,-31.85292,Petrillo et al. 2019,1
1948,39.3079,-6.7406,SuGOHI5,1
1949,39.31404113769531,2.030558586120605,Talbot,1
1950,39.32131,-6.18223,Shu22,1
1951,39.3279,-5.79868,Canameras22,1
1952,39.333557,-33.299316,Stein21,1
1953,39.3449,-6.6257,SuGOHI5,1
11293,39.35479455,-48.43788364,Storfer 2023,2
1955,39.35925,-29.78402,Petrillo et al. 2019,1
1956,39.36384,-9.21903,Jacobs et al. 2019b,1
1957,39.390842,-5.171043,SuGOHI1,1
12325,39.41933,-6.686942,BELLSG,2
1959,39.420295,-3.079663,SuGOHI6,1
1960,39.425437,-5.458917,SuGOHI6,1
1961,39.434775,-5.406537,SuGOHI1,1
1962,39.43907,-18.01724,Jacobs et al. 2019b,1
1963,39.44289,-6.9544,Shu22,1
1964,39.449463,-5.467803,SuGOHI1 SuGOHI5,1
1965,39.47374,-33.24448,Petrillo et al. 2019,1
1966,39.498033,-3.116105,SuGOHI2,1
1967,39.51338,-2.54896,Shu22,1
1968,39.54022979736328,-3.085400342941284,Talbot,1
1969,39.54794,-29.986,Petrillo et al. 2019,1
1970,39.554948,-33.574918,ODonnell22,1
1971,39.574024,-5.765422,SuGOHI1 SuGOHI3 SuGOHI4,1
1972,39.5868,-2.7163,SuGOHI5,1
1973,39.59191,-29.3745,Stein21,1
1974,39.595703125,-5.0508246421813965,Talbot,1
1975,39.5987,-3.8031,SuGOHI5,1
1976,39.60434,-5.3468,Shu22,1
1977,39.622616,-6.42858,SuGOHI1 SuGOHI6,1
1978,39.63325881958008,0.0178526043891906,Talbot,1
1979,39.634793,-4.707446,SuGOHI6,1
1980,39.635769,-4.933535,SuGOHI6,1
1981,39.641733,-5.827643,SuGOHI6,1
10536,39.64306264,-56.55891843,Storfer 2023,2
1983,39.65278,-3.58964,Shu22,1
1984,39.6547737121582,1.8526790142059328,Talbot,1
1985,39.6709,-6.82004,Canameras22,1
1986,39.67227000000001,-34.275859999999994,Petrillo et al. 2019,1
1987,39.6814,-5.6273,SuGOHI5,1
1988,39.71563,-34.30628,Petrillo et al. 2019,1
1989,39.7375,-25.344166666666663,Canameras et al. 2020,1
1990,39.77696,-20.78834,Jacobs et al. 2019b,1
1991,39.80016,-34.2478,Petrillo et al. 2019,1
1992,39.82613,-34.28091,Petrillo et al. 2019,1
1993,39.86994,-34.18086,Petrillo et al. 2019,1
1994,39.870961,-4.323193,SuGOHI2,1
1995,39.8736,-32.19155,Jacobs et al. 2019b,1
1996,39.874092,14.32117,Stein21,1
1997,39.910652,-3.9383,SuGOHI2,1
1998,39.9235,-4.6282,SuGOHI5,1
1999,39.9261,-1.4631,SuGOHI5 DECaLS,1
2000,39.93357,-46.34466,Jacobs et al. 2019b,1
2001,39.9713,-1.5822,SuGOHI5 DES,1
2002,39.99595,-30.47203,Petrillo et al. 2019,1
2003,40.00335,-34.30346,Li21,1
2004,40.03353,-34.64467,Petrillo et al. 2019,1
2005,40.04078,-32.87665,Petrillo et al. 2019,1
2006,40.05187,-34.19992,Petrillo et al. 2019,1
2007,40.06234,-32.90865,Petrillo et al. 2019,1
2008,40.089881896972656,-0.8424893617630005,Talbot,1
2009,40.10002,-6.27539,Shu22,1
2010,40.1185,-30.40413,Petrillo et al. 2019,1
10539,40.1217117,-11.69831898,Storfer 2023,2
2012,40.22729,-34.34315,Petrillo et al. 2019,1
2013,40.23193,-31.134120000000006,Petrillo et al. 2019,1
2014,40.27731,-41.25195,Jacobs et al. 2019b,1
2015,40.30341,-0.96465,Huang et al. 2020a,1
2016,40.31685,-6.53724,Huang et al. 2020a,1
2017,40.327576,-26.776026,Stein21,1
2018,40.33563,-30.96918,Petrillo et al. 2019,1
2019,40.33643,-29.65602,Petrillo et al. 2019,1
2020,40.37339,-59.8258,Jacobs et al. 2019b,1
2021,40.40229,-38.08709,Stein21,1
2022,40.42545,-33.17331,Petrillo et al. 2019,1
2023,40.434246,-44.83914,Stein21,1
2024,40.45128,-29.74902,Petrillo et al. 2019,1
2025,40.5125,-27.92777777777778,Canameras et al. 2020,1
2026,40.53637,-41.83663,Diehl et al. 2017,1
11301,40.5673,-2.1304,Storfer 2023,2
2028,40.57195,-16.41159,Huang et al. 2020a,1
2029,40.62048,-29.71815,Jacobs et al. 2019b,1
2030,40.63723,-12.18908,Huang et al. 2020a,1
2031,40.649618,-21.540553,ODonnell22,1
2032,40.66937,7.0366597,Stein21,1
2033,40.67694,-0.64869,Huang et al. 2020a,1
10541,40.68470797,-48.19354569,Storfer 2023,2
2035,40.68613,-32.65894,Petrillo et al. 2019,1
2036,40.704640000000005,2.24228,Huang et al. 2020a,1
2037,40.70528,-0.58883,Huang et al. 2020a,1
2038,40.75434,-28.278572,Stein21,1
9007,40.7627,-0.1001,Huang 2022,2
2040,40.81115,-0.14985,Huang et al. 2020a,1
2041,40.820778,-3.950495,Stein21,1
2042,40.86666,-21.70053,Jacobs et al. 2019b,1
2043,40.87454,-1.93729,Huang et al. 2020a,1
2044,40.87669,-33.67311,Petrillo et al. 2019,1
2045,40.91029,-48.56082,Diehl et al. 2017,1
2046,40.97086,-32.93798,Petrillo et al. 2019,1
2047,41.024391174316406,-2.4419937133789062,Talbot,1
10542,41.04337558,-46.44016146,Storfer 2023,2
2049,41.09875,-52.82594,Diehl et al. 2017,1
2050,41.10365,-32.827009999999994,Petrillo et al. 2019,1
2051,41.11666666666667,-17.250833333333333,Canameras et al. 2020,1
2052,41.132652,-52.823837,Stein21,1
2053,41.17054,-0.1436599999999999,Jacobs et al. 2019b,1
2054,41.20053482055664,0.0046616997569799,Talbot,1
2055,41.20595,-30.32132,Jacobs et al. 2019b,1
10291,41.27690458,17.55156867,Storfer 2023,2
2057,41.32615,-53.25105,Diehl et al. 2017,1
2058,41.34586,-61.021736,Stein21,1
2059,41.352062,-20.538559,Stein21,1
2060,41.35337,-53.02927,Jacobs et al. 2019b,1
2061,41.36784,-1.20158,Huang et al. 2020a,1
2062,41.37136,-28.174767,Stein21,1
2063,41.393165588378906,2.883361339569092,Talbot,1
2064,41.43182,-8.64921,Huang et al. 2020a,1
2065,41.46421,-51.4975,Jacobs et al. 2019b Diehl et al. 2017,1
2066,41.47418,-0.70515,Huang et al. 2020a,1
2067,41.4975,-29.82067,Petrillo et al. 2019,1
2068,41.499218,-54.842484,Stein21,1
2069,41.52048,-6.12754,Huang et al. 2020a,1
2070,41.53225,-32.04649000000001,Petrillo et al. 2019,1
2071,41.53875732421875,0.8752931952476501,Talbot,1
2072,41.546032,-35.880997,Stein21,1
2073,41.55483,-0.75242,Huang et al. 2020a,1
2074,41.59992,-30.34491,Petrillo et al. 2019,1
2075,41.60173,-30.45756,Petrillo et al. 2019,1
2076,41.60495,-45.74571,Diehl et al. 2017,1
2077,41.60685,-17.548697,Stein21,1
2078,41.62916666666667,-12.831944444444444,Canameras et al. 2020,1
2079,41.70837,-29.67283,Petrillo et al. 2019,1
2080,41.74979,-33.9478,Petrillo et al. 2019,1
2081,41.75038,-30.15345,Petrillo et al. 2019,1
2082,41.75052,-44.5364,Jacobs et al. 2019b,1
2083,41.769585,-21.389553,Stein21,1
2084,41.77716,-59.29213000000001,Jacobs et al. 2019b Diehl et al. 2017,1
2085,41.79155,-8.42247,Huang et al. 2020a,1
2086,41.79166666666666,17.95861111111111,Canameras et al. 2020,1
2087,41.80879,-37.83504,Jacobs et al. 2019b,1
2088,41.82639694213867,-1.552754044532776,Talbot,1
2089,41.8409309387207,-0.223445639014244,Talbot,1
2090,41.87465,-30.52525,Petrillo et al. 2019,1
2091,41.92505,-32.90055,Petrillo et al. 2019,1
2092,41.93908,-0.52473,Huang et al. 2020a,1
2093,41.99101,-0.74253,Huang et al. 2020a,1
2094,42.005173,-12.735567,Stein21,1
2095,42.013769,-6.268377,Rojas21,1
2096,42.01411,-3.5291300000000003,Jacobs et al. 2019b A383.1,1
2097,42.017235,-37.577477,Stein21,1
2098,42.02597,-30.45867,Petrillo et al. 2019,1
2099,42.02935,-33.25539000000001,Petrillo et al. 2019,1
2100,42.03972,-39.93008,Jacobs et al. 2019b,1
2101,42.21561,-0.53291,Huang et al. 2020a,1
2102,42.24005,-60.90097,Jacobs et al. 2019b,1
2103,42.28796,-32.73961,Petrillo et al. 2019,1
2104,42.29965,-0.8135899999999999,Diehl et al. 2017,1
2105,42.47083333333333,19.60111111111112,Canameras et al. 2020,1
2106,42.49282,-54.77277,Diehl et al. 2017,1
2107,42.49448,-50.94399,Jacobs et al. 2019b,1
2108,42.499908447265625,-4.332370281219482,Talbot,1
2109,42.525,-9.935555555555556,Canameras et al. 2020,1
2110,42.56288,-32.07784,Petrillo et al. 2019,1
2111,42.58849,-25.75382,Jacobs et al. 2019b,1
2112,42.6117,-63.145144,ODonnell22,1
2113,42.61404,-18.19468,Jacobs et al. 2019b,1
2114,42.6208,-41.0717,Jacobs et al. 2019b,1
2115,42.71571,-16.16883,Jacobs et al. 2019b,1
2116,42.71781,-55.40325,Jacobs et al. 2019b,1
2117,42.73452,-31.34913,Petrillo et al. 2019,1
2118,42.76633071899414,-4.908965587615967,Talbot,1
2119,42.85307,-31.12317,Petrillo et al. 2019,1
9228,42.8971,-12.3337,Huang 2022,2
2121,42.9152,-0.56001,Huang et al. 2020a,1
2122,42.93427,-6.224819999999999,Jacobs et al. 2019b,1
2123,42.95422,-55.26367,Diehl et al. 2017,1
2124,42.98483,-22.503119,Stein21,1
2125,43.08284,-47.54382,Jacobs et al. 2019b Diehl et al. 2017,1
2126,43.12862,-34.2256,Petrillo et al. 2019,1
2127,43.17281,-14.99177,RCS2 J0252-1459,1
2128,43.18031,-21.75937,Jacobs et al. 2019b,1
12271,43.18838,0.6662100000000001,SLACS,2
2130,43.251694,20.704294,Stein21,1
9639,43.3785,-12.6509,Huang 2022,2
2132,43.38898,-11.546281,Stein21,1
2133,43.39711,-35.79207,Jacobs et al. 2019b,1
2134,43.40443,-33.98151,Petrillo et al. 2019,1
2135,43.41658,-20.8375,Jacobs et al. 2019b,1
2136,43.41713,-34.273959999999995,Petrillo et al. 2019,1
2137,43.41788,-33.988440000000004,Petrillo et al. 2019,1
10547,43.4278,-26.4934,Storfer 2023,2
2139,43.46981048583984,1.6408071517944336,Talbot,1
2140,43.48289,-35.22283,Stein21,1
2141,43.48492,-31.13892,Petrillo et al. 2019,1
2142,43.507095,-42.3918,Stein21,1
2143,43.519634,-26.638407,Stein21,1
2144,43.55201,-29.68566,Petrillo et al. 2019,1
2145,43.56343,-33.47508,Petrillo et al. 2019,1
2146,43.575,-30.83833333333333,Canameras et al. 2020,1
2147,43.63767,-40.73796,Diehl et al. 2017,1
2148,43.654278,-4.9735193,Stein21,1
2149,43.71149000000001,-31.02942,Petrillo et al. 2019,1
2150,43.741783,-44.98413,Stein21,1
2151,43.80186,-31.78025,Petrillo et al. 2019,1
2152,43.941574,-54.823734,Stein21,1
2153,43.952385,-31.318705,Stein21,1
11330,43.96495726,-48.11833305,Storfer 2023,2
2155,44.01502,-12.25496,Jacobs et al. 2019b,1
2156,44.09583333333333,-28.78472222222223,Canameras et al. 2020,1
2157,44.09736,-27.12183,Jacobs et al. 2019b,1
2158,44.13800000000001,-34.56273,Petrillo et al. 2019,1
2159,44.14439,-28.469395,Stein21,1
2160,44.20416666666666,0.6894444444444444,Canameras et al. 2020,1
2161,44.29582,-31.097240000000006,Petrillo et al. 2019,1
2162,44.29829,-32.509766,Stein21,1
2163,44.347717,-30.656513,Stein21,1
2164,44.37288,-58.720180000000006,Diehl et al. 2017,1
2165,44.41669,-27.56232,Petrillo et al. 2019,1
2166,44.43998,-32.86016,Petrillo et al. 2019,1
2167,44.46966171264648,1.719186544418335,Talbot,1
2168,44.48196792602539,0.161919891834259,Talbot,1
2169,44.51017,-20.118847,Stein21,1
2170,44.53824996948242,-0.7694230079650879,Talbot,1
2171,44.54868,-26.85277,Petrillo et al. 2019,1
2172,44.598003,-39.711742,Stein21,1
2173,44.60963,-34.68824,Petrillo et al. 2019,1
2174,44.615997,-46.579063,Stein21,1
2175,44.70606,-30.993,Petrillo et al. 2019,1
2176,44.80894,-15.36354,Jacobs et al. 2019b,1
10553,44.85814141,-52.11195827,Storfer 2023,2
2178,44.89291,-45.93001,Diehl et al. 2017,1
2179,44.95084,-8.07945,Jacobs et al. 2019b,1
9649,44.9857,-26.8724,Huang 2022,2
2181,45.09019,-50.02469,Jacobs et al. 2019b Diehl et al. 2017,1
2182,45.09838,-28.19301,Petrillo et al. 2019,1
2183,45.13176,-44.84662,Stein21,1
2184,45.13631,-51.74562,Jacobs et al. 2019b Diehl et al. 2017,1
2185,45.22217,-49.69702,Diehl et al. 2017,1
2186,45.22645,-27.23304000000001,Petrillo et al. 2019,1
11345,45.26998722,-34.65888721,Storfer 2023,2
2188,45.35486,-25.97326,Petrillo et al. 2019,1
2189,45.35699,-31.60138,Petrillo et al. 2019,1
2190,45.36647,-35.38899,Petrillo et al. 2019,1
2191,45.41384,-29.645740000000004,Petrillo et al. 2019,1
2192,45.43017,-28.260240000000003,Petrillo et al. 2019,1
2193,45.4638,-44.44055,Jacobs et al. 2019b,1
2194,45.50197,-27.19551,Petrillo et al. 2019,1
11346,45.50920033,-39.18081647,Storfer 2023,2
2196,45.572376,-22.106808,Stein21,1
2197,45.591190000000005,-21.63207,Jacobs et al. 2019b,1
11347,45.61183199,-42.89690646,Storfer 2023,2
2199,45.67382,-33.57398,Petrillo et al. 2019,1
2200,45.70432,-33.27024,Petrillo et al. 2019,1
2201,45.74493,-25.71972,Petrillo et al. 2019,1
2202,45.7558,-13.720117,Stein21,1
2203,45.77602,-58.09985,Diehl et al. 2017,1
2204,45.8512,-27.76894,Petrillo et al. 2019,1
10559,45.88879659,-21.18735119,Storfer 2023,2
2206,45.9507,-46.44066,Jacobs et al. 2019b Diehl et al. 2017,1
2207,45.96811,-50.39776,Jacobs et al. 2019b,1
2208,45.97926,-48.70707,Diehl et al. 2017,1
2209,46.006443,-22.367693,Stein21,1
2210,46.06729,-49.35725,Jacobs et al. 2019b,1
2211,46.087997,-44.043804,Stein21,1
10560,46.15732658,-58.77992795,Storfer 2023,2
2213,46.19506,-27.12333,Petrillo et al. 2019,1
2214,46.22735,-5.451513,Stein21,1
2215,46.27306,-10.40325,Jacobs et al. 2019b,1
2216,46.31967,-16.60365,Jacobs et al. 2019b,1
2217,46.34869000000001,-27.54558,Petrillo et al. 2019,1
10561,46.35936039,-46.42540446,Storfer 2023,2
2219,46.37069,-31.59559,Petrillo et al. 2019,1
9233,46.4172,-29.5712,Huang 2022,2
2221,46.44468,-34.18821,Petrillo et al. 2019,1
2222,46.47231,-14.88122,Huang et al. 2020a,1
2223,46.48864,-34.428020000000004,Petrillo et al. 2019,1
2224,46.57969,-20.939438,Stein21,1
2225,46.58501,-41.82398,Diehl et al. 2017,1
2226,46.6559,-28.5632,Petrillo et al. 2019,1
9656,46.6654,-27.6075,Huang 2022,2
2228,46.67754,-33.45843,Petrillo et al. 2019,1
2229,46.69704,-23.07635,Jacobs et al. 2019b,1
2230,46.69931,-15.05926,Huang et al. 2020a,1
2231,46.74445,-34.85024,Petrillo et al. 2019,1
2232,46.76692,-30.16377,Petrillo et al. 2019,1
2233,46.78183,-29.50725,Petrillo et al. 2019,1
2234,46.80629,-30.3054,Petrillo et al. 2019,1
2235,46.86874,-28.24511,Petrillo et al. 2019,1
2236,46.87411,-62.68482,Jacobs et al. 2019b,1
2237,46.8886,-28.7358,Petrillo et al. 2019,1
2238,46.8973,-34.7414,Jacobs et al. 2019b,1
2239,46.90465,-10.016187,Stein21,1
2240,46.91635,-29.690538,Stein21,1
2241,46.93881,-18.18558,Jacobs et al. 2019b,1
2242,46.96054,-50.70122,Jacobs et al. 2019b Diehl et al. 2017,1
2243,46.98706,-29.48145,Petrillo et al. 2019,1
2244,47.008377,-28.231773,Stein21,1
2245,47.10675,-30.28703,Petrillo et al. 2019,1
2246,47.10719,-33.82788,Petrillo et al. 2019,1
2247,47.17661,-30.425290000000004,Petrillo et al. 2019,1
2248,47.19172,-29.057140000000004,Petrillo et al. 2019,1
2249,47.2,-21.10386,Jacobs et al. 2019b,1
2250,47.249363,-34.686768,Stein21,1
2251,47.2879,-32.14697,Petrillo et al. 2019,1
2252,47.32498,-62.66179,Jacobs et al. 2019b,1
2253,47.33215,-13.53674,Jacobs et al. 2019b Huang et al. 2020a,1
2254,47.33576,-38.09604,Jacobs et al. 2019b,1
2255,47.36582,-38.910755,Stein21,1
2256,47.380955,-37.995884,Stein21,1
9236,47.438,-14.6211,Huang 2022,2
2258,47.52242,-9.05404,Jacobs et al. 2019b,1
2259,47.55474,-45.57426,Diehl et al. 2017,1
2260,47.60185,-44.84339,Diehl et al. 2017,1
2261,47.607872,-44.499893,Stein21,1
2262,47.63526,-46.78398,Jacobs et al. 2019b Diehl et al. 2017,1
2263,47.70873,-17.77477,Huang et al. 2020a,1
2264,47.75213,-33.15285,Stein21,1
2265,47.76467,-13.23409,Huang et al. 2020a,1
2266,47.77324,-26.01778,Jacobs et al. 2019b,1
2267,47.77405,-32.63805,Petrillo et al. 2019,1
2268,47.83018,-30.98903,Petrillo et al. 2019,1
2269,47.85658,-28.37441,Petrillo et al. 2019,1
2270,47.86322,-42.53863,Jacobs et al. 2019b,1
2271,47.87126,-34.08943,Petrillo et al. 2019,1
10293,47.89303798,-20.60320921,Storfer 2023,2
10570,47.90956998,-44.137015,Storfer 2023,2
2274,48.03707,-33.77064,Petrillo et al. 2019,1
2275,48.07689,-32.68768,Petrillo et al. 2019,1
2276,48.11399,-29.34212,Petrillo et al. 2019,1
2277,48.14648,-56.35791999999999,Diehl et al. 2017,1
2278,48.17728,-32.785990000000005,Petrillo et al. 2019,1
2279,48.29103,-20.10875,Jacobs et al. 2019b,1
2280,48.33407,-33.48052,Petrillo et al. 2019,1
2281,48.34251,-35.27178,Petrillo et al. 2019,1
2282,48.342773,-27.180231,Stein21,1
2283,48.37946,-30.59683,Petrillo et al. 2019,1
2284,48.39792,-34.55004,Petrillo et al. 2019,1
2285,48.40598,-36.17775,Jacobs et al. 2019b,1
2286,48.41106,-32.64093,Petrillo et al. 2019,1
2287,48.4473,-43.62525,Diehl et al. 2017,1
2288,48.44829,-46.55166,Diehl et al. 2017,1
2289,48.46825,-31.81317,Petrillo et al. 2019,1
2290,48.48526,-33.470620000000004,Petrillo et al. 2019,1
2291,48.54763,-21.163912,Stein21,1
2292,48.57751,-28.69901,Li21,1
2293,48.58781,-33.20937,Petrillo et al. 2019,1
2294,48.598022,-54.650368,Stein21,1
9238,48.6484,-21.4665,Huang 2022,2
2296,48.6681,-25.387,Jacobs et al. 2019b,1
2297,48.69146,-28.57297,Petrillo et al. 2019,1
2298,48.70771,-33.040409999999994,Petrillo et al. 2019,1
10572,48.79620737,-25.7538251,Storfer 2023,2
2300,48.81931,-31.131744,Stein21,1
10294,48.83829467,-59.91342756,Storfer 2023,2
2302,48.84465,-32.04128,Petrillo et al. 2019,1
10295,48.8685,-27.9494,Storfer 2023,2
2304,48.93026,-62.34321,Jacobs et al. 2019b,1
2305,48.94641,-50.260006,Stein21,1
2306,48.9752,-26.7443,Jacobs et al. 2019b,1
2307,48.98072,-33.12876,Petrillo et al. 2019,1
2308,49.04722,-28.02004,Petrillo et al. 2019,1
2309,49.07257,-33.19493,Petrillo et al. 2019,1
2310,49.07505,-31.90551,Petrillo et al. 2019,1
2311,49.0852,-48.26724,Diehl et al. 2017,1
2312,49.08713,-25.16632,Stein21,1
2313,49.13608,-34.281220000000005,Petrillo et al. 2019,1
2314,49.16179,-22.60925,Jacobs et al. 2019b,1
2315,49.21062,-32.240970000000004,Petrillo et al. 2019,1
2316,49.21699,-33.37267,Petrillo et al. 2019,1
2317,49.23243,-33.44165,Petrillo et al. 2019,1
2318,49.2773,-43.457146,Stein21,1
2319,49.29261,-26.42107,Jacobs et al. 2019b,1
2320,49.3224,-33.7601,Petrillo et al. 2019,1
2321,49.32472,-28.21352000000001,Petrillo et al. 2019,1
2322,49.36259,-30.5209,Petrillo et al. 2019,1
2323,49.36666666666667,-15.22,Canameras et al. 2020,1
2324,49.37563,-31.99454,Petrillo et al. 2019,1
2325,49.419094,-17.184921,Stein21,1
9671,49.4239,-21.305,Huang 2022,2
2327,49.440933,-19.562134,Stein21,1
2328,49.474911,-44.351994,ODonnell22,1
2329,49.52648,-43.11033,Diehl et al. 2017,1
11377,49.53135727,-48.30223209,Storfer 2023,2
2331,49.61994,-29.25928,Petrillo et al. 2019,1
2332,49.62499,-19.70766,Jacobs et al. 2019b,1
2333,49.677,-28.43731,Petrillo et al. 2019,1
2334,49.7204,-34.34912,Petrillo et al. 2019,1
2335,49.7381,-31.963590000000003,Petrillo et al. 2019,1
2336,49.75506,-29.2084,Petrillo et al. 2019,1
2337,49.75905,-53.30546999999999,Jacobs et al. 2019b Diehl et al. 2017,1
2338,49.770016,-49.363914,Stein21,1
2339,49.77993,-28.731240000000003,Petrillo et al. 2019,1
2340,49.796040000000005,-44.929120000000005,Diehl et al. 2017,1
2341,49.90701,-57.85219,Jacobs et al. 2019b,1
2342,49.92199,-17.5679,Jacobs et al. 2019b,1
2343,49.95072,-27.44431,Petrillo et al. 2019,1
2344,49.959698,-51.505615,Stein21,1
11379,49.992249,-47.98766825,Storfer 2023,2
2346,49.99234,-3.4863162,Stein21,1
2347,50.06689,-31.32149,Jacobs et al. 2019b,1
2348,50.06869,-31.89125,Petrillo et al. 2019,1
2349,50.11682,-41.98881,Jacobs et al. 2019b,1
2350,50.154140000000005,-16.40618,Jacobs et al. 2019b,1
2351,50.25212,-31.86238,Petrillo et al. 2019,1
2352,50.32885,-32.19789,Petrillo et al. 2019,1
2353,50.34232,-32.62721,Petrillo et al. 2019,1
2354,50.3566,-15.500979999999998,Jacobs et al. 2019b,1
2355,50.38768,-32.5957,Petrillo et al. 2019,1
2356,50.54314,-28.06697,Petrillo et al. 2019,1
2357,50.56837,-52.5779,Jacobs et al. 2019b Diehl et al. 2017,1
2358,50.58249,-34.41571,Petrillo et al. 2019,1
2359,50.59429,-42.40605,Jacobs et al. 2019b,1
10575,50.63623931,1.698879074,Storfer 2023,2
2361,50.659714,-20.956736,Stein21,1
2362,50.67685,-23.66524,Jacobs et al. 2019b,1
2363,50.684353,-13.526927,Stein21,1
2364,50.71632,-39.76936,Jacobs et al. 2019b,1
2365,50.7742,-31.15413,Petrillo et al. 2019,1
2366,50.77591,-30.7275,Petrillo et al. 2019,1
2367,50.83623,-35.39699,Petrillo et al. 2019,1
2368,50.88149,-34.76221,Petrillo et al. 2019,1
2369,50.8902,-31.34672,Petrillo et al. 2019,1
2370,50.99888,-31.38003,Petrillo et al. 2019,1
2371,51.00676,-31.394,Petrillo et al. 2019,1
2372,51.00856,-33.20433,Petrillo et al. 2019,1
10577,51.0293008,-35.93638766,Storfer 2023,2
2374,51.03239,-29.23599,Petrillo et al. 2019,1
2375,51.04575,-29.35093,Petrillo et al. 2019,1
2376,51.0592,-35.09937,Petrillo et al. 2019,1
2377,51.07482,-31.71865,Petrillo et al. 2019,1
10578,51.11503509,-44.50279071,Storfer 2023,2
2379,51.15955,-35.10646,Petrillo et al. 2019,1
2380,51.20416666666666,-10.348055555555558,Canameras et al. 2020,1
2381,51.30056,-18.679857,Stein21,1
2382,51.30485,-12.080157,Stein21,1
2383,51.35021,-32.75743,Petrillo et al. 2019,1
2384,51.35692,-33.3139,Petrillo et al. 2019,1
2385,51.43659,-56.1177,Diehl et al. 2017,1
2386,51.46527,-29.18467,Petrillo et al. 2019,1
2387,51.47083333333333,-1.9919444444444443,Canameras et al. 2020,1
2388,51.51215,-48.20995,Jacobs et al. 2019b,1
2389,51.52578,-29.19131,Petrillo et al. 2019,1
2390,51.529007,-2.9817064,Stein21,1
2391,51.56686,-31.13163,Petrillo et al. 2019,1
2392,51.59173,-4.7178416,Stein21,1
2393,51.62299,-56.7617,Jacobs et al. 2019b Diehl et al. 2017,1
2394,51.6286,-33.88281,Petrillo et al. 2019,1
2395,51.63358,-31.74979,Petrillo et al. 2019,1
2396,51.68006,-8.419598,Stein21,1
2397,51.68405,-32.19164,Petrillo et al. 2019,1
2398,51.72986,-34.53976,Petrillo et al. 2019,1
2399,51.77861,-32.4351,Petrillo et al. 2019,1
2400,51.79729,-32.77616,Jacobs et al. 2019b,1
10296,51.83465886,-36.97270857,Storfer 2023,2
2402,51.83702,-33.01077,Petrillo et al. 2019,1
2403,51.86318,-13.43961,Jacobs et al. 2019b,1
2404,51.936787,-35.029896,Stein21,1
2405,51.94,-33.2036,Jacobs et al. 2019b,1
2406,51.9804,-35.46468,Petrillo et al. 2019,1
2407,52.00516,-40.49922,Jacobs et al. 2019b,1
2408,52.012424,-21.67611,Stein21,1
2409,52.02391,-27.26826,Petrillo et al. 2019,1
2410,52.04166666666666,-10.229722222222222,Canameras et al. 2020,1
10298,52.0567,-21.6721,Storfer 2023,2
2412,52.12600000000001,-28.56405,Petrillo et al. 2019,1
2413,52.13288,-35.27229000000001,Petrillo et al. 2019,1
2414,52.23002,-35.43249,Petrillo et al. 2019,1
2415,52.24989,-38.55273,Jacobs et al. 2019b,1
2416,52.26624,-56.94944,Jacobs et al. 2019b,1
2417,52.287815,-28.8069,Stein21,1
2418,52.32238,-28.26082,Petrillo et al. 2019,1
10584,52.37707114,-52.02463048,Storfer 2023,2
2420,52.425,-3.736111111111111,Canameras et al. 2020,1
2421,52.53421,-26.9231,Petrillo et al. 2019,1
2422,52.55437,-32.1955,Petrillo et al. 2019,1
2423,52.58338000000001,-25.70082,Petrillo et al. 2019,1
2424,52.59336999999999,-32.17968,Petrillo et al. 2019,1
2425,52.597336,-63.03695,Stein21,1
2426,52.60967,-34.296009999999995,Petrillo et al. 2019,1
2427,52.62638000000001,-31.3943,Petrillo et al. 2019,1
2428,52.62838000000001,-21.45315,Jacobs et al. 2019b,1
2429,52.69501999999999,-26.54031,Petrillo et al. 2019,1
2430,52.70717,-32.09025,Petrillo et al. 2019,1
2431,52.73011999999999,-35.41943,Petrillo et al. 2019,1
2432,52.73718,-52.47028,Jacobs et al. 2019b Diehl et al. 2017,1
2433,52.77325,-35.43186,Petrillo et al. 2019,1
2434,52.83963000000001,-35.51704,Petrillo et al. 2019,1
2435,52.842754,-61.778427,Stein21,1
2436,52.8581,-27.224220000000003,Diehl et al. 2017,1
2437,52.86248000000001,-28.30308,Petrillo et al. 2019,1
2438,52.86798,-29.16846,Petrillo et al. 2019,1
2439,52.88229,-26.899954,Stein21,1
10589,52.93244599,-61.38758627,Storfer 2023,2
2441,52.9393,-31.93184,Petrillo et al. 2019,1
2442,53.00756,-28.21741,Petrillo et al. 2019,1
2443,53.01064,-13.4195,Jacobs et al. 2019b,1
2444,53.0118,-51.6127,Jacobs et al. 2019b,1
2445,53.02708000000001,-28.62479,Petrillo et al. 2019,1
10590,53.12582757,-38.6470985,Storfer 2023,2
2447,53.138580000000005,-58.61031,Diehl et al. 2017,1
2448,53.19665,-32.21546,Petrillo et al. 2019,1
2449,53.20426,-29.19273,Petrillo et al. 2019,1
2450,53.269543,-6.8562565,Stein21,1
2451,53.30453000000001,-33.41883,Petrillo et al. 2019,1
2452,53.33227,-58.70596999999999,Diehl et al. 2017,1
2453,53.35511,-31.81147,Petrillo et al. 2019,1
2454,53.41061,-18.619020000000003,Jacobs et al. 2019b,1
2455,53.4832,-14.66914,Jacobs et al. 2019b,1
2456,53.54293000000001,-32.53191,Petrillo et al. 2019,1
2457,53.54456,-28.20284,Petrillo et al. 2019,1
11407,53.5457,-48.287,Storfer 2023,2
2459,53.56194,-19.747295,Stein21,1
2460,53.58416,-49.677890000000005,Jacobs et al. 2019b,1
2461,53.586025,-14.905805,Stein21,1
2462,53.62949,-32.62985,Petrillo et al. 2019,1
2463,53.71312,-32.74481,Stein21,1
2464,53.73173,-6.7742934,Stein21,1
2465,53.74324,-18.64403,Jacobs et al. 2019b,1
2466,53.74437,-60.58056,Jacobs et al. 2019b,1
9692,53.7471,-26.5755,Huang 2022,2
2468,53.88622,-32.74919000000001,Petrillo et al. 2019,1
2469,53.96148,-35.12222,Petrillo et al. 2019,1
2470,53.9674,-32.72602,Petrillo et al. 2019,1
2471,53.98195,-15.027164,Stein21,1
2472,54.02407,-33.2057,Petrillo et al. 2019,1
2473,54.045547,-20.563307,Stein21,1
2474,54.11897,-38.20245,Jacobs et al. 2019b,1
9694,54.1741,-20.3531,Huang 2022,2
2476,54.178,-33.68275,Stein21,1
10300,54.25605136,-43.47652474,Storfer 2023,2
2478,54.321830000000006,-31.87043,Jacobs et al. 2019b,1
2479,54.57639,-49.15993,Diehl et al. 2017,1
2480,54.660313,-6.8876963,Stein21,1
2481,54.690290000000005,-16.32305,Jacobs et al. 2019b,1
2482,54.742657,-18.409237,Stein21,1
2483,54.771640000000005,-48.82476,Diehl et al. 2017,1
2484,54.77706,-58.50469,Jacobs et al. 2019b,1
2485,54.78544,-48.00953,Diehl et al. 2017,1
2486,54.855066,-33.21926,ODonnell22,1
11421,54.85790204,-39.2374038,Storfer 2023,2
11425,54.97789729,-60.606432,Storfer 2023,2
2489,54.994022,-21.743595,Stein21,1
9022,55.0891,-25.5584,Huang 2022,2
2491,55.121418,-10.301852,Stein21,1
2492,55.31999,-19.08998,Stein21,1
2493,55.378330000000005,-51.51241,Jacobs et al. 2019b Diehl et al. 2017,1
2494,55.389977,-21.103285,Stein21,1
2495,55.390656,-57.10985,Stein21,1
2496,55.416275,-20.141384,Stein21,1
2497,55.5192,-53.92059,Jacobs et al. 2019b Diehl et al. 2017,1
2498,55.52766999999999,-55.07731,Diehl et al. 2017,1
2499,55.559067,0.1150473,Stein21,1
2500,55.57642,-57.869705,Stein21,1
10302,55.66117595,-29.29197173,Storfer 2023,2
11435,55.70090919,-23.71289999,Storfer 2023,2
2503,55.75814,-55.311130000000006,Diehl et al. 2017,1
11438,55.84821711,-36.96747115,Storfer 2023,2
11439,55.93922925,-9.218937016,Storfer 2023,2
2506,56.02519,-58.47387,Diehl et al. 2017,1
2507,56.041473,-38.793167,Stein21,1
2508,56.103653,-58.484776,Stein21,1
2509,56.14624,-44.79555,Jacobs et al. 2019b,1
2510,56.25616,-41.21206,Diehl et al. 2017,1
2511,56.26287,-34.050482,ODonnell22,1
11445,56.26973018,-33.07205025,Storfer 2023,2
2513,56.366394,-22.955065,Stein21,1
2514,56.3664,-24.98848,Jacobs et al. 2019b,1
2515,56.37578,-37.29266,Stein21,1
2516,56.450314,-38.462795,Stein21,1
2517,56.56397,-50.3074,Diehl et al. 2017,1
2518,56.65416999999999,-61.97925,Diehl et al. 2017,1
2519,56.76674,-51.41115,Stein21,1
2520,56.80535,-45.585,Jacobs et al. 2019b Diehl et al. 2017,1
2521,56.93556,-24.90874,Jacobs et al. 2019b,1
2522,56.939240000000005,-36.79364,Jacobs et al. 2019b,1
10599,56.95313993,-31.98063792,Storfer 2023,2
2524,56.9875,-28.05305555555556,Canameras et al. 2020,1
2525,57.00965,-21.75082,Jacobs et al. 2019b,1
2526,57.02437,-26.92048,Jacobs et al. 2019b,1
2527,57.0345,-53.83528,Diehl et al. 2017,1
2528,57.083992,-36.061028,Stein21,1
11449,57.1209373,-38.87140778,Storfer 2023,2
2530,57.14437,-13.113029999999998,Jacobs et al. 2019b,1
11451,57.29821375,-33.01727462,Storfer 2023,2
2532,57.33127,-48.95926,Jacobs et al. 2019b Diehl et al. 2017,1
2533,57.37206,-44.90512,Diehl et al. 2017,1
2534,57.45008000000001,-15.00234,Jacobs et al. 2019b,1
2535,57.46666666666667,-15.739444444444445,Canameras et al. 2020,1
2536,57.58333333333334,-20.309166666666663,Canameras et al. 2020,1
2537,57.66003,-47.1487,Stein21,1
2538,57.682632,-25.07254,Stein21,1
2539,57.70236,-48.40619,Jacobs et al. 2019b,1
2540,57.79561,-39.96819,Stein21,1
2541,57.912907,-34.54951,Stein21,1
2542,57.93186,-56.63121999999999,Diehl et al. 2017,1
2543,58.09848,-53.989883,Stein21,1
2544,58.1767,-38.42915,Jacobs et al. 2019b,1
2545,58.180172,-26.714516,Stein21,1
2546,58.20174,-49.47047,Diehl et al. 2017,1
2547,58.2396,-56.79772,Diehl et al. 2017,1
2548,58.28404,-58.91492,Stein21,1
11461,58.33046164,-62.43358003,Storfer 2023,2
2550,58.374905,-40.23964,Stein21,1
2551,58.405930000000005,-40.40496,Diehl et al. 2017,1
2552,58.44166666666667,-17.110833333333336,Canameras et al. 2020 Jacobs et al. 2019b Jacobs et al. 2019b,1
2553,58.55902,-44.76896,Diehl et al. 2017,1
2554,58.57614,-16.1645,Jacobs et al. 2019b,1
2555,58.60051,-46.058678,Stein21,1
2556,58.69583333333333,-24.3375,Canameras et al. 2020 Jacobs et al. 2019b Jacobs et al. 2019b,1
10303,59.026,-56.1248,Storfer 2023,2
2558,59.085964,-53.958473,Stein21,1
2559,59.095478,-57.643356,Stein21,1
10607,59.11992972,-13.9417948,Storfer 2023,2
2561,59.122585,-26.103426,Stein21,1
2562,59.203197,-41.159916,Stein21,1
2563,59.20438000000001,-24.14476,Jacobs et al. 2019b,1
2564,59.21895,-14.96632,Jacobs et al. 2019b,1
2565,59.30651,-47.948,Diehl et al. 2017,1
2566,59.33212,-41.008590000000005,Diehl et al. 2017,1
2567,59.33565,-59.86512,Jacobs et al. 2019b,1
2568,59.3431,-57.64874,Stein21,1
2569,59.40346,-58.18149,Jacobs et al. 2019b Jacobs et al. 2019b Diehl et al. 2017,1
2570,59.48076,-14.788521,Stein21,1
2571,59.53509,-29.84965,Jacobs et al. 2019b,1
2572,59.58441,-54.60675,Diehl et al. 2017,1
2573,59.64583333333334,-4.601944444444444,Canameras et al. 2020,1
2574,59.694269,-24.25462,ODonnell22,1
2575,59.73392,-27.017488,Stein21,1
2576,59.9375,-14.899444444444445,Canameras et al. 2020,1
11475,59.9852,-24.5652,Storfer 2023,2
2578,60.04713,-15.87989,Huang et al. 2020a,1
2579,60.10434,-16.39791,Huang et al. 2020a,1
11478,60.11658818,-22.44518722,Storfer 2023,2
2581,60.13316999999999,-53.52125,Diehl et al. 2017,1
2582,60.19111,-64.0057,Diehl et al. 2017,1
2583,60.216840000000005,-42.49954,Diehl et al. 2017,1
2584,60.24203000000001,-13.95666,Huang et al. 2020a,1
2585,60.314568,-9.860586,Stein21,1
2586,60.35721,-47.89974,Diehl et al. 2017,1
2587,60.43889,-14.75679,Huang et al. 2020a,1
10611,60.48213142,-34.08914691,Storfer 2023,2
10612,60.52134042,-48.13568713,Storfer 2023,2
2590,60.52333,-22.099437,Rojas21,1
2591,60.53983,-14.666498,Stein21,1
2592,60.547955,-44.436287,Stein21,1
2593,60.6128,-58.620430000000006,Diehl et al. 2017,1
2594,60.68596,-15.73031,Huang et al. 2020a,1
2595,60.73669,-32.56085,Stein21,1
2596,60.739830000000005,-52.97845,Jacobs et al. 2019b Diehl et al. 2017,1
2597,60.786730000000006,-50.96569,Diehl et al. 2017,1
2598,60.80335,-15.21602,Jacobs et al. 2019b Jacobs et al. 2019b Huang et al. 2020a,1
2599,60.80891999999999,-15.04576,Huang et al. 2020a,1
2600,60.84466,-54.54363000000001,Jacobs et al. 2019b,1
2601,60.882195,-23.244265,Stein21,1
2602,61.09906,-14.38827,Huang et al. 2020a,1
2603,61.11342,-17.20823,Huang et al. 2020a,1
2604,61.122955,-21.040998,Stein21,1
2605,61.1909,-14.57604,Huang et al. 2020a,1
2606,61.2125,-8.9675,Canameras et al. 2020,1
2607,61.44691,-64.31224,Diehl et al. 2017,1
11488,61.45319952,-22.42746918,Storfer 2023,2
2609,61.517887,-15.061015,Stein21,1
2610,61.521164,-59.655678,Stein21,1
2611,61.53451,-45.44011,Stein21,1
2612,61.60206,-26.77362,Jacobs et al. 2019b,1
2613,61.66185,-50.39863,Diehl et al. 2017,1
2614,61.6918,-1.6756052,Stein21,1
10306,61.81508181,-57.21763243,Storfer 2023,2
2616,61.81652,-64.93288000000001,Diehl et al. 2017,1
2617,62.090172,-28.689265,Rojas21,1
2618,62.09132,-53.90026,Jacobs et al. 2019b Diehl et al. 2017,1
2619,62.09439,-53.45394,Diehl et al. 2017,1
2620,62.101000000000006,-20.9368,Jacobs et al. 2019b,1
2621,62.1022,-39.9407,Jacobs et al. 2019b,1
2622,62.12916666666667,-6.77,Canameras et al. 2020,1
2623,62.46788000000001,-65.18070999999999,Diehl et al. 2017,1
2624,62.55545,-30.62385,Jacobs et al. 2019b,1
9745,62.6288,-14.8934,Huang 2022,2
2626,62.69034,-32.760105,Stein21,1
9254,62.7834,-22.9431,Huang 2022,2
2628,62.791990000000006,-45.10773,Diehl et al. 2017,1
2629,62.79569,-48.32768,Jacobs et al. 2019b Diehl et al. 2017,1
2630,62.81805,-10.643294,Stein21,1
2631,62.92814,-51.12636,Jacobs et al. 2019b,1
2632,62.956880000000005,-31.74853,Jacobs et al. 2019b,1
2633,62.98152,-51.30059,Stein21,1
11502,63.04129125,-1.869423641,Storfer 2023,2
2635,63.16191,-19.90303,Jacobs et al. 2019b,1
2636,63.17876999999999,-26.77565,Jacobs et al. 2019b,1
2637,63.18632,-56.997330000000005,Diehl et al. 2017,1
2638,63.21116,-42.97797,Diehl et al. 2017,1
2639,63.21176,-9.78145,Stein21,1
2640,63.295501,-19.884891,ODonnell22,1
10307,63.34868501,-51.29741064,Storfer 2023,2
2642,63.42129,-23.73947,Jacobs et al. 2019b,1
2643,63.50575,-36.30908,Stein21,1
2644,63.6323,-4.54271,Huang et al. 2020a,1
2645,63.91078,-40.20893,Jacobs et al. 2019b,1
2646,63.93554,-41.729490000000006,Jacobs et al. 2019b,1
2647,63.98448,-5.382735,Stein21,1
2648,64.06478,-62.21202,Diehl et al. 2017,1
2649,64.16481999999999,-59.14804,Jacobs et al. 2019b,1
2650,64.18670999999999,-55.41675,Jacobs et al. 2019b Diehl et al. 2017,1
2651,64.41252,-10.667743,Stein21,1
2652,64.45,-29.17777777777778,Canameras et al. 2020,1
2653,64.48776,-3.61333,Huang et al. 2020a,1
2654,64.53442,-49.90677,Diehl et al. 2017,1
2655,64.54117,-54.95973000000001,Jacobs et al. 2019b Diehl et al. 2017,1
2656,64.58257,-33.982384,Stein21,1
2657,64.60748000000001,-61.424130000000005,Jacobs et al. 2019b,1
2658,64.6387,-18.2982,Jacobs et al. 2019b,1
2659,64.67721,-25.619917,Stein21,1
2660,64.6875,-20.46722222222222,Canameras et al. 2020,1
2661,64.70669,-64.02544,Stein21,1
2662,64.77709,-29.99383,Jacobs et al. 2019b,1
2663,64.80528000000001,-55.45564,Diehl et al. 2017,1
2664,65.02522,-38.634262,Stein21,1
2665,65.1782,-54.37706,Jacobs et al. 2019b,1
2666,65.24251,-4.357416,Stein21,1
2667,65.27383,-43.434624,Stein21,1
2668,65.36505,-47.0251,Stein21,1
2669,65.5759,-21.54608,Jacobs et al. 2019b,1
10309,65.60555998,-40.53216846,Storfer 2023,2
2671,65.70828,0.77958184,Stein21,1
2672,65.77112,-46.17822,Diehl et al. 2017,1
2673,65.86338,-58.280853,Stein21,1
2674,65.93108000000001,-54.5268,Diehl et al. 2017,1
2675,65.95136,-22.493484,Stein21,1
10630,66.0118,-16.4113,Storfer 2023,2
10310,66.1612,-33.2949,Storfer 2023,2
2678,66.436485,-57.692616,Stein21,1
2679,66.635864,-26.910717,Stein21,1
2680,66.6375,-14.513333333333335,Canameras et al. 2020,1
2681,66.72222,-41.07365,Diehl et al. 2017,1
2682,66.9116,-27.186083,Stein21,1
2683,66.94981,-7.14442,Stein21,1
2684,67.06770999999999,-32.30001,Jacobs et al. 2019b,1
11527,67.28765563,-28.43798871,Storfer 2023,2
2686,67.37079,-45.290745,Stein21,1
2687,67.37815,-22.733220000000003,Jacobs et al. 2019b,1
2688,67.39444,-60.19064,Jacobs et al. 2019b,1
2689,67.40378,-62.56632,Diehl et al. 2017,1
2690,67.55234,-36.45565,Stein21,1
2691,67.55588,-50.5019,Diehl et al. 2017,1
2692,67.59246,-20.85277,Jacobs et al. 2019b,1
2693,67.8459,-54.37902,Jacobs et al. 2019b,1
2694,67.90269,-64.28725,Stein21,1
2695,67.92345,-43.29463,Jacobs et al. 2019b,1
2696,68.00416666666666,-9.421666666666669,Canameras et al. 2020,1
2697,68.22083333333333,-2.6286111111111112,Canameras et al. 2020,1
2698,68.2249,-60.0451,Jacobs et al. 2019b,1
2699,68.26475,-27.23982,Jacobs et al. 2019b,1
2700,68.45305,-44.93493,Jacobs et al. 2019b,1
2701,68.550545,-56.810486,Stein21,1
2702,68.58614,-51.6334,Diehl et al. 2017,1
2703,68.65141,-50.72424,Stein21,1
2704,68.72838,-18.412014,Rojas21,1
2705,68.90416666666667,-25.33361111111111,Canameras et al. 2020,1
2706,69.06966,-56.61642,Diehl et al. 2017,1
2707,69.17396,-11.761748,Stein21,1
2708,69.3146,-64.47504,Jacobs et al. 2019b,1
2709,69.45059,-51.60777,Jacobs et al. 2019b,1
2710,69.48652,-65.03786,Jacobs et al. 2019b,1
2711,69.52573000000001,-32.48116,Jacobs et al. 2019b,1
2712,69.98848000000001,-55.56323,Diehl et al. 2017,1
2713,70.220634,-21.320023,Stein21,1
2714,70.22869,-46.95956,Diehl et al. 2017,1
2715,70.2452,-58.6915,Jacobs et al. 2019b,1
2716,70.3625,2.4472222222222224,Canameras et al. 2020,1
2717,70.37035,-37.360725,Stein21,1
2718,70.37184,-43.23723,Jacobs et al. 2019b,1
11551,70.40503028,-50.45592854,Storfer 2023,2
2720,70.44879,-48.92453,Diehl et al. 2017,1
2721,70.459816,-24.872284,Stein21,1
2722,70.62357,-29.34467,Jacobs et al. 2019b,1
2723,70.642715,-43.81492,Stein21,1
2724,70.679085,-8.608575,Stein21,1
2725,70.7037,-62.95143,Jacobs et al. 2019b,1
2726,70.74508,-10.425079,Stein21,1
2727,70.79929,-20.44658,Jacobs et al. 2019b,1
2728,70.80412,-17.575151,Stein21,1
2729,70.87841,-44.96306,Diehl et al. 2017,1
2730,70.93285,-62.46824,Jacobs et al. 2019b,1
2731,71.08553,-45.70138,Diehl et al. 2017,1
2732,71.19838,-35.383053,Stein21,1
2733,71.285706,-0.1358944,Stein21,1
2734,71.29836999999999,-51.24277,Diehl et al. 2017,1
2735,71.30693000000001,-43.05946,Diehl et al. 2017,1
2736,71.39426999999999,-44.11097,Diehl et al. 2017,1
2737,71.43905,-43.74087,Diehl et al. 2017,1
2738,71.49144,-43.72404,Diehl et al. 2017,1
2739,71.55366,-51.44236,Diehl et al. 2017,1
9264,71.5624,-20.0285,Huang 2022,2
2741,71.6667,-27.24653,Jacobs et al. 2019b,1
2742,71.68186999999999,-53.30076,Diehl et al. 2017,1
2743,71.69891,-63.82495,Diehl et al. 2017,1
2744,71.72787,-46.64484,Stein21,1
2745,71.904106,-27.17454,Stein21,1
2746,71.94657,-50.74285,Stein21,1
2747,71.96587,-36.38232,Stein21,1
2748,72.02201,-58.122580000000006,Jacobs et al. 2019b Diehl et al. 2017,1
2749,72.25102,-58.96498,Diehl et al. 2017,1
11567,72.2897,-29.3045,Storfer 2023,2
11569,72.30866143,-62.24331234,Storfer 2023,2
2752,72.46666666666667,-8.060277777777781,Canameras et al. 2020,1
10311,72.50191398,-33.04825672,Storfer 2023,2
2754,72.5367,-57.25556,Jacobs et al. 2019b Diehl et al. 2017,1
2755,72.5878,-50.7436,Jacobs et al. 2019b,1
2756,72.79355,-19.196295,Stein21,1
11575,72.79454117,-30.09735618,Storfer 2023,2
2758,72.94153,-42.04937,Diehl et al. 2017,1
2759,72.9928,-53.19237,Diehl et al. 2017,1
10652,72.9987,-18.9437,Storfer 2023,2
2761,73.0888,-24.102846,Stein21,1
2762,73.09916,-29.34724,Stein21,1
2763,73.12391,-35.67423,Jacobs et al. 2019b,1
2764,73.158356,-36.58762,Stein21,1
2765,73.25883,-41.666862,Stein21,1
2766,73.29236,-24.84221,Stein21,1
2767,73.293994,-41.347261,ODonnell22,1
2768,73.30003,-38.26004,Stein21,1
2769,73.32988,-54.69272,Stein21,1
2770,73.34025,-43.783226,Stein21,1
2771,73.38443000000001,-55.59106,Jacobs et al. 2019b,1
2772,73.44594000000001,-58.40603,Diehl et al. 2017,1
10314,73.47076154,-50.37636364,Storfer 2023,2
2774,73.49811,-36.660652,ODonnell22,1
2775,73.50416666666666,-3.1427777777777783,Canameras et al. 2020,1
2776,73.5125,0.2708333333333333,Canameras et al. 2020,1
2777,73.532074,-62.879333,Stein21,1
10653,73.53950843,-62.68974952,Storfer 2023,2
2779,73.60049,-42.834957,Stein21,1
2780,73.68189,-62.566790000000005,Jacobs et al. 2019b,1
2781,73.70704,-57.24067,Diehl et al. 2017,1
2782,73.72863000000001,-42.87526,Diehl et al. 2017,1
2783,73.89056,-7.367099,Stein21,1
9043,73.903,-25.5129,Huang 2022,2
2785,73.92595,-9.324267,Stein21,1
2786,73.944145,-11.137124,Stein21,1
10654,74.05777749,-39.96652093,Storfer 2023,2
2788,74.16666666666667,-29.77277777777777,Canameras et al. 2020 Jacobs et al. 2019b Jacobs et al. 2019b,1
2789,74.19179,-62.414480000000005,Diehl et al. 2017,1
2790,74.211685,-27.572542,Stein21,1
2791,74.2719,-45.53105,Diehl et al. 2017,1
2792,74.36524,-17.997492,Stein21,1
11596,74.3907521,-35.83146123,Storfer 2023,2
11597,74.422,-41.2568,Storfer 2023,2
11599,74.44870814,-43.86788306,Storfer 2023,2
10657,74.46276811,-43.52612698,Storfer 2023,2
11603,74.69944495,-40.75106104,Storfer 2023,2
2798,74.73333333333333,-29.16861111111111,Canameras et al. 2020,1
2799,74.7561,-20.75189,Jacobs et al. 2019b,1
2800,74.81559,-62.93642,Stein21,1
2801,74.839,-48.83372,Stein21,1
2802,74.88834,-45.265633,Stein21,1
10316,74.92871389,-37.93629237,Storfer 2023,2
2804,74.98512,-24.702772,Stein21,1
2805,75.14048,-62.207657,Stein21,1
2806,75.15508,-35.307514,Stein21,1
2807,75.20139,-48.02172,Stein21,1
2808,75.2778,-50.91315,Jacobs et al. 2019b,1
2809,75.56291999999999,-61.23151,Diehl et al. 2017,1
2810,75.64833,-54.81448,Diehl et al. 2017,1
2811,75.6642,-58.47481,Jacobs et al. 2019b,1
2812,75.68788,-29.230925,Stein21,1
2813,75.7699,-35.8852,Jacobs et al. 2019b,1
11611,75.83320817,-50.86885944,Storfer 2023,2
11612,76.0735,-35.8017,Storfer 2023,2
2816,76.26966999999999,-46.19931,Jacobs et al. 2019b,1
2817,76.44598,-61.83071999999999,Jacobs et al. 2019b,1
2818,76.48003,-30.398521,Stein21,1
2819,76.50219,-20.8168,Jacobs et al. 2019b,1
10664,76.73100018,-42.34574224,Storfer 2023,2
11617,76.94604031,-53.81147254,Storfer 2023,2
2822,77.17749,-27.77706,Jacobs et al. 2019b,1
2823,77.20527,-21.74187,Jacobs et al. 2019b,1
2824,77.3072,-48.40908,Stein21,1
2825,77.33914,-53.70351,Jacobs et al. 2019b Diehl et al. 2017,1
2826,77.45683000000001,-52.45548,Diehl et al. 2017,1
2827,77.55331,-32.53492,Jacobs et al. 2019b,1
2828,77.5549,-56.63171,Jacobs et al. 2019b Diehl et al. 2017,1
2829,77.56806999999999,-41.85733,Diehl et al. 2017,1
2830,77.59528,-44.435898,Stein21,1
2831,77.65516,-52.11846,Diehl et al. 2017,1
2832,77.82016999999999,-31.5756,Jacobs et al. 2019b,1
2833,78.00324,-50.68968,Jacobs et al. 2019b,1
2834,78.03702,-23.688152,Stein21,1
2835,78.11079000000001,-56.8743,Diehl et al. 2017,1
2836,78.13096,-22.353937,Stein21,1
2837,78.16326,-50.6857,Diehl et al. 2017,1
2838,78.25092,-38.79534,Jacobs et al. 2019b,1
2839,78.377014,-18.521461,Stein21,1
2840,78.51191,-51.70611,Diehl et al. 2017,1
2841,78.51504,-62.44359,Diehl et al. 2017,1
2842,78.53033,-54.94835,Jacobs et al. 2019b,1
2843,78.61194,-56.440090000000005,Diehl et al. 2017,1
2844,78.63859,-25.982601,Stein21,1
2845,78.69467,-24.079346,Stein21,1
2846,78.96698,-35.60129,Stein21,1
2847,79.01321999999999,-22.146420000000003,Jacobs et al. 2019b,1
11634,79.17355589,-44.27902808,Storfer 2023,2
2849,79.24077,-49.66881,Diehl et al. 2017,1
2850,79.32243,-25.444955,ODonnell22,1
2851,79.635574,-22.703184,Stein21,1
2852,79.647974,-43.813522,ODonnell22,1
2853,79.68928000000001,-57.34862,Diehl et al. 2017,1
2854,79.74218,-35.988216,Stein21,1
10673,79.97972138,-31.81833129,Storfer 2023,2
2856,80.0125,-20.134444444444444,Canameras et al. 2020,1
2857,80.209656,-60.97912,Stein21,1
2858,80.25507,-29.534006,Stein21,1
2859,80.2896,-52.8744,Jacobs et al. 2019b,1
2860,80.4081039428711,1.3880974054336548,Talbot,1
10675,80.45835012,-36.58624384,Storfer 2023,2
2862,80.58806,-60.60666,Jacobs et al. 2019b,1
2863,80.6275,-42.07212,Diehl et al. 2017,1
2864,80.702965,-51.766476,Stein21,1
11642,80.71197813,-46.18641883,Storfer 2023,2
2866,80.8375,-30.28555555555556,Canameras et al. 2020,1
2867,81.09859,-27.35316,Jacobs et al. 2019b,1
2868,81.12916666666666,-7.3025,Canameras et al. 2020,1
2869,81.36350999999999,-54.796380000000006,Diehl et al. 2017,1
2870,81.36681,-44.40375,Jacobs et al. 2019b Diehl et al. 2017,1
2871,81.383644,-40.579002,Stein21,1
10677,81.47751973,-37.20416721,Storfer 2023,2
2873,81.62883,-34.2162,Stein21,1
2874,81.63062,-33.406887,Stein21,1
2875,81.70212,-37.856976,Rojas21,1
2876,82.13906999999999,-38.19495,Jacobs et al. 2019b,1
2877,82.165707,-39.977586,ODonnell22,1
2878,82.18352,-60.55014,Diehl et al. 2017,1
2879,82.51363,-61.1618,Jacobs et al. 2019b,1
2880,82.66864,-54.736588,Stein21,1
2881,82.70806,-54.79611,Diehl et al. 2017,1
2882,82.74987,-33.68771,Stein21,1
10317,82.75930722,-40.72221209,Storfer 2023,2
2884,82.92694,-31.98092,Jacobs et al. 2019b,1
2885,83.07754,-35.755554,Stein21,1
2886,83.45553000000001,-25.61511,Jacobs et al. 2019b,1
2887,83.65485,-18.942926,Stein21,1
2888,83.67942,-54.77253,Diehl et al. 2017,1
2889,83.68678,-53.78785,Jacobs et al. 2019b,1
2890,83.71685,-36.519455,Stein21,1
11660,83.82837822,-38.20352008,Storfer 2023,2
10318,84.0219,-53.6464,Storfer 2023,2
2893,84.18943,-32.729675,Stein21,1
2894,84.35163,-46.78401,Jacobs et al. 2019b,1
2895,84.44091,-47.18897,Jacobs et al. 2019b Diehl et al. 2017,1
2896,84.51512,-59.39581,Diehl et al. 2017,1
2897,84.51923000000001,-47.58715,Jacobs et al. 2019b Diehl et al. 2017,1
2898,84.58299,-40.3718,Diehl et al. 2017,1
2899,84.951836,-25.387365,Stein21,1
2900,85.00044,-39.300045,Stein21,1
2901,85.14391,-44.029377,Stein21,1
10682,85.2071,-21.4598,Storfer 2023,2
2903,85.32134,-42.56785,Diehl et al. 2017,1
10683,85.38084693,-22.23704719,Storfer 2023,2
2905,85.60110999999999,-59.83305,Jacobs et al. 2019b,1
2906,85.68497,-20.195368,Stein21,1
2907,85.73938,-21.428219,Stein21,1
2908,85.75861,-37.87701,Jacobs et al. 2019b,1
2909,85.7667,-58.4196,Jacobs et al. 2019b,1
2910,85.87728,-36.486755,Stein21,1
2911,85.99181999999999,-30.58041,Jacobs et al. 2019b,1
2912,86.044,-25.1584,Jacobs et al. 2019b,1
2913,86.502846,-39.083797,Stein21,1
2914,86.52108,-20.00709,Jacobs et al. 2019b,1
2915,86.6012,-47.6626,Jacobs et al. 2019b,1
11678,86.61457655,-33.48964097,Storfer 2023,2
2917,86.89775999999999,-60.07877,Diehl et al. 2017,1
2918,87.10993,-45.05618,Diehl et al. 2017,1
11683,87.1803,-46.5296,Storfer 2023,2
2920,87.190025,-26.347416,Stein21,1
11684,87.20067343,-42.21509034,Storfer 2023,2
2922,87.38405999999999,-50.13861,Diehl et al. 2017,1
10688,87.40287174,-23.92530079,Storfer 2023,2
10689,87.47812351,-58.98394403,Storfer 2023,2
2925,87.87366,-44.153996,Stein21,1
2926,88.29686,-28.89357,Jacobs et al. 2019b,1
2927,88.49322,-40.01832,Diehl et al. 2017,1
2928,88.60108000000001,-22.63505,Jacobs et al. 2019b,1
2929,89.00118,-22.490517,Stein21,1
2930,89.068825,-43.795593,Stein21,1
2931,89.20396,-54.05784,Diehl et al. 2017,1
11693,89.2208,-41.517,Storfer 2023,2
2933,89.2377,-50.156708,Stein21,1
2934,89.3717,-29.2196,Jacobs et al. 2019b,1
10690,89.39338636,-41.99726761,Storfer 2023,2
2936,89.67143,-50.181,Diehl et al. 2017,1
2937,89.94128,-39.08913,Stein21,1
2938,89.95629,-35.67013,Jacobs et al. 2019b,1
2939,90.66266,-46.88552,Diehl et al. 2017,1
2940,90.69522,-45.412,Jacobs et al. 2019b Diehl et al. 2017,1
2941,90.78331,-42.111084,Stein21,1
11701,90.78495273,-40.92378431,Storfer 2023,2
2943,90.81921,-52.642480000000006,Diehl et al. 2017,1
2944,90.9654,-40.9125,Jacobs et al. 2019b,1
2945,90.98834,-37.498775,Stein21,1
2946,90.994835,-35.976242,Stein21,1
2947,91.060374,-33.796497,ODonnell22,1
2948,91.17506,-46.2294,Diehl et al. 2017,1
2949,91.25214,-33.1392,Stein21,1
2950,91.309326,-35.932716,Stein21,1
2951,91.45609,-37.991634,Stein21,1
10322,91.72143421,-58.9787342,Storfer 2023,2
2953,91.75262,-54.614230000000006,Diehl et al. 2017,1
2954,91.89401,-57.55202,Diehl et al. 2017,1
2955,92.01809,-40.5282,Diehl et al. 2017,1
11707,92.39215786,-59.44017435,Storfer 2023,2
2957,92.5806,-59.923893,Stein21,1
2958,92.5816,-40.65628,Diehl et al. 2017,1
2959,92.67226,-40.89876,Diehl et al. 2017,1
2960,92.68186,-55.99526,Diehl et al. 2017,1
11710,92.81787191,-59.61263342,Storfer 2023,2
2962,92.85131,-59.08526,Diehl et al. 2017,1
2963,92.98735,-55.23386,Diehl et al. 2017,1
2964,93.11443,-39.34343,Jacobs et al. 2019b,1
2965,93.20238,-56.18727,Diehl et al. 2017,1
2966,93.28139,-42.14079,Diehl et al. 2017,1
10696,93.30143407,-55.87344808,Storfer 2023,2
2968,93.3574,-45.1528,Jacobs et al. 2019b,1
2969,93.47949,-39.300335,Stein21,1
2970,93.50022,-46.06799,Diehl et al. 2017,1
2971,94.3907,-40.559,Jacobs et al. 2019b,1
2972,95.00439,-61.62395,Diehl et al. 2017,1
2973,95.077034,-57.329285,Stein21,1
2974,95.07919,-56.48287,Jacobs et al. 2019b,1
10323,95.28498667,-61.30673545,Storfer 2023,2
2976,95.58238,43.676746,Stein21,1
2977,95.582596,-58.878796,Stein21,1
2978,96.06586,-47.16168,Jacobs et al. 2019b,1
2979,96.25055,-45.43576,Jacobs et al. 2019b Diehl et al. 2017,1
2980,96.29036,-50.8747,Stein21,1
2981,96.59632,-57.50836999999999,Jacobs et al. 2019b,1
2982,96.788055,-49.196175,Stein21,1
2983,97.03929,-50.39994,Jacobs et al. 2019b,1
2984,97.950645,-56.38716,Stein21,1
10324,100.2516299,64.48772499,Storfer 2023,2
2986,101.94222,63.288166,Stein21,1
2987,102.61934,32.73678,Stein21,1
11722,102.6559718,48.48951501,Storfer 2023,2
10703,102.7037812,45.21207894,Storfer 2023,2
2990,103.5875,36.27388888888889,Canameras et al. 2020,1
2991,104.21317,39.460205,Stein21,1
2992,105.5017,48.651016,Stein21,1
2993,107.19583333333334,50.04472222222223,Canameras et al. 2020,1
2994,107.950264,55.427475,Stein21,1
2995,108.63086,54.529382,Savary22,1
2996,109.00833333333334,27.48111111111111,Canameras et al. 2020,1
2997,109.14166666666668,38.35194444444445,Canameras et al. 2020,1
2998,109.18333333333334,33.89,Canameras et al. 2020,1
2999,109.20416666666668,63.98972222222223,Canameras et al. 2020,1
3000,109.279891,70.307512,Savary22,1
3001,109.42083333333332,46.40861111111111,Canameras et al. 2020,1
11725,109.4518169,40.41422021,Storfer 2023,2
3003,109.725,30.141666666666666,Canameras et al. 2020,1
3004,109.93333333333334,41.1175,Canameras et al. 2020,1
3005,111.5349578857422,41.08723449707031,Talbot,1
3006,111.73229,51.471165,Stein21,1
3007,111.978546,49.645737,Stein21,1
3008,112.46356964111328,32.621463775634766,Talbot,1
3009,112.73333333333332,52.62416666666667,Canameras et al. 2020,1
3010,112.7662582397461,24.84602165222168,Talbot,1
3011,112.96936798095705,36.58921813964844,Talbot,1
3012,113.00106811523438,41.52101516723633,Talbot,1
3013,113.22979,30.983315,Stein21,1
3014,113.273445,24.844193,Stein21,1
3015,113.89144134521484,45.90324401855469,Talbot,1
3016,114.28961944580078,19.243288040161133,Talbot,1
3017,114.35725,66.97694,Stein21,1
3018,114.52030181884766,43.02003860473633,Talbot,1
3019,114.8226318359375,15.952519416809082,Talbot,1
3020,115.0375,44.23611111111112,Canameras et al. 2020,1
3021,115.07077026367188,27.59669685363769,Talbot,1
3022,115.24065,14.361214,Stein21,1
3023,115.28938293457033,21.718311309814453,Talbot,1
3024,115.434351,31.27839,Savary22,1
3025,115.50466918945312,17.59065818786621,Talbot,1
3026,115.76083374023438,32.14226150512695,Talbot,1
3027,115.79644775390624,39.76312255859375,Talbot,1
3028,115.88522338867188,15.91400146484375,Talbot,1
3029,116.09838104248048,19.115249633789062,Talbot,1
3030,116.23383331298828,21.912073135375977,Talbot,1
3031,116.27635192871094,19.30692481994629,Talbot,1
3032,116.38995361328124,40.18168258666992,Talbot,1
3033,116.53037,74.53937,Stein21,1
3034,116.64166666666668,12.931388888888886,Canameras et al. 2020,1
3035,116.68000030517578,26.9765853881836,Talbot,1
3036,116.6951904296875,43.76601791381836,Talbot,1
3037,116.96032,45.01511,Stein21,1
3038,116.9696807861328,47.483543395996094,Talbot,1
3039,116.97129821777344,19.66042137145996,Talbot,1
3040,117.08023,9.065743,Stein21,1
3041,117.12425994873048,13.600773811340332,Talbot,1
3042,117.16383361816406,45.33489227294922,Talbot,1
3043,117.27492,21.150581,Stein21,1
3044,117.28070831298828,33.1096076965332,Talbot,1
3045,117.33203125,20.043624877929688,Talbot,1
3046,117.36549377441406,17.192859649658203,Talbot,1
3047,117.55782318115234,27.637563705444336,Talbot,1
3048,117.56153106689452,46.13488006591797,Talbot,1
3049,117.68868255615234,52.66735458374024,Talbot,1
3050,118.142204,12.508692,Stein21,1
3051,118.5028,42.046738,Stein21,1
3052,118.75833333333334,27.63833333333333,Canameras et al. 2020,1
12339,118.848023,34.760998,BELLSG,3
3054,118.93287658691406,11.139565467834473,Talbot,1
3055,119.22128,6.146528,Stein21,1
3056,119.32659,43.924118,Stein21,1
3057,119.4174575805664,6.996489524841309,Talbot,1
3058,119.48474884033205,47.8369026184082,Talbot,1
3059,119.54622650146484,46.01140975952149,Talbot,1
3060,119.72283172607422,42.85649871826172,Talbot,1
3061,119.92082214355467,24.372669219970703,Talbot,1
3062,120.00093841552734,24.04038047790528,Talbot,1
3063,120.13175201416016,15.072551727294922,Talbot,1
3064,120.19617,0.072475575,Stein21,1
11730,120.2843,25.2794,Storfer 2023,2
3066,120.30780029296876,23.91879844665528,Talbot,1
3067,120.309377,45.9774,Savary22,1
3068,120.36528,10.533997,Stein21,1
3069,120.50052642822266,55.28994369506836,Talbot,1
3070,120.5327377319336,42.81989669799805,Talbot,1
3071,120.55148315429688,28.9912223815918,Talbot,1
3072,120.55625915527344,29.4488468170166,Talbot,1
3073,120.69544982910156,19.762901306152344,Talbot,1
3074,120.7950210571289,24.956439971923828,Talbot,1
3075,121.03173828125,22.484952926635746,Talbot,1
3076,121.07096099853516,20.678651809692383,Talbot,1
3077,121.17204284667967,-0.4918468594551086,Talbot,1
3078,121.40078,19.169012,Stein21,1
3079,121.60295104980467,38.20323181152344,Talbot,1
3080,121.673836,24.355677,Stein21,1
3081,121.891945,4.8535314,Stein21,1
3082,122.08523,10.52839,Huang et al. 2020a,1
3083,122.18595123291016,14.01393699645996,Talbot,1
3084,122.32283,33.639328,Stein21,1
3085,122.3287124633789,24.94110870361328,Talbot,1
3086,123.242546,30.894062,Savary22,1
3087,123.39488,25.755083,Stein21,1
3088,123.39806365966795,58.3242416381836,Talbot,1
3089,123.49967193603516,23.97885131835937,Talbot,1
3090,123.6107406616211,46.36480331420898,Talbot,1
3091,123.63710021972656,23.30606460571289,Talbot,1
3092,123.65738677978516,55.25777816772461,Talbot,1
3093,123.7042236328125,22.142032623291016,Talbot,1
3094,123.71112060546876,45.3236198425293,Talbot,1
3095,123.75921,-2.5339732,Stein21,1
3096,123.85777,56.386375,Stein21,1
3097,123.87727,30.468025,Stein21,1
3098,123.90833333333332,65.2125,Canameras et al. 2020,1
3099,123.96858978271484,6.591742515563965,Talbot,1
3100,124.08325958251952,45.35491943359375,Talbot,1
3101,124.09810638427734,28.472749710083008,Talbot,1
3102,124.10641,3.318328,Stein21,1
3103,124.14598846435548,18.59231948852539,Talbot,1
3104,124.2516098022461,18.39483070373535,Talbot,1
3105,124.63416290283205,51.77750778198242,Talbot,1
3106,124.71449279785156,49.63623809814453,Talbot,1
3107,124.77867126464844,56.524017333984375,Talbot,1
3108,124.79591,4.5871944,Stein21,1
3109,124.80416666666666,-9.183888888888893,Canameras et al. 2020,1
3110,124.87689971923828,2.423417329788208,Talbot,1
3111,124.96959686279295,21.40924644470215,Talbot,1
3112,125.07158,64.52011,Stein21,1
3113,125.14874,8.818149,Stein21,1
3114,125.232609,53.587001,Savary22,1
3115,125.3,-8.562777777777779,Canameras et al. 2020,1
3116,125.38495635986328,57.94969940185547,Talbot,1
3117,125.422624,39.260887,Savary22,1
3118,125.43428,75.7109,Stein21,1
3119,125.43692016601562,56.23768997192383,Talbot,1
3120,125.570203,38.227187,Savary22,1
3121,125.5906982421875,5.180861473083496,Talbot,1
3122,125.61248016357422,45.311668395996094,Talbot,1
3123,125.63921,-0.4650399999999999,Huang et al. 2020a,1
3124,125.87815856933594,21.58668708801269,Talbot,1
10713,125.8853,7.0407,Storfer 2023,2
10714,125.9590472,14.92369674,Storfer 2023,2
3127,126.01097869873048,41.839298248291016,Talbot,1
3128,126.1305694580078,7.307038307189941,Talbot,1
3129,126.27864837646484,40.14439010620117,Talbot,1
3130,126.59583333333332,9.947222222222225,Canameras et al. 2020,1
3131,126.6161117553711,51.0355224609375,Talbot,1
10328,126.6199169,16.50354611,Storfer 2023,2
3133,126.68435668945312,13.931685447692873,Talbot,1
3134,126.77654266357422,-0.3914356827735901,Talbot,1
3135,126.77867889404295,15.851855278015137,Talbot,1
3136,126.9101104736328,44.635623931884766,Talbot,1
3137,126.97886657714844,20.668598175048828,Talbot,1
3138,126.99984741210938,54.92424774169922,Talbot,1
3139,127.00702667236328,25.12265014648437,Talbot,1
3140,127.01927185058594,44.6816635131836,Talbot,1
3141,127.02629852294922,26.23699378967285,Talbot,1
3142,127.03753662109376,44.55038070678711,Talbot,1
3143,127.04680633544922,28.558399200439453,Talbot,1
3144,127.2539291381836,35.20068359375,Talbot,1
3145,127.43509674072266,56.4704704284668,Talbot,1
3146,127.47162628173828,18.26499366760254,Talbot,1
3147,127.62812,-2.5704675,Stein21,1
3148,127.685572,32.452379,Savary22,1
12308,127.70722,51.27551,BELLS,2
3150,127.7203369140625,12.11565399169922,Talbot,1
3151,127.73773956298828,49.67631530761719,Talbot,1
3152,127.76535,32.906475,Stein21,1
3153,127.77178955078124,27.001991271972656,Talbot,1
3154,127.8330078125,16.719654083251953,Talbot,1
3155,127.8375,0.8825000000000001,Canameras et al. 2020,1
3156,127.85416666666669,41.3525,Canameras et al. 2020,1
3157,127.8926773071289,45.63814163208008,Talbot,1
3158,127.9276123046875,27.8570499420166,Talbot,1
3159,127.980164,2.078417,SuGOHI1,1
3160,128.05926513671875,58.304317474365234,Talbot,1
3161,128.1273651123047,6.473972320556641,Talbot,1
3162,128.17007446289062,4.915976524353027,Talbot,1
3163,128.22857666015625,10.70543098449707,Talbot,1
3164,128.2496795654297,42.64312744140625,Talbot,1
3165,128.25515747070312,6.319088935852051,Talbot,1
3166,128.29832,2.753662,SuGOHI1 SuGOHI6,1
3167,128.4087,3.5932,SuGOHI5,1
3168,128.50116,-0.2277,Petrillo et al. 2019,1
3169,128.5094757080078,39.146854400634766,Talbot,1
3170,128.51606999999998,1.99781,Petrillo et al. 2019,1
3171,128.540416,-0.281613,SuGOHI4 LinKS,1
3172,128.57504272460938,27.810352325439453,Talbot,1
3173,128.57528686523438,33.82123565673828,Talbot,1
3174,128.590576171875,19.291263580322266,Talbot,1
3175,128.62205505371094,45.715919494628906,Talbot,1
3176,128.6543426513672,-0.0366950258612632,Talbot,1
3177,128.6632537841797,56.07299423217773,Talbot,1
3178,128.6903,3.3466,SuGOHI5,1
3179,128.70833333333334,14.730277777777774,Canameras et al. 2020,1
3180,128.80694580078125,12.054994583129885,Talbot,1
3181,128.8815,3.8789,SuGOHI5,1
3182,128.89345,-1.99985,Petrillo et al. 2019,1
3183,128.909807,2.41786,SuGOHI6,1
3184,129.0571,0.8287,Canameras22,1
3185,129.1180877685547,5.194037914276123,Talbot,1
3186,129.16057,25.139185,Stein21,1
11742,129.1746532,46.51040531,Storfer 2023,2
3188,129.20025634765625,31.505430221557617,Talbot,1
3189,129.21623,0.51056,Shu22,1
3190,129.225487,1.031237,SuGOHI1,1
3191,129.23265,-1.57512,Petrillo et al. 2019,1
3192,129.257934,0.724969,SuGOHI6,1
3193,129.271862,-0.078283,SuGOHI1,1
3194,129.27401733398438,31.223329544067383,Talbot,1
3195,129.29506999999998,-0.99634,Petrillo et al. 2019,1
3196,129.32310485839844,7.560041427612305,Talbot,1
3197,129.34523000000002,-1.6112,Petrillo et al. 2019,1
3198,129.34877014160156,3.955684185028076,Talbot,1
3199,129.3591,1.944295,SuGOHI1 LinKS SuGOHI5,1
3200,129.40816,-0.03477,Shu22,1
3201,129.42713999999998,2.15848,Petrillo et al. 2019,1
3202,129.4399,1.384,SuGOHI5,1
3203,129.43995,1.463351,SuGOHI1 SuGOHI6,1
3204,129.490478515625,56.60727310180664,Talbot,1
3205,129.4976,5.1035,Wong21,1
3206,129.52491760253906,31.42708969116211,Talbot,1
3207,129.575,22.300555555555555,Canameras et al. 2020,1
3208,129.5751,0.9816,SuGOHI5,1
3209,129.64280700683594,56.24778366088867,Talbot,1
3210,129.66942,0.05318,Petrillo et al. 2019,1
3211,129.6706,38.11284,Stein21,1
3212,129.6733,2.9556,Wong21,1
3213,129.69547,-0.38179,Petrillo et al. 2019,1
3214,129.7372,2.1475,SuGOHI5,1
3215,129.7477,2.4832,SuGOHI5 LinKS,1
3216,129.756184,2.603021,SuGOHI6,1
3217,129.7663,-1.2509,SuGOHI5,1
3218,129.777413,-3.2e-05,SuGOHI4,1
3219,129.791664,1.703941,SuGOHI6,1
3220,129.80597,-0.8302200000000001,Petrillo et al. 2019,1
3221,129.8096466064453,61.06600189208984,Talbot,1
3222,129.85931000000002,1.3582,Petrillo et al. 2019,1
11743,129.8766448,2.173509886,Storfer 2023,2
3224,129.889,-1.679,SuGOHI5,1
3225,129.9097,0.1008,SuGOHI5,1
3226,129.9138,2.4758,SuGOHI5 SuGOHI6,1
3227,129.9293,0.794665,SuGOHI1,1
3228,129.985209,2.109015,SuGOHI1,1
3229,130.0085,-0.07506,Canameras22,1
3230,130.0109,-0.4585,SuGOHI5 LinKS,1
3231,130.02208000000002,1.90541,Petrillo et al. 2019,1
3232,130.0474,2.10251,Petrillo et al. 2019,1
3233,130.0531768798828,61.380672454833984,Talbot,1
3234,130.07007,0.17884,Petrillo et al. 2019,1
3235,130.0968,1.7004,SuGOHI5,1
3236,130.12036,-1.9622,Petrillo et al. 2019,1
3237,130.168696,-0.500879,SuGOHI6,1
3238,130.19862365722656,11.29948902130127,Talbot,1
3239,130.2130584716797,58.64463806152344,Talbot,1
3240,130.2323455810547,22.37555694580078,Talbot,1
3241,130.2474,1.5971,SuGOHI5,1
3242,130.259233,0.738256,SuGOHI6,1
3243,130.276276,1.729114,SuGOHI1,1
3244,130.2837,1.5626,SuGOHI5,1
3245,130.28903,1.496559,SuGOHI6,1
3246,130.29744,2.40061,Petrillo et al. 2019,1
3247,130.3019,0.4605,SuGOHI5 SuGOHI6,1
3248,130.327286,-0.703451,SuGOHI4,1
3249,130.36703,1.81084,Petrillo et al. 2019,1
3250,130.3737,0.4473,SuGOHI5,1
3251,130.4310760498047,8.187278747558594,Talbot,1
3252,130.4501,-1.00022,Canameras22,1
3253,130.504801,-0.394101,SuGOHI6,1
3254,130.5048065185547,35.35066604614258,Talbot,1
3255,130.5197296142578,53.393192291259766,Talbot,1
3256,130.54013,-1.58669,Petrillo et al. 2019,1
3257,130.546459,1.643238,SuGOHI6 LinKS,1
3258,130.55575561523438,9.639589309692385,Talbot,1
3259,130.5911,1.6406,SuGOHI5,1
3260,130.5939,2.46245,Petrillo et al. 2019,1
3261,130.602226,0.976143,SuGOHI6,1
3262,130.6132,2.12032,Petrillo et al. 2019,1
3263,130.6379,2.0463400000000003,Petrillo et al. 2019,1
3264,130.68786,0.73313,Shu22,1
3265,130.688365,-0.13888,SuGOHI6,1
3266,130.699055,1.69674,SuGOHI1,1
3267,130.73718,1.55961,Petrillo et al. 2019,1
3268,130.765,1.91609,Petrillo et al. 2019,1
3269,130.76736,0.49778,Petrillo et al. 2019,1
3270,130.777356,5.243116,SuGOHI8,1
3271,130.78285,0.70524,Petrillo et al. 2019,1
3272,130.79007,-0.8879100000000001,Petrillo et al. 2019,1
3273,130.80990600585938,42.48761367797852,Talbot,1
3274,130.813827,0.627024,SuGOHI4,1
3275,130.8244171142578,23.083654403686523,Talbot,1
3276,130.826844,3.174195,SuGOHI6,1
3277,130.85712,1.7839943,Stein21,1
3278,130.87457275390625,49.25659942626953,Talbot,1
3279,130.89981,-1.11752,Petrillo et al. 2019,1
3280,130.94731000000002,-0.8981299999999999,Petrillo et al. 2019,1
3281,130.972138,0.374985,SuGOHI6,1
3282,130.97731018066406,26.442874908447266,Talbot,1
3283,130.9902,0.6173,SuGOHI5 LinKS,1
3284,131.01405334472656,14.876605987548828,Talbot,1
3285,131.01693725585938,0.999462068080902,Talbot,1
3286,131.03772,1.01577,Petrillo et al. 2019,1
3287,131.05288696289062,29.202512741088867,Talbot,1
3288,131.0958,-0.29401,Canameras22,1
3289,131.1133,-0.1831,SuGOHI5,1
3290,131.13,2.0881,Petrillo et al. 2019,1
3291,131.1368408203125,22.57394027709961,Talbot,1
3292,131.1782,-1.38942,Canameras22,1
3293,131.17827,1.1941700000000002,Petrillo et al. 2019,1
3294,131.187701,1.63982,SuGOHI1,1
3295,131.19044494628906,29.86721611022949,Talbot,1
3296,131.2043,1.0006,SuGOHI5 LinKS,1
3297,131.2854,1.36765,Petrillo et al. 2019,1
3298,131.29225158691406,24.60867118835449,Talbot,1
9282,131.334,-0.9157,Huang 2022,2
3300,131.337553,1.223804,SuGOHI1,1
3301,131.358475,1.146529,SuGOHI6,1
3302,131.36074,0.0361,Huang et al. 2020a,1
3303,131.392267,2.674453,SuGOHI1,1
3304,131.400248,-0.082462,SuGOHI6,1
3305,131.40182,-1.50206,Petrillo et al. 2019,1
3306,131.42297,2.4245,Petrillo et al. 2019,1
3307,131.4467,-0.4007,SuGOHI5,1
3308,131.45035,2.07844,Petrillo et al. 2019,1
3309,131.45369,-0.5431199999999999,Petrillo et al. 2019,1
3310,131.45491,-0.50819,Shu22,1
3311,131.487,0.09612,Petrillo et al. 2019,1
3312,131.52863,-1.54719,Petrillo et al. 2019,1
3313,131.581802,0.748478,SuGOHI6,1
3314,131.6095,-2.37011,Canameras22,1
9067,131.6362,-1.9047,Huang 2022,2
3316,131.63864135742188,52.30377960205078,Talbot,1
3317,131.6624,-1.8286,SuGOHI5,1
3318,131.69664001464844,15.809846878051758,Talbot,1
3319,131.6977,4.768,SuGOHI5 CASSOWARY,1
3320,131.752944,-0.60745,SuGOHI6,1
3321,131.7831573486328,31.2654972076416,Talbot,1
3322,131.7998,0.90489,Petrillo et al. 2019,1
3323,131.83831999999998,2.7466,Petrillo et al. 2019,1
3324,131.84100341796875,60.78643035888672,Talbot,1
3325,131.8418,-1.5782,Shu22,1
3326,131.85558999999998,14.255,Huang et al. 2020a,1
3327,131.8716,1.5141,SuGOHI5,1
3328,131.96002,0.702954,SuGOHI1,1
3329,131.997728,1.813953,SuGOHI6,1
3330,132.02598571777344,33.62744140625,Talbot,1
3331,132.08258,0.91614,Petrillo et al. 2019,1
3332,132.09859,-4.12091,SL2S J084824-040715,1
3333,132.114014,-0.772468,SuGOHI1,1
3334,132.116895,2.374328,SuGOHI1 LinKS,1
3335,132.12458999999998,0.8834799999999999,Petrillo et al. 2019,1
3336,132.181048,1.423543,SuGOHI6,1
12528,132.1968,-3.8511,Gavazzi2014,2
3338,132.22206115722656,45.48276901245117,Talbot,1
3339,132.237684,-0.118213,SuGOHI6,1
3340,132.26754760742188,1.1685289144515991,Talbot,1
3341,132.2728,-1.5542,SuGOHI5 LinKS,1
3342,132.2738,3.7249,Wong21,1
9890,132.2802,22.0446,Huang 2022,2
12716,132.2896,-4.2074,Gavazzi2014,2
3345,132.305712,2.705939,SuGOHI6,1
3346,132.309765,0.500405,SuGOHI6,1
3347,132.314362,-0.405986,SuGOHI6,1
3348,132.3294,-0.1467,SuGOHI5,1
3349,132.384742,1.750838,SuGOHI1,1
3350,132.3921,1.95538,Canameras22,1
12365,132.3926,-4.5646,Gavazzi2014,2
3352,132.40054321289062,35.14947509765625,Talbot,1
3353,132.42859,29.724697,Stein21,1
3354,132.495419,-0.885061,SuGOHI6,1
3355,132.5316,1.6164,SuGOHI5,1
12366,132.5795,-3.7863,Gavazzi2014,2
3357,132.58467,1.5456299999999998,Petrillo et al. 2019,1
3358,132.600857,-0.345517,SuGOHI6,1
3359,132.61562,2.13939,Shu22,1
3360,132.64501953125,32.4166259765625,Talbot,1
3361,132.65,-0.5704,SuGOHI5,1
3362,132.651537,1.051669,SuGOHI6,1
3363,132.67471,1.59395,Shu22,1
3364,132.694211,0.65149,SuGOHI6,1
3365,132.7329,-0.1585,SuGOHI5,1
3366,132.761196,0.527162,SuGOHI6,1
3367,132.826802,0.345647,SuGOHI6,1
3368,132.854726,-1.052729,SuGOHI6,1
3369,132.875275,2.306456,SuGOHI1,1
3370,132.8815,4.874,SuGOHI5,1
3371,132.882833,1.287919,SuGOHI1,1
3372,132.8851,2.975788,SuGOHI1 SuGOHI6,1
3373,132.910209,-0.767829,SuGOHI6,1
3374,132.918803,-0.532272,SuGOHI6,1
3375,132.9398,-1.5029,SuGOHI5,1
3376,132.94489,2.51329,Petrillo et al. 2019,1
3377,132.961764,1.967874,SuGOHI1,1
3378,132.98734,1.50468,Petrillo et al. 2019,1
3379,133.022395,-0.545315,SuGOHI1,1
3380,133.113,0.4105,SuGOHI5,1
3381,133.1262,0.4205,SuGOHI5,1
3382,133.13342,1.28864,Petrillo et al. 2019,1
3383,133.149379,1.707501,SuGOHI6,1
3384,133.16413,-1.0451,Shu22,1
3385,133.16687,1.23096,Petrillo et al. 2019,1
3386,133.189423,0.153573,SuGOHI1,1
3387,133.194924,2.33327,SuGOHI6,1
3388,133.1982,4.8718,Wong21,1
3389,133.20793,1.80802,Petrillo et al. 2019,1
3390,133.283753,0.071313,SuGOHI6,1
3391,133.2893,-0.5119100000000001,Petrillo et al. 2019,1
3392,133.3265,2.0713,SuGOHI5,1
3393,133.349248,0.548912,SuGOHI6,1
12541,133.3655,-2.6292,Gavazzi2014,2
3395,133.3747,0.9795,SuGOHI5,1
3396,133.3823,1.85811,Canameras22,1
3397,133.397432,35.447405,Savary22,1
3398,133.40743,-1.141765,SuGOHI6,1
3399,133.456774,-0.510627,SuGOHI6,1
3400,133.464081,-0.882243,SuGOHI6,1
3401,133.467704,-0.358336,SuGOHI6,1
3402,133.48332,0.38351,Petrillo et al. 2019,1
3403,133.542989,2.226124,SuGOHI6,1
3404,133.55308,-4.40257,Huang et al. 2020a,1
3405,133.5724,-0.34188,Canameras22,1
3406,133.60475,-3.2480900000000004,SL2S J085425-031453,1
3407,133.6197,10.13743,Huang et al. 2020a,1
3408,133.64789,0.46448,Petrillo et al. 2019,1
3409,133.672693,1.121865,SuGOHI6,1
3410,133.6794,0.39781,Canameras22,1
11752,133.681,6.749,Storfer 2023,2
3412,133.6938,-1.3603,SuGOHI5 LinKS More et al. 2012 More et al. 2016,1
3413,133.72586,-1.38399,Petrillo et al. 2019,1
3414,133.735291,0.575086,SuGOHI1,1
3415,133.78483,-1.52173,Shu22,1
3416,133.7849,-0.7159,Canameras22,1
3417,133.80411,1.07405,Petrillo et al. 2019,1
3418,133.830633,-0.591043,SuGOHI6,1
3419,133.8350067138672,29.880821228027344,Talbot,1
3420,133.839012,2.177704,SuGOHI6,1
3421,133.841772,1.339938,SuGOHI6,1
3422,133.85867,0.99039,Shu22,1
3423,133.88799,0.07105,Petrillo et al. 2019,1
3424,133.907693,2.152896,SuGOHI6,1
12368,133.9172,-1.7918,Gavazzi2014,2
3426,133.925953,1.53311,SuGOHI1,1
3427,133.93068,0.11314,Petrillo et al. 2019,1
3428,133.9342,0.4107,SuGOHI5 SuGOHI6,1
3429,133.9433,-0.8440799999999999,Petrillo et al. 2019,1
3430,133.944356,2.765665,SuGOHI1,1
3431,133.94951,26.580706,Stein21,1
3432,133.961621,-0.298631,SuGOHI6,1
3433,134.00567,-7.248760000000001,Huang et al. 2020a,1
3434,134.009033203125,39.68709945678711,Talbot,1
3435,134.0164794921875,6.501185417175293,Talbot,1
3436,134.023,-0.00305,Canameras22,1
3437,134.0573,-1.69121,Canameras22,1
3438,134.058153,1.475463,SuGOHI6,1
3439,134.06622,-1.196094,SuGOHI6,1
3440,134.0782,0.6214,SuGOHI5,1
3441,134.086024,1.417586,SuGOHI1 SuGOHI5 SuGOHI6,1
12328,134.089966,20.177931,BELLSG,2
3443,134.133972,1.534025,SuGOHI6,1
3444,134.227015,2.305442,SuGOHI6,1
3445,134.229743,0.953176,SuGOHI6,1
3446,134.240086,2.963043,SuGOHI6,1
3447,134.283668,1.888557,SuGOHI6,1
3448,134.2875,26.55833333333333,Canameras et al. 2020,1
3449,134.29166666666666,6.9236111111111125,Canameras et al. 2020,1
3450,134.322269,1.197811,SuGOHI1 SuGOHI6,1
3451,134.33593,-0.19678,Shu22,1
3452,134.348083,-0.106752,SuGOHI6,1
3453,134.348371,-0.957516,SuGOHI1,1
3454,134.39983,-1.02015,SL2S J085736-010113,1
3455,134.4023,-1.83634,Petrillo et al. 2019,1
3456,134.4621,-1.32389,Petrillo et al. 2019,1
3457,134.462387,-0.589445,SuGOHI6,1
3458,134.464766,-0.563319,SuGOHI1,1
3459,134.491774,-0.196328,SuGOHI6,1
3460,134.497253,1.689422,SuGOHI1,1
3461,134.5125,-0.6828,SuGOHI5,1
3462,134.57492,-1.55142,Petrillo et al. 2019,1
3463,134.593121,-0.06268,SuGOHI6,1
3464,134.600627,1.036212,SuGOHI6,1
3465,134.62476,1.577494,SuGOHI1,1
3466,134.644363,0.548876,SuGOHI1,1
3467,134.66179,-1.65638,Petrillo et al. 2019,1
3468,134.6763,-0.4627,SuGOHI5 SuGOHI6,1
3469,134.6789,-1.7799,SuGOHI5,1
3470,134.69166666666666,9.78277777777778,Canameras et al. 2020,1
3471,134.70346,-2.65716,SL2S J085849-023926,1
3472,134.70943,-1.458013,SuGOHI6,1
3473,134.729615,1.626548,SuGOHI6,1
3474,134.733303,-1.035671,SuGOHI1 SuGOHI3,1
3475,134.74400329589844,41.763973236083984,Talbot,1
3476,134.75916,0.23814,Petrillo et al. 2019,1
3477,134.80133,-1.69818,Shu22,1
3478,134.80893,2.70237,Petrillo et al. 2019,1
3479,134.81062,-3.75413,SL2S J085915-034515,1
3480,134.82631,-1.72127,Petrillo et al. 2019,1
3481,134.83363,39.28376,Stein21,1
3482,134.884625,-0.925754,SuGOHI1 SuGOHI4,1
3483,134.8847,3.1447,SuGOHI5,1
3484,134.906402,2.350806,SuGOHI6,1
3485,134.906631,-0.933899,SuGOHI6,1
3486,134.90678,-1.11859,Shu22,1
12718,134.9088,-1.037,Gavazzi2014,2
3488,134.948441,-0.664355,SuGOHI6,1
3489,134.98507,0.56043,Shu22,1
3490,134.992555,0.320108,SuGOHI6,1
3491,135.01163,22.567667,SDSS J0900+2234,1
3492,135.01478999999998,2.4079,Petrillo et al. 2019,1
3493,135.021825,2.310198,SuGOHI6,1
3494,135.0222625732422,34.10012435913086,Talbot,1
3495,135.043289,2.765002,SuGOHI1,1
3496,135.053367,-0.637834,SuGOHI6,1
3497,135.05827,2.173977,SuGOHI6,1
3498,135.07565,2.33718,Petrillo et al. 2019,1
3499,135.09805297851562,29.596435546875,Talbot,1
3500,135.1397247314453,54.270790100097656,Talbot,1
3501,135.150004,3.12472,SuGOHI1,1
3502,135.1742,2.4283,Canameras22,1
3503,135.196094,4.283155,SuGOHI6,1
3504,135.2196044921875,20.9768295288086,Talbot,1
3505,135.22007751464844,54.75804901123047,Talbot,1
3506,135.2486,3.9895,SuGOHI5,1
3507,135.276736,2.654337,SuGOHI6,1
3508,135.278193,-0.235174,SuGOHI1,1
3509,135.31253999999998,9.94006,Huang et al. 2020a,1
3510,135.33061,-0.6267699999999999,Petrillo et al. 2019,1
3511,135.343148,-0.309656,SuGOHI6,1
3512,135.34321,18.242306,SDSS J0901+1814,1
3513,135.359285,-2.131149,SuGOHI6,1
3514,135.3636,2.42664,Canameras22,1
3515,135.371629,30.565434,Savary22,1
3516,135.38005,-1.29831,Petrillo et al. 2019,1
3517,135.3869,2.2857,SuGOHI5,1
3518,135.398342,4.143217,SuGOHI4,1
3519,135.41992,60.434414,Stein21,1
3520,135.4343,3.72202,Canameras22,1
3521,135.442781,4.125601,SuGOHI6,1
3522,135.44830322265625,2.011596441268921,Talbot,1
3523,135.45943,-1.35515,Petrillo et al. 2019,1
3524,135.5071563720703,57.588417053222656,Talbot,1
3525,135.525279,3.779168,SuGOHI1,1
3526,135.527613,2.00328,SuGOHI6,1
3527,135.53050231933594,1.528185248374939,Talbot,1
3528,135.546387,1.238328,SuGOHI1,1
3529,135.558123,-0.706131,SuGOHI1 SuGOHI6,1
3530,135.56917,2.36495,Petrillo et al. 2019,1
3531,135.5806427001953,47.76226806640625,Talbot,1
3532,135.64173,1.905298,SuGOHI6,1
3533,135.671252,2.888385,SuGOHI6,1
3534,135.705972,0.816685,SuGOHI6,1
3535,135.726077,4.242002,SuGOHI6,1
3536,135.726732,2.371958,SuGOHI1 SuGOHI6,1
3537,135.78537,1.75453,Petrillo et al. 2019,1
3538,135.785831,2.922854,SuGOHI6,1
3539,135.81399,-1.35715,Shu22,1
3540,135.83213806152344,45.34202575683594,Talbot,1
3541,135.8420867919922,26.79587173461914,Talbot,1
3542,135.8434295654297,3.6322410106658936,Talbot,1
3543,135.85528564453125,20.38886260986328,Talbot,1
3544,135.870361,2.802163,SuGOHI1,1
3545,135.8885,-0.9748,SuGOHI5 LinKS More et al. 2016 SuGOHI6 More et al. 2016,1
3546,135.907596,1.420495,SuGOHI6,1
3547,135.91104125976562,5.50458288192749,Talbot,1
3548,135.9112,-1.83449,Petrillo et al. 2019,1
3549,135.91293,39.415062,Stein21,1
3550,135.92398,0.147,Petrillo et al. 2019,1
3551,135.9358,3.52857,Canameras22,1
3552,135.9419,-0.8146,Canameras22,1
3553,135.953181,-0.420887,SuGOHI6,1
3554,135.97144,7.19543,Huang et al. 2020a,1
3555,135.988125,-0.084007,SuGOHI6,1
3556,136.002565,2.137501,SuGOHI1,1
3557,136.0175,1.7465400000000002,Petrillo et al. 2019,1
3558,136.0179,1.4211,SuGOHI5 SuGOHI6,1
12683,136.033,-0.998,Gavazzi2014,2
3560,136.0378,-0.3457,SuGOHI5,1
3561,136.051151,0.072388,SuGOHI4,1
3562,136.082346,2.305378,SuGOHI6,1
3563,136.0962,-1.58451,Petrillo et al. 2019,1
3564,136.09661865234375,61.6551513671875,Talbot,1
3565,136.110721,1.732027,SuGOHI1,1
3566,136.1239,-1.0411,SuGOHI5,1
3567,136.1275,4.4468,SuGOHI5,1
3568,136.139082,1.213994,SuGOHI6,1
3569,136.223918,4.130561,SuGOHI4,1
3570,136.2392,0.646,SuGOHI5,1
3571,136.260362,0.740006,SuGOHI6,1
3572,136.280612,-0.175009,SuGOHI1 SuGOHI4,1
3573,136.2851,4.15071,Canameras22,1
3574,136.28937,2.757342,SuGOHI6,1
3575,136.313614,1.937911,SuGOHI1,1
3576,136.313956,-1.032007,SuGOHI6,1
3577,136.333988,1.517664,SuGOHI6,1
3578,136.363047,0.590118,SuGOHI6,1
3579,136.443883,3.089093,SuGOHI1,1
3580,136.448761,-1.076812,SuGOHI6,1
3581,136.4506,1.5327,SuGOHI5,1
3582,136.45182,0.053487,SuGOHI6,1
3583,136.453294,0.795383,SuGOHI6,1
3584,136.46547,13.0307045,Stein21,1
3585,136.47115,-0.0465,Petrillo et al. 2019,1
3586,136.546024,1.331024,SuGOHI6,1
3587,136.554747,3.494438,SuGOHI1 SuGOHI4,1
3588,136.56941,-1.21495,Petrillo et al. 2019,1
3589,136.57536000000002,-0.41515,Petrillo et al. 2019,1
3590,136.5775,44.27451,Stein21,1
3591,136.578865,0.514958,SuGOHI6,1
3592,136.666691,1.063037,SuGOHI6,1
3593,136.72111999999998,-1.95726,Petrillo et al. 2019,1
3594,136.73213,42.420914,Stein21,1
3595,136.740735,1.744649,SuGOHI6,1
3596,136.74363,1.91368,Shu22,1
3597,136.74751,20.03563,Stein21,1
3598,136.7585,-1.6056,SuGOHI5,1
3599,136.76682,1.37017,Petrillo et al. 2019,1
3600,136.779531,-0.794849,SuGOHI6,1
3601,136.790417,0.946782,SuGOHI1 SuGOHI4,1
3602,136.793768,0.05579,SuGOHI4,1
3603,136.80833333333334,77.34638888888887,Canameras et al. 2020,1
3604,136.84153999999998,-1.36635,Petrillo et al. 2019,1
3605,136.85179,1.051976,SuGOHI6,1
3606,136.86666666666667,42.55055555555556,Canameras et al. 2020,1
3607,136.94633000000002,1.38012,Petrillo et al. 2019,1
9287,136.9765,0.959,Huang 2022,2
3609,136.99116,4.384275,SuGOHI1,1
3610,137.0029,3.13533,SuGOHI6,1
3611,137.0261,1.3321,SuGOHI5 SuGOHI6,1
3612,137.04089,-0.10263,Shu22,1
3613,137.049278,2.562072,SuGOHI6,1
3614,137.060819,2.431107,SuGOHI1,1
3615,137.0707,-0.01601,Canameras22,1
3616,137.073,1.25082,Canameras22,1
3617,137.07834,2.38994,Petrillo et al. 2019,1
3618,137.08908,1.26083,Petrillo et al. 2019,1
3619,137.09299,-1.131186,SuGOHI6,1
3620,137.0976,2.089782,SuGOHI6,1
3621,137.10535,2.41841,Petrillo et al. 2019,1
3622,137.1147,1.2684,SuGOHI5,1
3623,137.126743,4.963159,SuGOHI6,1
3624,137.127077,0.395018,SuGOHI6,1
3625,137.141282,0.135082,SuGOHI1 SuGOHI6,1
3626,137.149997,2.176715,SuGOHI6,1
3627,137.15492,-0.91254,Petrillo et al. 2019,1
3628,137.16162,1.57071,Petrillo et al. 2019,1
3629,137.16631999999998,-1.96949,Petrillo et al. 2019,1
3630,137.204113,-0.933555,SuGOHI1,1
3631,137.2602,1.8948,SuGOHI5,1
3632,137.266224,-0.688926,SuGOHI1,1
3633,137.28408813476562,13.269574165344238,Talbot,1
3634,137.29583333333332,23.49583333333333,Canameras et al. 2020,1
3635,137.2977,4.0884,SuGOHI5,1
3636,137.315562,2.006812,SuGOHI6,1
3637,137.32916666666668,35.25083333333333,Canameras et al. 2020,1
3638,137.345276,1.202597,SuGOHI1,1
3639,137.3746,1.00835,Shu22,1
3640,137.40695,0.46003,Petrillo et al. 2019,1
3641,137.410818,0.478488,SuGOHI6,1
3642,137.439317,1.550393,SuGOHI6,1
3643,137.45196,3.628806,SuGOHI1,1
3644,137.4625,48.4575,Canameras et al. 2020,1
3645,137.463701,1.757101,SuGOHI6,1
3646,137.46832,2.81481,Petrillo et al. 2019,1
3647,137.472126,1.642824,SuGOHI6,1
3648,137.48318481445312,10.679485321044922,Talbot,1
3649,137.5159,2.88167,Canameras22,1
3650,137.56031799316406,29.95113945007324,Talbot,1
3651,137.5822,-0.8019,SuGOHI5,1
3652,137.5854,-0.4392,SuGOHI5,1
3653,137.589279,-0.889331,SuGOHI1 SuGOHI6,1
3654,137.6036,3.9727,SuGOHI5,1
3655,137.62521,-0.67505,Petrillo et al. 2019,1
3656,137.628171,0.754846,SuGOHI1,1
3657,137.631696,0.528578,SuGOHI6,1
3658,137.638071,0.12002,SuGOHI6,1
3659,137.667982,0.141519,SuGOHI6,1
3660,137.684341,3.358022,SuGOHI1,1
3661,137.68558000000002,1.05648,Petrillo et al. 2019,1
3662,137.688702,1.978252,SuGOHI6,1
3663,137.7043,1.6805,SuGOHI5,1
3664,137.70777,-1.19015,Shu22,1
3665,137.7281036376953,15.127639770507812,Talbot,1
3666,137.754628,4.167279,SuGOHI1 SuGOHI6,1
3667,137.775709,0.518652,SuGOHI6,1
10722,137.7780372,7.308913954,Storfer 2023,2
3669,137.77838134765625,48.68938827514648,Talbot,1
3670,137.789635,-0.724675,SuGOHI6,1
3671,137.821299,-0.415377,SuGOHI6,1
3672,137.8331,1.6753,SuGOHI5,1
3673,137.851307,0.156045,SuGOHI1,1
3674,137.85683999999998,14.299120000000002,Huang et al. 2020a,1
3675,137.8583,-0.7528,SuGOHI5 LinKS,1
3676,137.911138,3.182497,SuGOHI6,1
3677,137.91167,2.60706,Petrillo et al. 2019,1
3678,137.92626953125,52.88909149169922,Talbot,1
3679,137.9385,-0.3843,SuGOHI5,1
3680,137.94166666666666,-6.550833333333332,Canameras et al. 2020,1
3681,137.95145,-1.56749,Petrillo et al. 2019,1
3682,137.953829,4.314682,SuGOHI6,1
3683,137.958653,0.365993,SuGOHI6,1
3684,137.9815,-0.7321,SuGOHI5,1
3685,138.01161000000002,2.06466,Petrillo et al. 2019,1
12233,138.02212,0.48366,SLACS,2
3687,138.02586000000002,-0.5002300000000001,Petrillo et al. 2019,1
3688,138.1161,-1.6168,SuGOHI5,1
3689,138.1252,4.2654,SuGOHI5,1
3690,138.142398,-0.727313,SuGOHI1,1
3691,138.17181396484375,41.08505630493164,Talbot,1
3692,138.18594360351562,20.152530670166016,Talbot,1
3693,138.217215,1.282569,SuGOHI6,1
3694,138.2818,3.8345,SuGOHI5,1
3695,138.28494,25.10732,Stein21,1
3696,138.3037,3.8708,SuGOHI5,1
3697,138.3116,3.8135,SuGOHI5,1
3698,138.32343,82.52508,Stein21,1
3699,138.36154174804688,25.07890892028809,Talbot,1
3700,138.36755,-0.22236,Shu22,1
3701,138.379567,0.651741,SuGOHI1 LinKS SuGOHI5,1
3702,138.412359,2.673767,SuGOHI6,1
3703,138.4125,18.323888888888884,Canameras et al. 2020,1
3704,138.429528,4.531657,SuGOHI6,1
3705,138.4495,-1.12824,Shu22,1
3706,138.466344,1.692052,SuGOHI6,1
3707,138.5208,-1.3476,SuGOHI5,1
3708,138.533966,1.003152,SuGOHI1,1
3709,138.53824,1.734841,SuGOHI6 LinKS,1
3710,138.551819,-1.752643,SuGOHI6,1
3711,138.556129,-0.412251,SuGOHI6,1
3712,138.56431579589844,43.31538772583008,Talbot,1
3713,138.61973999999998,2.63477,Petrillo et al. 2019,1
3714,138.6327,5.47159,Canameras22,1
3715,138.65686000000002,2.594,Petrillo et al. 2019,1
3716,138.6586,-1.30571,Petrillo et al. 2019,1
3717,138.66089,-1.11639,Petrillo et al. 2019,1
3718,138.663741,2.888749,SuGOHI1 SuGOHI6,1
3719,138.6649,0.1806,SuGOHI5,1
3720,138.66574096679688,30.251916885375977,Talbot,1
3721,138.66638999999998,-0.08209,Huang et al. 2020a,1
3722,138.679091,4.190629,SuGOHI1,1
3723,138.681789,0.94491,SuGOHI6,1
3724,138.70035,-0.95305,Petrillo et al. 2019,1
3725,138.7037811279297,64.1565933227539,Talbot,1
3726,138.717196,0.556881,SuGOHI6,1
3727,138.775729,4.287982,SuGOHI1 SuGOHI4,1
3728,138.78262329101562,25.76571273803711,Talbot,1
3729,138.8031,-1.37304,Petrillo et al. 2019,1
3730,138.805051,0.142592,SuGOHI6,1
3731,138.84712,-0.00437,Petrillo et al. 2019,1
3732,138.84816,-0.92261714,Stein21,1
3733,138.8727,2.31796,Petrillo et al. 2019,1
3734,138.9125,38.449583,SDSS J0915+3826,1
3735,138.9365,-1.058,SuGOHI5,1
3736,138.9757,4.8384,SuGOHI5,1
3737,139.00705,18.490835,Stein21,1
3738,139.035547,3.786224,SuGOHI1 SuGOHI6 SuGOHI4,1
3739,139.038344,-1.095131,SuGOHI6,1
3740,139.04584,2.67026,Petrillo et al. 2019,1
3741,139.073,-0.4015,SuGOHI5 LinKS,1
3742,139.073403,-2.308148,SuGOHI6,1
3743,139.091498,4.675975,SuGOHI6,1
3744,139.11212,-0.04138,Petrillo et al. 2019,1
3745,139.11802673339844,56.51255035400391,Talbot,1
3746,139.119037,-0.594664,SuGOHI4,1
3747,139.155887,-1.219608,SuGOHI6,1
3748,139.19796,-2.03532,SuGOHI6,1
3749,139.22725,-1.54519,Petrillo et al. 2019,1
3750,139.28236,-0.03447,Petrillo et al. 2019,1
3751,139.29076,3.936266,SuGOHI1,1
3752,139.30637,1.19776,Petrillo et al. 2019,1
3753,139.325,1.4986,SuGOHI5 SuGOHI6,1
3754,139.3364,4.6799,Canameras22,1
3755,139.34386,1.02357,Petrillo et al. 2019,1
3756,139.347,3.8214,SuGOHI5,1
3757,139.3616943359375,31.15697860717773,Talbot,1
3758,139.37514,1.14885,Petrillo et al. 2019,1
3759,139.40557861328125,42.30517578125,Talbot,1
3760,139.40817260742188,26.259979248046875,Talbot,1
3761,139.416348,3.920639,SuGOHI6,1
3762,139.4203,0.743912,SuGOHI6,1
3763,139.42383999999998,-1.33286,Petrillo et al. 2019,1
3764,139.4366,2.12327,Petrillo et al. 2019,1
3765,139.5052032470703,27.944934844970703,Talbot,1
12329,139.532776,45.315769,BELLSG,2
3767,139.57834,0.56238,Petrillo et al. 2019,1
3768,139.59097,2.2376,Petrillo et al. 2019,1
3769,139.5916,2.38843,Shu22,1
3770,139.63683999999998,2.88689,Petrillo et al. 2019,1
3771,139.64791870117188,17.550682067871094,Talbot,1
3772,139.680754,-2.335366,SuGOHI6 SuGOHI7,1
3773,139.710337,2.79952,SuGOHI6,1
12334,139.746719,51.081276,BELLSG,2
3775,139.76028,0.59292,Petrillo et al. 2019,1
3776,139.76675415039062,21.15829086303711,Talbot,1
3777,139.769174,3.610735,SuGOHI1 SuGOHI5,1
3778,139.7926,1.8542,SuGOHI5,1
3779,139.80649,-0.62249,Petrillo et al. 2019,1
3780,139.816,1.8387,SuGOHI5,1
3781,139.86987,-0.35594,Petrillo et al. 2019,1
3782,139.87518310546875,31.052370071411133,Talbot,1
3783,139.91696000000002,-1.27522,Petrillo et al. 2019,1
3784,139.917927,-0.916536,SuGOHI1,1
3785,139.93648000000002,1.62285,Petrillo et al. 2019,1
3786,139.947021484375,9.165438652038574,Talbot,1
3787,139.970218,39.064101,Savary22,1
3788,139.9763946533203,51.02447128295898,Talbot,1
3789,139.977753,0.846067,SuGOHI1,1
3790,139.98456000000002,0.05809,Petrillo et al. 2019,1
3791,139.990868,41.646885,Savary22,1
3792,139.991352,2.396597,SuGOHI1,1
3793,139.99166666666667,17.119722222222222,Canameras et al. 2020,1
3794,140.00293,-1.195282,SuGOHI6,1
3795,140.01115,7.3887978,Stein21,1
3796,140.0278778076172,27.02241516113281,Talbot,1
3797,140.0387,3.8555,SuGOHI5,1
3798,140.06427001953125,41.0048942565918,Talbot,1
3799,140.1042,5.1194,SuGOHI5 SuGOHI6,1
3800,140.11801147460938,30.493343353271484,Talbot,1
9903,140.1299,2.783,Huang 2022,2
3802,140.15109252929688,17.206790924072266,Talbot,1
3803,140.1611,1.0019,SuGOHI5,1
3804,140.16211,0.79018,Petrillo et al. 2019,1
3805,140.19444274902344,25.178630828857425,Talbot,1
10330,140.2081,45.3662,Storfer 2023,2
3807,140.21733,9.061919,Stein21,1
3808,140.233516,40.669275,Savary22,1
3809,140.25647,3.92275,SuGOHI1 SuGOHI4,1
3810,140.2843,4.1773,SuGOHI5,1
3811,140.2927,-1.164,Canameras22,1
3812,140.3319,10.549141,Stein21,1
3813,140.336497,4.741846,SuGOHI6,1
3814,140.3405,3.2956,SuGOHI5,1
3815,140.3414,3.33626,Canameras22,1
3816,140.35284,-0.97414,Petrillo et al. 2019,1
3817,140.35726,18.17148,SDSS J0921+1810,1
3818,140.361394,-0.134299,SuGOHI1,1
3819,140.38881,60.47358,Stein21,1
3820,140.3983,0.8565,SuGOHI5,1
3821,140.4024,2.236,SuGOHI5,1
3822,140.445744,2.874078,SuGOHI6,1
3823,140.44751,-2.053922,Stein21,1
3824,140.467,3.0814,SuGOHI5,1
3825,140.47475,-0.10551,Petrillo et al. 2019,1
3826,140.489841,3.72008,SuGOHI1 SuGOHI6,1
3827,140.5011,-0.38913,Petrillo et al. 2019,1
3828,140.5068,-1.27266,Petrillo et al. 2019,1
3829,140.50743,-0.9813,Petrillo et al. 2019,1
3830,140.53111,1.8074288,Stein21,1
3831,140.5618,1.5831,SuGOHI5,1
3832,140.59785,-0.8602700000000001,Petrillo et al. 2019,1
3833,140.6175,0.40609,Canameras22,1
3834,140.6464,2.995,SuGOHI5,1
3835,140.6549,1.30693,Canameras22,1
3836,140.65515,0.05381,Petrillo et al. 2019,1
3837,140.66828,-0.34366,SuGOHI6,1
3838,140.696027,-0.575415,SuGOHI6,1
10332,140.6980486,15.6919792,Storfer 2023,2
3840,140.7176,3.6717,SuGOHI5,1
3841,140.789559,1.120504,SuGOHI1,1
3842,140.7907,2.2308,SuGOHI5,1
3843,140.793392,3.275257,SuGOHI1,1
3844,140.802003,-1.081942,SuGOHI6,1
3845,140.80833333333334,12.994444444444444,Canameras et al. 2020,1
3846,140.81097,18.49543,Huang et al. 2020a,1
3847,140.83371,0.99331,Petrillo et al. 2019,1
3848,140.842869,-0.30178,SuGOHI6,1
3849,140.8509521484375,14.199060440063477,Talbot,1
3850,140.871734,3.331244,SuGOHI6,1
3851,140.876297,-1.28783,SuGOHI6,1
3852,140.882862,-1.369707,SuGOHI1 SuGOHI6,1
3853,140.8863,20.32784,Huang et al. 2020a,1
3854,140.895401,-0.941395,SuGOHI1 SuGOHI6,1
3855,140.9097442626953,6.569974899291992,Talbot,1
3856,140.92513,0.00929,Petrillo et al. 2019,1
3857,140.94374084472656,48.33880233764648,Talbot,1
3858,140.95842,0.60359,Shu22,1
3859,140.98013305664062,28.022634506225582,Talbot,1
3860,140.99253845214844,32.11574935913086,Talbot,1
3861,141.01164,-0.69777,Petrillo et al. 2019,1
3862,141.048372,-0.480754,SuGOHI1 SuGOHI5 SuGOHI6,1
3863,141.06263,5.7689900000000005,Huang et al. 2020a,1
3864,141.07788,4.978714,SuGOHI6,1
3865,141.09172,-0.85111,Petrillo et al. 2019,1
3866,141.1053,0.72017,Canameras22,1
3867,141.13213000000005,-0.15772,Petrillo et al. 2019,1
3868,141.1433,-1.90478,Petrillo et al. 2019,1
3869,141.190058,2.867813,SuGOHI6,1
3870,141.206784,4.024381,SuGOHI6,1
3871,141.21774,-5.531861,Stein21,1
3872,141.22745,0.653685,SuGOHI1,1
3873,141.232604,2.323219,SuGOHI4,1
3874,141.2607,2.4365,SuGOHI5,1
3875,141.28305,-1.52338,Petrillo et al. 2019,1
3876,141.28529357910156,14.930906295776367,Talbot,1
3877,141.29550170898438,63.42385482788086,Talbot,1
3878,141.307142,4.406775,SuGOHI6,1
3879,141.38481000000004,0.06905,Petrillo et al. 2019,1
3880,141.3957061767578,42.6540641784668,Talbot,1
3881,141.423,-1.10647,Canameras22,1
3882,141.4374,0.2841,SuGOHI5 SuGOHI6,1
3883,141.44005,-0.94902,Shu22,1
3884,141.44118,2.53864,Petrillo et al. 2019,1
3885,141.46875,0.71238,Petrillo et al. 2019,1
3886,141.46971,1.417386,SuGOHI2,1
3887,141.48373,11.606909,Stein21,1
3888,141.5017,-1.33894,Canameras22,1
3889,141.55381,-0.10703,Shu22,1
3890,141.61504,0.13321,Shu22,1
3891,141.61526,-1.27402,Shu22,1
3892,141.6876,-1.0205,SuGOHI5,1
3893,141.6879,2.01721,Petrillo et al. 2019,1
3894,141.6969,5.001,SuGOHI5,1
3895,141.75261,22.297445,Stein21,1
3896,141.7983856201172,21.679969787597656,Talbot,1
3897,141.81179,-0.380678,SuGOHI2,1
3898,141.81808,4.3900304,Stein21,1
3899,141.8393,-0.29683,Canameras22,1
3900,141.8512,-1.59758,Canameras22,1
3901,141.85157775878906,28.66377830505371,Talbot,1
3902,141.8606414794922,36.27994537353516,Talbot,1
3903,141.88006591796875,7.391388893127441,Talbot,1
3904,141.90969848632812,25.45401954650879,Talbot,1
3905,141.97018,-1.744475,SuGOHI2,1
3906,142.003558,4.781527,SuGOHI8,1
3907,142.0142,1.1648,SuGOHI5,1
3908,142.01799,-0.34973,Shu22,1
3909,142.06263732910156,34.7473030090332,Talbot,1
3910,142.06918,0.0692,Shu22,1
3911,142.1241,-0.75362,Canameras22,1
3912,142.1457,0.0583,Canameras22,1
3913,142.1754,1.32812,Canameras22,1
3914,142.1901,0.0153,SuGOHI5,1
3915,142.19935,-1.43945,Shu22,1
3916,142.22781,-0.1427,Shu22,1
3917,142.23979,17.146942,Stein21,1
3918,142.27908325195312,12.988872528076172,Talbot,1
3919,142.28182983398438,58.26140975952149,Talbot,1
3920,142.30953,-0.47306,Shu22,1
3921,142.34449768066406,21.52350425720215,Talbot,1
3922,142.3614,-0.09708,Canameras22,1
3923,142.3661,-1.87729,Canameras22,1
3924,142.45867,-0.69514,Shu22,1
3925,142.52898,1.61141,Shu22,1
3926,142.5348,-0.05835,Canameras22,1
3927,142.54458,0.613364,SuGOHI2,1
3928,142.65821,0.4516,Shu22,1
3929,142.66919,-0.606394,SuGOHI2,1
3930,142.7423,-1.903236,SuGOHI2,1
3931,142.75149,-0.63638,Shu22,1
3932,142.7875,40.17111111111111,Canameras et al. 2020,1
3933,142.8021,-0.0255,SuGOHI5,1
3934,142.812224,30.117749,Savary22,1
3935,142.84402465820312,63.88565444946289,Talbot,1
3936,142.88279724121094,28.78665542602539,Talbot,1
3937,142.94415,26.081047,Stein21,1
3938,142.95833333333334,26.02638888888889,Canameras et al. 2020,1
3939,142.96704,0.00804,Shu22,1
3940,143.05574,1.316235,SuGOHI2,1
3941,143.05653,-5.60406,Huang et al. 2020a,1
3942,143.07720947265625,10.515024185180664,Talbot,1
3943,143.10769653320312,37.29762268066406,Talbot,1
3944,143.12279,-0.31694,Shu22,1
3945,143.1361,-1.8657,Shu22,1
3946,143.15963745117188,5.763902187347412,Talbot,1
3947,143.17343139648438,9.794246673583984,Talbot,1
3948,143.1858,-1.62809,Canameras22,1
3949,143.20399475097656,60.5306396484375,Talbot,1
3950,143.262939453125,62.09089660644531,Talbot,1
3951,143.3463,0.06513,Canameras22,1
3952,143.38871,9.32193,Huang et al. 2020a,1
3953,143.49583333333334,-2.788333333333333,Canameras et al. 2020,1
3954,143.66829,44.16582,Stein21,1
3955,143.70181,44.218838,Stein21,1
3956,143.725,0.1238888888888889,Canameras et al. 2020,1
3957,143.77611,-2.008874,SuGOHI2,1
3958,143.8136,0.7961,SuGOHI5,1
3959,143.925535,30.63432,Savary22,1
12281,143.93306,-0.05967,SLACS,2
3961,143.94228,-0.881012,SuGOHI2,1
12246,144.00319,9.22661,SLACS,2
3963,144.0033,-1.0495,SuGOHI5,1
3964,144.081,-1.03101,Canameras22,1
3965,144.09222412109375,8.404091835021973,Talbot,1
3966,144.1122,3.7878,Wong21,1
3967,144.15107,8.86326,Huang et al. 2020a,1
3968,144.154052734375,60.54922866821289,Talbot,1
3969,144.2438,3.9792,Wong21,1
3970,144.27941,0.45864,Shu22,1
3971,144.323486328125,17.087202072143555,Talbot,1
3972,144.38388061523438,27.085485458374023,Talbot,1
3973,144.42421000000002,31.465940000000003,Huang et al. 2020a,1
3974,144.4471,-2.40308,Canameras22,1
3975,144.4485626220703,62.84378433227539,Talbot,1
3976,144.49109,65.56808,Stein21,1
3977,144.63208999999998,-4.25347,Huang et al. 2020a,1
3978,144.685478,1.901934,SuGOHI8,1
3979,144.86016,1.400168,SuGOHI2,1
3980,144.9571075439453,52.36580276489258,Talbot,1
3981,145.00988,5.4279,Huang et al. 2020a,1
3982,145.0869598388672,32.964996337890625,Talbot,1
3983,145.1149444580078,40.69289016723633,Talbot,1
3984,145.12147521972656,18.09015846252441,Talbot,1
3985,145.2182159423828,42.80288696289063,Talbot,1
3986,145.222900390625,14.016422271728516,Talbot,1
3987,145.24789428710938,1.27403461933136,Talbot,1
3988,145.34598,0.079621,SuGOHI2,1
3989,145.3460235595703,33.938453674316406,Talbot,1
3990,145.37078857421875,62.225059509277344,Talbot,1
3991,145.39039611816406,34.35379409790039,Talbot,1
3992,145.4503173828125,40.01802062988281,Talbot,1
3993,145.5850372314453,7.143008708953857,Talbot,1
3994,145.59103393554688,24.24026870727539,Talbot,1
3995,145.64117431640625,23.988264083862305,Talbot,1
3996,145.64925,-1.79239,Shu22,1
3997,145.6791534423828,25.50898742675781,Talbot,1
3998,145.67916666666667,66.29333333333334,Canameras et al. 2020,1
3999,145.71782,14.4603615,Stein21,1
4000,145.75416666666666,56.772777777777776,Canameras et al. 2020,1
4001,145.79025268554688,23.26017570495605,Talbot,1
4002,145.81288,24.851963,Stein21,1
4003,145.84072,0.3805,SuGOHI2,1
4004,145.8651,-1.9148,SuGOHI5,1
4005,145.9507,0.9906,SuGOHI5 DECaLS,1
4006,145.98228,10.002837,Stein21,1
9912,146.0028,-1.829,Huang 2022,2
4008,146.05,32.344166666666666,Canameras et al. 2020,1
4009,146.05567932128906,29.17170143127441,Talbot,1
4010,146.0693817138672,6.462084293365479,Talbot,1
12310,146.11445,-1.79512,BELLS,2
4012,146.44862365722656,2.314221143722534,Talbot,1
4013,146.526123046875,16.605388641357422,Talbot,1
4014,146.62026977539062,62.21926498413086,Talbot,1
4015,146.6406,0.4815,SuGOHI5,1
4016,146.6683349609375,28.42232322692871,Talbot,1
12257,146.73617,10.11467,SLACS,2
4018,146.84291,-0.39089,Shu22,1
4019,146.868,-1.1923,SuGOHI5,1
4020,146.95889,-1.2873,Shu22,1
4021,146.9617156982422,63.31095123291016,Talbot,1
4022,146.98526,0.41414,Shu22,1
4023,146.9936065673828,32.50026321411133,Talbot,1
4024,147.07083333333333,43.19333333333333,Canameras et al. 2020,1
4025,147.081482,37.627583,Savary22,1
4026,147.08761,-1.237123,SuGOHI2,1
4027,147.15833333333333,-2.5594444444444444,Canameras et al. 2020,1
4028,147.380711,34.638801,Savary22,1
4029,147.44345092773438,0.2972372770309448,Talbot,1
4030,147.45675659179688,18.19696807861328,Talbot,1
4031,147.4844,28.791018,Stein21,1
4032,147.50858,5.6980524,Stein21,1
4033,147.5618,2.54171,Canameras22,1
4034,147.57916259765625,23.467554092407227,Talbot,1
4035,147.5856,-0.31803,Canameras22,1
4036,147.61604,1.69552,Shu22,1
4037,147.6379,17.37444,Stein21,1
4038,147.68185424804688,17.35316276550293,Talbot,1
4039,147.7055,-0.8564,SuGOHI5,1
4040,147.71275329589844,22.79520797729492,Talbot,1
4041,147.73193359375,17.316181182861328,Talbot,1
4042,147.76159,-0.065766,SuGOHI2,1
4043,147.80491638183594,11.961797714233398,Talbot,1
4044,147.82629,0.058633,SuGOHI2,1
4045,147.82716369628906,45.98880386352539,Talbot,1
4046,147.917,-0.2389,SuGOHI5,1
4047,147.9813232421875,17.746946334838867,Talbot,1
4048,147.9984130859375,29.713830947875977,Talbot,1
4049,148.04839,6.5380554,Stein21,1
4050,148.13009643554688,42.08023071289063,Talbot,1
4051,148.1349639892578,26.82682609558105,Talbot,1
9074,148.1676,34.5795,Huang 2022,2
4053,148.1962,0.02203,Canameras22,1
4054,148.2878,0.2597,SuGOHI5,1
4055,148.36155700683594,28.728057861328125,Talbot,1
4056,148.38135,0.958929,SuGOHI2,1
4057,148.39182,26.10013,Stein21,1
4058,148.399699,31.544166,Savary22,1
4059,148.509765625,46.76691818237305,Talbot,1
4060,148.57559,2.575949,SuGOHI2,1
4061,148.57595825195312,9.825462341308594,Talbot,1
4062,148.59427,3.204822,SuGOHI2,1
4063,148.6157989501953,27.395057678222656,Talbot,1
4064,148.61851501464844,34.16241455078125,Talbot,1
4065,148.61984,2.24965,Shu22,1
4066,148.70547485351562,29.081167221069336,Talbot,1
4067,148.7716827392578,30.541824340820312,Talbot,1
4068,148.79624938964844,62.52413558959961,Talbot,1
12208,148.83217,1.02901,SLACS,2
4070,148.87356,1.819996,SuGOHI2,1
4071,148.88833,3.258888,SuGOHI2,1
4072,148.91523,2.777296,SuGOHI2,1
4073,149.0333,1.983,SuGOHI5,1
4074,149.05563354492188,32.129432678222656,Talbot,1
4075,149.06668,2.984702,SuGOHI2,1
4076,149.11666666666667,0.3055555555555555,Canameras et al. 2020,1
4077,149.14723,16.4361,Stein21,1
4078,149.1788,2.6188,SuGOHI5,1
4079,149.1842041015625,21.02825736999512,Talbot,1
4080,149.19419,0.71367,Huang et al. 2020a,1
4081,149.2441,3.52508,Canameras22,1
4082,149.26207,2.702492,SuGOHI2,1
4083,149.2788,2.4869,SuGOHI5,1
4084,149.29254,3.71952,SuGOHI2,1
4085,149.2989,1.0068,SuGOHI5,1
4086,149.4041,2.5736,SuGOHI5,1
4087,149.4133,5.158869999999999,SDSS J0957+0509,1
4088,149.45873,1.752085,SuGOHI2,1
4089,149.4722,3.3256,SuGOHI5,1
4090,149.48707580566406,33.19777297973633,Talbot,1
4091,149.51910400390625,22.060550689697266,Talbot,1
4092,149.54211999999998,2.49501,*pourrahmani,1
4093,149.54532,1.61416,*pourrahmani,1
11771,149.5663,42.6786,Storfer 2023,2
4095,149.60214,0.61518,Shu22,1
4096,149.60218811035156,37.753662109375,Talbot,1
4097,149.61177,2.80978,*pourrahmani,1
4098,149.6311,1.1603,SuGOHI5,1
4099,149.69513,10.988762,Stein21,1
4100,149.73072,2.14726,*pourrahmani,1
4101,149.8208,1.033,SuGOHI5,1
4102,149.82625,-1.9929631,Stein21,1
12684,149.8407,2.1107,Gavazzi2014,2
4104,149.8788,2.5743,SuGOHI5,1
4105,149.8948,2.10936,*pourrahmani,1
4106,149.931,2.3704,SuGOHI5,1
4107,149.96715,2.56581,Petrillo et al. 2019,1
4108,149.9832,2.3171,SuGOHI5 More et al. 2012 More et al. 2016,1
4109,150.05792,2.380278,COSMOS 0013+2249,1
4110,150.06388,2.60582,*pourrahmani,1
4111,150.07666,2.6458333,COSMOS0018+3845,1
4112,150.08562,2.3641,*pourrahmani,1
4113,150.0857,2.29766,*pourrahmani,1
4114,150.090655,47.796124,Savary22,1
4115,150.09108,1.93585,*pourrahmani,1
4116,150.09453,0.0047,Huang et al. 2020a,1
4117,150.09804,2.281483,WFC3 J100023.53+021653.34,1
4118,150.1079,0.2335,SuGOHI5,1
4119,150.14162,2.46456,*pourrahmani,1
4120,150.17674,1.303319,SuGOHI2,1
4121,150.20224,1.65383,Huang et al. 2020a,1
4122,150.20528000000002,1.8578028,COSMOS0049+5128,1
4123,150.2094,1.5477,Canameras22,1
4124,150.22478,3.625638,SuGOHI2,1
12724,150.285,2.6749,Gavazzi2014,2
4126,150.29812622070312,18.901159286499023,Talbot,1
4127,150.32939,2.67167,*pourrahmani,1
4128,150.3352,3.126665,SuGOHI2,1
4129,150.35416666666666,21.56583333333333,Canameras et al. 2020,1
4130,150.35549926757812,31.662029266357425,Talbot,1
4131,150.40448,2.55443,Huang et al. 2020a,1
4132,150.41717,2.011361,J100140.12+020040.9,1
4133,150.42103999999995,1.98445,Petrillo et al. 2019,1
4134,150.46943,-1.307763,SuGOHI2,1
4135,150.48964,61.208714,Stein21,1
4136,150.5063,2.0582,SuGOHI7,1
4137,150.5271453857422,47.76409149169922,Talbot,1
4138,150.52956,2.57102,Petrillo et al. 2019,1
4139,150.5406,3.2187,SuGOHI5,1
4140,150.54673,2.1943,COSMOS0211+1139,1
4141,150.54863,2.4986770000000003,SL2S J100212+022955,1
4142,150.54963999999998,2.14085,*pourrahmani,1
4143,150.56187,2.6268,SL2S J100215+023736,1
4144,150.5842742919922,30.589359283447266,Talbot,1
4145,150.6707,2.09137,*pourrahmani,1
4146,150.72006225585938,8.023492813110352,Talbot,1
4147,150.72531999999998,2.24172,COSMOS0254+1430,1
4148,150.75531005859375,45.23304748535156,Talbot,1
4149,150.77634,13.126886,Stein21,1
4150,150.87366,3.150327,SuGOHI2,1
4151,150.88603,-2.94928,Huang et al. 2020a,1
4152,150.8863,-0.552964,SuGOHI2,1
4153,151.00014,1.05566,Shu22,1
4154,151.06199645996094,30.072864532470703,Talbot,1
4155,151.0917,1.94647,Canameras22,1
4156,151.093545,36.805996,Savary22,1
4157,151.20064,-3.71581,Huang et al. 2020a,1
9076,151.2154,-0.5291,Huang 2022,2
4159,151.3764,-0.1489,SuGOHI5,1
4160,151.3867,-1.0077,SuGOHI5,1
4161,151.4755,-1.0659,SuGOHI5,1
4162,151.54176,3.38627,Shu22,1
4163,151.7391,0.4804,SuGOHI5,1
4164,151.74702,2.793135,SuGOHI2,1
4165,151.7618,-1.12662,Canameras22,1
4166,151.7664,2.14303,Canameras22,1
4167,151.76953125,39.95446395874024,Talbot,1
4168,151.7888946533203,14.600008964538574,Talbot,1
4169,151.8008,-1.3878,SuGOHI5,1
4170,151.80459,1.24664,Shu22,1
4171,151.80833333333334,-10.351666666666668,Canameras et al. 2020,1
4172,151.8742,-1.2427,SuGOHI5,1
4173,151.8756866455078,59.8055305480957,Talbot,1
4174,151.98552,2.40525,Huang et al. 2020a,1
4175,152.01052856445312,29.175212860107425,Talbot,1
4176,152.0163116455078,8.93968677520752,Talbot,1
4177,152.0347442626953,23.522958755493164,Talbot,1
4178,152.07629,31.7005,Huang et al. 2020a,1
4179,152.08853,9.789642,Stein21,1
4180,152.1412,0.6759,SuGOHI5,1
4181,152.1864013671875,21.890684127807617,Talbot,1
4182,152.24743999999998,19.62093,CSWA 15.2,1
4183,152.27238,0.72324,Shu22,1
4184,152.30303955078125,1.5285189151763916,Talbot,1
4185,152.41925,26.830706,Stein21,1
4186,152.4786,-1.37338,Canameras22,1
4187,152.5081,-0.5989,SuGOHI5,1
4188,152.52642,-1.96577,Huang et al. 2020a,1
4189,152.53988647460938,63.72687530517578,Talbot,1
4190,152.65779,-5.256212,Stein21,1
4191,152.71828,34.00365,Stein21,1
4192,152.77833557128906,4.743090629577637,Talbot,1
4193,152.80421,-2.0432,Huang et al. 2020a,1
4194,152.8147,7.4863853,Stein21,1
4195,152.87083,1.72314,SDSS J1011+0143,1
4196,152.8776,51.196384,Stein21,1
10735,152.8821,-3.7936,Storfer 2023,2
4198,152.95594,-1.09041,Shu22,1
4199,152.98306274414062,11.554117202758787,Talbot,1
4200,153.0442,-0.8141,Huang et al. 2020a,1
4201,153.05624389648438,26.894943237304688,Talbot,1
10736,153.1772,5.969,Storfer 2023,2
4203,153.26666666666668,10.192777777777778,Canameras et al. 2020,1
4204,153.29171752929688,37.47425079345703,Talbot,1
4205,153.33241271972656,6.79624080657959,Talbot,1
4206,153.34097,5.1475205,Stein21,1
4207,153.5286,-0.9015,SuGOHI5,1
4208,153.60416666666666,35.080000000000005,Canameras et al. 2020,1
4209,153.62836,19.041794,Stein21,1
4210,153.62946,66.20923,Stein21,1
11782,153.6301128,24.48541204,Storfer 2023,2
4212,153.6509,-0.16411,Canameras22,1
4213,153.67308,50.747535,Savary22,1
4214,153.80547,10.704213,Stein21,1
4215,153.84608459472656,26.75629234313965,Talbot,1
4216,153.86105346679688,60.53598785400391,Talbot,1
4217,153.89590454101562,24.81816291809082,Talbot,1
4218,153.9049530029297,21.456432342529297,Talbot,1
4219,153.98988342285156,-0.4026806950569153,Talbot,1
4220,154.10523986816406,39.79777908325195,Talbot,1
4221,154.14913940429688,18.99704933166504,Talbot,1
4222,154.16897583007812,29.707218170166016,Talbot,1
4223,154.1784,0.0293,SuGOHI5,1
4224,154.18824768066406,26.821123123168945,Talbot,1
4225,154.20816040039062,59.29568099975586,Talbot,1
4226,154.291259765625,20.356386184692383,Talbot,1
4227,154.29973,68.99948,Stein21,1
4228,154.30279541015625,0.0448905266821384,Talbot,1
4229,154.31156,2.48848,Huang et al. 2020a,1
4230,154.35906,-0.53337,Shu22,1
4231,154.391945,-0.207579,SuGOHI8,1
4232,154.53073,-0.13676,Huang et al. 2020a,1
4233,154.59576416015625,42.852657318115234,Talbot,1
4234,154.647,19.226086,Stein21,1
4235,154.687255859375,6.006050109863281,Talbot,1
4236,154.6971,-1.3589,SuGOHI5 DECaLS,1
4237,154.7574462890625,26.76996421813965,Talbot,1
4238,154.76536000000002,17.069679999999998,Huang et al. 2020a,1
4239,154.77022,13.522663,Stein21,1
4240,154.79166666666666,58.58027777777777,Canameras et al. 2020,1
4241,154.8651123046875,34.263404846191406,Talbot,1
4242,154.94387817382812,44.69735336303711,Talbot,1
4243,154.94658,77.30202,Stein21,1
4244,155.03067016601562,0.2853931188583374,Talbot,1
4245,155.03451538085938,46.72580337524414,Talbot,1
4246,155.17144,0.37389,SuGOHI8,1
4247,155.322457,3.245006,SuGOHI8,1
4248,155.4017,64.821556,Stein21,1
4249,155.42263,0.69658,Huang et al. 2020a,1
4250,155.447437,50.135595,Savary22,1
4251,155.48651999999998,11.20375,Huang et al. 2020a,1
4252,155.5362,-0.4215,Petrillo et al. 2019,1
4253,155.5451,-0.51142,Petrillo et al. 2019,1
4254,155.68504333496094,31.63589668273925,Talbot,1
4255,155.736083984375,22.870790481567383,Talbot,1
4256,155.73658999999998,-5.05293,Huang et al. 2020a,1
4257,155.7644805908203,-1.0796260833740234,Talbot,1
4258,155.7799530029297,38.552040100097656,Talbot,1
10334,155.7848713,51.17943388,Storfer 2023,2
4260,155.798878,-0.117384,SuGOHI8,1
4261,155.81690979003906,42.34829711914063,Talbot,1
4262,155.8251953125,1.0934956073760986,Talbot,1
4263,155.83340454101562,22.58974266052246,Talbot,1
4264,155.93145751953125,52.08610153198242,Talbot,1
4265,155.99560546875,30.720727920532227,Talbot,1
4266,156.03355,6.1798844,Stein21,1
4267,156.04308999999995,1.71885,Petrillo et al. 2019,1
4268,156.06158447265625,9.722297668457031,Talbot,1
4269,156.1033172607422,13.595727920532228,Talbot,1
4270,156.12895,-0.96059,Petrillo et al. 2019,1
4271,156.13516235351562,58.39141082763672,Talbot,1
4272,156.17076110839844,42.225135803222656,Talbot,1
4273,156.28249,0.40308,Petrillo et al. 2019,1
4274,156.31245,0.59204,Petrillo et al. 2019,1
4275,156.41566467285156,26.527990341186523,Talbot,1
4276,156.45006,-0.18404,Petrillo et al. 2019,1
4277,156.45899963378906,-1.5168708562850952,Talbot,1
4278,156.46391,-0.58812,Petrillo et al. 2019,1
4279,156.48143000000005,-0.4427100000000001,Petrillo et al. 2019,1
4280,156.56792,-1.15014,Petrillo et al. 2019,1
4281,156.575959,41.702331,Savary22,1
4282,156.59347534179688,42.41323852539063,Talbot,1
4283,156.60326,-0.0129,Petrillo et al. 2019,1
4284,156.61632,-2.240253,Stein21,1
4285,156.62291000000005,-0.64094,Petrillo et al. 2019,1
4286,156.67694,1.91127,Petrillo et al. 2019,1
4287,156.718017578125,25.64481544494629,Talbot,1
4288,156.72349548339844,37.08949661254883,Talbot,1
4289,156.79211,33.546116,Stein21,1
4290,156.7963,-1.74655,Petrillo et al. 2019,1
4291,156.86555,-1.93202,Petrillo et al. 2019,1
4292,156.8985137939453,37.4957160949707,Talbot,1
4293,156.93011474609375,26.1689395904541,Talbot,1
4294,156.99053955078125,55.99004364013672,Talbot,1
4295,156.99261,-0.80679,Petrillo et al. 2019,1
4296,156.99573999999996,-0.78183,Petrillo et al. 2019,1
4297,157.04583333333332,38.34,Canameras et al. 2020,1
4298,157.09999,-0.19419,Petrillo et al. 2019,1
4299,157.16251,-3.01337,Li21,1
4300,157.2419,-1.5282,Wong21,1
4301,157.31588745117188,27.66495513916016,Talbot,1
4302,157.34195,-2.65253,Petrillo et al. 2019,1
4303,157.43938,-2.04166,Petrillo et al. 2019,1
4304,157.44146728515625,27.163732528686523,Talbot,1
4305,157.48663,2.03841,Petrillo et al. 2019,1
4306,157.53541564941406,14.997166633605955,Talbot,1
4307,157.65892,0.39167,Petrillo et al. 2019,1
4308,157.79596,0.654218,Stein21,1
4309,157.8013458251953,63.30271911621094,Talbot,1
4310,157.80258,-0.35005,Petrillo et al. 2019,1
4311,157.82579040527344,39.08485794067383,Talbot,1
4312,157.84951782226562,49.70529556274414,Talbot,1
4313,157.85461,43.090054,Stein21,1
4314,157.90807,0.99052006,Stein21,1
4315,157.92027282714844,63.84596633911133,Talbot,1
4316,157.94082641601562,-0.378413587808609,Talbot,1
4317,157.9481,0.16237,Petrillo et al. 2019,1
4318,157.95,43.71583333333334,Canameras et al. 2020,1
4319,157.96222,1.75439,Huang et al. 2020a,1
4320,157.9735565185547,33.289005279541016,Talbot,1
4321,157.9926,-4.999329,Stein21,1
4322,158.09439,15.88459,Huang et al. 2020a,1
4323,158.13253784179688,20.106523513793945,Talbot,1
4324,158.14778,-1.57848,Petrillo et al. 2019,1
4325,158.18696,3.93559,Li21,1
4326,158.19566345214844,33.0064811706543,Talbot,1
4327,158.22731018066406,24.85087013244629,Talbot,1
4328,158.24364,-0.78263,Petrillo et al. 2019,1
4329,158.2769,5.0219145,Stein21,1
4330,158.28622436523438,26.20296859741211,Talbot,1
4331,158.29166666666666,23.27222222222223,Canameras et al. 2020,1
4332,158.41824,0.0662799999999999,Petrillo et al. 2019,1
4333,158.4832763671875,24.265792846679688,Talbot,1
4334,158.55215,0.00665,Petrillo et al. 2019,1
4335,158.56747,-2.16871,Petrillo et al. 2019,1
4336,158.61575317382812,25.899179458618164,Talbot,1
4337,158.61624145507812,25.25536727905273,Talbot,1
4338,158.6265,4.4326,Wong21,1
4339,158.63158,-2.00823,Petrillo et al. 2019,1
4340,158.63965,-1.43321,Petrillo et al. 2019,1
4341,158.67773,2.37012,Petrillo et al. 2019,1
4342,158.68087768554688,-2.1569504737854004,Talbot,1
4343,158.68679809570312,56.44560623168945,Talbot,1
4344,158.73980712890625,36.40013122558594,Talbot,1
4345,158.76721,2.6533382,Stein21,1
4346,158.77422,-0.78172,Petrillo et al. 2019,1
4347,158.775634765625,41.36354064941406,Talbot,1
4348,158.78237915039062,37.58662033081055,Talbot,1
4349,158.78931,-2.3037400000000003,Huang et al. 2020a,1
4350,158.81747436523438,10.959497451782228,Talbot,1
4351,158.83112,-0.56738,Petrillo et al. 2019 Huang et al. 2020a,1
11792,158.8324056,5.019101903,Storfer 2023,2
4353,158.90982055664062,39.42691040039063,Talbot,1
4354,158.92784,1.56119,Petrillo et al. 2019,1
4355,158.94324,-1.7772400000000002,Petrillo et al. 2019,1
4356,159.03273000000004,-0.98462,Petrillo et al. 2019,1
4357,159.0448455810547,25.76334571838379,Talbot,1
4358,159.0448760986328,25.578197479248047,Talbot,1
4359,159.0696,2.3452,Petrillo et al. 2019,1
4360,159.12302,-2.43383,Petrillo et al. 2019,1
4361,159.12608337402344,25.53083229064941,Talbot,1
4362,159.15786743164062,25.387121200561523,Talbot,1
4363,159.218017578125,3.556089401245117,Talbot,1
4364,159.2462615966797,2.6986308097839355,Talbot,1
4365,159.25165,-0.6248199999999999,Petrillo et al. 2019,1
4366,159.28406,29.691776,Stein21,1
4367,159.36247,18.593039,Stein21,1
4368,159.37743999999995,2.44356,Petrillo et al. 2019,1
4369,159.3816680908203,29.94401741027832,Talbot,1
4370,159.39735412597656,6.000448226928711,Talbot,1
4371,159.4580841064453,33.428489685058594,Talbot,1
4372,159.525,-0.51636,Petrillo et al. 2019,1
4373,159.55376,7.3186917,Stein21,1
4374,159.6128,-1.91201,Petrillo et al. 2019,1
4375,159.6435546875,52.26888656616211,Talbot,1
4376,159.64724731445312,14.098799705505373,Talbot,1
4377,159.6640167236328,25.42083549499512,Talbot,1
4378,159.6789,48.8221,CSWA 2.2,1
4379,159.69496,-0.20195,Petrillo et al. 2019,1
4380,159.744384765625,20.98818588256836,Talbot,1
4381,159.7807,-2.275,SuGOHI5 LinKS,1
4382,159.83246,2.50591,Petrillo et al. 2019,1
4383,159.8378448486328,41.77333068847656,Talbot,1
4384,159.8845672607422,44.543067932128906,Talbot,1
4385,159.89852905273438,26.48568153381348,Talbot,1
4386,159.90011596679688,49.058475494384766,Talbot,1
4387,159.90106201171875,30.206153869628903,Talbot,1
4388,159.90193,1.76695,Petrillo et al. 2019,1
4389,159.91014099121094,24.4542236328125,Talbot,1
4390,159.99737548828125,30.538354873657227,Talbot,1
4391,160.0132,64.44699,Stein21,1
9939,160.0232,1.9838,Huang 2022,2
4393,160.04077,2.65977,Petrillo et al. 2019,1
11795,160.0984071,14.83292881,Storfer 2023,2
10743,160.18597,33.08894976,Storfer 2023,2
4396,160.18803,-0.07226,Petrillo et al. 2019,1
4397,160.20686,1.85969,Petrillo et al. 2019,1
4398,160.21666666666667,30.486666666666668,Canameras et al. 2020,1
4399,160.4429,2.3238,Wong21,1
4400,160.49722290039062,3.991346836090088,Talbot,1
4401,160.59378,1.40325,Petrillo et al. 2019,1
9941,160.5973,0.2559,Huang 2022,2
4403,160.60792541503906,24.173603057861328,Talbot,1
4404,160.61178588867188,9.904080390930176,Talbot,1
4405,160.640653,36.49354,Savary22,1
9943,160.7046,62.6611,Huang 2022,2
11797,160.7458873,2.983004995,Storfer 2023,2
4408,160.78151,4.2403026,Stein21,1
4409,160.79066,0.31398,Petrillo et al. 2019,1
4410,160.80154418945312,1.251365303993225,Talbot,1
4411,160.86784,1.19748,Petrillo et al. 2019,1
4412,160.89552307128906,49.50053787231445,Talbot,1
4413,160.8995,-0.1262,Petrillo et al. 2019,1
4414,160.923,-1.97872,Petrillo et al. 2019,1
4415,160.96548461914062,35.30680847167969,Talbot,1
4416,160.98533630371094,46.52944564819336,Talbot,1
4417,160.99049377441406,55.38792419433594,Talbot,1
4418,160.99503,2.478863,SuGOHI8,1
4419,161.05986,-1.86334,Petrillo et al. 2019,1
4420,161.07701,2.48855,Petrillo et al. 2019,1
4421,161.1130828857422,15.027058601379396,Talbot,1
4422,161.12149,26.96271,Stein21,1
4423,161.1508331298828,46.91712951660156,Talbot,1
4424,161.22796630859375,21.07740592956543,Talbot,1
4425,161.4409,2.6971,Wong21,1
4426,161.457406,-0.453761,SuGOHI8,1
4427,161.52452087402344,40.59662628173828,Talbot,1
4428,161.62939453125,45.08907318115234,Talbot,1
4429,161.63003540039062,40.43782806396485,Talbot,1
4430,161.75427,0.27855,Petrillo et al. 2019,1
4431,161.79466000000005,0.0258,Petrillo et al. 2019,1
4432,161.80348,0.49765,Petrillo et al. 2019,1
9946,161.8519,-3.2118,Huang 2022,2
4434,161.8667,2.8184,Wong21,1
4435,161.89574,0.25081,Petrillo et al. 2019,1
4436,161.91127,-0.05107,Petrillo et al. 2019,1
4437,161.92401123046875,14.605198860168455,Talbot,1
4438,162.072004,0.726766,SuGOHI8,1
4439,162.0766,0.5762,Wong21,1
4440,162.13650512695312,18.019794464111328,Talbot,1
4441,162.22513999999995,0.93725,Petrillo et al. 2019,1
4442,162.36037,-0.06319,Petrillo et al. 2019,1
4443,162.4285125732422,1.375885248184204,Talbot,1
4444,162.455302,36.490762,Savary22,1
4445,162.45768,5.77494,Huang et al. 2020a,1
4446,162.51365661621094,21.80912399291992,Talbot,1
4447,162.56455993652344,33.158077239990234,Talbot,1
4448,162.59485,-1.18209,Petrillo et al. 2019,1
4449,162.6500244140625,57.12654113769531,Talbot,1
4450,162.6604766845703,22.29772186279297,Talbot,1
4451,162.68753,3.340634,Stein21,1
4452,162.75496,-0.29411,Petrillo et al. 2019,1
4453,162.81033325195312,19.714561462402344,Talbot,1
4454,162.9600067138672,44.02846145629883,Talbot,1
4455,163.010726,0.240867,SuGOHI8,1
4456,163.0559539794922,59.08367538452149,Talbot,1
4457,163.0844268798828,37.54400253295898,Talbot,1
4458,163.113005,2.409371,SuGOHI8,1
4459,163.12632751464844,5.43991231918335,Talbot,1
4460,163.16986083984375,-2.2275075912475586,Talbot,1
4461,163.2183380126953,19.462791442871094,Talbot,1
4462,163.3036346435547,6.01068925857544,Talbot,1
4463,163.33037,1.43589,Petrillo et al. 2019,1
4464,163.3739,1.382,Wong21,1
4465,163.38246154785156,12.759451866149902,Talbot,1
4466,163.410101,4.926734,SuGOHI8,1
4467,163.41249,-1.96993,Petrillo et al. 2019,1
4468,163.43579,-2.8734334,Stein21,1
4469,163.43761999999995,-1.94281,Petrillo et al. 2019,1
4470,163.46031188964844,27.73803329467773,Talbot,1
4471,163.49464416503906,38.732303619384766,Talbot,1
4472,163.60677,10.75313,Stein21,1
4473,163.75053,-0.4606,Petrillo et al. 2019,1
4474,163.89853,-4.99489,RCS2 J1055-0459,1
4475,163.9847869873047,8.778491973876953,Talbot,1
4476,163.99607,2.3805,Li21,1
4477,163.9991455078125,26.18502616882324,Talbot,1
4478,164.00390625,26.678577423095703,Talbot,1
4479,164.01736,-1.15007,Petrillo et al. 2019,1
4480,164.1466827392578,38.78739547729492,Talbot,1
4481,164.27649,-1.3263,Petrillo et al. 2019,1
4482,164.30399,-1.9052,Petrillo et al. 2019,1
4483,164.31294,-1.44177,Petrillo et al. 2019,1
4484,164.3433,0.8248700000000001,Petrillo et al. 2019,1
4485,164.3966064453125,46.87548065185547,Talbot,1
4486,164.46292,57.5075,HERMES J105751.1+573027,1
4487,164.5554,3.1934,Wong21,1
4488,164.61526,1.4542007,Stein21,1
4489,164.6533660888672,29.073183059692383,Talbot,1
4490,164.7144012451172,39.73762130737305,Talbot,1
4491,164.77137756347656,11.147027015686035,Talbot,1
4492,164.82674,13.692634,Stein21,1
4493,164.8321,56.33384,Stein21,1
4494,164.86047,-1.08082,Petrillo et al. 2019,1
4495,164.86862,-0.11463,Petrillo et al. 2019,1
4496,164.91965,-1.51548,Petrillo et al. 2019,1
4497,164.95293,-0.13475,Petrillo et al. 2019,1
4498,164.98094,1.92117,Petrillo et al. 2019,1
4499,164.9857,-1.32613,Petrillo et al. 2019,1
4500,165.02376999999996,-0.13977,Petrillo et al. 2019,1
10748,165.0310638,26.50083246,Storfer 2023,2
4502,165.03255,-1.68668,Petrillo et al. 2019,1
4503,165.05428,-0.9586,Petrillo et al. 2019,1
4504,165.05819702148438,22.8960018157959,Talbot,1
4505,165.07376098632812,61.50893783569336,Talbot,1
4506,165.11751,-1.0063,Petrillo et al. 2019,1
4507,165.120034,2.743569,SuGOHI8,1
4508,165.1968,-0.72368,Petrillo et al. 2019,1
4509,165.21745,-0.68726,Petrillo et al. 2019,1
4510,165.26315307617188,25.359432220458984,Talbot,1
4511,165.28689575195312,16.49923324584961,Talbot,1
4512,165.309401,0.33796,SuGOHI8,1
4513,165.31666666666666,18.381666666666668,Canameras et al. 2020,1
4514,165.47462,8.911823,Stein21,1
9962,165.4754,-6.0423,Huang 2022,2
4516,165.4827,3.4985,Wong21,1
4517,165.51318359375,58.04734420776367,Talbot,1
4518,165.5189666748047,22.418163299560547,Talbot,1
4519,165.56949,0.22192,Petrillo et al. 2019,1
4520,165.579915,33.706789,Savary22,1
4521,165.5909423828125,30.55931282043457,Talbot,1
4522,165.68755,12.18636,Huang et al. 2020a,1
4523,165.73622,-1.30864,Li21,1
4524,165.75288,40.22163,Stein21,1
12345,165.77975,53.345167,SLACSe,2
4526,165.78286743164062,14.99527645111084,Talbot,1
4527,165.84325,-1.12409,Li21,1
4528,165.84875,1.9793,Petrillo et al. 2019,1
4529,165.88331604003906,55.61870574951172,Talbot,1
4530,165.95253,-0.86824,Petrillo et al. 2019,1
4531,165.98592,0.8849600000000001,Petrillo et al. 2019,1
4532,165.9989471435547,51.75749969482422,Talbot,1
4533,166.019,-0.6175,Wong21,1
4534,166.02083333333334,-4.152500000000002,Canameras et al. 2020,1
4535,166.07164,-0.00746,Petrillo et al. 2019,1
4536,166.0875,-6.9011111111111125,Canameras et al. 2020,1
4537,166.09166666666667,41.311388888888885,Canameras et al. 2020,1
4538,166.10154724121094,38.763973236083984,Talbot,1
4539,166.1535,2.51261,Petrillo et al. 2019,1
4540,166.19400024414062,22.100994110107425,Talbot,1
4541,166.23326110839844,41.144813537597656,Talbot,1
4542,166.259033203125,55.05250549316406,Talbot,1
4543,166.2978,4.3632,Wong21,1
4544,166.35683999999995,-0.6847,Petrillo et al. 2019,1
4545,166.37961,2.9601014,Stein21,1
4546,166.40173,1.01988,Petrillo et al. 2019,1
4547,166.41295,0.96637,Petrillo et al. 2019,1
4548,166.51666666666668,16.587777777777774,Canameras et al. 2020,1
4549,166.52032470703125,6.3665289878845215,Talbot,1
4550,166.56967,0.86506,Petrillo et al. 2019,1
4551,166.59239196777344,47.14091491699219,Talbot,1
4552,166.72206115722656,55.968692779541016,Talbot,1
4553,166.7238311767578,3.954641342163086,Talbot,1
4554,166.80507,-0.16878,Petrillo et al. 2019,1
4555,166.83514404296875,29.38417053222656,Talbot,1
4556,166.85136,-8.7043705,Stein21,1
4557,166.86053466796875,17.047000885009766,Talbot,1
4558,166.8624725341797,1.4771889448165894,Talbot,1
4559,166.91489,-0.71195,Petrillo et al. 2019,1
4560,166.95497,2.86201,Petrillo et al. 2019,1
4561,166.96200000000005,1.01344,Petrillo et al. 2019,1
4562,166.96742,0.33707,Petrillo et al. 2019,1
4563,166.9883575439453,13.919716835021973,Talbot,1
4564,167.0353546142578,52.66169357299805,Talbot,1
4565,167.03766,-7.2749567,Stein21,1
4566,167.075,-1.7172222222222224,Canameras et al. 2020,1
4567,167.09771999999995,0.65041,Petrillo et al. 2019,1
4568,167.14728,-1.06435,Petrillo et al. 2019,1
4569,167.1677,2.39933,Petrillo et al. 2019,1
4570,167.168647,-0.324416,SuGOHI8 LinKS,1
4571,167.17537,-2.80239,Petrillo et al. 2019,1
4572,167.19669,19.858408,Stein21,1
4573,167.2712,0.8551,Wong21,1
4574,167.28400000000005,2.70403,Petrillo et al. 2019,1
4575,167.28753662109375,67.0798568725586,Talbot,1
4576,167.2939453125,4.89750337600708,Talbot,1
4577,167.31903,-2.57065,Petrillo et al. 2019,1
4578,167.39632,-2.86918,Petrillo et al. 2019,1
4579,167.40454,0.5827899999999999,Petrillo et al. 2019,1
4580,167.43668,-0.76455,Petrillo et al. 2019,1
4581,167.55434,0.21019,Petrillo et al. 2019,1
4582,167.576918,35.287779,Savary22,1
4583,167.58559,-2.7298,Petrillo et al. 2019,1
4584,167.5913543701172,33.800750732421875,Talbot,1
4585,167.59679,19.568048,Stein21,1
4586,167.5997772216797,41.03171920776367,Talbot,1
12337,167.612961,28.144018,BELLSG,2
12340,167.668442,36.823444,BELLSG,2
4589,167.68471,-1.50075,Petrillo et al. 2019,1
4590,167.69217,-1.92148,Petrillo et al. 2019,1
4591,167.71129,-2.00124,Petrillo et al. 2019,1
4592,167.73992919921875,9.788963317871094,Talbot,1
4593,167.76379,53.14774,CSWA 16.2,1
4594,167.80777,23.341875,Stein21,1
4595,167.8285369873047,45.50193405151367,Talbot,1
4596,167.85169,14.14734,Huang et al. 2020a,1
4597,167.87266540527344,14.950650215148926,Talbot,1
4598,167.87673999999996,0.8668899999999999,Petrillo et al. 2019,1
4599,167.87697,1.89206,Petrillo et al. 2019,1
4600,167.88583374023438,12.42298698425293,Talbot,1
4601,167.899,-2.7433,Petrillo et al. 2019,1
4602,167.93965,-0.83339,Petrillo et al. 2019,1
4603,167.97916666666666,43.4863888888889,Canameras et al. 2020,1
10749,167.9919,-7.887,Storfer 2023,2
4605,168.05772,-1.62351,Petrillo et al. 2019,1
4606,168.06654357910156,56.32423400878906,Talbot,1
4607,168.1281,4.5314,Wong21,1
4608,168.13266000000004,1.20333,Petrillo et al. 2019,1
4609,168.1624298095703,49.00746536254883,Talbot,1
4610,168.1843,23.839096,Stein21,1
4611,168.2115,2.49125,Petrillo et al. 2019,1
4612,168.29426,23.94432,Huang et al. 2020a,1
4613,168.45767,1.73943,Petrillo et al. 2019,1
4614,168.46306,32.526443,Stein21,1
4615,168.4865,1.068,Wong21,1
4616,168.48808,-1.5587799999999998,Petrillo et al. 2019,1
4617,168.50457,-3.55654,Li21,1
4618,168.56749,-1.81603,Petrillo et al. 2019,1
4619,168.58108520507812,66.9959945678711,Talbot,1
4620,168.59467,-1.86014,Petrillo et al. 2019,1
4621,168.59611999999996,-0.09145,Petrillo et al. 2019,1
4622,168.64047241210938,7.450064182281494,Talbot,1
4623,168.65816999999996,2.61579,Petrillo et al. 2019,1
4624,168.74203,63.907448,Stein21,1
4625,168.75047,-2.96786,Li21,1
4626,168.78851,-0.56386,Petrillo et al. 2019,1
4627,168.88229370117188,66.23910522460938,Talbot,1
4628,168.93344,11.300951,Stein21,1
4629,168.98328999999995,-2.86798,Petrillo et al. 2019,1
4630,169.02879333496094,51.282745361328125,Talbot,1
4631,169.0772,3.6079,Wong21,1
12332,169.143997,9.250846,BELLSG,2
4633,169.18137,-1.80819,Petrillo et al. 2019,1
4634,169.18812561035156,14.395174026489258,Talbot,1
4635,169.19315,-1.3378,Petrillo et al. 2019,1
4636,169.23253,-0.6509199999999999,Petrillo et al. 2019,1
4637,169.37672424316406,9.737927436828612,Talbot,1
4638,169.45084,-2.8370900000000003,Petrillo et al. 2019,1
4639,169.45833333333334,71.18944444444446,Canameras et al. 2020,1
4640,169.47664,0.61168,Petrillo et al. 2019,1
4641,169.49115,-0.18253,Petrillo et al. 2019,1
4642,169.50438,-2.14759,Petrillo et al. 2019,1
4643,169.57085,0.27829,Petrillo et al. 2019,1
4644,169.5774,2.184,Wong21,1
9970,169.6106,-3.6275,Huang 2022,2
4646,169.61073000000005,-2.47588,Petrillo et al. 2019,1
4647,169.69414,8.943949,Stein21,1
4648,169.74415588378906,-2.289180517196656,Talbot,1
4649,169.86729431152344,33.13167953491211,Talbot,1
4650,169.89756774902344,-2.107628107070923,Talbot,1
4651,169.91382,-2.37606,Petrillo et al. 2019,1
4652,169.92158999999995,-0.57126,Petrillo et al. 2019,1
4653,170.0,-8.85,Canameras et al. 2020,1
4654,170.03691,-0.08715,Petrillo et al. 2019,1
4655,170.06952,-7.4726377,Stein21,1
4656,170.09926000000004,1.89484,Petrillo et al. 2019,1
4657,170.146207,32.866338,Savary22,1
4658,170.20566,10.671563,Stein21,1
4659,170.22424,34.362826,Savary22,1
4660,170.2303924560547,2.092404127120972,Talbot,1
4661,170.23611450195312,17.36652946472168,Talbot,1
4662,170.29725646972656,65.402587890625,Talbot,1
4663,170.39373779296875,51.89919662475586,Talbot,1
4664,170.41878,51.401836,Stein21,1
4665,170.420714,30.630111,Savary22,1
4666,170.42730712890625,62.83409118652344,Talbot,1
4667,170.43817,-2.43711,Petrillo et al. 2019,1
4668,170.5144,-1.7854,Wong21,1
4669,170.54703999999995,0.45994,Petrillo et al. 2019,1
4670,170.589,-1.3,Wong21,1
4671,170.61524963378906,44.68426132202149,Talbot,1
4672,170.69834,25.26695,Huang et al. 2020a,1
4673,170.72163,-0.03635,Petrillo et al. 2019,1
4674,170.78097,-3.44133,Li21,1
4675,170.80093,-0.05322,Petrillo et al. 2019,1
4676,170.82587,-0.23196,Petrillo et al. 2019,1
4677,170.8312530517578,10.173473358154297,Talbot,1
4678,170.85329,15.185020000000002,Huang et al. 2020a,1
4679,170.88089,0.8620700000000001,Petrillo et al. 2019,1
4680,170.93823,-2.7850200000000003,Petrillo et al. 2019,1
4681,170.97433,-2.09391,Petrillo et al. 2019,1
11813,171.0040454,50.86830127,Storfer 2023,2
4683,171.02538,-0.43718,Petrillo et al. 2019,1
4684,171.05332946777344,53.88457489013672,Talbot,1
4685,171.10675,25.638115,Stein21,1
4686,171.16574,1.4129,Petrillo et al. 2019,1
4687,171.17057,3.06332,Li21,1
4688,171.20573000000005,0.75308,Petrillo et al. 2019,1
4689,171.31153999999995,-2.55137,Petrillo et al. 2019,1
4690,171.34558,1.76443,Petrillo et al. 2019,1
4691,171.4669647216797,49.54605865478516,Talbot,1
4692,171.47169494628906,-2.502934694290161,Talbot,1
4693,171.54477,3.64664,Li21,1
4694,171.59645080566406,14.351527214050291,Talbot,1
4695,171.6187286376953,8.391108512878418,Talbot,1
11817,171.7243,14.549,Storfer 2023,2
4697,171.7332000732422,48.009544372558594,Talbot,1
4698,171.7645,0.13177,Petrillo et al. 2019,1
4699,171.7928,2.9991,Wong21,1
4700,171.7938,-1.63513,Petrillo et al. 2019,1
4701,171.84483,50.405437,Stein21,1
4702,171.9104,-2.3583,SuGOHI5,1
4703,171.98915100097656,37.02204513549805,Talbot,1
4704,171.99188232421875,50.673954010009766,Talbot,1
4705,172.0439,1.032,SuGOHI5,1
4706,172.06944274902344,17.180700302124023,Talbot,1
4707,172.0737,-0.9832,SuGOHI5,1
4708,172.1837,-0.79274,Petrillo et al. 2019,1
4709,172.22346000000005,2.46655,Petrillo et al. 2019,1
4710,172.24196,-1.38449,Petrillo et al. 2019,1
4711,172.24625,2.09951,Petrillo et al. 2019,1
4712,172.25365,2.53,Petrillo et al. 2019,1
4713,172.254715,31.323845,Savary22,1
4714,172.3053,1.81319,Petrillo et al. 2019,1
4715,172.30547,-2.15154,Petrillo et al. 2019,1
4716,172.32123,-2.45279,Petrillo et al. 2019,1
4717,172.4287567138672,41.21629333496094,Talbot,1
4718,172.45230102539062,40.88860321044922,Talbot,1
4719,172.47511291503906,56.41373443603516,Talbot,1
4720,172.54518,29.7968,Stein21,1
4721,172.5458,1.6408,SuGOHI5,1
4722,172.56136999999995,-0.26222,Petrillo et al. 2019,1
4723,172.59593,-6.8761525,Stein21,1
4724,172.62843322753906,5.613832473754883,Talbot,1
4725,172.66084,5.820733,Stein21,1
4726,172.70192,1.05019,Petrillo et al. 2019,1
4727,172.77880859375,21.95771026611328,Talbot,1
4728,172.8398,-2.94403,Petrillo et al. 2019,1
4729,172.90053,-1.81063,Petrillo et al. 2019,1
4730,172.91852,-0.36627,Petrillo et al. 2019,1
4731,172.94545,18.470383,Stein21,1
4732,172.96922,-2.25842,Petrillo et al. 2019,1
4733,172.99557495117188,33.96113586425781,Talbot,1
4734,173.01448,43.121643,Stein21,1
4735,173.03203,-0.97207,Petrillo et al. 2019,1
10753,173.0654234,26.58862766,Storfer 2023,2
4737,173.0955810546875,52.72414016723633,Talbot,1
4738,173.09973,-0.83314,Petrillo et al. 2019,1
4739,173.10513,1.4478,Petrillo et al. 2019,1
4740,173.16513,-1.82942,Petrillo et al. 2019,1
4741,173.16666666666663,54.60722222222223,Canameras et al. 2020,1
4742,173.2246,0.76298,Canameras22,1
4743,173.2357,-2.18569,Canameras22,1
4744,173.24566650390625,54.22727584838867,Talbot,1
4745,173.2838897705078,1.5565353631973269,Talbot,1
4746,173.29989624023438,37.003379821777344,Talbot,1
4747,173.36671,1.94964,Petrillo et al. 2019,1
4748,173.36947631835938,60.044376373291016,Talbot,1
4749,173.39764,-2.55968,Petrillo et al. 2019,1
4750,173.41677,1.269842,SuGOHI2,1
4751,173.4827423095703,28.176347732543945,Talbot,1
4752,173.55884,-1.76617,Petrillo et al. 2019,1
4753,173.6107,0.85852,Canameras22,1
4754,173.61651611328125,17.208072662353516,Talbot,1
4755,173.68055725097656,17.458782196044922,Talbot,1
4756,173.7177,12.998681,Stein21,1
4757,173.73372,2.65813,Petrillo et al. 2019,1
4758,173.75050354003906,20.620094299316406,Talbot,1
4759,173.77138,0.75308,Petrillo et al. 2019,1
4760,173.80111694335938,27.22515296936035,Talbot,1
4761,173.86346,1.2069516,Stein21,1
4762,173.86513,71.73673,Stein21,1
4763,173.8847,-0.39363,Canameras22,1
4764,173.90487,0.74512,Shu22,1
4765,173.9283,1.358934,SuGOHI2 LinKS,1
4766,173.9541,2.6751400000000003,Petrillo et al. 2019,1
4767,173.98333333333332,51.40194444444445,Canameras et al. 2020,1
4768,174.0125,52.2363888888889,Canameras et al. 2020,1
4769,174.0314,-0.01233,Canameras22,1
4770,174.09142,2.25584,Petrillo et al. 2019,1
4771,174.10347,-0.141818,SuGOHI2,1
4772,174.12351999999996,2.54826,Petrillo et al. 2019,1
4773,174.15141,-2.71129,Petrillo et al. 2019,1
4774,174.17083333333332,16.565555555555555,Canameras et al. 2020,1
4775,174.21778999999995,0.09174,Petrillo et al. 2019,1
4776,174.2191,-1.3918,SuGOHI5 LinKS,1
4777,174.2544,0.1084,SuGOHI5,1
4778,174.28986,1.59304,Petrillo et al. 2019,1
4779,174.31390380859375,8.198551177978516,Talbot,1
4780,174.39026,11.515809,Stein21,1
4781,174.41154,2.32547,Petrillo et al. 2019,1
4782,174.50204,-0.73851,Shu22,1
4783,174.51166,1.35002,Petrillo et al. 2019,1
4784,174.53204,1.30009,Petrillo et al. 2019,1
4785,174.60592,-0.61544,Shu22,1
4786,174.6082,0.8335,SuGOHI5,1
4787,174.6216,15.90484,Stein21,1
4788,174.6609,-0.90359,Canameras22,1
4789,174.6612,5.0196,Wong21,1
4790,174.722,1.75657,Petrillo et al. 2019,1
4791,174.76846,-0.850663,SuGOHI2,1
4792,174.77536010742188,44.58048248291016,Talbot,1
4793,174.78531,0.963289,SuGOHI2,1
4794,174.80168,0.03706,Petrillo et al. 2019,1
4795,174.8049,-0.00257,Petrillo et al. 2019,1
9983,174.8727,-2.3072,Huang 2022,2
4797,174.90313999999995,2.81733,Petrillo et al. 2019,1
4798,174.91078000000005,0.75636,Petrillo et al. 2019,1
4799,174.94516000000004,-1.24299,Petrillo et al. 2019,1
4800,174.968967,30.534686,Savary22,1
4801,174.9875,52.882777777777775,Canameras et al. 2020,1
4802,175.1279,0.7379600000000001,Petrillo et al. 2019,1
4803,175.17082,11.189635,Stein21,1
9985,175.1752,-0.7266,Huang 2022,2
4805,175.18681,-0.047991,SuGOHI2,1
4806,175.19292,2.20152,Petrillo et al. 2019,1
4807,175.209408,32.498829,Savary22,1
4808,175.22449,2.63963,Petrillo et al. 2019,1
4809,175.22537231445312,22.65068244934082,Talbot,1
4810,175.2574920654297,-0.4089674055576324,Talbot,1
4811,175.2906951904297,53.68292236328125,Talbot,1
4812,175.309537,41.762407,Savary22,1
4813,175.34628295898438,48.47282409667969,Talbot,1
4814,175.4329833984375,52.47590255737305,Talbot,1
4815,175.45578,-1.97136,Petrillo et al. 2019,1
4816,175.45695,-0.95441,Petrillo et al. 2019,1
12335,175.477966,22.274693,BELLSG,2
4818,175.55986,0.73851,Petrillo et al. 2019,1
4819,175.60234,67.70297,Stein21,1
4820,175.6125,58.5125,Canameras et al. 2020,1
4821,175.63898,0.768624,SuGOHI6,1
4822,175.7209,16.939054,Stein21,1
4823,175.736613,1.122651,SuGOHI1,1
4824,175.743896,-0.504605,SuGOHI1,1
4825,175.744614,-1.154154,SuGOHI1,1
4826,175.745265,0.303212,SuGOHI6,1
4827,175.7554,-0.7867,SuGOHI5,1
4828,175.76718139648438,59.12083435058594,Talbot,1
4829,175.7749,-1.29133,Canameras22,1
9303,175.797,-1.6598,Huang 2022,2
4831,175.8243,0.676,SuGOHI5,1
4832,175.850834,-0.975222,SuGOHI6,1
4833,175.86358642578125,15.720852851867676,Talbot,1
4834,175.86740112304688,12.099613189697266,Talbot,1
4835,175.87088012695312,44.07125854492188,Talbot,1
12207,175.87349,-1.7416599999999998,SLACS,2
4837,175.890704,-1.218729,SuGOHI6,1
4838,175.89197,-0.08297,Petrillo et al. 2019,1
4839,175.9258,0.228,SuGOHI5,1
4840,175.94155883789062,46.07957458496094,Talbot,1
4841,175.94742,0.33676,Petrillo et al. 2019,1
4842,175.989623,0.946122,SuGOHI6,1
4843,175.9927,2.4205,Wong21,1
4844,176.09629821777344,30.61232185363769,Talbot,1
4845,176.09944,13.6917095,Stein21,1
4846,176.11624,-0.61902,Petrillo et al. 2019,1
4847,176.1618,-0.4298,SuGOHI5 SuGOHI6,1
4848,176.163917,1.011364,SuGOHI6,1
4849,176.168128,-0.651309,SuGOHI6,1
4850,176.183826,0.335588,SuGOHI1,1
4851,176.1867,0.2297,SuGOHI5 LinKS,1
10337,176.1885081,28.05221037,Storfer 2023,2
4853,176.189822,0.882355,SuGOHI6,1
4854,176.21808,8.9457,Huang et al. 2020a,1
4855,176.224523,-0.842856,SuGOHI6,1
4856,176.292282,0.739139,SuGOHI1,1
4857,176.341808,-1.084154,SuGOHI6,1
4858,176.34482,24.467472,Stein21,1
4859,176.34585571289062,65.93560028076172,Talbot,1
4860,176.43259,-1.9811,Petrillo et al. 2019,1
4861,176.43518,-0.8790899999999999,Petrillo et al. 2019,1
4862,176.43792724609375,30.11244010925293,Talbot,1
4863,176.49948120117188,10.378094673156738,Talbot,1
4864,176.50146484375,51.14897918701172,Talbot,1
4865,176.537956,39.998664,Savary22,1
4866,176.55307,-2.77556,Petrillo et al. 2019,1
4867,176.5545,-2.17778,Petrillo et al. 2019,1
4868,176.55864,0.07481,Petrillo et al. 2019,1
4869,176.58762,-2.61663,Petrillo et al. 2019,1
4870,176.58809,-1.68118,Petrillo et al. 2019,1
4871,176.647,0.4198,SuGOHI5,1
4872,176.6528,1.15741,Petrillo et al. 2019,1
4873,176.66326904296875,35.71915817260742,Talbot,1
4874,176.66692,-0.11009,Petrillo et al. 2019,1
4875,176.69817,0.02717,Petrillo et al. 2019,1
4876,176.7095,-1.43849,Canameras22,1
4877,176.7294921875,4.302790641784668,Talbot,1
4878,176.75488,-1.90165,Petrillo et al. 2019,1
4879,176.7727,1.3193,SuGOHI5 SuGOHI6,1
10338,176.8472,33.5316,Storfer 2023,2
4881,176.850141,0.608121,SuGOHI1,1
4882,176.8664,6.102467,Stein21,1
4883,176.87413,1.38795,Petrillo et al. 2019,1
4884,176.8787,-2.067747,Stein21,1
4885,176.89097,-0.293513,SuGOHI6,1
4886,176.92916666666667,26.16444444444444,Canameras et al. 2020,1
4887,176.9381,-0.2304,SuGOHI5,1
4888,176.97836,16.678415,Stein21,1
4889,176.98391723632812,19.32969665527344,Talbot,1
4890,176.9939,0.16497,Canameras22,1
4891,176.99964,2.055297,SuGOHI2,1
4892,177.01358000000005,-2.5784700000000003,Petrillo et al. 2019,1
4893,177.02916666666667,13.791666666666664,Canameras et al. 2020,1
11829,177.0386156,24.02262928,Storfer 2023,2
4895,177.05278,0.5524899999999999,Petrillo et al. 2019,1
4896,177.05359,-2.9371,Petrillo et al. 2019,1
4897,177.07531,-0.80301,Shu22,1
4898,177.127959,-1.029557,SuGOHI1 SuGOHI6,1
4899,177.13258,1.34625,SuGOHI6,1
4900,177.13808,19.500889,SDSS J114833.14+193003.2,1
4901,177.1745,1.2261,SuGOHI5,1
4902,177.178799,-1.347128,SuGOHI1,1
4903,177.1993,3.4518,Wong21,1
4904,177.2179,0.16266,Canameras22,1
4905,177.22288513183594,27.21270751953125,Talbot,1
4906,177.24017,0.47938,Petrillo et al. 2019,1
4907,177.275,60.9075,Canameras et al. 2020,1
4908,177.28355,-1.3395,Petrillo et al. 2019,1
4909,177.3152,-0.02257,Shu22,1
4910,177.34238,-0.204,Petrillo et al. 2019,1
4911,177.348,-0.6639,SuGOHI5,1
4912,177.38229370117188,5.693674087524414,Talbot,1
4913,177.4383,-0.7431,SuGOHI5,1
4914,177.4437,-0.36609,Shu22,1
4915,177.47238000000004,-1.03775,Petrillo et al. 2019,1
4916,177.47556,-0.965068,SuGOHI6,1
4917,177.50772094726562,16.864896774291992,Talbot,1
4918,177.526356,1.355345,SuGOHI1 SuGOHI6,1
4919,177.546919,-0.338828,SuGOHI6,1
4920,177.55096435546875,39.04417037963867,Talbot,1
4921,177.57091,10.28138,SDSS J1150+1016,1
4922,177.58234,1.6796,Petrillo et al. 2019,1
4923,177.58457946777344,0.5386305451393127,Talbot,1
4924,177.58995,-1.01635,Petrillo et al. 2019,1
4925,177.61956999999995,1.91027,Petrillo et al. 2019,1
10759,177.6351,36.9263,Storfer 2023,2
4927,177.6736,-0.8909,SuGOHI5,1
4928,177.73919,-1.887994,SuGOHI6,1
4929,177.755462,-2.109268,SuGOHI1 LinKS,1
4930,177.7667694091797,30.591609954833984,Talbot,1
4931,177.77478,0.42791,Petrillo et al. 2019,1
4932,177.80586,-2.9669,Petrillo et al. 2019,1
4933,177.827412,1.131768,SuGOHI1,1
4934,177.9127,0.5089,SuGOHI5,1
4935,177.9191,-1.3212,SuGOHI5,1
4936,177.9192,0.5259,SuGOHI5,1
4937,177.92248,-0.446394,SuGOHI6,1
4938,177.9290008544922,67.33689880371094,Talbot,1
4939,177.931306,-1.244544,SuGOHI4,1
4940,178.00087,33.228474,Stein21,1
4941,178.00842,-0.469094,SuGOHI6,1
4942,178.0126,-2.42834,Shu22,1
4943,178.01881,31.749676,Stein21,1
4944,178.059143,0.524024,SuGOHI1 SuGOHI5,1
4945,178.061041,0.101579,SuGOHI6,1
4946,178.103059,-0.216204,SuGOHI4,1
4947,178.11661999999995,1.4271,Petrillo et al. 2019,1
4948,178.153687,-1.241971,SuGOHI6,1
4949,178.16974,-1.31916,Petrillo et al. 2019,1
4950,178.197316,3.715183,SuGOHI8,1
4951,178.217761,0.792515,More17 LinKS SuGOHI4,1
4952,178.22985,-1.32972,Shu22,1
4953,178.2301788330078,27.88507461547852,Talbot,1
4954,178.24583333333337,-14.537222222222226,Canameras et al. 2020,1
4955,178.280728,-0.171926,SuGOHI6,1
4956,178.283051,0.384826,SuGOHI4,1
4957,178.303741,0.035261,SuGOHI4,1
4958,178.306,3.1373,Wong21,1
4959,178.3149,1.4627,SuGOHI5 SuGOHI6,1
4960,178.32164,-1.54137,Petrillo et al. 2019,1
4961,178.32985,0.82885,Shu22,1
4962,178.352343,-0.506171,SuGOHI4,1
4963,178.37104,0.00508,Shu22,1
4964,178.3768,-1.7309,SuGOHI5,1
4965,178.398699,-0.968196,SuGOHI4,1
4966,178.4246,-2.30788,Petrillo et al. 2019,1
4967,178.4559,2.5247,Wong21,1
4968,178.45729064941406,65.80777740478516,Talbot,1
4969,178.46503,-3.59949,Li21,1
4970,178.47288999999995,2.23044,Petrillo et al. 2019,1
4971,178.51997,0.60517,Petrillo et al. 2019,1
4972,178.543152,1.324909,SuGOHI1,1
4973,178.552375,1.2577,SuGOHI6,1
4974,178.554546,0.082569,SuGOHI6,1
4975,178.5611,-0.7891,SuGOHI5,1
4976,178.583019,1.953726,SuGOHI6,1
4977,178.60083,8.238778,Stein21,1
4978,178.6203,1.249,SuGOHI5,1
4979,178.6454,-1.5462,SuGOHI5 SuGOHI6,1
4980,178.67192,-2.10456,Shu22,1
4981,178.690813,-2.289488,SuGOHI6,1
4982,178.693395,4.404207,SuGOHI8,1
4983,178.697799,-0.490105,SuGOHI6,1
4984,178.7103271484375,-1.7870359420776367,Talbot,1
4985,178.7268,-1.8295,SuGOHI5,1
4986,178.741706,36.334761,Savary22,1
4987,178.756249,-0.35802,SuGOHI6,1
4988,178.7919,-1.3282,SuGOHI5,1
4989,178.8365,0.8846,SuGOHI5 LinKS,1
4990,178.845657,1.784455,SuGOHI1,1
4991,178.87266,-0.715532,SuGOHI6,1
4992,178.879082,0.694776,SuGOHI4,1
4993,178.96039,1.47573,Shu22,1
4994,178.9889,-0.21072,Canameras22,1
4995,178.994,-1.74517,Canameras22,1
4996,179.004291,-0.148251,SuGOHI1,1
4997,179.0411,-0.3257,SuGOHI5,1
10761,179.0450663,-0.3502141797,Storfer 2023,2
4999,179.0504913330078,58.78329849243164,Talbot,1
5000,179.0551,-1.0329,SuGOHI5,1
5001,179.0738983154297,12.929119110107422,Talbot,1
5002,179.0928,2.3088900000000003,Petrillo et al. 2019,1
5003,179.09396362304688,21.98797035217285,Talbot,1
5004,179.10000610351562,66.39065551757812,Talbot,1
5005,179.128941,-2.007666,SuGOHI6,1
5006,179.2,50.54222222222222,Canameras et al. 2020,1
5007,179.2037,1.422,SuGOHI5,1
5008,179.20996,1.62051,Petrillo et al. 2019,1
5009,179.220954,-0.663476,SuGOHI1,1
5010,179.223,-0.6314,SuGOHI5,1
5011,179.234101,-1.107818,SuGOHI1,1
5012,179.24405,23.762775,Stein21,1
5013,179.282604,0.815167,SuGOHI1,1
5014,179.29217529296875,37.47970199584961,Talbot,1
5015,179.29743,-1.64723,Shu22,1
5016,179.2998504638672,30.96611785888672,Talbot,1
5017,179.3032,-0.2898,SuGOHI5 SuGOHI6,1
5018,179.3078,-0.40633,Canameras22,1
5019,179.3122,-1.157,SuGOHI5,1
5020,179.32306,9.738104,Stein21,1
5021,179.3313751220703,47.23067855834961,Talbot,1
5022,179.343141,-0.011415,SuGOHI6,1
5023,179.3625,-18.47694444444444,Canameras et al. 2020,1
5024,179.39877,3.75027,Li21,1
5025,179.399189,-1.679864,SuGOHI1 SuGOHI6,1
5026,179.41953,1.42309,Petrillo et al. 2019,1
5027,179.46234,-8.340064,Stein21,1
5028,179.4762725830078,26.45597648620605,Talbot,1
5029,179.515380859375,28.62164878845215,Talbot,1
5030,179.5324,-0.5435,SuGOHI5,1
5031,179.566648,-1.454965,SuGOHI1 SuGOHI6,1
5032,179.59824,0.82243,Shu22,1
10763,179.6266867,31.39702146,Storfer 2023,2
5034,179.685535,1.82068,SuGOHI6,1
5035,179.694898,-1.127976,SuGOHI1,1
5036,179.70218,-1.1041299999999998,Petrillo et al. 2019,1
5037,179.70958000000005,1.99461,Petrillo et al. 2019,1
5038,179.7126,4.4604,Wong21,1
5039,179.73003,-2.51895,Petrillo et al. 2019,1
5040,179.737382,-2.029648,SuGOHI6,1
5041,179.740623,-0.092156,SuGOHI6,1
5042,179.782886,5.319957,SuGOHI8,1
5043,179.80496000000005,2.96788,Petrillo et al. 2019,1
5044,179.81460571289062,55.15199661254883,Talbot,1
5045,179.8473663330078,65.62425231933594,Talbot,1
5046,179.8511962890625,19.256122589111328,Talbot,1
5047,179.87791442871094,26.146217346191406,Talbot,1
5048,179.8868408203125,24.521713256835938,Talbot,1
5049,179.90819,1.19835,Petrillo et al. 2019,1
5050,179.9274139404297,53.49008941650391,Talbot,1
5051,179.930897,1.479478,SuGOHI4,1
12318,179.93596,-0.1245,BELLS,2
5053,179.969663,-0.235986,SuGOHI6,1
5054,179.973003,-1.219388,SuGOHI6,1
5055,180.03943,-1.77109,Shu22,1
5056,180.04904,-0.4182,Huang et al. 2020a,1
5057,180.0826873779297,5.083148002624512,Talbot,1
5058,180.11038,-2.68407,Petrillo et al. 2019,1
5059,180.13943,-2.43651,Petrillo et al. 2019,1
5060,180.147996,-2.031214,SuGOHI6,1
5061,180.1581,0.94486,Canameras22,1
5062,180.18254,2.5757,Petrillo et al. 2019,1
5063,180.1838,-0.1593,SuGOHI5,1
5064,180.188974,-0.961346,SuGOHI4,1
5065,180.221984,-1.566051,SuGOHI6,1
5066,180.2224,-0.2707,SuGOHI5 SuGOHI6,1
5067,180.2274475097656,39.69239044189453,Talbot,1
5068,180.25304,-2.421,Petrillo et al. 2019,1
5069,180.271541,1.07043,SuGOHI1,1
5070,180.28998,-1.16549,Petrillo et al. 2019,1
5071,180.291113,0.55834,SuGOHI6,1
5072,180.29214,-0.64073,Shu22,1
5073,180.2973,1.4435,SuGOHI5,1
5074,180.326199,-0.212046,SuGOHI6,1
5075,180.3322,0.39178,Canameras22,1
5076,180.3393,-1.06731,Shu22,1
5077,180.35544,1.5083,Petrillo et al. 2019,1
5078,180.3599,1.8406,Canameras22,1
5079,180.371609,0.325009,SuGOHI6,1
5080,180.413605,-2.13396,SuGOHI1,1
5081,180.4161,-0.2073,SuGOHI5 LinKS,1
5082,180.424823,1.460266,SuGOHI6,1
5083,180.42918,-3.97099,Li21,1
5084,180.45076,1.1349,Petrillo et al. 2019,1
5085,180.4602,0.4222,SuGOHI5,1
5086,180.4736,-0.0745,SuGOHI5,1
5087,180.4828,-1.83308,Petrillo et al. 2019,1
5088,180.51567,-0.6937399999999999,Petrillo et al. 2019,1
5089,180.5351,2.87423,Petrillo et al. 2019,1
5090,180.6015,-2.74642,Petrillo et al. 2019,1
5091,180.6120147705078,9.05778980255127,Talbot,1
5092,180.618812,0.47873,SuGOHI6,1
5093,180.62673950195312,36.24332427978516,Talbot,1
5094,180.6395,4.4281,Wong21,1
5095,180.641578,-0.458389,SuGOHI6,1
5096,180.655517578125,36.35912322998047,Talbot,1
5097,180.6919860839844,41.43878173828125,Talbot,1
5098,180.697006225586,34.14417266845703,Talbot,1
11837,180.7287636,12.06435774,Storfer 2023,2
5100,180.7314,3.6791,Wong21,1
5101,180.7369,0.6583,SuGOHI5 SuGOHI6,1
5102,180.73841,-0.933296,SuGOHI6,1
5103,180.74144,-1.07096,Petrillo et al. 2019,1
5104,180.759825,0.382828,SuGOHI6,1
5105,180.799159,-0.642374,SuGOHI6,1
5106,180.837,-1.52058,Canameras22,1
5107,180.85538,-1.56182,Petrillo et al. 2019,1
5108,180.87231,-1.50094,Petrillo et al. 2019,1
5109,180.874396,31.218011,Savary22,1
5110,180.8772735595703,5.704938411712647,Talbot,1
5111,180.903093,-0.67255,SuGOHI6,1
5112,180.911953,-1.358561,SuGOHI6,1
5113,180.96661376953125,43.13880920410156,Talbot,1
5114,180.96904,-2.33874,Petrillo et al. 2019,1
5115,180.98013,-3.53858,Li21,1
5116,181.0211,-1.63332,Petrillo et al. 2019,1
5117,181.02388,-0.4512100000000001,Petrillo et al. 2019,1
5118,181.026075,-2.134253,SuGOHI6,1
5119,181.06186,10.829014,Stein21,1
5120,181.06326,0.124688,SuGOHI1,1
5121,181.06693,13.234279,Stein21,1
5122,181.0733337402344,28.11166763305664,Talbot,1
5123,181.0858764648437,7.888704299926758,Talbot,1
5124,181.0885,-0.57195,Petrillo et al. 2019,1
5125,181.09432,-0.28882,Shu22,1
5126,181.103841,-0.377222,SuGOHI6,1
5127,181.13992309570312,48.8789291381836,Talbot,1
5128,181.150593,-0.31026,SuGOHI6 LinKS,1
5129,181.169816,-0.040986,SuGOHI6,1
5130,181.190603,-0.892403,SuGOHI1,1
5131,181.19672,-2.7200900000000003,Petrillo et al. 2019,1
5132,181.22299,13.964786,Stein21,1
5133,181.28586,1.28264,Petrillo et al. 2019,1
5134,181.307402,0.174838,SuGOHI6,1
5135,181.31280517578125,45.32197570800781,Talbot,1
5136,181.37234497070312,35.12890625,Talbot,1
5137,181.42249,-2.19367,Petrillo et al. 2019,1
5138,181.4243,-1.0967,SuGOHI5,1
5139,181.4271,-1.3858,SuGOHI5,1
5140,181.46689,14.657575,Stein21,1
5141,181.481869,1.278848,SuGOHI6,1
5142,181.48277,2.07853,Petrillo et al. 2019,1
5143,181.485651,0.215195,SuGOHI1 SuGOHI5 SuGOHI6,1
5144,181.49326,-0.28503,Petrillo et al. 2019,1
5145,181.507986,0.94827,SuGOHI1 SuGOHI6,1
5146,181.5486,-1.06867,Canameras22,1
5147,181.5739,0.9194,SuGOHI5,1
5148,181.580953,-1.536938,SuGOHI6,1
5149,181.58363,-2.0735200000000003,Petrillo et al. 2019,1
5150,181.58601,1.312538,SuGOHI6,1
5151,181.599365,0.251987,SuGOHI1 SuGOHI3,1
5152,181.6,53.043888888888894,Canameras et al. 2020,1
5153,181.601364,-0.168157,SuGOHI1,1
5154,181.629124,-1.241309,SuGOHI6,1
5155,181.630638,-1.557982,SuGOHI6,1
5156,181.63983,1.47473,Petrillo et al. 2019,1
5157,181.64168,-2.85065,Petrillo et al. 2019,1
5158,181.70499,2.28065,Petrillo et al. 2019,1
5159,181.7125,23.60055555555555,Canameras et al. 2020,1
5160,181.7127,-0.0141,SuGOHI5,1
5161,181.749009,32.600781,Savary22,1
5162,181.7572,-1.46253,Canameras22,1
5163,181.7839,-3.256842,Stein21,1
5164,181.833167,1.097296,SuGOHI6,1
5165,181.86589,1.12248,Petrillo et al. 2019,1
5166,181.87263,35.977381,Savary22,1
5167,181.874342,-0.150673,SuGOHI6,1
5168,181.87905883789065,45.75476837158203,Talbot,1
5169,181.90998,-1.76945,Shu22,1
5170,181.9302,-1.0653,SuGOHI5,1
5171,181.937994,4.233426,SuGOHI8,1
5172,181.94425,27.61515,Huang et al. 2020a,1
5173,181.95358276367188,23.720935821533203,Talbot,1
5174,181.97096,-0.36712,Petrillo et al. 2019,1
5175,182.02292,16.632624,Stein21,1
5176,182.027501,-1.375885,SuGOHI6,1
5177,182.0365,0.771,SuGOHI5,1
5178,182.038235,0.047241,SuGOHI6,1
5179,182.0567,3.91227,Li21,1
5180,182.069106,-1.236109,SuGOHI6,1
5181,182.2052,1.4792,SuGOHI5 SuGOHI6,1
5182,182.209717,-0.060883,SuGOHI6,1
5183,182.2304,-1.0513,SuGOHI5 SuGOHI6,1
5184,182.2636,0.4812,SuGOHI5,1
5185,182.3,27.071388888888887,Canameras et al. 2020,1
5186,182.30813,3.17065,Li21,1
5187,182.3165740966797,30.414306640625,Talbot,1
5188,182.36838,-0.00889,Petrillo et al. 2019,1
5189,182.40587,-2.63013,Petrillo et al. 2019,1
5190,182.42758,-1.2788,Shu22,1
5191,182.454171,2.152465,SuGOHI8,1
5192,182.48819,-2.65093,Petrillo et al. 2019,1
5193,182.5112,29.713427,Stein21,1
5194,182.5407,-2.0886,SuGOHI5,1
5195,182.54744,-2.32485,Petrillo et al. 2019,1
5196,182.5583333333333,28.724444444444448,Canameras et al. 2020,1
5197,182.5603,-0.4954,Petrillo et al. 2019,1
5198,182.56155,-2.60815,Petrillo et al. 2019,1
5199,182.58621,-1.4531,Petrillo et al. 2019,1
5200,182.5948,-1.2002,SuGOHI5,1
5201,182.59827,0.92705,Shu22,1
5202,182.6000213623047,31.830638885498047,Talbot,1
5203,182.66969,3.565202,SuGOHI8,1
5204,182.680413,1.159587,SuGOHI6,1
5205,182.718341,-1.31805,SuGOHI4,1
5206,182.73234,1.49135,Shu22,1
5207,182.73459,-2.22128,Petrillo et al. 2019,1
5208,182.74348,1.59789,Petrillo et al. 2019,1
5209,182.74438,1.19287,Petrillo et al. 2019,1
5210,182.7676,-0.9162,SuGOHI5 SuGOHI6,1
5211,182.771992,-0.818146,SuGOHI1,1
5212,182.7855682373047,16.00432777404785,Talbot,1
5213,182.806769,-0.592341,SuGOHI6,1
5214,182.83478,1.9272,Petrillo et al. 2019,1
5215,182.836131,0.553007,SuGOHI6,1
5216,182.84007,-6.9998026,Stein21,1
5217,182.846,-1.10268,Canameras22,1
5218,182.91666666666663,42.005555555555546,Canameras et al. 2020,1
5219,182.92483520507807,34.46725845336914,Talbot,1
5220,182.93143,1.16289,Petrillo et al. 2019,1
5221,182.935935,0.964726,SuGOHI6,1
5222,182.96048,1.33664,Petrillo et al. 2019,1
5223,182.97241,-1.49217,Petrillo et al. 2019,1
5224,182.9793,20.483484,Stein21,1
5225,182.9874,0.3483,SuGOHI5,1
5226,182.99560546875,-0.384853720664978,Talbot,1
5227,183.035836,-0.065813,SuGOHI6,1
5228,183.06481,1.91354,SuGOHI2 LinKS,1
5229,183.07338,1.88558,Petrillo et al. 2019,1
10000,183.099,-1.551,Huang 2022,2
5231,183.108974,0.087258,SuGOHI6,1
5232,183.14009,-1.827,Petrillo et al. 2019,1
5233,183.145138,-0.44553,SuGOHI6,1
5234,183.14607,2.22973,Petrillo et al. 2019,1
5235,183.19471,-0.286441,SuGOHI6,1
5236,183.20222,-0.659158,SuGOHI6,1
5237,183.24023,-2.1104700000000003,Petrillo et al. 2019,1
5238,183.26285,-1.34695,Petrillo et al. 2019,1
5239,183.29036,13.657624,Stein21,1
5240,183.323,1.8864,SuGOHI5 LinKS,1
5241,183.33772,-2.73016,Petrillo et al. 2019,1
5242,183.3706,-1.38407,Petrillo et al. 2019,1
5243,183.46042,-2.58836,Petrillo et al. 2019,1
11843,183.4664936,35.55948281,Storfer 2023,2
5245,183.46658,2.6447700000000003,Petrillo et al. 2019,1
5246,183.489267,0.482858,SuGOHI6,1
5247,183.502134,-0.86891,SuGOHI6,1
5248,183.512745,0.267243,SuGOHI6 LinKS,1
5249,183.53104,2.162314,SuGOHI2,1
5250,183.5445,1.55377,Canameras22,1
5251,183.55873,-0.26606,Petrillo et al. 2019,1
5252,183.56996,0.27811,Petrillo et al. 2019,1
5253,183.57155,1.13514,Petrillo et al. 2019,1
5254,183.5938873291016,19.84013557434082,Talbot,1
5255,183.60019,-0.53509,Petrillo et al. 2019,1
5256,183.60608,-1.23584,Petrillo et al. 2019,1
5257,183.61464,0.87977,Petrillo et al. 2019,1
5258,183.6523284912109,1.6711318492889404,Talbot,1
5259,183.69348,1.97185,Petrillo et al. 2019,1
5260,183.70247,-2.78789,Petrillo et al. 2019,1
5261,183.75334,2.22941,Petrillo et al. 2019,1
12321,183.76849,0.79057,BELLS,2
5263,183.79448,2.12955,Petrillo et al. 2019,1
5264,183.7958831787109,40.38850021362305,Talbot,1
5265,183.83234,-1.41031,Petrillo et al. 2019,1
5266,183.86337,5.264753,Stein21,1
5267,183.94475,1.56654,Petrillo et al. 2019,1
5268,183.98729,-2.01746,Petrillo et al. 2019,1
5269,183.9875,18.790000000000006,Canameras et al. 2020,1
5270,184.08806,-0.2478,Petrillo et al. 2019,1
5271,184.0908966064453,2.04325532913208,Talbot,1
5272,184.0989,0.69694,Petrillo et al. 2019,1
5273,184.10063,-0.15202,Petrillo et al. 2019,1
5274,184.10762,-2.84039,Petrillo et al. 2019,1
5275,184.10769653320312,46.36309814453125,Talbot,1
5276,184.10806274414065,10.066032409667969,Talbot,1
5277,184.11319,26.971235,Stein21,1
5278,184.11784,-0.80592,Petrillo et al. 2019,1
5279,184.12447,0.35697,Petrillo et al. 2019,1
5280,184.13008,-3.88449,Li21,1
5281,184.2276153564453,23.88245010375977,Talbot,1
5282,184.2303466796875,4.794036865234375,Talbot,1
5283,184.3214263916016,58.80470657348633,Talbot,1
5284,184.37031,15.67299,Huang et al. 2020a,1
5285,184.3813,0.3971,SuGOHI5,1
5286,184.38145,-2.88815,Petrillo et al. 2019,1
5287,184.38540649414065,52.35835266113281,Talbot,1
5288,184.42766,0.33915,Petrillo et al. 2019,1
11845,184.4376491,5.332912133,Storfer 2023,2
5290,184.45638,26.01053,Stein21,1
5291,184.46341,-2.32577,Petrillo et al. 2019,1
5292,184.48257,-0.28244,Petrillo et al. 2019,1
5293,184.5043182373047,58.28657531738281,Talbot,1
5294,184.5313262939453,45.77025604248047,Talbot,1
5295,184.59393310546875,19.95822525024414,Talbot,1
5296,184.59625,-0.17178,Petrillo et al. 2019,1
5297,184.63211,4.249198,Stein21,1
5298,184.63742,-0.23207,Petrillo et al. 2019,1
5299,184.6443,0.3642,Petrillo et al. 2019,1
5300,184.68452,-0.25683,Petrillo et al. 2019,1
5301,184.6856,1.13473,Shu22,1
5302,184.7359,0.14865,Petrillo et al. 2019,1
5303,184.76679,-1.806745,SuGOHI2,1
5304,184.7681427001953,11.854134559631348,Talbot,1
5305,184.84074,-1.3315,Petrillo et al. 2019,1
5306,184.90245056152344,44.59034729003906,Talbot,1
9311,184.925,0.8409,Huang 2022,2
5308,184.94266,11.035134,Stein21,1
5309,184.97231,0.083404,SuGOHI2,1
11846,184.9975531,34.03635564,Storfer 2023,2
5311,185.03133,1.14394,Petrillo et al. 2019,1
5312,185.0575408935547,12.20671272277832,Talbot,1
5313,185.0583648681641,10.236872673034668,Talbot,1
5314,185.07897,1.21497,Shu22,1
5315,185.10466,2.4316,Petrillo et al. 2019,1
5316,185.1191,-1.5125,Petrillo et al. 2019,1
5317,185.12527465820312,49.86935424804688,Talbot,1
5318,185.13499,0.905959,SuGOHI2,1
5319,185.18619,2.3094900000000003,Petrillo et al. 2019,1
5320,185.1976013183593,10.998540878295898,Talbot,1
5321,185.20138,0.362774,SuGOHI2 LinKS,1
5322,185.23501,0.46743,Shu22,1
5323,185.2592,0.31505,Canameras22,1
5324,185.2665557861328,52.10966873168945,Talbot,1
5325,185.271,1.56619,Canameras22,1
5326,185.27430725097656,-2.8099818229675293,Talbot,1
5327,185.328125,22.718828201293945,Talbot,1
5328,185.3444,0.90872,Shu22,1
5329,185.3604,0.4095,SuGOHI5,1
5330,185.39908,1.6684599999999998,Petrillo et al. 2019,1
5331,185.4037628173828,16.877592086791992,Talbot,1
5332,185.47041,-1.14149,Petrillo et al. 2019,1
5333,185.47202,1.74911,Petrillo et al. 2019,1
5334,185.47916666666663,14.104166666666664,Canameras et al. 2020,1
5335,185.51474,3.12867,Li21,1
5336,185.53351,-2.1919,Petrillo et al. 2019,1
5337,185.56524,-0.17981,Shu22,1
5338,185.57744,-2.15168,Petrillo et al. 2019,1
5339,185.5794,-0.5658,SuGOHI5 LinKS,1
5340,185.58783,-1.44829,Shu22,1
5341,185.59486,1.09322,Petrillo et al. 2019,1
5342,185.6072,-1.4478,SuGOHI5,1
5343,185.6238,0.745487,SuGOHI2,1
5344,185.64714,-2.42117,Petrillo et al. 2019,1
5345,185.6475372314453,48.125274658203125,Talbot,1
5346,185.66234,23.970394,Stein21,1
5347,185.672,2.0997,SuGOHI5 LinKS,1
5348,185.68086,2.58345,Petrillo et al. 2019,1
5349,185.68921,27.583727,Stein21,1
5350,185.69833,0.40128,Petrillo et al. 2019,1
5351,185.7250366210937,46.26968383789063,Talbot,1
5352,185.72519,-1.2859200000000002,Petrillo et al. 2019,1
5353,185.7556,1.72277,Petrillo et al. 2019,1
5354,185.8114,-0.494375,SuGOHI2,1
5355,185.82843,2.5109,Petrillo et al. 2019,1
5356,185.83089,2.37805,Petrillo et al. 2019,1
5357,185.83492,-2.23786,Petrillo et al. 2019,1
5358,185.8963,-2.1751,SuGOHI5,1
5359,185.90338,0.00547,Shu22,1
5360,185.92291,0.253627,SuGOHI2,1
5361,185.93364,-1.96194,Petrillo et al. 2019,1
5362,186.02063,12.240637,Stein21,1
5363,186.02915,-1.48159,Shu22,1
5364,186.04129,0.419075,SuGOHI2,1
5365,186.0524,1.28667,Canameras22,1
5366,186.07858,-1.83749,Petrillo et al. 2019,1
5367,186.09003,-1.82075,Petrillo et al. 2019,1
5368,186.09373,-1.12029,Petrillo et al. 2019,1
5369,186.11355,-0.165324,SuGOHI2,1
5370,186.161,-0.69799,Petrillo et al. 2019,1
5371,186.20644,-1.27821,Shu22,1
5372,186.2095,-0.7042,SuGOHI5 LinKS,1
5373,186.21821,1.71746,Shu22,1
5374,186.23238,3.2272,Li21,1
5375,186.2816,1.5477,SuGOHI5,1
5376,186.30275,-0.8746799999999999,Petrillo et al. 2019,1
5377,186.30326,-0.439,Huang et al. 2020a,1
5378,186.3799,0.1032,SuGOHI5,1
5379,186.385,-1.814057,SuGOHI2,1
5380,186.46197509765625,12.627504348754885,Talbot,1
5381,186.46213,-1.9955,Petrillo et al. 2019,1
5382,186.57603454589844,12.195405960083008,Talbot,1
5383,186.62717,-1.6452,Petrillo et al. 2019,1
5384,186.6635,13.952921,Stein21,1
5385,186.6644,-0.49252,Petrillo et al. 2019,1
5386,186.67423,0.771347,SuGOHI2,1
5387,186.6891326904297,-2.14044451713562,Talbot,1
5388,186.71536,21.87373676,CSWA 38,1
5389,186.73663,5.346106,Stein21,1
5390,186.82919,17.43244,Huang et al. 2020a,1
5391,186.8420867919922,20.108617782592773,Talbot,1
5392,186.854232788086,-2.530359506607056,Talbot,1
5393,186.9432,-0.04012,Petrillo et al. 2019,1
5394,186.955,0.58309,Shu22,1
5395,186.9569549560547,14.728582382202148,Talbot,1
5396,186.99573,-2.67287,Petrillo et al. 2019,1
5397,187.02785,0.14726,Petrillo et al. 2019,1
5398,187.0511,1.12887,Canameras22,1
5399,187.05519104003903,34.776119232177734,Talbot,1
5400,187.06945,1.662595,SuGOHI2,1
5401,187.0808258056641,54.43255615234375,Talbot,1
5402,187.09683,-2.34616,Petrillo et al. 2019,1
5403,187.11593627929688,66.01080322265625,Talbot,1
5404,187.17657470703125,39.400367736816406,Talbot,1
5405,187.182383,2.638484,SuGOHI8,1
5406,187.1980438232422,19.266286849975582,Talbot,1
5407,187.236901,2.577236,SuGOHI8,1
5408,187.25673,7.2977304,Stein21,1
5409,187.30334,1.78381,Petrillo et al. 2019,1
5410,187.31242,14.388864,Stein21,1
5411,187.32103,-0.195,Petrillo et al. 2019,1
5412,187.32312,3.22516,Li21,1
5413,187.3247,0.6138,SuGOHI5,1
5414,187.38402,3.62414,Li21,1
5415,187.42567,2.5399,Petrillo et al. 2019,1
5416,187.452718,1.614596,SuGOHI8,1
5417,187.46746,-0.400714,SuGOHI2,1
5418,187.53941,1.08987,Petrillo et al. 2019,1
5419,187.55647,2.41106,Petrillo et al. 2019,1
5420,187.5807,0.7591,SuGOHI5,1
5421,187.582,1.439263,SuGOHI2,1
5422,187.6474,5.381,Wong21,1
5423,187.7807,0.3924,SuGOHI5,1
5424,187.87387,3.78789,Li21,1
5425,187.874467,30.37355,Savary22,1
5426,187.8947,3.0317,SuGOHI5,1
5427,187.8975,-1.59427,Canameras22,1
5428,188.094,-0.7101,SuGOHI5,1
5429,188.1586761474609,6.029052734375,Talbot,1
5430,188.2621,-1.735,SuGOHI5,1
5431,188.26544,0.69358,Petrillo et al. 2019,1
5432,188.2802,1.5303,SuGOHI5 LinKS,1
5433,188.28468322753903,60.19230651855469,Talbot,1
5434,188.31145,-0.7154699999999999,Petrillo et al. 2019,1
9314,188.3339,14.1325,Huang 2022,2
5436,188.36090087890625,68.28288269042969,Talbot,1
5437,188.36504,1.6436400000000002,Petrillo et al. 2019,1
5438,188.4095764160156,50.96083068847656,Talbot,1
5439,188.44678,2.29807,Petrillo et al. 2019,1
5440,188.4509,-0.158,SuGOHI5,1
5441,188.4784,-0.47037,Canameras22,1
5442,188.5909,-0.1572,SuGOHI5 LinKS,1
5443,188.60625,0.6449199999999999,Petrillo et al. 2019,1
12304,188.61662,-2.69156,BELLS,2
5445,188.61935,1.6268200000000002,Petrillo et al. 2019,1
5446,188.644,0.1191,SuGOHI5,1
5447,188.68675,23.014418,Stein21,1
5448,188.69622,0.160229,SuGOHI2,1
5449,188.79165649414065,47.98726272583008,Talbot,1
5450,188.8426,0.85915,Petrillo et al. 2019,1
5451,189.0023498535156,27.015344619750977,Talbot,1
5452,189.066827,2.239359,SuGOHI8,1
5453,189.134,-1.86603,Canameras22,1
5454,189.1367645263672,17.319643020629883,Talbot,1
5455,189.15002,-1.037767,SuGOHI2,1
5456,189.15056,-0.59418,Shu22,1
5457,189.15516662597656,58.28356552124024,Talbot,1
5458,189.1967010498047,44.1950569152832,Talbot,1
5459,189.20213,-0.47623,Shu22,1
5460,189.25935,-0.81882,Petrillo et al. 2019,1
5461,189.2917,1.43757,Petrillo et al. 2019,1
5462,189.29669,0.40526,Petrillo et al. 2019,1
5463,189.3205,-0.39945,Petrillo et al. 2019,1
5464,189.475212,1.983919,SuGOHI8,1
5465,189.48731994628903,38.73198318481445,Talbot,1
5466,189.4875,26.384444444444448,Canameras et al. 2020,1
5467,189.5126,-1.16859,Shu22,1
5468,189.53702,15.0309,Huang et al. 2020a,1
5469,189.56767,-0.169724,SuGOHI2 LinKS,1
5470,189.60429,0.536791,SuGOHI2,1
5471,189.64258,-0.72402,Petrillo et al. 2019,1
5472,189.6454925537109,36.92124938964844,Talbot,1
5473,189.65973,0.03603,Petrillo et al. 2019,1
5474,189.75865173339844,53.42268753051758,Talbot,1
5475,189.82104,27.526922,Stein21,1
5476,189.82456,-0.076265,SuGOHI2 LinKS,1
5477,189.82872009277344,66.25702667236328,Talbot,1
5478,189.86586,0.1659,Petrillo et al. 2019,1
5479,189.8833,-1.30285,Shu22,1
5480,189.9197,-1.121,SuGOHI5,1
5481,189.9892,2.86555,Petrillo et al. 2019,1
5482,190.03235,1.62557,Shu22,1
5483,190.0366058349609,33.68146896362305,Talbot,1
5484,190.10034,-1.499421,SuGOHI2,1
5485,190.10353,0.5827,Petrillo et al. 2019,1
5486,190.12682,-0.47679,Petrillo et al. 2019,1
5487,190.14439392089844,14.817612648010254,Talbot,1
5488,190.20822,3.368752,Stein21,1
5489,190.25303,3.30074,Li21,1
5490,190.25668,-0.489139,SuGOHI2,1
5491,190.28456115722656,28.12970924377441,Talbot,1
5492,190.3483,0.26772,Canameras22,1
5493,190.3549,4.3589,Wong21,1
5494,190.38408,2.84464,Petrillo et al. 2019,1
5495,190.40416666666667,27.356944444444448,Canameras et al. 2020,1
5496,190.4152,0.43597,Canameras22,1
5497,190.4414825439453,11.0335054397583,Talbot,1
5498,190.45746,26.198015,Stein21,1
5499,190.4889373779297,6.408594131469727,Talbot,1
5500,190.4916,3.7894,SuGOHI5,1
5501,190.52273559570312,-2.593902587890625,Talbot,1
5502,190.57687,0.16286,Petrillo et al. 2019,1
5503,190.64166666666668,8.926111111111108,Canameras et al. 2020,1
5504,190.6424,0.4922,Petrillo et al. 2019,1
5505,190.6830139160156,59.983619689941406,Talbot,1
5506,190.7343597412109,52.24974822998047,Talbot,1
5507,190.80385,8.582229,Stein21,1
5508,190.83651,-0.754953,SuGOHI2,1
5509,190.896728515625,24.92177963256836,Talbot,1
5510,190.95879,3.24299,Li21,1
5511,190.984603881836,19.1259765625,Talbot,1
5512,191.03876,1.65661,Petrillo et al. 2019,1
5513,191.10631,1.28878,Petrillo et al. 2019,1
5514,191.13765,-0.044227645,Stein21,1
5515,191.1458333333333,18.03638888888889,Canameras et al. 2020,1
5516,191.15756,2.11961,Petrillo et al. 2019,1
5517,191.16077,-1.662507,SuGOHI2,1
5518,191.21397,1.111935,SuGOHI2 LinKS,1
5519,191.2226,4.221,SuGOHI5,1
5520,191.23248,14.080469,Stein21,1
5521,191.2517,2.5233,SuGOHI5 LinKS,1
5522,191.263207,2.731856,SuGOHI8,1
5523,191.2835388183593,44.71032333374024,Talbot,1
5524,191.2962341308593,59.57917022705078,Talbot,1
5525,191.33156,-0.97787,Petrillo et al. 2019,1
5526,191.35803,-0.8616,Petrillo et al. 2019,1
5527,191.3837280273437,59.0052490234375,Talbot,1
5528,191.43207,48.98397,Stein21,1
5529,191.451962,37.909935,Savary22,1
11864,191.4965685,24.63291464,Storfer 2023,2
5531,191.53658,1.474,Petrillo et al. 2019,1
5532,191.6211,0.688,Wong21,1
5533,191.69001,4.67361,SDSS J1246+0440,1
5534,191.7403564453125,36.54717254638672,Talbot,1
5535,191.7904,3.079,SuGOHI5,1
5536,191.85416666666663,36.73444444444444,Canameras et al. 2020,1
10771,191.8656805,16.74456103,Storfer 2023,2
5538,191.86571,3.95032,Li21,1
5539,191.98960876464844,10.988601684570312,Talbot,1
5540,192.02425,-6.51583,Huang et al. 2020a,1
5541,192.0962371826172,9.715245246887209,Talbot,1
5542,192.12022,1.49736,Petrillo et al. 2019,1
5543,192.1486053466797,26.868953704833984,Talbot,1
5544,192.16023,2.42404,Petrillo et al. 2019,1
5545,192.1795654296875,9.445411682128906,Talbot,1
5546,192.1836853027344,39.94033432006836,Talbot,1
5547,192.234,-0.03532,Canameras22,1
5548,192.30883,-3.56778,Li21,1
5549,192.3189,-1.3074,SuGOHI5,1
5550,192.31955,-0.02646,Petrillo et al. 2019,1
5551,192.36005,28.514109,Stein21,1
5552,192.3667,-0.97644,Canameras22,1
5553,192.3706,20.35842,Stein21,1
10772,192.381365,22.41894572,Storfer 2023,2
5555,192.42274475097656,1.6805849075317385,Talbot,1
9112,192.4699,3.1592,Huang 2022,2
5557,192.48012,2.86251,Petrillo et al. 2019,1
5558,192.5791,8.688797,Stein21,1
5559,192.5928,0.92681,Petrillo et al. 2019,1
5560,192.65024,2.27788,Petrillo et al. 2019,1
5561,192.67242431640625,32.2956657409668,Talbot,1
12201,192.7105,-1.5921299999999998,SLACS,2
5563,192.7391,2.81953,Petrillo et al. 2019,1
5564,192.80992,36.918716,Stein21,1
12258,192.89877,-2.13477,SLACS,2
5566,192.9112243652344,59.498329162597656,Talbot,1
5567,192.95046,3.69123,Li21,1
5568,193.00671,6.236743,Stein21,1
5569,193.02023315429688,10.145739555358888,Talbot,1
5570,193.04897,0.44704,Shu22,1
5571,193.0858154296875,2.9179930686950684,Talbot,1
5572,193.10703,-0.20778,Petrillo et al. 2019,1
5573,193.11684,-0.17317,Petrillo et al. 2019,1
5574,193.1309,-2.3161,SuGOHI5,1
5575,193.1325836181641,20.398664474487305,Talbot,1
5576,193.1886444091797,23.718408584594727,Talbot,1
5577,193.20238,10.211656,Stein21,1
5578,193.2132,0.968276,SuGOHI2,1
5579,193.22746,0.732316,SuGOHI2,1
5580,193.2875,-4.2619444444444445,Canameras et al. 2020,1
5581,193.36589,-6.360387,Stein21,1
5582,193.4194,4.6185,SuGOHI5,1
5583,193.44639587402344,44.033241271972656,Talbot,1
5584,193.47363,2.80282,Petrillo et al. 2019,1
5585,193.48199,0.237413,SuGOHI2,1
5586,193.55087,33.12174,Stein21,1
5587,193.61115,-8.77435,Huang et al. 2020a,1
5588,193.7377014160156,21.743831634521484,Talbot,1
5589,193.77294,-3.41644,Li21,1
5590,193.8204,4.2649,Wong21,1
5591,193.84183,-0.32383,Petrillo et al. 2019,1
5592,193.8496,2.26247,Petrillo et al. 2019,1
5593,193.8522,1.0359,SuGOHI5,1
5594,193.91405,16.174099,Stein21,1
5595,193.97546,0.7894399999999999,Petrillo et al. 2019,1
5596,194.017656,-0.541481,SuGOHI8,1
5597,194.0506286621093,48.7949104309082,Talbot,1
5598,194.13498,-2.26684,Li21,1
5599,194.13869,-0.634,Petrillo et al. 2019,1
5600,194.2911376953125,1.8685158491134644,Talbot,1
5601,194.3024,-0.5148199999999999,Petrillo et al. 2019,1
5602,194.4139862060547,29.76810836791992,Talbot,1
5603,194.48444,-1.0244,Petrillo et al. 2019,1
5604,194.53445,3.5357800000000004,Huang et al. 2020a,1
5605,194.55377197265625,25.09501838684082,Talbot,1
5606,194.58998,15.63219,Huang et al. 2020a,1
5607,194.6303100585937,29.287857055664062,Talbot,1
5608,194.65435791015625,12.393197059631348,Talbot,1
5609,194.69058227539065,10.173623085021973,Talbot,1
5610,194.7185,4.1241,Wong21,1
5611,194.763,1.7618,Wong21,1
5612,194.80968,3.596221,Stein21,1
5613,194.83757,11.64904,Huang et al. 2020a,1
5614,194.857956,-0.181401,SuGOHI8,1
5615,194.89906,-2.7856,Li21,1
5616,194.90833333333333,-4.924444444444445,Canameras et al. 2020,1
5617,194.92017,-3.44369,Li21,1
11874,195.0201832,1.747307374,Storfer 2023,2
5619,195.07994,-6.0092087,Stein21,1
5620,195.08977,-3.93631,Li21,1
5621,195.11801,2.66803,Petrillo et al. 2019,1
5622,195.1575,-1.9435,SuGOHI5,1
5623,195.17804,28.08981,ACS J130042.73+280523.3,1
5624,195.18636,3.282587,SuGOHI8,1
5625,195.2133,0.3933,SuGOHI5,1
5626,195.25929260253903,25.416202545166016,Talbot,1
5627,195.33253479003903,41.969482421875,Talbot,1
5628,195.3955535888672,26.60280418395996,Talbot,1
5629,195.40698,55.321575,Stein21,1
5630,195.42916666666667,41.39138888888889,Canameras et al. 2020,1
5631,195.5944,0.2373,SuGOHI5,1
5632,195.5997467041016,-1.8239895105361936,Talbot,1
5633,195.745854,30.164815,Savary22,1
5634,195.79837,-0.64827,Petrillo et al. 2019,1
5635,195.80925,13.373903,Stein21,1
5636,195.87169,-0.01539,Petrillo et al. 2019,1
5637,195.9207000732422,34.933807373046875,Talbot,1
5638,195.97699,31.948719,Stein21,1
5639,196.19166666666663,23.035,Canameras et al. 2020,1
5640,196.2394256591797,10.546987533569336,Talbot,1
5641,196.253978,3.429294,SuGOHI8,1
5642,196.25923,9.371134,Stein21,1
5643,196.35892,-3.91056,Li21,1
5644,196.3656463623047,20.85814666748047,Talbot,1
5645,196.376255,32.195307,Savary22,1
5646,196.5116,-0.0934,Petrillo et al. 2019,1
12237,196.5569,6.00615,SLACS,2
5648,196.5826,0.08447,Petrillo et al. 2019,1
5649,196.59431,0.1255099999999999,Petrillo et al. 2019,1
5650,196.68276977539065,36.08796691894531,Talbot,1
5651,196.72745,1.96914,Petrillo et al. 2019,1
5652,196.84393,0.96948,Petrillo et al. 2019,1
5653,196.86917114257807,46.62485504150391,Talbot,1
5654,196.8779754638672,15.113299369812012,Talbot,1
5655,196.9417266845703,59.99493789672852,Talbot,1
5656,196.9701690673828,53.33341598510742,Talbot,1
5657,196.99612426757807,29.49069023132324,Talbot,1
5658,197.07094,-0.60859,Petrillo et al. 2019,1
5659,197.1896,-0.7883,SuGOHI5,1
5660,197.2003173828125,2.7674739360809326,Talbot,1
5661,197.22424,1.5132,Petrillo et al. 2019,1
5662,197.3544,-0.2437,SuGOHI5,1
5663,197.40833333333333,7.96,Canameras et al. 2020,1
5664,197.4623870849609,24.432357788085938,Talbot,1
5665,197.52072,25.398083,Stein21,1
5666,197.58694,31.212345,Stein21,1
5667,197.6551,2.33,Wong21,1
5668,197.6961364746093,3.031116485595703,Talbot,1
5669,197.8593,-1.3324,A1689.2 A1689.1,1
5670,197.8728,-1.3411,SuGOHI5,1
5671,197.87604,-5.8713846,Stein21,1
5672,197.917866,2.92763,SuGOHI8,1
5673,197.97108,-0.44835,Petrillo et al. 2019,1
5674,198.00626,1.3896700000000002,Petrillo et al. 2019,1
5675,198.02496,-9.60654,Stein21,1
5676,198.03563,2.80611,Petrillo et al. 2019,1
5677,198.07597,0.7933,Petrillo et al. 2019,1
5678,198.08688,-0.15842,Petrillo et al. 2019,1
5679,198.12933,72.848366,Stein21,1
5680,198.14261,0.3990800000000001,Petrillo et al. 2019,1
5681,198.15269470214844,19.90373992919922,Talbot,1
5682,198.19287109375,29.701622009277344,Talbot,1
5683,198.19325,0.51827,Petrillo et al. 2019,1
5684,198.2,8.393611111111111,Canameras et al. 2020,1
5685,198.2241668701172,10.902475357055664,Talbot,1
5686,198.2383728027344,47.178016662597656,Talbot,1
11879,198.2504005,8.050962379,Storfer 2023,2
5688,198.2679748535156,36.51178741455078,Talbot,1
5689,198.343002319336,26.739919662475582,Talbot,1
12225,198.36125,5.1159,SLACS,2
5691,198.37239,0.30471,Petrillo et al. 2019,1
5692,198.38406372070312,26.2712459564209,Talbot,1
5693,198.46544,0.00053,Petrillo et al. 2019,1
5694,198.47384643554688,50.3027458190918,Talbot,1
5695,198.48272705078125,60.07989883422852,Talbot,1
5696,198.4833831787109,14.573184967041016,Talbot,1
5697,198.49612426757807,26.185523986816406,Talbot,1
5698,198.571086,-1.098876,SuGOHI8,1
5699,198.59492,0.10849,Petrillo et al. 2019,1
5700,198.60698,19.1085,Stein21,1
5701,198.65498,0.86779,Petrillo et al. 2019,1
5702,198.65821838378903,50.7067756652832,Talbot,1
5703,198.6852,0.9464,Petrillo et al. 2019,1
5704,198.69188,1.19744,Petrillo et al. 2019,1
5705,198.70593,1.1114628,Stein21,1
5706,198.807183,0.579392,SuGOHI8,1
5707,198.831459,4.002439,SuGOHI8,1
5708,198.8718,1.53991,Petrillo et al. 2019,1
5709,198.89166666666668,1.0811111111111111,Canameras et al. 2020,1
5710,198.90366,-9.59439,Stein21,1
5711,198.9546,0.4547,SuGOHI5,1
5712,199.0194,4.1569,Wong21,1
5713,199.09686279296875,30.791852951049805,Talbot,1
5714,199.108897,2.153029,SuGOHI8,1
5715,199.1833333333333,28.984722222222228,Canameras et al. 2020,1
5716,199.26793,1.32834,Petrillo et al. 2019,1
5717,199.329276,35.983279,Savary22,1
5718,199.3310394287109,18.680578231811523,Talbot,1
10776,199.3784796,56.68182509,Storfer 2023,2
5720,199.48004,12.462823,Stein21,1
5721,199.49748,2.930162,SuGOHI8,1
5722,199.53532,1.90228,Petrillo et al. 2019,1
5723,199.54796,39.70749,SDSS J1318+3942,1
5724,199.56915,1.57788,Petrillo et al. 2019,1
5725,199.58057,0.10507,Petrillo et al. 2019,1
12322,199.62246,-1.07268,BELLS,2
12265,199.66386,-3.22618,SLACS,2
5728,199.7035369873047,-3.2676827907562256,Talbot,1
5729,199.71143,0.07676,Petrillo et al. 2019,1
5730,199.71213,1.82711,Petrillo et al. 2019,1
5731,199.72120666503903,12.629790306091309,Talbot,1
5732,199.763916015625,58.099117279052734,Talbot,1
5733,199.76538,1.0924200000000002,Petrillo et al. 2019,1
5734,199.781,0.5023,Petrillo et al. 2019,1
5735,199.8034820556641,6.265824794769287,Talbot,1
5736,199.83932495117188,-0.8488962650299072,Talbot,1
5737,199.88333333333333,-9.805277777777778,Canameras et al. 2020,1
5738,199.8885,-0.715801,SuGOHI8,1
5739,199.889404296875,27.188156127929688,Talbot,1
5740,199.9389,0.34253,Petrillo et al. 2019,1
10024,199.9412,1.5311,Huang 2022,2
5742,199.96655,32.64912,Stein21,1
5743,199.99738,2.11804,Petrillo et al. 2019,1
5744,200.05897521972656,52.26203536987305,Talbot,1
5745,200.07843,1.6532099999999998,Petrillo et al. 2019,1
5746,200.13877868652344,24.05074882507324,Talbot,1
5747,200.17776,-2.82798,Petrillo et al. 2019,1
11884,200.194496,6.783300361,Storfer 2023,2
5749,200.22105,1.4995,Petrillo et al. 2019,1
5750,200.2216033935547,7.192642211914063,Talbot,1
5751,200.23593,1.66408,Petrillo et al. 2019,1
5752,200.3592224121093,40.31173706054688,Talbot,1
5753,200.360122,32.645929,Savary22,1
5754,200.4317779541016,23.42094993591309,Talbot,1
5755,200.459,-1.573,SuGOHI5,1
5756,200.52334,-1.82723,Li21,1
5757,200.5491,1.81635,Petrillo et al. 2019,1
5758,200.56227,-0.39382,Petrillo et al. 2019,1
5759,200.5878,-1.472656,SuGOHI8,1
5760,200.6125,-5.026111111111111,Canameras et al. 2020,1
5761,200.65431213378903,53.736473083496094,Talbot,1
5762,200.68712,-0.62898,Petrillo et al. 2019,1
5763,200.6928,-1.4390118,Stein21,1
5764,200.702377319336,17.25136375427246,Talbot,1
5765,200.75658,-2.43856,Petrillo et al. 2019,1
5766,200.7965545654297,9.296868324279783,Talbot,1
5767,200.8109,34.73299,Stein21,1
5768,200.86085,3.61698,Li21,1
5769,200.90746,-2.19743,Petrillo et al. 2019,1
5770,201.10674,0.6291399999999999,Petrillo et al. 2019,1
5771,201.13084,-0.77873,Petrillo et al. 2019,1
5772,201.1664,-1.8407,Wong21,1
5773,201.1834716796875,3.738052368164064,Talbot,1
5774,201.24327,2.38166,Petrillo et al. 2019,1
5775,201.26593,68.64697,Stein21,1
5776,201.34207153320312,17.80787467956543,Talbot,1
5777,201.4063,4.18831,Huang et al. 2020a,1
5778,201.4706268310547,37.428321838378906,Talbot,1
5779,201.49432373046875,27.053367614746094,Talbot,1
5780,201.51872,-0.36284,Petrillo et al. 2019,1
5781,201.68126,2.57202,Petrillo et al. 2019,1
5782,201.7096,2.83618,Petrillo et al. 2019,1
5783,201.72916666666663,-3.4058333333333333,Canameras et al. 2020,1
5784,201.73309326171875,28.822019577026367,Talbot,1
5785,201.7783,2.2129,Huang et al. 2020a,1
5786,201.78411,-2.29962,Huang et al. 2020a,1
5787,201.86267,-2.66186,Petrillo et al. 2019,1
5788,201.87,43.0835,SuGOHI5,1
5789,201.87927,3.61548,Li21,1
5790,201.89665,-0.23335,Petrillo et al. 2019,1
5791,201.92805,-0.4416600000000001,Petrillo et al. 2019,1
5792,201.93348693847656,37.41809844970703,Talbot,1
5793,201.97383,1.88341,Petrillo et al. 2019,1
5794,201.975,29.448055555555552,Canameras et al. 2020,1
5795,202.00604,17.90398,Stein21,1
5796,202.12189,1.5930799999999998,Petrillo et al. 2019,1
5797,202.14781,-2.37303,Petrillo et al. 2019,1
5798,202.1497,-2.81966,Petrillo et al. 2019,1
5799,202.2159423828125,13.607608795166016,Talbot,1
5800,202.21777,-2.25618,Petrillo et al. 2019,1
5801,202.2679,2.0044,Wong21,1
5802,202.28217,1.57557,Petrillo et al. 2019,1
5803,202.28516,1.47163,Petrillo et al. 2019,1
5804,202.35112,2.8995900000000003,Petrillo et al. 2019,1
5805,202.3729,31.329,Huang et al. 2020a,1
5806,202.39371,22.721167,SDSS J1329+2243,1
5807,202.3975524902344,-2.09303879737854,Talbot,1
5808,202.48813,1.1545299999999998,Petrillo et al. 2019,1
5809,202.5082,42.2557,SuGOHI5,1
5810,202.60989379882807,49.11893081665039,Talbot,1
5811,202.61311,0.74851,Petrillo et al. 2019,1
5812,202.6314,43.7382,SuGOHI5,1
5813,202.65909,7.9176316,Stein21,1
5814,202.662826538086,52.30875396728516,Talbot,1
5815,202.66904,4.67075,Huang et al. 2020a,1
5816,202.69443,1.19737,Petrillo et al. 2019,1
5817,202.77682495117188,48.326602935791016,Talbot,1
5818,202.82394,0.3491,Petrillo et al. 2019,1
5819,202.8721,-1.3159,SuGOHI5,1
5820,202.89358520507807,22.04817581176757,Talbot,1
5821,202.89563,3.5275483,Stein21,1
5822,202.96568,0.53065,Petrillo et al. 2019,1
5823,203.00462,1.62481,Petrillo et al. 2019,1
5824,203.00687,-2.32082,Petrillo et al. 2019,1
5825,203.06162,-0.95533,Li21,1
5826,203.07697,1.67426,Petrillo et al. 2019,1
5827,203.0777130126953,29.549055099487305,Talbot,1
5828,203.0909,-3.25484,Li21,1
5829,203.15020751953125,-2.0208771228790283,Talbot,1
5830,203.15059,-0.26286,Petrillo et al. 2019,1
5831,203.203125,5.814335823059082,Talbot,1
5832,203.33992,15.992851,Stein21,1
5833,203.3694,42.8711,Wong21,1
5834,203.37506,-2.18042,Huang et al. 2020a,1
11893,203.4600134,2.362523786,Storfer 2023,2
5836,203.4872131347656,11.393865585327148,Talbot,1
5837,203.49442,-0.32677,Petrillo et al. 2019,1
5838,203.49582,-0.96488,Petrillo et al. 2019,1
5839,203.5179443359375,47.828983306884766,Talbot,1
5840,203.54367,1.6266,Petrillo et al. 2019,1
5841,203.56999,2.60305,Petrillo et al. 2019,1
5842,203.58145,66.66576,Stein21,1
5843,203.5861,2.58926,Petrillo et al. 2019,1
5844,203.6150665283203,8.062929153442383,Talbot,1
5845,203.65932,0.30297,Petrillo et al. 2019,1
5846,203.747774,0.271453,SuGOHI8 LinKS,1
5847,203.815673828125,9.675780296325684,Talbot,1
5848,203.84297,32.096542,Stein21,1
5849,203.89468,0.00812,Petrillo et al. 2019,1
5850,203.9083251953125,18.22075843811035,Talbot,1
5851,203.96746826171875,55.06376647949219,Talbot,1
5852,204.0002,-3.525,Huang et al. 2020a,1
5853,204.149642944336,22.56161117553711,Talbot,1
5854,204.1559,43.2242,SuGOHI5,1
5855,204.16628,-5.7814,Huang et al. 2020a,1
5856,204.191213,49.885661,Savary22,1
5857,204.19166666666663,33.47777777777778,Canameras et al. 2020,1
5858,204.20195,4.277051,Stein21,1
5859,204.22392,-2.34678,Petrillo et al. 2019,1
5860,204.2833,1.2176,SuGOHI5 LinKS,1
5861,204.36013793945312,53.6912956237793,Talbot,1
5862,204.4044952392578,15.85294246673584,Talbot,1
5863,204.4678955078125,29.44158935546875,Talbot,1
5864,204.47766,2.8123400000000003,Petrillo et al. 2019,1
5865,204.48547,-1.871344,Stein21,1
5866,204.55203247070312,4.288636207580566,Talbot,1
5867,204.5635528564453,6.42738676071167,Talbot,1
5868,204.60565,28.32944,Huang et al. 2020a,1
5869,204.64236,-2.2653,Petrillo et al. 2019,1
5870,204.66406,-2.30095,Petrillo et al. 2019,1
10782,204.6652996,43.62866669,Storfer 2023,2
5872,204.6864,0.3778,SuGOHI5,1
5873,204.68665,-1.15136,Petrillo et al. 2019,1
5874,204.71234,1.50222,Petrillo et al. 2019,1
5875,204.71735,-8.33813,Huang et al. 2020a,1
5876,204.76828,2.58786,Petrillo et al. 2019,1
5877,204.80267,2.6442900000000003,Petrillo et al. 2019,1
5878,204.93718,-0.8388100000000001,Petrillo et al. 2019,1
5879,204.94594,11.899242,Stein21,1
5880,205.0557556152344,41.290435791015625,Talbot,1
5881,205.0742,42.1311,Wong21,1
5882,205.10089111328125,63.68781661987305,Talbot,1
5883,205.124,44.1677,SuGOHI5,1
5884,205.1875,-5.053055555555555,Canameras et al. 2020,1
5885,205.2187347412109,8.48469352722168,Talbot,1
5886,205.2258,42.3175,SuGOHI5,1
5887,205.24345,-1.85431,Petrillo et al. 2019,1
5888,205.28761,12.826779,Stein21,1
5889,205.34166666666667,-2.7947222222222217,Canameras et al. 2020,1
10345,205.4066,20.0794,Storfer 2023,2
5891,205.44713,-1.94214,Petrillo et al. 2019,1
5892,205.44965,0.73346,Shu22,1
5893,205.58726501464844,-3.408479690551758,Talbot,1
5894,205.59196,1.86097,Petrillo et al. 2019,1
5895,205.59508,-1.793712,SuGOHI2,1
5896,205.59929,-3.94603,Li21,1
5897,205.61018,-1.05948,Petrillo et al. 2019,1
5898,205.7244,-0.7379100000000001,Petrillo et al. 2019,1
5899,205.737,22.61353,Huang et al. 2020a,1
10037,205.8655,21.7388,Huang 2022,2
5901,205.8868,41.9176,SuGOHI5 CASSOWARY,1
5902,205.90035,-1.07199,Shu22,1
5903,205.94324,0.97913,Petrillo et al. 2019,1
5904,205.95,19.495277777777783,Canameras et al. 2020,1
5905,205.96652,1.138167,SuGOHI2,1
5906,205.96888,-1.211118,SuGOHI2,1
10784,206.019401,-3.108316617,Storfer 2023,2
5908,206.02692,23.504726,Stein21,1
5909,206.03958,-9.725805,Stein21,1
5910,206.1186370849609,27.16631126403809,Talbot,1
5911,206.2317,-0.3377,SuGOHI5,1
5912,206.24367,0.406339,SuGOHI2,1
5913,206.2705,-1.3673,Wong21,1
5914,206.2768,15.302643,Stein21,1
5915,206.3424,0.2073,SuGOHI5,1
5916,206.3778839111328,48.59859085083008,Talbot,1
5917,206.40237,-0.8689,Petrillo et al. 2019,1
5918,206.40347290039065,3.544475078582764,Talbot,1
5919,206.40742,-0.14874,Petrillo et al. 2019,1
5920,206.41423,78.70231,Stein21,1
5921,206.52046,-3.38954,Li21,1
5922,206.53032,0.6966600000000001,Petrillo et al. 2019,1
5923,206.56190490722656,20.477033615112305,Talbot,1
5924,206.66974,0.99856,Petrillo et al. 2019,1
5925,206.69928,62.39595,Stein21,1
5926,206.74127,14.237292,Stein21,1
5927,206.74542,-1.64324,Shu22,1
5928,206.74577,1.0986200000000002,Petrillo et al. 2019,1
5929,206.78607,-2.0223,Petrillo et al. 2019,1
5930,206.79678,1.10386,Petrillo et al. 2019,1
5931,206.8368,-0.69391,Canameras22,1
5932,206.85554,0.558849,SuGOHI2,1
5933,206.91862,0.81028,Petrillo et al. 2019,1
5934,206.91912841796875,5.687800884246826,Talbot,1
5935,206.97037,-0.50333,Petrillo et al. 2019,1
5936,206.9851,-0.33666,Petrillo et al. 2019,1
5937,207.02148,-1.542142,SuGOHI2,1
5938,207.0525665283203,10.527227401733398,Talbot,1
5939,207.0704,-1.11281,Shu22,1
5940,207.10943,-1.290247,SuGOHI2,1
5941,207.10962,-1.77774,Petrillo et al. 2019,1
5942,207.1166,-0.56699,Canameras22,1
11899,207.1725,2.409,Storfer 2023,2
5944,207.17921,-1.94567,Petrillo et al. 2019,1
5945,207.18363,0.850404,SuGOHI2,1
5946,207.1987,1.07563,Canameras22,1
5947,207.2637,-0.3298,SuGOHI5,1
5948,207.295,-0.41995,Shu22,1
5949,207.3125,5.630833333333333,Canameras et al. 2020,1
5950,207.37916666666663,-8.29888888888889,Canameras et al. 2020,1
5951,207.38357543945312,12.80427360534668,Talbot,1
5952,207.4386138916016,1.0205986499786377,Talbot,1
5953,207.49109,-1.87939,Petrillo et al. 2019,1
5954,207.503,43.0278,SuGOHI5,1
5955,207.5833,-1.36609,Canameras22,1
5956,207.63874,-0.71298,Shu22,1
5957,207.64767,0.32812,Petrillo et al. 2019,1
5958,207.65912,0.430628,SuGOHI2,1
5959,207.6701202392578,9.637665748596191,Talbot,1
5960,207.67641,-0.718632,SuGOHI2,1
5961,207.71994018554688,50.62777328491211,Talbot,1
5962,207.72705,1.05282,Petrillo et al. 2019,1
5963,207.76065,0.40583,Petrillo et al. 2019,1
5964,207.7926,44.5544,Wong21,1
5965,207.8048553466797,13.838791847229004,Talbot,1
10044,207.8335,-6.3831,Huang 2022,2
5967,207.86029,1.560773,SuGOHI2,1
5968,207.8616,-0.43935,Canameras22,1
5969,207.8831024169922,52.1219482421875,Talbot,1
5970,207.9021,-0.9000799999999999,Petrillo et al. 2019,1
5971,207.91216,0.477766,SuGOHI2,1
5972,207.96945,0.46919,Shu22,1
5973,207.98177,1.019725,SuGOHI2,1
5974,208.0389,-1.05715,Shu22,1
12298,208.07913,32.28105,BELLS,2
5976,208.09865,0.06211,Petrillo et al. 2019,1
5977,208.12323,12.910252,Stein21,1
5978,208.1549072265625,38.07928466796875,Talbot,1
5979,208.1791,-0.437224,SuGOHI2,1
5980,208.2174530029297,23.920238494873047,Talbot,1
5981,208.217655,3.592401,SuGOHI8,1
5982,208.2191,0.9249,SuGOHI5,1
5983,208.2217,-0.78667,Petrillo et al. 2019,1
5984,208.23887634277344,36.51010894775391,Talbot,1
5985,208.26781,1.1384,Shu22,1
5986,208.3090362548828,45.08769989013672,Talbot,1
5987,208.4447,2.2274,Wong21,1
5988,208.473,-1.69912,Canameras22,1
5989,208.5274810791016,47.31279754638672,Talbot,1
5990,208.56644,-1.29316,Petrillo et al. 2019,1
5991,208.60507,19.538767,Stein21,1
5992,208.64726,-0.62212,Petrillo et al. 2019,1
5993,208.6549224853516,25.0151424407959,Talbot,1
5994,208.65814,11.904133,Stein21,1
5995,208.6868,43.7353,SuGOHI5,1
5996,208.77573,26.84531,Stein21,1
5997,208.7825469970703,28.620832443237305,Talbot,1
5998,208.8,0.1858333333333332,Canameras et al. 2020,1
5999,208.80422973632807,13.668496131896973,Talbot,1
6000,208.857143,50.547389,Savary22,1
6001,208.8796,0.1654,SuGOHI5,1
6002,208.93035,-0.88616,Shu22,1
6003,208.9867706298828,35.89316940307617,Talbot,1
6004,209.0506,-0.60098,Canameras22,1
6005,209.08549,-1.17504,Shu22,1
6006,209.1029815673828,36.13256072998047,Talbot,1
6007,209.13892,2.93392,Petrillo et al. 2019,1
6008,209.14917,2.89964,Petrillo et al. 2019,1
6009,209.1833333333333,11.028055555555556,Canameras et al. 2020,1
6010,209.19562,1.50925,Petrillo et al. 2019,1
6011,209.19808,0.299026,SuGOHI2,1
6012,209.20796,-1.45957,Petrillo et al. 2019,1
6013,209.21974182128903,21.37024688720703,Talbot,1
6014,209.25324,-0.3931,Shu22,1
6015,209.29493,1.05705,Shu22,1
6016,209.35594,2.17778,Petrillo et al. 2019,1
6017,209.37532,-8.849484,Stein21,1
6018,209.39995,2.62879,Petrillo et al. 2019,1
6019,209.420150756836,32.25056457519531,Talbot,1
6020,209.42030334472656,34.568546295166016,Talbot,1
6021,209.4264,1.0031,SuGOHI5,1
6022,209.44036,1.490576,SuGOHI2,1
6023,209.47245,-1.652752,SuGOHI6,1
6024,209.476669,-1.600453,SuGOHI6,1
6025,209.5021,1.44024,Canameras22,1
6026,209.504125,49.392834,Savary22,1
6027,209.51988,2.1409,Petrillo et al. 2019,1
6028,209.52069,0.98851,Petrillo et al. 2019,1
6029,209.55064,1.34019,Petrillo et al. 2019,1
6030,209.5508575439453,33.29275894165039,Talbot,1
6031,209.59309,1.02661,Shu22,1
6032,209.648666381836,17.174304962158203,Talbot,1
6033,209.6514,-1.375,SuGOHI5,1
6034,209.676849,0.829151,SuGOHI6,1
6035,209.69551,1.22869,Petrillo et al. 2019,1
6036,209.72297,-2.257147,SuGOHI2,1
6037,209.726,1.60281,Shu22,1
6038,209.7625,-1.21207,Canameras22,1
6039,209.8076,-1.30427,Petrillo et al. 2019,1
6040,209.81534,2.32041,Petrillo et al. 2019,1
6041,209.84027,9.639473,Stein21,1
6042,209.84093,0.32616,Petrillo et al. 2019,1
6043,209.87677,1.87254,Petrillo et al. 2019,1
6044,209.8901,-1.92308,Petrillo et al. 2019,1
6045,209.9284,-1.4391,SuGOHI5 SuGOHI6,1
6046,209.934208,1.469389,SuGOHI7,1
6047,209.93942,-1.05232,Petrillo et al. 2019,1
6048,209.980495,0.226909,SuGOHI6,1
6049,210.006217,0.734728,SuGOHI1,1
6050,210.01266479492188,21.282934188842773,Talbot,1
6051,210.06967000000003,-1.67595,Petrillo et al. 2019,1
6052,210.0876,0.4057,SuGOHI5,1
6053,210.09649658203125,17.198890686035156,Talbot,1
6054,210.1399,-0.93005,Canameras22,1
6055,210.150728,-0.542384,SuGOHI1,1
6056,210.15273,-1.07051,Petrillo et al. 2019,1
6057,210.178482,-1.099092,SuGOHI6,1
6058,210.2159,-0.66802,Canameras22,1
6059,210.25862,2.87855,Petrillo et al. 2019 A1835.2 A1835.1,1
6060,210.29358,56.905696,SL2S J140110+565421,1
6061,210.30356,1.7162400000000002,Petrillo et al. 2019,1
6062,210.3371,-1.04129,Canameras22,1
6063,210.38801,13.33703,Huang et al. 2020a,1
6064,210.46552000000003,-0.6721699999999999,Petrillo et al. 2019,1
6065,210.48922729492188,25.410308837890625,Talbot,1
6066,210.49044799804688,52.42787170410156,Talbot,1
6067,210.490983,-0.282061,SuGOHI6,1
6068,210.4963,1.98278,Petrillo et al. 2019,1
6069,210.503579,-1.158016,SuGOHI1,1
6070,210.512597,0.978612,SuGOHI6,1
6071,210.51448,1.10441,Petrillo et al. 2019,1
6072,210.52810668945312,30.79270362854004,Talbot,1
6073,210.528503,0.792687,SuGOHI6,1
6074,210.578596,2.388379,SuGOHI8,1
6075,210.583228,-1.327424,SuGOHI6,1
6076,210.60161,29.299631,Stein21,1
6077,210.630233,-1.475542,SuGOHI1,1
6078,210.69738,0.826058,SuGOHI6,1
6079,210.6987152099609,32.36563873291016,Talbot,1
6080,210.70174,41.309193,Stein21,1
6081,210.7175750732422,59.60715866088867,Talbot,1
6082,210.717677,2.517122,SuGOHI8,1
6083,210.74718,2.44269,Petrillo et al. 2019,1
6084,210.814619,-2.41145,SuGOHI6,1
6085,210.83056640625,51.284645080566406,Talbot,1
6086,210.8306579589844,1.942037463188172,Talbot,1
12245,210.87287,0.11149,SLACS,2
6088,210.93379,-1.59785,Petrillo et al. 2019,1
6089,210.9378,-2.2862,Canameras22,1
6090,210.9459,42.9503,Wong21,1
6091,210.97083333333333,-2.1386111111111106,Canameras et al. 2020,1
6092,210.972,0.01521,Canameras22,1
6093,211.06718,1.1379,Petrillo et al. 2019,1
6094,211.09275,2.72418,Huang et al. 2020a,1
6095,211.125,44.920555555555545,Canameras et al. 2020,1
6096,211.13911,-0.6563100000000001,Petrillo et al. 2019,1
6097,211.142114,0.894764,SuGOHI1,1
6098,211.187433,-2.356561,SuGOHI6 LinKS,1
6099,211.217906,0.856289,SuGOHI6 LinKS,1
6100,211.240693,0.618959,SuGOHI6,1
6101,211.271396,-1.491873,SuGOHI6,1
6102,211.271556,-0.082145,SuGOHI6,1
6103,211.2849,-0.475,SuGOHI5,1
6104,211.3669,-2.00458,Canameras22,1
6105,211.3753,0.1265,SuGOHI5 SuGOHI6,1
6106,211.37886,1.246702,SuGOHI6,1
6107,211.3825225830078,39.64973831176758,Talbot,1
12376,211.391,55.042,Gavazzi2014,2
6109,211.4041442871093,-0.3689052760601043,Talbot,1
6110,211.44605,-1.98045,Shu22,1
6111,211.4731,14.035828,Stein21,1
6112,211.52118,2.15778,Petrillo et al. 2019,1
12377,211.5594,52.0482,Gavazzi2014,2
6114,211.563498,-0.523216,SuGOHI6,1
6115,211.60345,1.16362,Petrillo et al. 2019,1
6116,211.662598,-2.090679,SuGOHI1,1
6117,211.7024,0.49158,Canameras22,1
12734,211.7097,52.4386,Gavazzi2014,2
6119,211.7725,-1.2158,Canameras22,1
6120,211.7960205078125,39.63822937011719,Talbot,1
6121,211.808789,0.019627,SuGOHI1,1
6122,211.8094,-1.25336,Canameras22,1
6123,211.81033325195312,65.62687683105469,Talbot,1
6124,211.8382,0.07088,Canameras22,1
6125,211.85399,1.55536,Petrillo et al. 2019,1
6126,211.875848,-1.257966,SuGOHI6,1
6127,211.9169,42.8606,SuGOHI5,1
9120,211.9734,-0.4713,Huang 2022,2
6129,211.985275,-1.831762,SuGOHI6,1
6130,212.004927,-0.588269,SuGOHI6,1
6131,212.1169,-2.55022,Petrillo et al. 2019,1
6132,212.11753,0.87258,Shu22,1
6133,212.12895,-2.45368,Petrillo et al. 2019,1
6134,212.1290435791016,7.669783592224121,Talbot,1
6135,212.16078,0.2401,Petrillo et al. 2019,1
6136,212.16144,25.51779,Stein21,1
6137,212.181483,0.747386,SuGOHI1,1
6138,212.1845,-0.8797,Canameras22,1
6139,212.192646,-0.625198,SuGOHI6,1
6140,212.20938,-1.53839,Petrillo et al. 2019,1
6141,212.22861,1.1714,Shu22,1
6142,212.2752227783203,25.83213424682617,Talbot,1
6143,212.2753448486328,4.406157970428467,Talbot,1
6144,212.3564,-0.8476,SuGOHI5,1
6145,212.373806,-1.236311,SuGOHI1 SuGOHI3 SuGOHI4,1
6146,212.43649291992188,61.49337387084961,Talbot,1
6147,212.4757,-1.2043,SuGOHI5 SuGOHI6,1
6148,212.4840850830078,2.561300277709961,Talbot,1
6149,212.50436,1.499157,SuGOHI2 LinKS SuGOHI5,1
6150,212.5054626464844,9.441222190856934,Talbot,1
6151,212.513,1.27786,Shu22,1
6152,212.572581,-1.714509,SuGOHI6,1
6153,212.5760498046875,19.46887588500977,Talbot,1
6154,212.59583333333333,24.31583333333333,Canameras et al. 2020,1
6155,212.6116,2.14905,Petrillo et al. 2019,1
6156,212.64104,-2.11331,Petrillo et al. 2019,1
6157,212.68682,-7.1025100000000005,Huang et al. 2020a,1
6158,212.7038,-1.1629,SuGOHI5,1
10052,212.771,23.2324,Huang 2022,2
6160,212.772516,0.948738,SuGOHI6,1
6161,212.774,0.4256,SuGOHI5 SuGOHI6,1
6162,212.77747,1.9696,Petrillo et al. 2019,1
6163,212.78781,-2.5119,Petrillo et al. 2019,1
6164,212.7935,43.6877,SuGOHI5,1
6165,212.81598,1.7765,Petrillo et al. 2019,1
6166,212.84528,0.02337,Petrillo et al. 2019,1
6167,212.87373,-0.524978,SuGOHI6 SuGOHI4,1
6168,212.8811950683593,7.858677864074707,Talbot,1
6169,212.90059,-0.95682,Petrillo et al. 2019,1
6170,212.902176,-1.037677,SuGOHI6,1
6171,212.9072,1.1222,SuGOHI5 LinKS SuGOHI6,1
6172,212.907858,-1.251263,SuGOHI6,1
6173,212.97005,2.80015,Petrillo et al. 2019,1
6174,212.9777,-1.47362,Shu22,1
6175,213.02916666666667,4.540555555555557,Canameras et al. 2020,1
6176,213.04166666666663,20.87277777777777,Canameras et al. 2020,1
6177,213.065785,1.4576,SuGOHI6,1
6178,213.06666666666663,-7.213611111111112,Canameras et al. 2020,1
6179,213.07156372070312,20.591482162475582,Talbot,1
6180,213.093889,-0.950052,SuGOHI1 SuGOHI6,1
6181,213.11906,12.627052,Stein21,1
6182,213.135794,-1.160242,SuGOHI6,1
6183,213.142318725586,45.53237915039063,Talbot,1
6184,213.14319,-2.87817,Petrillo et al. 2019,1
6185,213.1546173095703,61.79833221435547,Talbot,1
6186,213.2230529785156,48.83882141113281,Talbot,1
6187,213.246677,1.049776,SuGOHI6,1
6188,213.2503,-1.4356,SuGOHI1 SuGOHI3 SuGOHI4,1
6189,213.269226,-0.995636,SuGOHI6,1
6190,213.295875,-0.463396,SuGOHI6,1
6191,213.29602,-1.28636,Shu22,1
6192,213.29827,0.62341,Shu22,1
6193,213.298497,-1.374571,SuGOHI1,1
6194,213.349543,-0.113828,SuGOHI4,1
6195,213.357003,-1.728229,SuGOHI6,1
6196,213.37188,43.191958,SuGOHI2,1
6197,213.391666,-2.170607,SuGOHI6,1
6198,213.459012,52.395271,SuGOHI1,1
6199,213.469431,-0.767089,SuGOHI6,1
6200,213.498,-1.56,SuGOHI5,1
6201,213.498444,0.144628,SuGOHI6,1
6202,213.521455,-0.26291,SuGOHI6,1
6203,213.52916666666667,16.86916666666667,Canameras et al. 2020,1
6204,213.5424,52.8469,SuGOHI5,1
6205,213.5445,2.0705,Petrillo et al. 2019,1
6206,213.553621,-0.125151,SuGOHI1 SuGOHI4,1
6207,213.5604248046875,36.87709045410156,Talbot,1
6208,213.56206,-0.24168,Petrillo et al. 2019,1
6209,213.5625,64.79916666666666,Canameras et al. 2020,1
6210,213.56522,6.0288086,Stein21,1
6211,213.5869,-1.6126,SuGOHI5 LinKS,1
6212,213.589648,-0.462186,SuGOHI1 SuGOHI6,1
6213,213.645905,1.444798,SuGOHI1,1
6214,213.648311,-0.267135,SuGOHI6,1
6215,213.64967,1.15794,Shu22,1
6216,213.65344,-0.46916,Petrillo et al. 2019,1
6217,213.6542,1.26754,Canameras22,1
6218,213.66642,19.47868,Huang et al. 2020a,1
6219,213.69563,-0.97699,Shu22,1
6220,213.727042,0.486822,SuGOHI1,1
6221,213.745115,52.641425,SuGOHI6,1
6222,213.7537,2.66748,Petrillo et al. 2019,1
6223,213.7568,-1.309,SuGOHI5,1
6224,213.7629,-0.5183,SuGOHI5 SuGOHI6,1
6225,213.768413,1.345187,SuGOHI6,1
6226,213.7740173339844,51.3211555480957,Talbot,1
6227,213.8079071044922,55.66206359863281,Talbot,1
6228,213.812053,52.735924,SuGOHI1,1
6229,213.81944,-0.05889,Shu22,1
6230,213.84665,-0.03468,Petrillo et al. 2019,1
6231,213.87916666666663,11.202222222222224,Canameras et al. 2020,1
6232,213.88919067382807,62.14558029174805,Talbot,1
6233,213.89685,-0.07243,Petrillo et al. 2019,1
6234,213.9256591796875,9.022990226745604,Talbot,1
6235,213.9768218994141,6.037193298339844,Talbot,1
6236,213.984967,1.028996,SuGOHI6,1
6237,213.992561,52.665393,SuGOHI6,1
6238,213.997269,50.461768,Savary22,1
6239,214.0078125,49.72556686401367,Talbot,1
6240,214.01758,2.62049,Petrillo et al. 2019,1
6241,214.031498,0.097558,SuGOHI6,1
6242,214.04005,2.41518,Petrillo et al. 2019,1
6243,214.0566253662109,43.902381896972656,Talbot,1
6244,214.0798,43.7069,Canameras22,1
6245,214.085982,1.780978,SuGOHI6,1
6246,214.1204,3.0013,Wong21,1
6247,214.147621,1.024697,SuGOHI1,1
6248,214.191979,-1.874653,SuGOHI4,1
6249,214.194125,-1.303704,SuGOHI6,1
6250,214.19919,43.34314,Shu22,1
6251,214.2073211669922,38.48208236694336,Talbot,1
6252,214.207571,1.639535,SuGOHI6,1
6253,214.2532,44.0351,Canameras22,1
6254,214.2543,42.9738,SuGOHI5,1
6255,214.28033,-1.10181,Petrillo et al. 2019,1
6256,214.298153,52.261633,SuGOHI1,1
6257,214.314162,51.849379,SuGOHI6,1
6258,214.335434,51.956735,SuGOHI1,1
6259,214.367072,1.993134,SuGOHI1 LinKS SuGOHI5,1
6260,214.3796539306641,26.93940544128418,Talbot,1
6261,214.383173,1.287121,SuGOHI6,1
6262,214.41273,-0.16268,Petrillo et al. 2019,1
6263,214.42336,-0.8924700000000001,Petrillo et al. 2019,1
6264,214.428677,0.450165,SuGOHI6,1
6265,214.432497,-0.120418,SuGOHI6,1
6266,214.43543,0.36413,SuGOHI6,1
6267,214.43966,0.426958,SuGOHI1,1
6268,214.46526,0.93632,Petrillo et al. 2019,1
6269,214.466502,1.321694,SuGOHI6,1
6270,214.4727,1.2505,SuGOHI5,1
6271,214.4875,21.336944444444445,Canameras et al. 2020,1
6272,214.4942,2.3965,Wong21,1
6273,214.50604248046875,63.30482864379883,Talbot,1
6274,214.5231,0.7431,SuGOHI5 SuGOHI6,1
6275,214.530009,0.657111,SuGOHI6,1
6276,214.553388,-1.401227,SuGOHI4,1
6277,214.55872,-2.52958,Petrillo et al. 2019,1
6278,214.565561,1.97564,SuGOHI1 SuGOHI3,1
6279,214.572021484375,17.980850219726562,Talbot,1
6280,214.58482,1.26891,Petrillo et al. 2019,1
6281,214.6078,2.14697,Petrillo et al. 2019,1
6282,214.61494,-0.28458,Petrillo et al. 2019,1
6283,214.6278,25.18144,Huang et al. 2020a,1
6284,214.630858,-0.014624,SuGOHI1 LinKS,1
6285,214.6538,-0.62359,Canameras22,1
6286,214.655493,1.395187,SuGOHI1,1
6287,214.660175,-0.453647,SuGOHI1,1
6288,214.67656,0.3966,Petrillo et al. 2019,1
6289,214.68704,-0.22962,Petrillo et al. 2019,1
6290,214.69279,1.14378,Shu22,1
6291,214.70021,-1.70514,Petrillo et al. 2019,1
6292,214.7198,-0.0659,SuGOHI5,1
6293,214.7313232421875,49.27812957763672,Talbot,1
6294,214.74448,2.51797,Petrillo et al. 2019,1
6295,214.749267578125,31.726890563964844,Talbot,1
6296,214.77457,-1.127576,SuGOHI6,1
6297,214.7786407470703,51.89289474487305,Talbot,1
6298,214.7851,0.3471,SuGOHI5 SuGOHI6,1
6299,214.791092,-0.39786,SuGOHI1,1
6300,214.7950897216797,48.46419143676758,Talbot,1
6301,214.8173,0.57137,Canameras22,1
12737,214.8219,51.2913,Gavazzi2014,2
6303,214.82709,-0.42031,Petrillo et al. 2019,1
6304,214.8411865234375,31.462587356567383,Talbot,1
6305,214.87668,43.69162,Shu22,1
6306,214.888795,1.039938,SuGOHI6,1
6307,214.9177,0.89977,Canameras22,1
6308,214.92287,-1.82512,Petrillo et al. 2019,1
6309,214.94325,0.91995,Petrillo et al. 2019,1
6310,214.96703,31.434618,Stein21,1
6311,215.00124,2.69891,Petrillo et al. 2019,1
6312,215.0107,0.31924,Canameras22,1
6313,215.037744,-0.242876,SuGOHI1 SuGOHI6,1
6314,215.0559,0.9904,SuGOHI5,1
6315,215.06233,-0.3738,SuGOHI6,1
6316,215.069,2.22428,Petrillo et al. 2019,1
6317,215.0693,0.9552,SuGOHI5,1
6318,215.071841,1.313345,SuGOHI4,1
6319,215.075056,0.975794,SuGOHI6,1
6320,215.07572,43.450859,SuGOHI2,1
6321,215.08101,2.1713400000000003,Petrillo et al. 2019,1
6322,215.0988006591797,58.29684448242188,Talbot,1
6323,215.10176,1.91675,Petrillo et al. 2019,1
6324,215.131126,0.339204,SuGOHI6,1
6325,215.1423,0.55515,Canameras22,1
6326,215.14698791503903,5.879341125488281,Talbot,1
6327,215.152435,-0.125886,SuGOHI6,1
6328,215.15771,2.04199,Shu22,1
6329,215.1625,12.971666666666668,Canameras et al. 2020,1
6330,215.2019,0.1258,SuGOHI5,1
6331,215.20318603515625,28.293615341186523,Talbot,1
6332,215.2068,1.54319,Shu22,1
6333,215.2159423828125,39.82492446899414,Talbot,1
6334,215.21666666666667,6.0105555555555545,Canameras et al. 2020,1
6335,215.223429,0.939065,SuGOHI1,1
6336,215.234323,0.675925,SuGOHI6,1
6337,215.243529,0.177199,SuGOHI1,1
6338,215.25832000000003,-2.73318,Petrillo et al. 2019,1
6339,215.2600555419922,46.17655563354492,Talbot,1
6340,215.26121,1.22213,Shu22,1
6341,215.2662,0.3834,SuGOHI5,1
6342,215.2966,0.163,SuGOHI5,1
6343,215.3462371826172,7.281485080718994,Talbot,1
6344,215.3633,0.2014,SuGOHI5,1
6345,215.36666666666667,-5.614166666666668,Canameras et al. 2020,1
6346,215.400126,52.356028,SuGOHI6,1
6347,215.4078369140625,52.716922760009766,Talbot,1
6348,215.4112,0.7808,SuGOHI5,1
6349,215.41216,44.438194,Stein21,1
6350,215.4208,-1.51608,Canameras22,1
6351,215.42366,0.646805,SuGOHI6,1
6352,215.44574,42.87926,SuGOHI2,1
6353,215.44899,-0.966758,SuGOHI6,1
6354,215.4577,-0.4008,SuGOHI5 SuGOHI6,1
6355,215.477033,0.811555,SuGOHI6,1
6356,215.47720336914065,8.760954856872559,Talbot,1
6357,215.50857543945312,1.7316925525665283,Talbot,1
6358,215.54166666666663,2.1525,Canameras et al. 2020 Petrillo et al. 2019,1
6359,215.56828,1.56082,Petrillo et al. 2019,1
6360,215.57336,-1.7087900000000005,Petrillo et al. 2019,1
6361,215.578657,0.915926,SuGOHI6,1
6362,215.58468627929688,51.86989212036133,Talbot,1
6363,215.634666,0.026281,SuGOHI6 LinKS,1
6364,215.642855,-0.040383,SuGOHI6,1
6365,215.64755,-2.64925,Petrillo et al. 2019,1
6366,215.6517944335937,64.39797973632812,Talbot,1
6367,215.667,44.1946,Wong21,1
6368,215.6684,-0.0735,Canameras22,1
6369,215.67163,42.768906,SuGOHI2,1
6370,215.676214,-0.098737,SuGOHI6,1
6371,215.6768,-0.25938,Petrillo et al. 2019,1
6372,215.67849731445312,2.9873135089874268,Talbot,1
6373,215.68222000000003,-1.20323,Petrillo et al. 2019,1
6374,215.706939,-0.553219,SuGOHI1 LinKS SuGOHI4,1
6375,215.75532,-0.46357,Shu22,1
6376,215.768399,1.38856,SuGOHI4,1
6377,215.79222,-0.09455,Petrillo et al. 2019,1
6378,215.7946,1.5257,SuGOHI5,1
6379,215.82188,-1.26624,Petrillo et al. 2019,1
6380,215.8261,-0.20753,Canameras22,1
6381,215.828,0.1739,SuGOHI5,1
6382,215.8343963623047,19.68878746032715,Talbot,1
6383,215.903985,-0.676311,SuGOHI6,1
6384,215.9119415283203,6.716699123382568,Talbot,1
6385,215.922441,0.703328,SuGOHI1,1
6386,215.928466796875,35.917762756347656,Talbot,1
6387,215.95073,0.00754,Petrillo et al. 2019,1
6388,215.9711,1.579691,SuGOHI2,1
6389,215.9745,-0.4344,SuGOHI5,1
6390,215.979444,1.391105,SuGOHI6,1
6391,216.0142,0.1433,SuGOHI5,1
6392,216.045149,-0.888092,SuGOHI6,1
6393,216.10031,25.24231,Huang et al. 2020a,1
6394,216.198974609375,38.27501678466797,Talbot,1
6395,216.204201,-0.889342,Tanaka16 SuGOHI3 SuGOHI5,1
6396,216.206142,1.676345,SuGOHI1,1
6397,216.2075,0.7006,SuGOHI5,1
6398,216.24294,1.153624,SuGOHI6,1
6399,216.2498,0.9185,Canameras22,1
6400,216.2542419433593,38.67731094360352,Talbot,1
6401,216.261236,1.516037,SuGOHI6,1
6402,216.2628936767578,53.35213470458984,Talbot,1
6403,216.2635,0.26191,Petrillo et al. 2019,1
6404,216.327797,-0.423715,SuGOHI6,1
6405,216.366954,-1.251233,SuGOHI6,1
6406,216.38333333333333,21.57111111111111,Canameras et al. 2020,1
11920,216.3842906,3.480641607,Storfer 2023,2
6408,216.392666,-1.886732,SuGOHI6,1
6409,216.39679,-2.94305,Petrillo et al. 2019,1
6410,216.427459,0.337596,SuGOHI6,1
6411,216.44481,0.33619,Petrillo et al. 2019,1
6412,216.45222,-2.0661926,Stein21,1
6413,216.463873,1.278141,SuGOHI6,1
6414,216.487187,-0.48863,SuGOHI1,1
6415,216.490261,0.93849,SuGOHI6,1
6416,216.512217,1.145002,SuGOHI6,1
6417,216.545466,0.118596,SuGOHI6,1
6418,216.56606,3.513925,SuGOHI8,1
6419,216.58236,1.09333,Shu22,1
6420,216.5988,0.7933,SuGOHI5,1
6421,216.60178,0.83273,Petrillo et al. 2019,1
6422,216.66547000000003,0.8499,Petrillo et al. 2019,1
6423,216.669337,0.166276,SuGOHI6,1
6424,216.67169,-2.06232,Petrillo et al. 2019,1
6425,216.7175,43.5204,Wong21,1
6426,216.73486,13.4509325,Stein21,1
6427,216.7775,0.7207,SuGOHI5 LinKS,1
6428,216.7886,16.17979,Stein21,1
6429,216.7978,-0.7744,SuGOHI5,1
6430,216.8003,-0.4617,SuGOHI5 LinKS SuGOHI6,1
6431,216.8030700683593,9.068946838378906,Talbot,1
6432,216.817,44.1251,SuGOHI5,1
6433,216.818381,-0.492714,SuGOHI6,1
6434,216.82796,-6.75413,Huang et al. 2020a,1
6435,216.835623,0.321141,SuGOHI1 SuGOHI3,1
6436,216.83666,0.459476,SuGOHI6,1
6437,216.87311,-0.712578,SuGOHI6,1
6438,216.94656,43.435478,SuGOHI2,1
6439,216.951515,0.166321,SuGOHI1,1
6440,216.952886,0.462175,SuGOHI1,1
6441,216.95385,8.17917,Huang et al. 2020a,1
6442,216.96487,0.48495,Petrillo et al. 2019,1
6443,216.978665,0.662399,SuGOHI6,1
6444,217.003507,-0.072529,SuGOHI6,1
6445,217.03146362304688,29.69189643859864,Talbot,1
6446,217.048583,-0.83922,SuGOHI6,1
6447,217.0642,0.2274,SuGOHI5,1
6448,217.075,0.7252,SuGOHI5,1
6449,217.08246,-0.67168,Petrillo et al. 2019,1
6450,217.08359,-0.87218,Petrillo et al. 2019,1
6451,217.086925,3.317474,SuGOHI8,1
10056,217.0936,3.3,Huang 2022,2
6453,217.09736,-1.80832,Shu22,1
6454,217.14294,-7.096310000000001,Huang et al. 2020a,1
6455,217.14508,52.218456,SL2S J142835+521306,1
6456,217.167221069336,0.9817211627960204,Talbot,1
6457,217.17062377929688,8.46812629699707,Talbot,1
6458,217.2415,-0.62272,Canameras22,1
6459,217.2448272705078,55.31589889526367,Talbot,1
6460,217.2968,-0.46522,Petrillo et al. 2019,1
6461,217.313033,0.82969,SuGOHI1,1
6462,217.3617706298828,1.5638642311096191,Talbot,1
6463,217.37347,31.152292,Stein21,1
6464,217.39471,-0.44717,Petrillo et al. 2019,1
6465,217.42181,23.029156,Stein21,1
6466,217.46551513671875,27.27836799621582,Talbot,1
6467,217.47836,12.04328,Huang et al. 2020a,1
6468,217.5027,55.779991,SL2S J143001+554648,1
6469,217.503232,-0.465133,SuGOHI6,1
6470,217.507562,-1.845922,SuGOHI1 LinKS,1
6471,217.5374450683593,34.81956481933594,Talbot,1
6472,217.555113,0.913995,SuGOHI6,1
6473,217.577643,3.744757,SuGOHI8,1
6474,217.66666666666663,-25.411388888888887,Canameras et al. 2020,1
6475,217.67545,0.81752,Petrillo et al. 2019,1
6476,217.69655,0.79835,Petrillo et al. 2019,1
6477,217.767065,-0.62,SuGOHI6,1
6478,217.7912,42.255,SuGOHI5,1
6479,217.8078,-0.1037,SuGOHI5 SuGOHI6,1
6480,217.8382,-0.8956,SuGOHI5,1
6481,217.89596,-1.91277,Shu22,1
6482,217.90807,0.4978,Petrillo et al. 2019,1
6483,217.91565,1.23987,Petrillo et al. 2019,1
6484,217.9367,0.75527,Canameras22,1
6485,217.961934,1.505515,SuGOHI6,1
6486,217.972551,-1.564484,SuGOHI6,1
6487,217.97697,2.40406,Petrillo et al. 2019,1
6488,217.98141,1.80345,Petrillo et al. 2019,1
6489,217.98772,2.58088,Petrillo et al. 2019,1
6490,218.03989,35.73182,Stein21,1
6491,218.04239,0.65258,Petrillo et al. 2019,1
6492,218.04516,-0.70958,Shu22,1
6493,218.10612000000003,-1.30167,Petrillo et al. 2019,1
6494,218.15031,2.56884,Petrillo et al. 2019,1
6495,218.182404,-1.431647,SuGOHI6,1
6496,218.183139,-0.764837,SuGOHI6,1
6497,218.2236328125,20.44370651245117,Talbot,1
6498,218.22435,-0.454667,SuGOHI6,1
6499,218.25647,-1.70378,Petrillo et al. 2019,1
6500,218.26773071289065,36.8737678527832,Talbot,1
6501,218.2976,-1.92549,Petrillo et al. 2019,1
6502,218.32597,15.801145,Stein21,1
6503,218.37471,42.823409,SuGOHI2,1
6504,218.39003,2.90111,Petrillo et al. 2019,1
6505,218.3961334228516,42.8365364074707,Talbot,1
6506,218.415522,1.706887,SuGOHI6,1
6507,218.45767,-1.07655,Petrillo et al. 2019,1
6508,218.47916666666663,3.003888888888889,Canameras et al. 2020,1
6509,218.48517,29.430159,Stein21,1
6510,218.5273,-0.4848,Petrillo et al. 2019,1
6511,218.537196,-0.219914,SuGOHI6,1
6512,218.574583,0.087725,SuGOHI6,1
6513,218.57928,43.59039,Shu22,1
6514,218.6011657714844,4.779182434082031,Talbot,1
6515,218.61147,22.41661,Stein21,1
6516,218.6586,43.2617,SuGOHI5,1
6517,218.686352,-0.163493,SuGOHI6 LinKS,1
6518,218.70633,-2.0581400000000003,Petrillo et al. 2019,1
10790,218.7075026,30.63300485,Storfer 2023,2
6520,218.7185,-1.72367,Canameras22,1
6521,218.72342000000003,-1.53014,Petrillo et al. 2019,1
6522,218.726664,-0.949599,SuGOHI1 SuGOHI5,1
6523,218.785862,1.694166,SuGOHI1,1
6524,218.80285,43.148947,SuGOHI2,1
6525,218.82867,-1.423943,SuGOHI6,1
6526,218.8295,-1.11,SuGOHI5 SuGOHI6,1
6527,218.839,44.6854,Canameras22,1
6528,218.86758,0.05829,Petrillo et al. 2019,1
6529,218.87129,-5.5597787,Stein21,1
6530,218.871364,0.303465,SuGOHI6,1
6531,218.98695,1.81412,Petrillo et al. 2019,1
6532,219.03742000000005,-1.32951,Huang et al. 2020a,1
6533,219.0462,43.4892,SuGOHI5,1
6534,219.066,43.1558,Canameras22,1
6535,219.0677,0.1006,SuGOHI5,1
6536,219.08748,1.36664,Petrillo et al. 2019,1
6537,219.115,50.750767,Stein21,1
6538,219.134071,1.125421,SuGOHI1,1
10063,219.1501,21.1453,Huang 2022,2
6540,219.162779,-0.677678,SuGOHI6,1
6541,219.1670684814453,17.043697357177734,Talbot,1
6542,219.1708,0.7036,SuGOHI5,1
6543,219.1708333333333,-2.3875,Canameras et al. 2020,1
6544,219.198621,-1.561721,SuGOHI6,1
6545,219.2414,-0.8243799999999999,Petrillo et al. 2019,1
6546,219.2491,-1.06598,Petrillo et al. 2019,1
6547,219.2708333333333,74.6502777777778,Canameras et al. 2020,1
6548,219.2906036376953,12.3381986618042,Talbot,1
6549,219.31209,-1.88972,Shu22,1
6550,219.32974243164065,10.947694778442385,Talbot,1
6551,219.330249,-0.690937,SuGOHI6,1
6552,219.3926,-0.0487,SuGOHI5 SuGOHI6,1
6553,219.41199,-3.27642,Li21,1
6554,219.424707,-0.639429,SuGOHI6,1
6555,219.43546,42.093134,SuGOHI2,1
6556,219.4444,43.3833,Canameras22,1
6557,219.458599,0.204629,SuGOHI1 SuGOHI5,1
6558,219.470606,-0.442132,SuGOHI1,1
6559,219.5125,49.12583333333333,Canameras et al. 2020,1
6560,219.543147,0.102246,SuGOHI6,1
6561,219.56728,-1.0509700000000002,Petrillo et al. 2019,1
11923,219.5912,3.6704,Storfer 2023,2
6563,219.6353,-0.3907,SuGOHI5 SuGOHI6,1
6564,219.65428,0.96084,Shu22,1
6565,219.668799,1.570951,SuGOHI1,1
6566,219.6719,-0.4812,Petrillo et al. 2019,1
6567,219.755801,0.854973,SuGOHI6,1
6568,219.79075,12.14045,Huang et al. 2020a,1
6569,219.821925,-0.654961,SuGOHI6,1
10793,219.8740753,-8.704954399,Storfer 2023,2
6571,219.8869,0.8994,SuGOHI5 LinKS,1
10065,219.904,7.3502,Huang 2022,2
6573,219.92275,0.5073300000000001,Huang et al. 2020a,1
6574,219.94438,-0.97582,Petrillo et al. 2019,1
6575,219.9819,-0.45923,Canameras22,1
6576,219.98548,32.84016,Huang et al. 2020a,1
6577,219.98898315429688,8.925089836120605,Talbot,1
6578,219.995065,0.614216,SuGOHI1,1
6579,220.02598571777344,7.654911518096924,Talbot,1
6580,220.045654296875,7.88154411315918,Talbot,1
6581,220.06036,0.20155,Petrillo et al. 2019,1
6582,220.1316,-1.6236,SuGOHI5,1
10795,220.1553,59.195,Storfer 2023,2
6584,220.18551635742188,26.347217559814453,Talbot,1
6585,220.18637,-1.99126,Petrillo et al. 2019,1
6586,220.22999572753903,6.7313761711120605,Talbot,1
6587,220.251242,1.667111,SuGOHI6,1
6588,220.256162,1.562446,SuGOHI6,1
6589,220.294292,-0.465112,SuGOHI6,1
6590,220.29461669921875,52.520301818847656,Talbot,1
6591,220.31588745117188,36.38801574707031,Talbot,1
6592,220.3618,-0.3166,SuGOHI5,1
6593,220.374691,60.169088,Savary22,1
6594,220.3867,-0.8999,SuGOHI5,1
6595,220.38748,-3.83125,Petrillo et al. 2019,1
6596,220.38841,0.48179,Petrillo et al. 2019,1
6597,220.44859313964844,24.9990463256836,Talbot,1
6598,220.45906,1.42159,Petrillo et al. 2019,1
6599,220.4951,1.1278,SuGOHI5,1
6600,220.49692,-0.01709,Petrillo et al. 2019,1
6601,220.507886,-1.052553,SuGOHI6,1
6602,220.54369,-0.46504,Petrillo et al. 2019,1
6603,220.598713,0.476125,SuGOHI1,1
6604,220.61041,-0.96788,Shu22,1
6605,220.6199,0.35151,Shu22,1
6606,220.62363,-3.41154,Petrillo et al. 2019,1
6607,220.629062,-0.398107,SuGOHI6 LinKS SuGOHI4,1
6608,220.63545,0.29188,Petrillo et al. 2019,1
6609,220.6751,42.3878,Canameras22,1
6610,220.68782,40.631126,Stein21,1
6611,220.7076568603516,29.89920234680176,Talbot,1
6612,220.71358,-2.42711,Petrillo et al. 2019,1
6613,220.754564,1.199912,SuGOHI6,1
6614,220.77951,1.9728900000000005,Petrillo et al. 2019,1
6615,220.779854,-0.682249,SuGOHI1 SuGOHI3 SuGOHI4,1
6616,220.7887,1.0366,SuGOHI5,1
6617,220.80763,-3.3646300000000005,Petrillo et al. 2019,1
6618,220.836303,-1.426954,SuGOHI4,1
6619,220.88623046875,43.285621643066406,Talbot,1
6620,220.961731,1.344467,SuGOHI1,1
6621,220.9757080078125,7.045705318450928,Talbot,1
6622,220.9791,-0.1253,SuGOHI5,1
6623,220.99217,35.04039,Stein21,1
6624,221.012843,0.633168,SuGOHI6,1
6625,221.0244,0.11574,Canameras22,1
6626,221.047815,3.115315,SuGOHI8,1
6627,221.0583333333333,-1.808333333333333,Canameras et al. 2020,1
6628,221.111,2.785,SuGOHI5,1
6629,221.119761,-0.861791,SuGOHI1 SuGOHI5,1
6630,221.12553,-2.66892,Petrillo et al. 2019,1
6631,221.12935,-2.31102,Petrillo et al. 2019,1
6632,221.1294,0.168,SuGOHI5,1
6633,221.13014,24.311937,Stein21,1
6634,221.180964,0.760737,SuGOHI4,1
6635,221.1959,1.96041,Petrillo et al. 2019,1
6636,221.228812,-0.035953,SuGOHI1,1
6637,221.2337341308593,25.70495986938477,Talbot,1
6638,221.23743,1.068733,SuGOHI6,1
6639,221.2491,-0.3073,SuGOHI5,1
6640,221.2628936767578,15.337329864501951,Talbot,1
6641,221.26643,-3.34505,Petrillo et al. 2019,1
6642,221.27144,-1.18307,Petrillo et al. 2019,1
6643,221.31097000000003,-2.45251,Petrillo et al. 2019,1
6644,221.3166046142578,-0.4709173142910003,Talbot,1
6645,221.332908,0.747915,SuGOHI6,1
6646,221.3752,43.6915,Wong21,1
6647,221.40536,2.31397,Petrillo et al. 2019,1
10798,221.4377,28.0307,Storfer 2023,2
6649,221.475,36.83027777777778,Canameras et al. 2020,1
6650,221.492,0.40603,Canameras22,1
6651,221.50868225097656,4.652453899383545,Talbot,1
6652,221.514551,-0.671277,SuGOHI6 LinKS,1
6653,221.61067000000003,2.2238900000000004,Petrillo et al. 2019,1
6654,221.667158,-0.063953,SuGOHI6,1
6655,221.67886,-3.85043,Petrillo et al. 2019,1
6656,221.680157,-0.759486,SuGOHI6,1
6657,221.83167000000003,-1.34871,Petrillo et al. 2019,1
6658,221.87667846679688,5.343085289001465,Talbot,1
6659,221.8827,1.572,SuGOHI5,1
6660,221.891814,-0.163766,SuGOHI6,1
6661,221.91681,-0.99942,Petrillo et al. 2019,1
6662,221.92004,1.53094,Petrillo et al. 2019,1
6663,221.9262542724609,42.85105514526367,Talbot,1
6664,221.928988,-1.771789,SuGOHI6,1
6665,221.9975,-0.7603,SuGOHI5,1
6666,221.99893,1.98125,Petrillo et al. 2019,1
6667,222.00043,47.281082,Stein21,1
6668,222.02289,2.09729,Petrillo et al. 2019,1
6669,222.0345,1.33095,Petrillo et al. 2019,1
6670,222.0489,-1.3827,SuGOHI5,1
6671,222.05896,-3.3170736,Stein21,1
6672,222.0657,2.6534,SuGOHI5,1
6673,222.074231,-0.958791,SuGOHI6,1
6674,222.17892,3.2043524,Stein21,1
6675,222.18031,1.17729,Petrillo et al. 2019,1
6676,222.20966,0.70773,Petrillo et al. 2019,1
6677,222.343121,0.773271,SuGOHI6,1
6678,222.3583,-1.3978,SuGOHI5,1
6679,222.3816,-1.3973,SuGOHI5,1
6680,222.407,-0.0455,SuGOHI5,1
6681,222.4519,0.4837,SuGOHI5,1
6682,222.4612,0.9268,SuGOHI5,1
6683,222.54805,30.452936,Stein21,1
6684,222.583482,0.59309,SuGOHI6,1
6685,222.6049194335937,4.745842933654785,Talbot,1
6686,222.6277,39.13865,SDSS J1450+3908,1
6687,222.6483917236328,29.652204513549805,Talbot,1
6688,222.657249,-0.762148,SuGOHI6,1
6689,222.6663,0.9284,SuGOHI5,1
6690,222.691845,1.185451,SuGOHI1,1
6691,222.72171,1.338948,SuGOHI1,1
6692,222.74463,-0.92258,Shu22,1
6693,222.764611,-0.090685,SuGOHI1,1
6694,222.7766,1.1927,SuGOHI5 LinKS,1
6695,222.8496,44.1275,Canameras22,1
6696,222.87356,42.92653,Shu22,1
6697,222.878531,4.348363,SuGOHI8,1
6698,222.8841857910156,43.72602462768555,Talbot,1
6699,222.947021484375,34.53608703613281,Talbot,1
6700,222.978958,0.272342,SuGOHI6,1
6701,222.991622,0.877844,SuGOHI1,1
10075,223.0001,-1.0752,Huang 2022,2
6703,223.016991,1.440257,SuGOHI6,1
6704,223.0323,1.15084,Petrillo et al. 2019,1
6705,223.04023,3.82978,Li21,1
6706,223.072594,-1.787304,SuGOHI6,1
6707,223.0769,43.7219,Canameras22,1
6708,223.08036,43.24438,SuGOHI2,1
6709,223.09192,24.044056,Stein21,1
6710,223.11666666666667,10.793611111111112,Canameras et al. 2020,1
6711,223.1288,0.27391,Canameras22,1
6712,223.152765,-0.361678,SuGOHI1,1
6713,223.17886,42.958862,SuGOHI2,1
6714,223.2282,17.314913,Stein21,1
6715,223.24484,-2.49016,Petrillo et al. 2019,1
6716,223.2669982910156,40.75059509277344,Talbot,1
6717,223.32468,2.6478900000000003,Petrillo et al. 2019,1
6718,223.3338,-0.3071,SuGOHI5 SuGOHI6,1
6719,223.357429,-0.558861,SuGOHI6,1
6720,223.3708038330078,25.78537940979004,Talbot,1
6721,223.400748,-1.091022,SuGOHI6,1
6722,223.477926,-1.466753,SuGOHI6,1
6723,223.4958333333333,-22.76861111111112,Canameras et al. 2020,1
6724,223.5103,43.7691,Canameras22,1
6725,223.5122,1.63602,Canameras22,1
6726,223.5267,1.979,SuGOHI5,1
6727,223.53289794921875,11.038769721984863,Talbot,1
6728,223.534036,0.387425,SuGOHI6,1
6729,223.5792,-0.11187,Petrillo et al. 2019,1
6730,223.6343536376953,58.83280944824219,Talbot,1
6731,223.65688,-2.37338,Petrillo et al. 2019,1
6732,223.685377,1.007683,SuGOHI6,1
6733,223.698834,0.270831,SuGOHI1,1
6734,223.724428,-0.242394,SuGOHI6,1
6735,223.7274932861328,30.164596557617188,Talbot,1
6736,223.74648,1.979505,SuGOHI2,1
6737,223.77896,43.764094,SuGOHI2,1
6738,223.7856,43.127372,SuGOHI2,1
6739,223.79015,0.7159300000000001,Petrillo et al. 2019,1
6740,223.82196,-0.39953,Petrillo et al. 2019,1
6741,223.833124,-0.292936,SuGOHI6,1
6742,223.982638,-1.649526,SuGOHI6,1
6743,223.99989318847656,24.92040252685547,Talbot,1
6744,224.00054,-1.095893,SuGOHI6,1
6745,224.00352478027344,33.457237243652344,Talbot,1
6746,224.0056,57.0375,SDSS J1456+5702,1
6747,224.0238,3.61862,Li21,1
6748,224.031262,0.152231,SuGOHI1,1
6749,224.05141,1.328216,SuGOHI1,1
6750,224.06523,43.42549,Shu22,1
6751,224.104808,-1.486999,SuGOHI6,1
6752,224.112588,-1.37243,SuGOHI6,1
6753,224.13243,-0.14676,Shu22,1
6754,224.16992,42.94525,Shu22,1
6755,224.17758,5.83971,Stein21,1
6756,224.241172,0.846823,SuGOHI6,1
6757,224.24939,43.88051,Shu22,1
6758,224.2681,43.9593,SuGOHI5,1
6759,224.323,1.02253,Petrillo et al. 2019,1
6760,224.37334,-1.69433,Petrillo et al. 2019,1
9329,224.3857,-1.9882,Huang 2022,2
6762,224.39265,43.67893,Shu22,1
6763,224.3965,44.203718,SuGOHI2,1
6764,224.48788,-1.06411,Petrillo et al. 2019,1
6765,224.49664,42.505285,SuGOHI2,1
6766,224.5075,1.72469,Petrillo et al. 2019,1
6767,224.547697,-0.933739,SuGOHI6,1
6768,224.54797,36.757286,Stein21,1
6769,224.577377319336,36.16398239135742,Talbot,1
6770,224.625493,0.103091,SuGOHI1,1
6771,224.62713623046875,3.160200595855713,Talbot,1
6772,224.6325,43.8424,SuGOHI5,1
6773,224.651197,-0.400214,SuGOHI1 SuGOHI5,1
6774,224.76135,-1.397548,SuGOHI1,1
6775,224.811323,-0.078965,SuGOHI1,1
6776,224.841791,1.320196,SuGOHI1 SuGOHI6,1
6777,224.8789,44.1801,SuGOHI5,1
6778,224.885071,0.319021,SuGOHI6,1
6779,224.88666,-0.02235,Shu22,1
6780,224.9449157714844,48.25572967529297,Talbot,1
6781,224.988,-0.923,SuGOHI5,1
6782,225.04025,-2.05532,Petrillo et al. 2019,1
6783,225.06012,-0.53987,Petrillo et al. 2019,1
6784,225.0644,0.31889,Canameras22,1
6785,225.074644,-0.994229,SuGOHI6,1
6786,225.087602,-0.826888,SuGOHI6,1
6787,225.09595,1.47586,Shu22,1
6788,225.10678,-1.5157132,Stein21,1
6789,225.12291,1.85545,SuGOHI2,1
6790,225.12419,-1.98567,Petrillo et al. 2019,1
6791,225.1389923095703,-1.5670318603515625,Talbot,1
6792,225.150662,55.170865,Savary22,1
6793,225.22323,0.36735,Shu22,1
6794,225.28822,2.36595,Petrillo et al. 2019,1
6795,225.3007,42.3537,SuGOHI5,1
6796,225.31087,30.708595,Stein21,1
6797,225.3333333333333,-3.5036111111111112,Canameras et al. 2020,1
6798,225.40310668945312,35.33246994018555,Talbot,1
6799,225.44612,-0.83293,Petrillo et al. 2019,1
6800,225.538304,-0.519915,SuGOHI6,1
6801,225.664582,-0.32057,SuGOHI6,1
11934,225.6907312,5.764337398,Storfer 2023,2
6803,225.69216918945312,56.18605422973633,Talbot,1
6804,225.70354,0.16792,Petrillo et al. 2019,1
6805,225.7365,-0.66455,Petrillo et al. 2019,1
6806,225.79907000000003,-1.81771,Petrillo et al. 2019,1
6807,225.811237,0.171429,SuGOHI6,1
6808,225.81637573242188,0.2921295166015625,Talbot,1
6809,225.890645,-0.491976,SuGOHI6,1
6810,225.96841430664065,1.2012102603912354,Talbot,1
6811,226.03152465820312,11.399613380432127,Talbot,1
6812,226.0373,1.9624,Wong21,1
6813,226.08905,-0.06611,Petrillo et al. 2019,1
6814,226.09767150878903,47.16521835327149,Talbot,1
6815,226.11102,-1.70997,Petrillo et al. 2019,1
6816,226.1601,42.767,Canameras22,1
6817,226.24373,-0.946026,SuGOHI2,1
6818,226.26193,33.91413,Stein21,1
6819,226.32474,2.82502,Petrillo et al. 2019,1
6820,226.36255,42.044617,SuGOHI2,1
6821,226.39212,42.184694,SuGOHI2,1
11936,226.3983068,17.25908498,Storfer 2023,2
6823,226.41054,-1.70882,Petrillo et al. 2019,1
6824,226.56972,1.85212,Petrillo et al. 2019,1
6825,226.6467,43.4774,SuGOHI5,1
6826,226.7900848388672,-0.6932124495506287,Talbot,1
6827,226.80114,42.162236,SuGOHI2,1
6828,226.81364,0.42175,Petrillo et al. 2019,1
6829,226.82982,1.77828,Petrillo et al. 2019,1
6830,226.8465,42.7341,SuGOHI5,1
6831,226.86293,1.65993,Petrillo et al. 2019,1
6832,226.9546,-1.1172799999999998,Petrillo et al. 2019,1
6833,226.97597,11.81569,Stein21,1
6834,227.013274,48.957797,Savary22,1
6835,227.01643,-0.89479,Petrillo et al. 2019,1
6836,227.02292,43.887739,SuGOHI2,1
6837,227.04166666666663,-16.877222222222226,Canameras et al. 2020,1
6838,227.05325317382807,36.64399337768555,Talbot,1
6839,227.05862,23.166082,Stein21,1
6840,227.0763092041016,56.03996658325195,Talbot,1
6841,227.09163,2.16991,Petrillo et al. 2019,1
6842,227.1321563720703,3.088914155960083,Talbot,1
6843,227.14966,-1.3609,Petrillo et al. 2019,1
6844,227.1542,42.9416,SuGOHI5,1
6845,227.24366760253903,21.32998275756836,Talbot,1
6846,227.25362,2.97531,Petrillo et al. 2019,1
6847,227.34273,0.8608399999999999,Petrillo et al. 2019,1
6848,227.36876,-1.78306,Petrillo et al. 2019,1
6849,227.49406,2.37312,Petrillo et al. 2019,1
6850,227.5,-20.65777777777777,Canameras et al. 2020,1
6851,227.5616,-0.98935,Petrillo et al. 2019,1
6852,227.58792114257807,19.04744529724121,Talbot,1
6853,227.6318,44.0574,Canameras22,1
6854,227.63506,27.100883,Stein21,1
6855,227.640365600586,17.2220458984375,Talbot,1
6856,227.65529,2.6011,Petrillo et al. 2019,1
6857,227.6904,42.9322,SuGOHI5,1
6858,227.70111,63.057026,Stein21,1
6859,227.7854766845703,9.076553344726562,Talbot,1
6860,227.80998,-0.16179,Petrillo et al. 2019,1
6861,227.83406,5.654461,Stein21,1
6862,227.8374786376953,27.88119506835937,Talbot,1
6863,227.8476,43.5592,Canameras22,1
6864,227.87389,-0.1551799999999999,Petrillo et al. 2019,1
6865,227.88503,-0.42694,Petrillo et al. 2019,1
10090,227.9362,6.509,Huang 2022,2
6867,227.96184,1.68531,Petrillo et al. 2019,1
6868,227.9683532714844,20.48159980773925,Talbot,1
6869,228.03403,-1.85817,Petrillo et al. 2019,1
6870,228.06944,-1.35758,Petrillo et al. 2019,1
6871,228.07425,1.96535,Petrillo et al. 2019,1
6872,228.153076171875,45.23897171020508,Talbot,1
6873,228.208395,51.098312,Savary22,1
6874,228.3412,43.5919,SuGOHI5,1
6875,228.3607,0.46458,Petrillo et al. 2019,1
6876,228.399658203125,-0.5127512812614441,Talbot,1
6877,228.40321,43.547527,SuGOHI2,1
6878,228.4153289794922,8.176368713378906,Talbot,1
6879,228.488,43.5582,SuGOHI5,1
6880,228.50883,1.62841,Petrillo et al. 2019,1
6881,228.69017,9.9735,Stein21,1
6882,228.7318,2.25376,Petrillo et al. 2019,1
6883,228.771508,61.480081,Savary22,1
6884,228.78236,2.66058,Petrillo et al. 2019,1
6885,228.94122314453125,5.617846965789795,Talbot,1
6886,229.00687,43.006737,SuGOHI2,1
6887,229.10114,-0.83,Petrillo et al. 2019,1
6888,229.14543,-1.01651,Petrillo et al. 2019,1
6889,229.15204,-0.6674800000000001,Petrillo et al. 2019,1
6890,229.17876,-0.25942,Petrillo et al. 2019,1
6891,229.27219,0.6118899999999999,Petrillo et al. 2019,1
6892,229.29045,2.61958,Petrillo et al. 2019,1
6893,229.2954,44.12779,Shu22,1
6894,229.3079,43.4404,SuGOHI5,1
6895,229.31471,0.58339,Petrillo et al. 2019,1
6896,229.32405,43.65544,SuGOHI2,1
6897,229.35732,2.69782,Petrillo et al. 2019,1
6898,229.40577,2.70974,Li21,1
6899,229.47838,0.53718,Petrillo et al. 2019,1
6900,229.48312,4.84412,Stein21,1
6901,229.48906,33.332767,Stein21,1
6902,229.56017,44.27042,Shu22,1
6903,229.70176,43.881399,SuGOHI2,1
6904,229.79083251953125,20.174449920654297,Talbot,1
6905,229.87453,8.66726,SDSS J1519+0840,1
6906,229.88368225097656,25.78388977050781,Talbot,1
6907,229.9515075683593,24.179039001464844,Talbot,1
6908,230.051775,40.365852,Savary22,1
6909,230.0880126953125,26.05983543395996,Talbot,1
6910,230.1361541748047,9.685588836669922,Talbot,1
6911,230.1657,2.70365,Petrillo et al. 2019,1
6912,230.20226,2.98001,Petrillo et al. 2019,1
6913,230.2066,44.3133,Canameras22,1
6914,230.22801,13.199987,Stein21,1
6915,230.25304,0.5598734,Stein21,1
6916,230.2823486328125,30.30081558227539,Talbot,1
6917,230.30315,2.19394,Petrillo et al. 2019,1
6918,230.31644,2.45635,Petrillo et al. 2019,1
6919,230.39979553222656,38.32600784301758,Talbot,1
6920,230.43118,1.25229,Petrillo et al. 2019,1
6921,230.4505,2.84919,Petrillo et al. 2019,1
6922,230.4666,2.63296,Petrillo et al. 2019,1
6923,230.4903717041016,10.197243690490724,Talbot,1
12314,230.53975,29.17275,BELLS,2
6925,230.5712,42.9608,Canameras22,1
10098,230.6319,-0.7509,Huang 2022,2
6927,230.6430053710937,31.156333923339844,Talbot,1
6928,230.68329,42.576132,SuGOHI2,1
6929,230.6972,42.5946,SuGOHI5,1
6930,230.71983,25.59097,Stein21,1
6931,230.7743988037109,28.727928161621094,Talbot,1
6932,230.815,43.7496,Canameras22,1
6933,230.8648834228516,54.97980880737305,Talbot,1
6934,230.89651489257807,34.72711563110352,Talbot,1
6935,230.9315,43.0438,SuGOHI5,1
6936,230.94221,1.88575,Petrillo et al. 2019,1
6937,230.94629,-0.63968,Petrillo et al. 2019,1
6938,230.95396,2.8247,Petrillo et al. 2019,1
6939,230.99747,2.40621,Petrillo et al. 2019,1
6940,231.05275,0.6497,Petrillo et al. 2019,1
6941,231.059906,50.433218,Savary22,1
6942,231.14954,41.345947,Stein21,1
6943,231.2874,42.4646,SuGOHI5,1
6944,231.36353,2.8455,Petrillo et al. 2019,1
6945,231.38339,2.80972,Petrillo et al. 2019,1
6946,231.40321350097656,51.74594879150391,Talbot,1
6947,231.41007,44.501503,SuGOHI2,1
6948,231.4855,44.1613,SuGOHI5,1
6949,231.51694,0.01616,Petrillo et al. 2019,1
6950,231.60764,1.95891,Petrillo et al. 2019,1
6951,231.6362,44.1044,SuGOHI5,1
6952,231.7162475585937,41.29706954956055,Talbot,1
6953,231.7233123779297,56.06554412841797,Talbot,1
6954,231.7373046875,49.88527297973633,Talbot,1
6955,231.77907,0.94964,Petrillo et al. 2019,1
6956,231.84404,2.10223,Petrillo et al. 2019,1
6957,231.8930511474609,-0.7514078617095947,Talbot,1
6958,231.90166,2.4653,Petrillo et al. 2019,1
6959,231.9376,6.87607048,CSWA 39,1
6960,231.93986,42.718544,SuGOHI2,1
6961,231.9583333333333,60.801388888888894,Canameras et al. 2020,1
6962,232.0035,0.67562,Petrillo et al. 2019,1
6963,232.09973,28.836384,Stein21,1
6964,232.1215057373047,8.580869674682617,Talbot,1
6965,232.15651,1.49567,Petrillo et al. 2019,1
6966,232.19928,-1.0343,Petrillo et al. 2019,1
6967,232.23602,2.9491,Petrillo et al. 2019,1
6968,232.2364654541016,60.76809310913086,Talbot,1
6969,232.24986,2.51603,Petrillo et al. 2019,1
6970,232.29391,2.5860000000000003,Petrillo et al. 2019,1
6971,232.3541,-0.67808,Petrillo et al. 2019,1
6972,232.42542000000003,2.985,Petrillo et al. 2019,1
6973,232.4532,24.94239,Stein21,1
6974,232.48264,9.31898,Stein21,1
6975,232.49240112304688,12.0577974319458,Talbot,1
6976,232.50577,2.69702,Petrillo et al. 2019,1
6977,232.575,44.90666666666666,Canameras et al. 2020,1
6978,232.6656,1.89329,Petrillo et al. 2019,1
6979,232.68397521972656,7.262633800506592,Talbot,1
6980,232.72908,34.051228,Stein21,1
6981,232.7308654785156,-0.5740146040916443,Talbot,1
6982,232.76144409179688,46.15764236450195,Talbot,1
6983,232.77042000000003,-1.54071,Petrillo et al. 2019,1
6984,232.79417,34.240278,SDSS J1531+3414,1
6985,232.81493,1.95822,Petrillo et al. 2019,1
6986,232.8191070556641,52.41271209716797,Talbot,1
6987,232.8948,-0.32057214,Stein21,1
6988,232.9289093017578,27.071382522583008,Talbot,1
6989,232.93643,43.411888,SuGOHI2,1
6990,232.95724,2.84488,Petrillo et al. 2019,1
6991,233.10527,1.96828,Petrillo et al. 2019,1
6992,233.11568,2.44315,Petrillo et al. 2019,1
6993,233.1170654296875,27.98976707458496,Talbot,1
6994,233.1754,-1.7644099999999998,Petrillo et al. 2019,1
6995,233.20972000000003,2.94502,Petrillo et al. 2019,1
10104,233.2341,50.1953,Huang 2022,2
6997,233.28613,0.42964,Petrillo et al. 2019,1
6998,233.32431,2.70677,Petrillo et al. 2019,1
6999,233.34573,10.13562,Stein21,1
7000,233.429,42.8397,Canameras22,1
7001,233.4371,43.8935,Canameras22,1
7002,233.55026,0.6765899999999999,Petrillo et al. 2019,1
7003,233.6143951416016,44.43267059326172,Talbot,1
7004,233.61666666666667,6.371111111111111,Canameras et al. 2020,1
7005,233.64868,-0.88475,Petrillo et al. 2019,1
7006,233.65265,0.86551,Petrillo et al. 2019,1
7007,233.6830444335937,2.357124328613281,Talbot,1
7008,233.72823,-1.49419,Petrillo et al. 2019,1
7009,233.82711,42.999598,SuGOHI2,1
7010,233.85353088378903,44.14937973022461,Talbot,1
7011,233.8925,-0.64282,Petrillo et al. 2019,1
7012,233.96333,-0.28822,Petrillo et al. 2019,1
7013,233.9736,43.8789,SuGOHI5,1
7014,234.01468,36.492577,Stein21,1
7015,234.15308,-1.97777,Petrillo et al. 2019,1
7016,234.17096,1.56295,Petrillo et al. 2019,1
7017,234.19354248046875,19.73345184326172,Talbot,1
7018,234.22229,2.98786,Petrillo et al. 2019,1
7019,234.26355,2.16257,Petrillo et al. 2019,1
7020,234.30153,1.47136,Petrillo et al. 2019,1
7021,234.3475,43.9263,SuGOHI5,1
7022,234.39554,2.44267,Petrillo et al. 2019,1
7023,234.41083,42.57385,Shu22,1
7024,234.4814453125,-0.8824192881584167,Talbot,1
7025,234.55629,1.7418900000000002,Petrillo et al. 2019,1
7026,234.5895,43.0758,SuGOHI5,1
7027,234.6066,43.9551,Canameras22,1
7028,234.66573,-1.13839,Petrillo et al. 2019,1
7029,234.7291,0.28361,Petrillo et al. 2019,1
7030,234.77651977539065,39.28601837158203,Talbot,1
7031,234.79566,42.553477,SuGOHI2,1
7032,234.8271,43.6804,SuGOHI5,1
7033,234.8659,-1.18328,Petrillo et al. 2019,1
7034,234.88014,71.90164,Stein21,1
7035,234.8958333333333,17.113055555555555,Canameras et al. 2020,1
7036,234.9297,2.76039,Petrillo et al. 2019,1
7037,234.9333333333333,14.430833333333332,Canameras et al. 2020,1
7038,234.94899,-1.7164700000000002,Petrillo et al. 2019,1
7039,234.9523,2.87796,Petrillo et al. 2019,1
7040,234.9658966064453,50.71616363525391,Talbot,1
7041,234.999752,35.831739,Savary22,1
7042,235.01564,2.79724,Petrillo et al. 2019,1
7043,235.01982,0.5328,Petrillo et al. 2019,1
7044,235.0535,2.22284,Petrillo et al. 2019,1
7045,235.07002000000003,-0.5361600000000001,Petrillo et al. 2019,1
7046,235.0930633544922,7.4762444496154785,Talbot,1
7047,235.22696,-0.95565,Petrillo et al. 2019,1
7048,235.2625,13.136388888888886,Canameras et al. 2020,1
7049,235.3091735839844,50.54468536376953,Talbot,1
12316,235.32734,18.20976,BELLS,2
7051,235.36471557617188,49.7357292175293,Talbot,1
7052,235.44583333333333,68.1538888888889,Canameras et al. 2020,1
7053,235.47645568847656,33.031890869140625,Talbot,1
7054,235.496810913086,19.91468620300293,Talbot,1
7055,235.51375,1.13054,Petrillo et al. 2019,1
7056,235.52332,-0.95287,Petrillo et al. 2019,1
7057,235.5817,43.7579,SuGOHI5,1
12288,235.69306,16.49771,BELLS,2
7059,235.69913,-1.47687,Petrillo et al. 2019,1
7060,235.7247,42.5113,Canameras22,1
7061,235.74144,0.54018,Petrillo et al. 2019,1
7062,235.79136657714844,7.221676826477051,Talbot,1
7063,235.807279,42.462039,SuGOHI6,1
7064,235.85428,1.1325,Petrillo et al. 2019,1
7065,235.8872833251953,25.56217384338379,Talbot,1
9337,236.0113,26.1712,Huang 2022,2
7067,236.1123,0.16737,Petrillo et al. 2019,1
7068,236.1175994873047,43.63156509399414,Talbot,1
7069,236.19914,-0.79057,Petrillo et al. 2019,1
7070,236.21383666992188,51.61342239379883,Talbot,1
7071,236.2224,44.4637,SuGOHI5,1
7072,236.23792000000003,1.77089,Petrillo et al. 2019,1
7073,236.26753,1.82286,Petrillo et al. 2019,1
7074,236.28333333333333,-18.12,Canameras et al. 2020,1
7075,236.28891,-0.23943,Petrillo et al. 2019,1
7076,236.36266,1.25219,Petrillo et al. 2019,1
7077,236.3917,1.96361,Petrillo et al. 2019,1
7078,236.4021148681641,55.40205001831055,Talbot,1
7079,236.445926,43.446865,SuGOHI6,1
7080,236.48751831054688,27.282958984375,Talbot,1
7081,236.503001,30.600112,Savary22,1
7082,236.50783,1.25122,Petrillo et al. 2019,1
7083,236.51983642578125,21.39068031311035,Talbot,1
7084,236.52303,0.1414099999999999,Petrillo et al. 2019,1
7085,236.55542,32.12574,Savary22,1
7086,236.58416748046875,43.72306823730469,Talbot,1
7087,236.6,0.91135,Petrillo et al. 2019,1
7088,236.63628,1.078741,Stein21,1
7089,236.725693,43.876968,SuGOHI1,1
7090,236.73451,-1.44842,Petrillo et al. 2019,1
7091,236.736054,44.144705,SuGOHI6,1
7092,236.75029,-0.01859,Petrillo et al. 2019,1
7093,236.77544,0.8904200000000001,Petrillo et al. 2019,1
7094,236.79217529296875,5.160480499267578,Talbot,1
7095,236.7947235107422,56.8811149597168,Talbot,1
7096,236.84572,42.12664,Shu22,1
7097,236.873646,42.610293,SuGOHI6,1
7098,236.89017,22.485664,Stein21,1
7099,236.95818,-1.26293,Petrillo et al. 2019,1
7100,236.99513,-1.57823,Petrillo et al. 2019,1
7101,236.9958333333333,0.7936111111111112,Canameras et al. 2020 Petrillo et al. 2019,1
7102,237.14781,-1.97159,Petrillo et al. 2019,1
7103,237.22083333333333,21.937777777777782,Canameras et al. 2020,1
7104,237.236713,44.12082,SuGOHI6,1
7105,237.2554,42.6806,SuGOHI5 SuGOHI6,1
7106,237.26795959472656,6.096124649047852,Talbot,1
7107,237.295025,43.609299,SuGOHI6,1
7108,237.30005,43.76569,Shu22,1
7109,237.34608,-0.83729,Petrillo et al. 2019,1
7110,237.39497000000003,-1.11841,Petrillo et al. 2019,1
7111,237.49423,2.6374,Petrillo et al. 2019,1
7112,237.50568,-0.54201,Petrillo et al. 2019,1
7113,237.533808,42.421233,SuGOHI6,1
7114,237.534294,43.519388,SuGOHI1,1
7115,237.64825439453125,10.75827980041504,Talbot,1
7116,237.7162628173828,47.136417388916016,Talbot,1
7117,237.74898,2.52019,Petrillo et al. 2019,1
7118,237.7803,1.6916099999999998,Petrillo et al. 2019,1
7119,237.80048,43.00257,Shu22,1
7120,237.8859100341797,23.90439796447754,Talbot,1
7121,237.9958333333333,21.934444444444445,Canameras et al. 2020,1
7122,238.00044,-1.78534,Petrillo et al. 2019,1
7123,238.041293,44.27737,SuGOHI6,1
7124,238.15870666503903,51.82967758178711,Talbot,1
7125,238.19687,-0.50717,Petrillo et al. 2019,1
7126,238.20071,1.03967,Petrillo et al. 2019,1
7127,238.22339,0.00434,Petrillo et al. 2019,1
7128,238.2333333333333,48.10722222222223,Canameras et al. 2020,1
7129,238.289357,42.740049,SuGOHI6,1
7130,238.330795,43.306754,SuGOHI1,1
7131,238.40833333333333,-1.7094444444444443,Canameras et al. 2020,1
7132,238.44583333333333,26.727222222222217,Canameras et al. 2020,1
7133,238.44978,1.0052299999999998,Petrillo et al. 2019,1
7134,238.4605,42.567,SuGOHI5,1
7135,238.495735,42.992649,SuGOHI6,1
7136,238.823932,41.860754,SuGOHI1,1
7137,238.844275,42.698182,SuGOHI1,1
7138,238.94533,43.732959,SuGOHI6,1
7139,238.9990234375,42.98694610595703,Talbot,1
7140,239.081247,42.481887,SuGOHI6,1
7141,239.0835876464844,28.474090576171875,Talbot,1
7142,239.10825,43.40368,Shu22,1
7143,239.11973571777344,56.06293487548828,Talbot,1
7144,239.145242,43.40383,SuGOHI6,1
10807,239.1796417,48.62852077,Storfer 2023,2
7146,239.21281,16.305616,Stein21,1
7147,239.320899,42.795258,SuGOHI6,1
7148,239.38196,60.37707,Stein21,1
7149,239.384,42.1065,SuGOHI5,1
7150,239.4958,42.7072,SuGOHI5,1
7151,239.525575,43.283964,SuGOHI6,1
7152,239.5278167724609,11.880261421203612,Talbot,1
7153,239.530737,43.231668,SuGOHI6,1
7154,239.56111,42.618835,SuGOHI6,1
7155,239.611064,43.475231,SuGOHI1,1
7156,239.625766,44.561029,SuGOHI6,1
7157,239.644271,42.419425,SuGOHI6,1
7158,239.65416666666667,24.484444444444453,Canameras et al. 2020,1
7159,239.677913,43.131253,SuGOHI6,1
7160,239.70968627929688,11.131231307983398,Talbot,1
7161,239.71086,42.397448,SuGOHI6,1
7162,239.8365,42.5423,SuGOHI5 SuGOHI6,1
7163,239.84583333333333,31.78666666666667,Canameras et al. 2020,1
7164,239.8575897216797,18.24785614013672,Talbot,1
7165,239.959873,42.83069,SuGOHI6,1
7166,239.989779,44.262169,SuGOHI1,1
7167,240.0751037597656,45.4461669921875,Talbot,1
7168,240.07588,5.696619999999999,Huang et al. 2020a,1
7169,240.2000427246093,22.68906784057617,Talbot,1
7170,240.220035,44.217555,SuGOHI1 SuGOHI6,1
12311,240.30531,21.64274,BELLS,2
7172,240.326432,43.4785,SuGOHI6,1
7173,240.33969,5.077319999999999,Huang et al. 2020a,1
7174,240.40062000000003,5.57956,Huang et al. 2020a,1
7175,240.448501,42.318614,SuGOHI6,1
7176,240.53505,6.0657,Huang et al. 2020a,1
7177,240.6044,43.7711,SuGOHI5,1
7178,240.61325073242188,32.79835510253906,Talbot,1
7179,240.652165,42.778844,SuGOHI6,1
7180,240.7107,43.5847,SuGOHI5,1
7181,240.72028,6.537059999999999,Huang et al. 2020a,1
7182,240.77916666666667,3.178888888888889,Canameras et al. 2020,1
7183,240.7805,43.2393,Canameras22,1
7184,240.7875,33.51,Canameras et al. 2020,1
7185,240.912341,43.474169,SuGOHI1,1
7186,241.05922,6.41999,Huang et al. 2020a,1
7187,241.1418,55.217,SuGOHI5,1
7188,241.19016,13.781385,Stein21,1
7189,241.1983642578125,24.49383544921875,Talbot,1
7190,241.24939,6.8555,Huang et al. 2020a,1
7191,241.2512664794922,54.23067855834961,Talbot,1
7192,241.34583333333333,13.104722222222223,Canameras et al. 2020,1
7193,241.3604,44.6184,SuGOHI5 SuGOHI6,1
7194,241.38334,15.82262,Huang et al. 2020a,1
7195,241.39979553222656,45.02773666381836,Talbot,1
7196,241.4402770996093,38.568267822265625,Talbot,1
7197,241.513794,42.926119,SuGOHI6,1
7198,241.54324,14.10079,Huang et al. 2020a,1
7199,241.549957,44.325049,SuGOHI6,1
7200,241.5896453857422,51.04267501831055,Talbot,1
7201,241.6091,56.1588,SuGOHI5,1
7202,241.63018798828125,48.2558822631836,Talbot,1
7203,241.6708,43.5231,Canameras22,1
10119,241.7346,42.1102,Huang 2022,2
7205,241.78405,7.021,Huang et al. 2020a,1
7206,241.84629,7.175339999999999,Huang et al. 2020a,1
7207,241.893572,44.29401,SuGOHI6,1
7208,241.91065979003903,17.037078857421875,Talbot,1
7209,241.9193,43.7194,Canameras22,1
7210,241.9882354736328,26.27207565307617,Talbot,1
7211,241.9925537109375,37.81214141845703,Talbot,1
7212,241.997558,44.323364,SuGOHI6,1
7213,242.02849,3.87856,Huang et al. 2020a,1
7214,242.0654,42.0025,SuGOHI5,1
7215,242.187,56.03,SuGOHI5,1
7216,242.265886,33.852487,Savary22,1
7217,242.268797,42.439528,SuGOHI6,1
7218,242.3217163085937,36.72066116333008,Talbot,1
7219,242.3324,44.3636,Canameras22,1
10346,242.3468,16.0009,Storfer 2023,2
7221,242.3583333333333,-8.08388888888889,Canameras et al. 2020,1
7222,242.3591,54.7535,SuGOHI5,1
7223,242.42618,6.15993,Huang et al. 2020a,1
7224,242.4697265625,33.871116638183594,Talbot,1
7225,242.5111,54.2777,SuGOHI5,1
7226,242.57916666666668,2.053333333333333,Canameras et al. 2020,1
7227,242.589055,43.351697,SuGOHI6,1
7228,242.592516,42.374684,SuGOHI6,1
7229,242.6688,54.1084,SuGOHI5,1
7230,242.771987,42.178449,SuGOHI6,1
7231,242.810538,44.390136,SuGOHI6,1
7232,242.888188,43.707515,SuGOHI6,1
7233,242.9457092285156,33.89866638183594,Talbot,1
7234,242.9728,56.4171,SuGOHI5,1
7235,242.98081970214844,8.139117240905762,Talbot,1
7236,243.008606,43.867001,SuGOHI1,1
7237,243.0163,43.6637,SuGOHI5,1
7238,243.03814697265625,54.24357986450195,Talbot,1
7239,243.039219,42.964618,SuGOHI6,1
7240,243.0903,42.8192,Canameras22,1
7241,243.1951,55.8319,SuGOHI5,1
7242,243.257553,42.499978,SuGOHI1,1
7243,243.29166666666663,1.7716666666666665,Canameras et al. 2020,1
11962,243.3325,12.1071,Storfer 2023,2
7245,243.3408,55.2124,SuGOHI5,1
7246,243.4003,54.1155,SuGOHI5,1
7247,243.477918,44.064014,SuGOHI6,1
7248,243.636192,43.856987,SuGOHI6,1
7249,243.6397705078125,19.96159172058105,Talbot,1
7250,243.70713806152344,32.181793212890625,Talbot,1
7251,243.909591,42.443828,SuGOHI1 SuGOHI6,1
7252,243.9208333333333,48.18527777777778,Canameras et al. 2020,1
7253,243.940971,43.59613,SuGOHI6,1
7254,243.9664001464844,10.46592617034912,Talbot,1
7255,243.9708,56.4244,SuGOHI5,1
7256,243.99853515625,53.40872573852539,Talbot,1
7257,244.141,43.2489,Canameras22,1
7258,244.2216,54.3639,SuGOHI5,1
7259,244.55056762695312,46.34623718261719,Talbot,1
7260,244.5773,43.7574,SuGOHI5 SuGOHI6,1
10123,244.5857,54.5052,Huang 2022,2
7262,244.628,55.2948,SuGOHI5,1
7263,244.647,54.823,SuGOHI5,1
7264,244.66461181640625,29.664520263671875,Talbot,1
7265,244.714591,43.243996,SuGOHI1 SuGOHI6,1
7266,244.923828,42.858852,SuGOHI1,1
7267,244.982457,43.173485,SuGOHI4,1
7268,245.05,56.43833333333333,Canameras et al. 2020,1
7269,245.1098,43.3107,SuGOHI5,1
7270,245.112329,42.213737,SuGOHI6,1
7271,245.1199,42.831,SuGOHI5,1
7272,245.12193,43.704466,SuGOHI6,1
7273,245.14816284179688,11.89714527130127,Talbot,1
7274,245.2162,44.7145,SuGOHI5,1
7275,245.33499,43.372364,SuGOHI1,1
7276,245.3622,42.7612,SuGOHI5,1
7277,245.46484,34.1488,Stein21,1
7278,245.483154296875,12.341806411743164,Talbot,1
7279,245.6524200439453,51.9105110168457,Talbot,1
7280,245.7228240966797,48.99513626098633,Talbot,1
7281,245.8289794921875,25.56134986877441,Talbot,1
7282,245.83463,21.926271,Stein21,1
7283,246.093011,43.666118,SuGOHI6,1
7284,246.21935,42.7059,Shu22,1
7285,246.2708333333333,22.411388888888887,Canameras et al. 2020,1
7286,246.44363403320312,55.881256103515625,Talbot,1
7287,246.4623565673828,33.17546081542969,Talbot,1
7288,246.6118,42.9814,SuGOHI5,1
7289,246.72146606445312,45.74458694458008,Talbot,1
7290,246.7499542236328,39.125606536865234,Talbot,1
7291,246.875476,44.372927,SuGOHI6,1
7292,246.978295,44.160383,SuGOHI4,1
7293,246.988063,43.98049,SuGOHI4,1
7294,247.09402,44.321072,SuGOHI1 SuGOHI6,1
7295,247.150178,43.424791,SuGOHI1,1
7296,247.152284,44.20925,SuGOHI1,1
7297,247.311021,44.159874,SuGOHI6,1
7298,247.4003,42.6532,SuGOHI5,1
7299,247.4261,43.8279,SuGOHI5,1
7300,247.46507,7.465435,Stein21,1
7301,247.6057281494141,30.31183242797852,Talbot,1
7302,247.696968,43.369302,SuGOHI6,1
7303,247.70968,44.031906,SuGOHI1,1
7304,247.7863,42.5783,SuGOHI5,1
7305,247.813118,32.676273,Savary22,1
7306,247.821823,44.11367,SuGOHI6,1
7307,247.826,41.859,SuGOHI5,1
7308,247.8996,44.3297,SuGOHI5 SuGOHI6,1
7309,247.90416666666667,0.2313888888888889,Canameras et al. 2020,1
7310,247.938949,43.275695,SuGOHI6,1
12293,247.9597,18.90113,BELLS,2
7312,248.11725,41.896111,SuGOHI6,1
7313,248.2406,42.7698,SuGOHI5 SuGOHI4,1
7314,248.3904,42.238,SuGOHI5 SuGOHI6,1
7315,248.46298,17.181778,Stein21,1
7316,248.4652,43.4064,SuGOHI5 SuGOHI6,1
7317,248.46944,24.583313,Stein21,1
7318,248.492354,42.766052,SuGOHI6,1
7319,248.527846,42.843848,SuGOHI6,1
7320,248.57084,43.77636,Shu22,1
7321,248.5944366455078,43.88579177856445,Talbot,1
7322,248.65833333333333,11.320277777777774,Canameras et al. 2020,1
7323,248.7455139160156,46.0994873046875,Talbot,1
7324,248.845539,51.141378,Savary22,1
7325,248.899052,42.878889,SuGOHI6,1
7326,249.01457,26.75809,Stein21,1
7327,249.036411,43.037594,SuGOHI6,1
7328,249.10877990722656,27.58998680114746,Talbot,1
7329,249.2605,44.277369,SuGOHI2,1
7330,249.3083953857422,23.60320281982422,Talbot,1
12291,249.31073,14.65836,BELLS,2
7332,249.3249969482422,23.61686515808105,Talbot,1
7333,249.37735,42.67598,Stein21,1
7334,249.4499,41.94,SuGOHI5,1
7335,249.52188,14.988203,Stein21,1
7336,249.54376,20.849329,Stein21,1
7337,249.58519,42.49524,SuGOHI2,1
7338,249.696824,32.019203,Savary22,1
7339,249.745834350586,36.19843673706055,Talbot,1
7340,249.7594757080078,10.732171058654783,Talbot,1
7341,249.7797,42.7697,SuGOHI5,1
7342,249.9130096435547,26.41708755493164,Talbot,1
7343,249.98248,19.03545,Huang et al. 2020a,1
7344,249.98282,43.635635,SuGOHI2,1
7345,250.0047,42.2439,SuGOHI5,1
7346,250.1008,42.831789,SuGOHI2,1
7347,250.13794,42.50781,Shu22,1
7348,250.19166666666663,19.549166666666668,Canameras et al. 2020,1
7349,250.22691,43.294579,SuGOHI2,1
7350,250.274,42.7938,SuGOHI5,1
7351,250.27745056152344,52.40299224853516,Talbot,1
7352,250.304317,37.070838,Savary22,1
7353,250.3643,42.8372,SuGOHI5,1
7354,250.40460205078125,51.427188873291016,Talbot,1
7355,250.420654296875,22.41593742370605,Talbot,1
10811,250.4288718,26.09949184,Storfer 2023,2
7357,250.4634,42.9881,Canameras22,1
7358,250.5386657714844,14.428028106689451,Talbot,1
7359,250.55799865722656,45.17047882080078,Talbot,1
7360,250.8494873046875,39.89188766479492,Talbot,1
7361,250.87916666666663,39.462222222222216,Canameras et al. 2020,1
7362,251.03333333333333,11.358333333333333,Canameras et al. 2020,1
7363,251.07647000000003,1.6751900000000002,Huang et al. 2020a,1
7364,251.1277313232422,16.407495498657227,Talbot,1
7365,251.140747,50.610568,Savary22,1
7366,251.1478271484375,32.0317497253418,Talbot,1
7367,251.17219,4.97243,Huang et al. 2020a,1
7368,251.23534,26.130747,Stein21,1
7369,251.5154571533203,46.07905197143555,Talbot,1
7370,251.600986,32.231342,Savary22,1
7371,251.70912,16.54005,Stein21,1
7372,251.72304,30.937405,Stein21,1
7373,251.753434,31.889623,Savary22,1
7374,251.76666666666668,11.296944444444444,Canameras et al. 2020,1
7375,251.796615600586,26.210580825805664,Talbot,1
7376,251.8708648681641,40.48160934448242,Talbot,1
7377,251.974251,51.219046,Savary22,1
7378,252.092057,33.473465,Savary22,1
7379,252.37538,0.29663444,Stein21,1
7380,252.39761,64.48452,Stein21,1
7381,252.41666666666663,30.81916666666667,Canameras et al. 2020,1
7382,252.453353881836,42.9506721496582,Talbot,1
7383,252.63748,8.05108,Stein21,1
7384,252.69066,61.494156,Stein21,1
7385,252.70367,8.057141,Stein21,1
7386,252.7083333333333,31.391111111111112,Canameras et al. 2020,1
7387,252.7368011474609,21.057920455932617,Talbot,1
11977,252.9704,4.0545,Storfer 2023,2
7389,253.165234,44.359909,Savary22,1
7390,253.3878631591797,40.29564666748047,Talbot,1
7391,253.5000457763672,27.522441864013672,Talbot,1
7392,253.51002,44.71453,Savary22,1
7393,253.6322479248047,36.72087097167969,Talbot,1
7394,253.68018,2.1556737,Stein21,1
7395,253.7618103027344,28.36226272583008,Talbot,1
7396,253.7875,4.1036111111111095,Canameras et al. 2020,1
7397,253.93631,21.291954,Stein21,1
7398,254.01617431640625,40.05461883544922,Talbot,1
7399,254.180951,53.954788,Savary22,1
7400,254.2295837402344,37.0860595703125,Talbot,1
7401,254.2958333333333,31.84805555555556,Canameras et al. 2020,1
7402,254.45,27.76916666666667,Canameras et al. 2020,1
7403,254.45,23.68583333333333,Canameras et al. 2020,1
7404,254.52428,24.814354,Stein21,1
7405,254.676025390625,19.77569007873535,Talbot,1
7406,254.74981689453125,35.82369613647461,Talbot,1
7407,254.797098,37.22968,Savary22,1
7408,255.05113220214844,39.83895492553711,Talbot,1
11980,255.3986603,66.69349496,Storfer 2023,2
7410,255.40321,51.824715,Stein21,1
7411,255.44566345214844,23.03942108154297,Talbot,1
7412,255.8290863037109,44.51470947265625,Talbot,1
7413,255.884,63.2381,Stein21,1
7414,256.38873291015625,30.690887451171875,Talbot,1
7415,256.4791666666667,28.83305555555556,Canameras et al. 2020,1
7416,256.5784912109375,27.65778350830078,Talbot,1
7417,256.93503,10.630204,Stein21,1
7418,257.089111328125,34.45349884033203,Talbot,1
7419,257.4371032714844,21.25175666809082,Talbot,1
7420,257.6455078125,24.89812088012696,Talbot,1
7421,257.7196960449219,25.546781539916992,Talbot,1
11985,257.863484,38.14535171,Storfer 2023,2
7423,258.30833333333334,27.33111111111112,Canameras et al. 2020,1
7424,258.41968,36.701347,Stein21,1
7425,258.56848,16.037767,Stein21,1
7426,259.357806,46.308496,Savary22,1
7427,259.36838,14.678944,Stein21,1
7428,259.52548,12.4727955,Stein21,1
12240,259.89234,29.65732,SLACS,2
7430,260.3216857910156,37.12614822387695,Talbot,1
9140,260.9006,34.1995,Huang 2022,2
7432,260.94166666666666,16.836944444444445,Canameras et al. 2020,1
7433,261.05,31.77638888888889,Canameras et al. 2020,1
7434,261.216655,53.35028,Savary22,1
7435,261.56915283203125,37.26469802856445,Talbot,1
7436,261.76367,11.002099,Stein21,1
7437,262.1565856933594,27.608856201171875,Talbot,1
7438,262.2476,40.52754,Stein21,1
7439,262.3537292480469,33.74822235107422,Talbot,1
7440,262.5625,34.08555555555556,Canameras et al. 2020,1
7441,262.91638,22.866266,Stein21,1
7442,262.9984130859375,34.063926696777344,Talbot,1
11989,264.2457307,30.97153307,Storfer 2023,2
10816,264.5487337,14.95664173,Storfer 2023,2
7445,265.03915,14.427979,Stein21,1
7446,265.3583333333333,56.97222222222222,Canameras et al. 2020,1
7447,265.7503,54.49144,Stein21,1
7448,266.1416,13.470346,Stein21,1
7449,266.2776,24.224314,Stein21,1
7450,266.88358,34.10396,Stein21,1
7451,266.934787,39.315775,Savary22,1
7452,267.120502,37.760876,Savary22,1
7453,267.125,33.96944444444445,Canameras et al. 2020,1
7454,267.3,23.51,Canameras et al. 2020,1
7455,268.781414,33.72189,Savary22,1
7456,269.43333333333334,36.52333333333333,Canameras et al. 2020,1
7457,269.525,63.71111111111112,Canameras et al. 2020,1
7458,269.92892,55.631073,Stein21,1
7459,270.05255,62.0128,Stein21,1
7460,270.9291666666667,73.98305555555554,Canameras et al. 2020,1
7461,271.3583333333333,24.50222222222223,Canameras et al. 2020,1
7462,271.48486,70.95527,Stein21,1
7463,272.2916666666667,60.61472222222223,Canameras et al. 2020,1
7464,272.62427,48.130543,Stein21,1
7465,273.47482,28.675488,Stein21,1
7466,273.62097,75.969154,Stein21,1
7467,274.37083333333334,58.51444444444444,Canameras et al. 2020,1
7468,275.357473,51.010559,Savary22,1
7469,275.4166666666667,71.50277777777778,Canameras et al. 2020,1
7470,276.35144,59.041286,Stein21,1
7471,278.059,37.34313,Stein21,1
7472,278.12083333333334,69.60222222222221,Canameras et al. 2020,1
7473,279.66843,35.325924,Stein21,1
7474,280.19305,51.824596,Stein21,1
7475,280.325,45.261388888888895,Canameras et al. 2020,1
10822,280.422,74.2348,Storfer 2023,2
7477,281.6875,76.10222,Stein21,1
11999,284.9542,43.6078,Storfer 2023,2
10823,284.9557216,44.40808818,Storfer 2023,2
9351,285.9297,52.4182,Huang 2022,2
7481,291.575,-21.63888888888889,Canameras et al. 2020,1
7482,292.9208333333333,42.84055555555556,Canameras et al. 2020,1
7483,296.0,68.05777777777777,Canameras et al. 2020,1
7484,302.78367000000003,-52.47235,Diehl et al. 2017,1
10348,302.8624,-57.4197,Storfer 2023,2
7486,303.58076,-57.95041,Jacobs et al. 2019b,1
10827,304.0067562,-49.90668042,Storfer 2023,2
7488,304.758838,-56.711057,ODonnell22,1
7489,305.09686,-44.975983,Stein21,1
7490,305.691881,-60.544299,ODonnell22,1
7491,305.836987,-55.597241,ODonnell22,1
7492,306.32627,-42.08248,Jacobs et al. 2019b,1
7493,306.4729,-51.28638,Diehl et al. 2017,1
7494,306.7916666666667,-20.433611111111112,Canameras et al. 2020,1
7495,306.82455,-47.769947,Stein21,1
7496,307.170119,-43.282161,ODonnell22,1
7497,307.23246,-52.52177,Jacobs et al. 2019b,1
7498,307.73945,-55.64007,Diehl et al. 2017,1
7499,308.0256,3.3307354,Stein21,1
7500,308.06943,-43.633472,Stein21,1
7501,308.65826,-39.95557,Stein21,1
7502,309.38648,-56.02027,Diehl et al. 2017,1
7503,309.79778,-54.99594,Jacobs et al. 2019b Diehl et al. 2017,1
12005,309.835726,-64.08755182,Storfer 2023,2
7505,310.07272,-3.2824984,Stein21,1
7506,311.1083333333333,-12.310833333333337,Canameras et al. 2020,1
12008,311.2975281,-63.74795044,Storfer 2023,2
7508,311.4772,0.5301398,Stein21,1
7509,311.60191,-61.782441,ODonnell22,1
7510,311.60703,-10.334937,Stein21,1
7511,311.79846,-10.584022,Stein21,1
7512,312.18817,-57.79142,Diehl et al. 2017,1
7513,312.19721,-55.11857,Diehl et al. 2017,1
7514,312.43207,-39.86028,Stein21,1
12010,312.5028,-54.0687,Storfer 2023,2
7516,312.65043,-59.12631999999999,Diehl et al. 2017,1
12011,312.9933189,-64.84370658,Storfer 2023,2
7518,313.06206000000003,-58.36804,Diehl et al. 2017,1
7519,313.28612000000004,-50.78121,Jacobs et al. 2019b,1
7520,313.97427,4.660142,Stein21,1
10830,313.9966951,-42.90199573,Storfer 2023,2
7522,314.00608,-52.223690000000005,Diehl et al. 2017,1
10831,314.0659984,-42.64918879,Storfer 2023,2
7524,314.4818,-0.29212758,Stein21,1
7525,315.25851,-56.49656,Jacobs et al. 2019b,1
7526,315.36664,-43.810543,Stein21,1
7527,315.4125,6.272777777777778,Canameras et al. 2020,1
7528,315.5209,6.7348967,Stein21,1
7529,315.57877,-10.909843,Stein21,1
7530,315.67672000000005,-58.427980000000005,Diehl et al. 2017,1
7531,316.0625,4.128055555555555,Canameras et al. 2020,1
7532,316.27045,-49.57829,Jacobs et al. 2019b,1
7533,316.4205,5.6203003,Stein21,1
7534,316.52438,-62.36931,Stein21,1
12021,316.5299139,-44.19825112,Storfer 2023,2
7536,316.6479,-54.04109,Jacobs et al. 2019b,1
7537,316.7214,-5.7835846,Stein21,1
7538,317.24314,3.98414,Huang et al. 2020a,1
7539,317.25107,6.9292893,Stein21,1
7540,317.3884,5.145580000000001,Huang et al. 2020a,1
7541,317.52247,-56.65849,Jacobs et al. 2019b Diehl et al. 2017,1
10834,317.8112181,-1.822626366,Storfer 2023,2
7543,317.83063,-1.23982,Diehl et al. 2017 SDSS J2111-0114,1
7544,318.03761000000003,-1.75676,Huang et al. 2020a,1
7545,318.08817,-48.029804,Stein21,1
7546,318.17974,0.15577,Jacobs et al. 2019b,1
7547,318.40576,-53.98734,Stein21,1
7548,318.4619,-54.82486,Stein21,1
7549,318.48453,-1.24069,Jacobs et al. 2019b Diehl et al. 2017,1
7550,318.6099,0.04899,Diehl et al. 2017,1
7551,318.6181030273437,6.745689868927002,Talbot,1
7552,318.8125,10.198055555555555,Canameras et al. 2020,1
7553,318.88147999999995,-58.64281,Diehl et al. 2017,1
7554,319.11382000000003,-59.78382,Jacobs et al. 2019b,1
7555,319.11386,-57.06813,Diehl et al. 2017,1
7556,319.3044,7.1903324,Stein21,1
7557,319.3483,-0.94774,Jacobs et al. 2019b Huang et al. 2020a,1
7558,319.57538,-61.202976,Stein21,1
7559,319.60728,-43.29433,Jacobs et al. 2019b,1
7560,319.68634,16.917076,Stein21,1
7561,319.744873046875,1.7134199142456057,Talbot,1
7562,319.7746887207031,4.296017169952393,Talbot,1
7563,319.7989,0.05752,Huang et al. 2020a,1
7564,319.83958,-0.16294,Jacobs et al. 2019b,1
7565,319.85769,0.50174,Diehl et al. 2017,1
7566,320.04623,-50.039215,Stein21,1
7567,320.2428,-41.419624,Stein21,1
7568,320.4833333333333,20.511388888888884,Canameras et al. 2020,1
7569,320.5,-4.520833333333333,Canameras et al. 2020,1
7570,320.55153,-42.849990000000005,Jacobs et al. 2019b,1
7571,320.71667,-0.997,Diehl et al. 2017,1
12320,320.71684,4.15987,BELLS,2
7573,320.94735,-50.89916,Diehl et al. 2017,1
10352,321.112896,-61.41956663,Storfer 2023,2
7575,321.16986,-1.56133,Diehl et al. 2017,1
12031,321.1966468,-41.47106448,Storfer 2023,2
12289,321.29447,4.1921,BELLS,2
7578,321.30012,-65.07408000000001,Jacobs et al. 2019b,1
7579,321.37302,-12.337137,Stein21,1
7580,321.5177,-46.645363,Stein21,1
7581,321.7131,-0.97425,Jacobs et al. 2019b,1
7582,321.77933,-51.83083,Jacobs et al. 2019b Diehl et al. 2017,1
7583,322.19683837890625,8.95446491241455,Talbot,1
7584,322.20377,-1.0176381,Stein21,1
7585,322.2083333333333,25.29416666666667,Canameras et al. 2020,1
7586,322.69589,1.99907,Jacobs et al. 2019b,1
7587,322.72784,-48.954098,Stein21,1
7588,322.77049,-40.32251,Jacobs et al. 2019b,1
12034,322.8785832,-59.50643793,Storfer 2023,2
7590,322.95379638671875,-2.1096343994140625,Talbot,1
7591,322.98474,-46.92895,Jacobs et al. 2019b,1
7592,323.07334,-43.09307,Jacobs et al. 2019b,1
7593,323.18787,-53.524803,Stein21,1
12037,323.5029,-42.648,Storfer 2023,2
7595,323.5965270996094,10.148033142089844,Talbot,1
7596,323.7033,20.356117,Stein21,1
7597,323.76562,-57.46476,Diehl et al. 2017,1
7598,323.77069091796875,-1.6594234704971311,Talbot,1
7599,324.0662,-0.94610816,Stein21,1
7600,324.08197,-55.651276,Stein21,1
7601,324.18225,-10.317263,Stein21,1
7602,324.1933898925781,9.904826164245604,Talbot,1
7603,324.2616271972656,-1.3894846439361572,Talbot,1
7604,324.27186,-51.90778,Diehl et al. 2017,1
7605,324.2871398925781,0.0349543020129203,Talbot,1
7606,324.31927,-43.904194,Stein21,1
7607,324.32214,-13.3472805,Stein21,1
10841,324.4917792,-1.489989891,Storfer 2023,2
7609,324.500308,-60.13179,ODonnell22,1
7610,324.5831,-58.63775,Diehl et al. 2017,1
7611,324.5916442871094,1.280254602432251,Talbot,1
10356,324.7803454,-42.86157591,Storfer 2023,2
7613,324.8428039550781,10.35268497467041,Talbot,1
7614,324.9071960449219,-0.9385381937026978,Talbot,1
7615,325.02644,-42.12956,Jacobs et al. 2019b,1
7616,325.1170349121094,5.88031816482544,Talbot,1
7617,325.19716,0.95672,Diehl et al. 2017,1
7618,325.21666666666664,-1.8272222222222223,Canameras et al. 2020 Jacobs et al. 2019b Jacobs et al. 2019b,1
7619,325.23932,-44.247955,Stein21,1
7620,325.26388,-52.01907,Diehl et al. 2017,1
7621,325.34613,2.5745955,Stein21,1
7622,325.6924743652344,2.530424118041992,Talbot,1
12045,325.7873734,-0.3722494707,Storfer 2023,2
7624,325.79468,14.522242,Stein21,1
7625,325.83978,-1.0813746,Stein21,1
7626,325.8925170898437,4.06714391708374,Talbot,1
7627,325.9375,22.86305555555556,Canameras et al. 2020,1
7628,326.00416666666666,24.197777777777773,Canameras et al. 2020,1
10845,326.0105154,-43.39651585,Storfer 2023,2
7630,326.06757,8.6506605,Stein21,1
7631,326.11905,1.1202345,Stein21,1
7632,326.22656,-41.83128,Jacobs et al. 2019b,1
7633,326.44328,-43.1137,Jacobs et al. 2019b,1
7634,326.45243,-55.02241,Diehl et al. 2017,1
7635,326.46662,-56.748122,ODonnell22,1
7636,326.50903,14.02385,Stein21,1
7637,326.69,-43.247784,Stein21,1
12048,326.7563787,-43.91793079,Storfer 2023,2
7639,326.82794189453125,-1.0016213655471802,Talbot,1
7640,326.90488,-1.04776,RCS2 J2147-0102,1
7641,326.9429016113281,5.382678985595703,Talbot,1
7642,327.03412,-61.604473,Stein21,1
7643,327.0453796386719,26.36804580688477,Talbot,1
7644,327.08014,-52.37552,Stein21,1
7645,327.1448059082031,25.071388244628903,Talbot,1
7646,327.1478271484375,29.3511962890625,Talbot,1
7647,327.2757873535156,5.72920560836792,Talbot,1
7648,327.3138,-0.21431,Jacobs et al. 2019b Diehl et al. 2017,1
7649,327.6626281738281,19.73161697387696,Talbot,1
7650,327.67142,14.046692,Stein21,1
7651,327.7771,-54.11408,Diehl et al. 2017,1
7652,327.86234,-8.698267,Stein21,1
12050,327.9711996,-58.50157461,Storfer 2023,2
7654,328.03596,-55.92746,ODonnell22,1
7655,328.0641784667969,-0.8813619613647461,Talbot,1
7656,328.0835266113281,5.412834167480469,Talbot,1
7657,328.22047000000003,-52.835,Jacobs et al. 2019b,1
7658,328.2916666666667,11.915277777777776,Canameras et al. 2020,1
7659,328.3987731933594,20.4487247467041,Talbot,1
7660,328.39886,-42.03869,Stein21,1
7661,328.54531000000003,0.63294,Huang et al. 2020a,1
7662,328.6333333333333,-2.805277777777777,Canameras et al. 2020,1
7663,328.686468,-46.074771,ODonnell22,1
7664,328.8,-6.842777777777778,Canameras et al. 2020,1
7665,328.8948974609375,6.924764156341553,Talbot,1
7666,328.90186,-13.38274,Stein21,1
7667,328.94034,-2.2036219,Stein21,1
7668,328.974365234375,4.285712718963623,Talbot,1
7669,328.9938049316406,-0.8561941981315613,Talbot,1
7670,329.0125,23.495277777777783,Canameras et al. 2020,1
7671,329.1561,-43.98685,Stein21,1
7672,329.1662292480469,3.98337721824646,Talbot,1
7673,329.2131652832031,4.755843162536621,Talbot,1
7674,329.2467,0.97135,Diehl et al. 2017,1
7675,329.3705749511719,8.874276161193848,Talbot,1
7676,329.40692138671875,2.417566537857056,Talbot,1
7677,329.42377,-35.28775,Petrillo et al. 2019,1
7678,329.47609,-57.00927,Diehl et al. 2017,1
7679,329.4875,-8.601388888888888,Canameras et al. 2020,1
7680,329.53976,-27.82527,Petrillo et al. 2019,1
7681,329.5463,-33.78429000000001,Petrillo et al. 2019,1
7682,329.6985,-28.22741,Petrillo et al. 2019,1
7683,329.7315700000001,-32.320409999999995,Petrillo et al. 2019,1
7684,329.7322,-30.70473,Petrillo et al. 2019,1
7685,329.74258,-35.05703,Petrillo et al. 2019,1
7686,329.77985,-43.12946,Jacobs et al. 2019b,1
7687,329.7873,-34.15266,Petrillo et al. 2019,1
12056,329.7882744,1.654302634,Storfer 2023,2
7689,329.82672,-52.16338,Diehl et al. 2017,1
7690,329.8875,0.8247222222222222,Canameras et al. 2020,1
7691,329.89276,-29.59731,Petrillo et al. 2019,1
7692,329.89895,0.44464,Diehl et al. 2017,1
7693,329.917,-33.4753,Petrillo et al. 2019,1
7694,329.9481201171875,5.335432052612305,Talbot,1
7695,329.9605,-29.7266,Petrillo et al. 2019,1
10849,329.9944959,-62.75385039,Storfer 2023,2
7697,330.00797,18.146124,Stein21,1
7698,330.0515,-29.2025,Petrillo et al. 2019,1
7699,330.12854,-34.5779,Petrillo et al. 2019,1
7700,330.14474,-28.8529,Petrillo et al. 2019,1
7701,330.1752,4.39058,Canameras22,1
7702,330.18545,-41.47227,Jacobs et al. 2019b,1
7703,330.1885,4.0918,SuGOHI5,1
7704,330.1958333333333,-10.4075,Canameras et al. 2020,1
7705,330.2699,4.3418,SuGOHI5,1
10850,330.2772949,-60.78414581,Storfer 2023,2
7707,330.417572,1.120952,SuGOHI1,1
7708,330.45328,-34.77762,Petrillo et al. 2019,1
7709,330.472324,-59.94541,ODonnell22,1
7710,330.51074,-28.96863,Petrillo et al. 2019,1
7711,330.5327,-12.797054,Stein21,1
7712,330.5580749511719,9.940566062927246,Talbot,1
7713,330.5634,1.3566,SuGOHI5 More et al. 2016 More et al. 2016,1
7714,330.581914,-0.9693,SuGOHI1,1
12058,330.6235,-55.1217,Storfer 2023,2
7716,330.71666666666664,6.247222222222222,Canameras et al. 2020,1
7717,330.7367,2.5761,SuGOHI5 More et al. 2016 SuGOHI6,1
7718,330.74402,-4.9120083,Stein21,1
7719,330.75613,-31.34903,Petrillo et al. 2019,1
7720,330.78372,-28.82239,Petrillo et al. 2019,1
7721,330.839,-29.31679,Petrillo et al. 2019,1
7722,330.8594,-29.30225,Petrillo et al. 2019,1
7723,330.8644700000001,-29.65623,Petrillo et al. 2019,1
12383,330.8709,2.0886,Gavazzi2014,2
7725,330.872931,3.054131,SuGOHI6,1
10851,330.899429,-64.13913617,Storfer 2023,2
7727,330.89983,4.92654,Shu22,1
7728,330.9159240722656,-1.4946120977401731,Talbot,1
7729,330.9438,4.4457,SuGOHI5,1
7730,331.061138,2.849967,SuGOHI6,1
7731,331.09946,-54.53951,Stein21,1
7732,331.2333333333333,-6.598333333333333,Canameras et al. 2020,1
12648,331.2788,1.7844,Gavazzi2014,2
7734,331.3901672363281,-1.712902545928955,Talbot,1
7735,331.3954,-29.67698,Petrillo et al. 2019,1
12061,331.3955277,-9.286841929,Storfer 2023,2
7737,331.3974,2.176,SuGOHI5,1
7738,331.4512023925781,26.909408569335938,Talbot,1
7739,331.45906,4.256884,SuGOHI2,1
7740,331.473334,0.081856,SuGOHI1 SuGOHI4,1
7741,331.5301818847656,14.769060134887695,Talbot,1
7742,331.5679,11.068707,Stein21,1
7743,331.5827,20.06214,Stein21,1
7744,331.5931,-33.04589,Petrillo et al. 2019,1
7745,331.6117,-48.024498,Stein21,1
12650,331.6225,0.958,Gavazzi2014,2
7747,331.63312,-31.35255,Petrillo et al. 2019,1
7748,331.6398,-32.56896,Petrillo et al. 2019,1
7749,331.6506,-32.71608,Petrillo et al. 2019,1
7750,331.675,4.1918,SuGOHI5 More et al. 2012 More et al. 2016,1
7751,331.72443,-31.49998,Petrillo et al. 2019,1
7752,331.7524,1.3258,SuGOHI5,1
7753,331.7576,2.6783,SuGOHI5,1
7754,331.76254,-4.196624,Stein21,1
7755,331.7816467285156,9.792434692382812,Talbot,1
7756,331.8182,0.7299,SuGOHI5,1
7757,331.8295,2.4046,SuGOHI5,1
7758,331.8504,1.64266,Canameras22,1
12652,331.8869,3.2199,Gavazzi2014,2
7760,331.9331970214844,30.660888671875,Talbot,1
7761,331.93988,-60.195667,Stein21,1
7762,331.96738,-28.45338,Petrillo et al. 2019,1
7763,331.9964,0.9741,SuGOHI5,1
12063,332.0002114,-63.8759045,Storfer 2023,2
7765,332.022,4.7676,SuGOHI5,1
7766,332.06679,-1.4108,Diehl et al. 2017,1
7767,332.1041666666667,17.210833333333333,Canameras et al. 2020,1
7768,332.119,-28.6189,Petrillo et al. 2019,1
7769,332.12518310546875,19.066133499145508,Talbot,1
7770,332.1698,1.738704,SuGOHI6,1
7771,332.22842,-28.79836,Petrillo et al. 2019,1
7772,332.2495,2.1153,SuGOHI5,1
7773,332.26324,-31.5511,Petrillo et al. 2019,1
7774,332.263596,1.123711,SuGOHI6,1
7775,332.26904,-31.126490000000004,Petrillo et al. 2019,1
7776,332.2916564941406,1.1700979471206665,Talbot,1
7777,332.31934,-32.62588,Petrillo et al. 2019,1
7778,332.33292,-29.13817,Petrillo et al. 2019,1
7779,332.3467,1.189,SuGOHI5,1
7780,332.355307,2.901233,SuGOHI6,1
7781,332.40736,-57.48864,Diehl et al. 2017,1
7782,332.42502,-30.43711,Petrillo et al. 2019,1
7783,332.4367,4.2643,SuGOHI5,1
7784,332.46531,-51.1528,Diehl et al. 2017,1
7785,332.47208,-30.59464,Petrillo et al. 2019,1
7786,332.4829,-0.5763,SuGOHI5,1
7787,332.48624,-28.36717,Petrillo et al. 2019,1
7788,332.494162,1.623003,SuGOHI8,1
7789,332.500817,0.521696,SuGOHI6,1
7790,332.51059,-55.91481,Diehl et al. 2017,1
10359,332.5120253,26.06889445,Storfer 2023,2
7792,332.5363,6.5743,SuGOHI5,1
7793,332.54672,-35.61745,Petrillo et al. 2019,1
7794,332.5669,-34.657920000000004,Petrillo et al. 2019,1
7795,332.567298,0.696659,SuGOHI6,1
7796,332.5757,-60.16039,Stein21,1
7797,332.59686279296875,14.082512855529783,Talbot,1
7798,332.64166666666665,6.3344444444444425,Canameras et al. 2020,1
7799,332.6507263183594,-0.6572462320327759,Talbot,1
7800,332.6751,-30.74582,Petrillo et al. 2019,1
7801,332.6796,-30.22326,Petrillo et al. 2019,1
12687,332.6892,-0.9884,Gavazzi2014,2
7803,332.70813,-34.95884,Petrillo et al. 2019,1
7804,332.712286,-0.8295,SuGOHI6,1
7805,332.74284,-1.005632,SuGOHI6,1
12657,332.7582,0.5671,Gavazzi2014,2
7807,332.91403,-43.613945,Stein21,1
7808,332.9333,6.2159,SuGOHI5,1
7809,332.9384,-56.27015,Stein21,1
7810,332.954182,-0.334739,SuGOHI6,1
7811,332.98655,-54.64442,Jacobs et al. 2019b,1
7812,332.99792,28.250776,Stein21,1
7813,333.02475,-41.47315,Jacobs et al. 2019b,1
7814,333.02646,-0.23311,Shu22,1
7815,333.0388,1.8526,SuGOHI5,1
7816,333.03906,-29.406540000000003,Petrillo et al. 2019,1
7817,333.0477,-0.139,SuGOHI5 DES,1
7818,333.08026,20.790888,Stein21,1
7819,333.095,-0.3031,SuGOHI5 SuGOHI6,1
7820,333.14378,4.91581,SuGOHI2,1
12659,333.15,1.8046,Gavazzi2014,2
7822,333.1506,6.8415,SuGOHI5,1
7823,333.158958,0.026532,SuGOHI6,1
7824,333.24005,-28.73058,Petrillo et al. 2019,1
7825,333.256894,0.229933,SuGOHI6,1
7826,333.268433,2.592933,SuGOHI1,1
7827,333.2756,1.7856,SuGOHI5 More et al. 2016 More et al. 2016,1
7828,333.2766,-0.3084,SuGOHI5 DES SuGOHI6,1
7829,333.278319,-0.510339,SuGOHI6,1
7830,333.31366,3.760192,SuGOHI2,1
7831,333.3338,3.91,SuGOHI5,1
7832,333.3408508300781,12.761664390563965,Talbot,1
7833,333.34583333333336,-28.91333333333333,Canameras et al. 2020,1
12688,333.3591,-0.1629,Gavazzi2014,2
7835,333.370352,-0.7484,SuGOHI6,1
7836,333.3827,0.81,SuGOHI5 More et al. 2012 More et al. 2016,1
7837,333.39255,-41.426445,Stein21,1
7838,333.41257,-33.19898,Petrillo et al. 2019,1
7839,333.4196,1.1056606,Stein21,1
7840,333.4226,-28.99331,Petrillo et al. 2019,1
7841,333.4548,0.9475,SuGOHI5,1
7842,333.468193,1.296041,SuGOHI4,1
7843,333.540463,1.084624,SuGOHI4,1
7844,333.547486,0.795041,SuGOHI4,1
7845,333.55202,4.05993,Shu22,1
7846,333.578,1.1768,SuGOHI5 DES SuGOHI6,1
7847,333.585205078125,2.9820828437805176,Talbot,1
7848,333.6022,-35.2796,Petrillo et al. 2019,1
7849,333.6044,-0.2625,SuGOHI5,1
7850,333.6475,-57.996883,Stein21,1
7851,333.67763,2.935169,SuGOHI2,1
7852,333.7179,1.7442,SuGOHI5,1
7853,333.7246,-6.1704745,Stein21,1
12664,333.7316,1.4923,Gavazzi2014,2
7855,333.7485,3.6401,SuGOHI5,1
7856,333.778395,0.341415,SuGOHI6,1
7857,333.79822,-33.68965,Petrillo et al. 2019,1
7858,333.8056,1.0445,SuGOHI5 DES SuGOHI6,1
7859,333.812464,2.49339,SuGOHI6,1
7860,333.8133,-34.47496,Petrillo et al. 2019,1
7861,333.814,2.2851,SuGOHI5,1
7862,333.827968,-1.234979,SuGOHI6,1
7863,333.8348,-0.9071,SuGOHI5,1
7864,333.8428,1.0911,SuGOHI5,1
7865,333.94166666666666,-2.2344444444444447,Canameras et al. 2020,1
9150,333.9656,4.5843,Huang 2022,2
7867,333.96727000000004,-1.63723,Jacobs et al. 2019b,1
7868,333.9699,-30.99834,Petrillo et al. 2019,1
7869,333.987122,-0.792478,SuGOHI1,1
7870,334.00406,-27.76236,Petrillo et al. 2019,1
7871,334.02598,2.527747,SuGOHI4,1
7872,334.036218,0.92749,SuGOHI4,1
7873,334.0651,5.5459,SuGOHI5,1
7874,334.092703,2.198531,SuGOHI6,1
7875,334.11895751953125,12.509251594543455,Talbot,1
7876,334.12424,-34.60443,Petrillo et al. 2019,1
7877,334.15922,-44.32216,Jacobs et al. 2019b,1
7878,334.2084700000001,-29.02872,Petrillo et al. 2019,1
7879,334.2325,3.9594,Wong21,1
7880,334.26734,1.171709,SuGOHI6,1
7881,334.2875,-30.40685,Petrillo et al. 2019,1
7882,334.360178,0.063981,SuGOHI1,1
7883,334.3724,-0.6435,SuGOHI5 More et al. 2012 More et al. 2016,1
7884,334.43478,-28.14568,Petrillo et al. 2019,1
7885,334.52545,-32.81807,Petrillo et al. 2019,1
7886,334.54,-0.6595,SuGOHI5 SuGOHI6,1
7887,334.540014,-0.591257,SuGOHI6,1
7888,334.5455627441406,28.48220634460449,Talbot,1
7889,334.55356,-29.066640000000003,Petrillo et al. 2019,1
7890,334.6656,-31.10538,Petrillo et al. 2019,1
7891,334.6705322265625,-0.0820653736591339,Talbot,1
7892,334.711916,0.602284,SuGOHI6,1
12385,334.7193,1.6775,Gavazzi2014,2
7894,334.736611,0.281608,SuGOHI1 SuGOHI4,1
7895,334.74019,-45.07379,Jacobs et al. 2019b,1
10855,334.7467731,-45.31446996,Storfer 2023,2
7897,334.75911,-1.408972,SuGOHI1,1
7898,334.774701,0.014789,SuGOHI6,1
7899,334.7781982421875,14.347890853881836,Talbot,1
7900,334.78296,-8.939548,Stein21,1
7901,334.7916666666667,-6.289444444444443,Canameras et al. 2020,1
7902,334.7994,-32.70029,Petrillo et al. 2019,1
7903,334.80166,-43.80975,Jacobs et al. 2019b,1
7904,334.80513,-45.08072,Jacobs et al. 2019b,1
7905,334.8236,2.50317,Canameras22,1
7906,334.841398,-0.596833,SuGOHI1,1
7907,334.84865,-50.67358,Diehl et al. 2017,1
12671,334.8725,-0.2954,Gavazzi2014,2
7909,334.900368,1.738072,SuGOHI1,1
7910,334.90478515625,18.73774528503418,Talbot,1
7911,334.93698,-27.91563,Petrillo et al. 2019,1
7912,334.97394,-28.20574,Petrillo et al. 2019,1
7913,334.9923,-58.27243000000001,Diehl et al. 2017,1
7914,335.0085,6.08526,Canameras22,1
7915,335.0282,-3.8259976,Stein21,1
12672,335.0307,-0.4182,Gavazzi2014,2
7917,335.053499,1.339934,SuGOHI4,1
7918,335.07086,-29.32706,Petrillo et al. 2019,1
7919,335.081,4.55691,Canameras22,1
7920,335.094779,0.119642,SuGOHI4,1
7921,335.10184,-29.56687,Petrillo et al. 2019,1
7922,335.11041259765625,31.435094833374023,Talbot,1
7923,335.1148,-0.4639,SuGOHI5,1
7924,335.132664,-0.281293,SuGOHI6,1
7925,335.1414200000001,-33.03152,Petrillo et al. 2019,1
7926,335.172536,0.820114,SuGOHI6,1
7927,335.17840576171875,-3.489171028137207,Talbot,1
7928,335.183055,1.228664,SuGOHI1,1
7929,335.1968700000001,-28.15641,Petrillo et al. 2019,1
7930,335.1973,-31.88846,Petrillo et al. 2019,1
7931,335.2147,0.9709,SuGOHI5,1
7932,335.21651,-59.824180000000005,Jacobs et al. 2019b,1
7933,335.319605,-0.474964,SuGOHI6,1
7934,335.320024,-0.749155,SuGOHI4,1
7935,335.3694,-28.68154,Petrillo et al. 2019,1
7936,335.37155,-34.94455,Petrillo et al. 2019,1
7937,335.37427,-28.47161,Petrillo et al. 2019,1
7938,335.38602,-9.157932,Stein21,1
7939,335.38742,-35.08183,Petrillo et al. 2019,1
7940,335.41827,2.89437,Shu22,1
7941,335.42661,2.948821,SuGOHI6,1
7942,335.4321,-0.8841,SuGOHI5 More et al. 2012 SuGOHI6 More et al. 2016,1
7943,335.44064,-30.37596,Petrillo et al. 2019,1
7944,335.44315,-28.93476,Petrillo et al. 2019,1
12386,335.4534,1.2619,Gavazzi2014,2
7946,335.4755859375,8.363080978393555,Talbot,1
7947,335.50556,4.66794,Shu22,1
7948,335.50565,-27.60395,Li21,1
7949,335.53964,-31.41644,Petrillo et al. 2019,1
12387,335.5735,0.2008,Gavazzi2014,2
7951,335.63300000000004,-56.1856,Jacobs et al. 2019b,1
7952,335.672852,1.086637,SuGOHI1,1
7953,335.6800231933594,13.444183349609377,Talbot,1
7954,335.6884,1.8367,SuGOHI5,1
7955,335.69316,4.30375,SuGOHI2,1
7956,335.7024,4.21931,Canameras22,1
7957,335.72388,-29.95567,Petrillo et al. 2019,1
7958,335.7405,-28.30411,Petrillo et al. 2019,1
7959,335.74768,-28.00763,Petrillo et al. 2019,1
7960,335.755713,-0.090857,SuGOHI6,1
7961,335.77863,-29.71478,Petrillo et al. 2019,1
7962,335.78884,-52.39902,Diehl et al. 2017,1
7963,335.81407,-0.697626,SuGOHI6,1
7964,335.8256,-29.287340000000004,Petrillo et al. 2019,1
7965,335.839753,1.838594,SuGOHI1 SuGOHI6,1
7966,335.85803,-34.43018,Petrillo et al. 2019,1
7967,335.873676,2.432896,SuGOHI6,1
10360,335.9213321,-63.49215689,Storfer 2023,2
7969,335.94749,0.824658,SuGOHI6,1
7970,335.9773600000001,-31.77134,Petrillo et al. 2019,1
7971,335.9862,4.46942,Canameras22,1
7972,335.99774169921875,17.4765682220459,Talbot,1
7973,336.012931,1.318515,SuGOHI6,1
7974,336.0162,0.72798,Canameras22,1
7975,336.0198974609375,-1.3037785291671753,Talbot,1
7976,336.04822,-51.74877,Diehl et al. 2017,1
7977,336.0579,-32.66215,Petrillo et al. 2019,1
7978,336.107974,1.356076,SuGOHI4,1
7979,336.18912,1.154657,SuGOHI6,1
7980,336.200247,-0.195807,SuGOHI6,1
7981,336.262997,-0.668532,SuGOHI6,1
7982,336.26837,-29.23388,Petrillo et al. 2019,1
7983,336.316098,0.806272,SuGOHI6,1
7984,336.354245,1.027697,SuGOHI1,1
7985,336.35434,-28.70381,Petrillo et al. 2019,1
7986,336.3549799999999,-28.43525,Petrillo et al. 2019,1
7987,336.375,26.43166666666667,Canameras et al. 2020,1
7988,336.37836,-28.24848,Petrillo et al. 2019,1
7989,336.3852,2.108,SuGOHI5,1
7990,336.3875,-12.605833333333331,Canameras et al. 2020,1
7991,336.42142,-31.80578,Petrillo et al. 2019,1
7992,336.425,1.0658,SuGOHI5,1
7993,336.45355,-33.808370000000004,Petrillo et al. 2019,1
7994,336.45645,-31.1743,Petrillo et al. 2019,1
7995,336.47995,0.722274,SuGOHI1,1
7996,336.5384,0.6949,SuGOHI5 DES,1
7997,336.576035,-1.32796,SuGOHI4,1
7998,336.5809,-29.20363,Petrillo et al. 2019,1
7999,336.6002,0.9014,SuGOHI5 SuGOHI6,1
8000,336.6181,-33.74481,Petrillo et al. 2019,1
8001,336.62064,-46.60151,Jacobs et al. 2019b,1
8002,336.6595,-0.5803,SuGOHI5 SuGOHI6,1
8003,336.68942,-38.40546,Stein21,1
8004,336.705987,-1.319803,SuGOHI6,1
8005,336.71551,-0.36845,Shu22,1
8006,336.7216,3.91725,Canameras22,1
8007,336.740969,-0.553633,SuGOHI6,1
8008,336.7617,-35.44300000000001,Petrillo et al. 2019,1
8009,336.7794189453125,2.583293199539185,Talbot,1
8010,336.78775,-32.31478,Petrillo et al. 2019,1
8011,336.846497,0.549375,SuGOHI6,1
8012,336.8726,-30.97438,Petrillo et al. 2019,1
8013,336.879037,1.38605,SuGOHI6,1
12077,336.9205,-50.9095,Storfer 2023,2
8015,336.9410705566406,6.807243347167969,Talbot,1
8016,336.951881,0.287892,SuGOHI6,1
8017,336.95358,-28.038490000000003,Petrillo et al. 2019,1
8018,336.9662,0.0825,SuGOHI5,1
8019,336.96666666666664,15.38277777777778,Canameras et al. 2020,1
8020,336.9726,-33.333890000000004,Petrillo et al. 2019,1
8021,336.9813200000001,-32.70183,Petrillo et al. 2019,1
8022,337.00793,15.3864565,Stein21,1
8023,337.008235,1.46826,SuGOHI1 SuGOHI3 SuGOHI4,1
8024,337.11300000000006,-33.19482,Petrillo et al. 2019,1
8025,337.13953,-32.76078,Petrillo et al. 2019,1
8026,337.14221,0.66939,Shu22,1
8027,337.14677,-46.83995,Jacobs et al. 2019b,1
8028,337.15988,-29.53403,Petrillo et al. 2019,1
12079,337.1687,0.3704,Storfer 2023,2
8030,337.1787,-29.14523,Petrillo et al. 2019,1
8031,337.1844,0.6225,SuGOHI5,1
8032,337.2209,-51.986954,Stein21,1
8033,337.28369140625,16.77327537536621,Talbot,1
8034,337.35495,-32.01702,Petrillo et al. 2019,1
8035,337.3899,-34.59335,Petrillo et al. 2019,1
8036,337.43845,-27.92665,Petrillo et al. 2019,1
8037,337.45289,3.952838,SuGOHI2,1
8038,337.464531,-1.411113,SuGOHI8,1
8039,337.5729,-0.3126,SuGOHI5,1
8040,337.58466,-28.09191,Petrillo et al. 2019,1
8041,337.634162,-0.65614,SuGOHI6,1
8042,337.6428,-28.06847,Petrillo et al. 2019,1
8043,337.6546325683594,31.26394271850586,Talbot,1
8044,337.6564,-30.02111,Petrillo et al. 2019,1
8045,337.673313,-0.017023,SuGOHI6,1
8046,337.71176,-33.010290000000005,Petrillo et al. 2019,1
8047,337.753845,1.735959,SuGOHI1,1
8048,337.770933,2.536904,SuGOHI6,1
8049,337.77411,-58.64542,Diehl et al. 2017,1
8050,337.8046,-28.61635,Petrillo et al. 2019,1
8051,337.8242,-0.31536,Canameras22,1
8052,337.8697200000001,-29.77342,Petrillo et al. 2019,1
8053,337.8924,4.56325,Canameras22,1
8054,337.90544,-58.74985,Diehl et al. 2017,1
8055,337.92606,-29.75233,Petrillo et al. 2019,1
8056,338.001192,0.670879,SuGOHI6,1
8057,338.0206,-34.62294,Petrillo et al. 2019,1
8058,338.03145,2.93006,Shu22,1
8059,338.0462,0.9503,SuGOHI5,1
8060,338.048434,1.998694,SuGOHI6,1
8061,338.0507,3.22517,Canameras22,1
8062,338.0690600000001,-30.40629,Petrillo et al. 2019,1
8063,338.09164,-29.72233,Petrillo et al. 2019,1
8064,338.09898,1.51114,Huang et al. 2020a,1
8065,338.10892,-34.49286,Petrillo et al. 2019,1
8066,338.11346435546875,-0.1026769429445266,Talbot,1
8067,338.11445,4.24938,Shu22,1
8068,338.14047,-28.14637,Petrillo et al. 2019,1
10362,338.1409818,-59.99812739,Storfer 2023,2
8070,338.161083,-0.426111,SuGOHI5 SuGOHI6,1
8071,338.17047,-29.87965,Petrillo et al. 2019,1
8072,338.218516,1.315986,SuGOHI6,1
8073,338.22760009765625,20.58592414855957,Talbot,1
8074,338.22794,-28.35851,Petrillo et al. 2019,1
8075,338.23729,-58.12865,Diehl et al. 2017,1
8076,338.2522,-29.939090000000004,Petrillo et al. 2019,1
8077,338.2528076171875,12.608620643615724,Talbot,1
8078,338.2611,-29.63075,Petrillo et al. 2019,1
8079,338.272317,-0.899844,SuGOHI6,1
8080,338.286623,0.499075,SuGOHI6,1
8081,338.291001,2.170099,SuGOHI6,1
8082,338.297,2.00482,Canameras22,1
8083,338.313709,4.185829,SuGOHI8,1
8084,338.32,-1.0693,SuGOHI5,1
8085,338.32764,-32.31771,Petrillo et al. 2019,1
8086,338.3328,-0.3262,SuGOHI5,1
8087,338.3527,1.42258,Canameras22,1
8088,338.3626,3.4043,SuGOHI5,1
8089,338.372701,1.336761,SuGOHI6,1
8090,338.3843,1.2914,SuGOHI5,1
8091,338.393310546875,30.20643615722656,Talbot,1
8092,338.4233,0.6775,SuGOHI5,1
8093,338.43378,-29.01254,Petrillo et al. 2019,1
8094,338.4453,-0.5039,SuGOHI5 SuGOHI6,1
8095,338.4458333333333,2.9652777777777786,Canameras et al. 2020,1
8096,338.454833984375,16.547151565551758,Talbot,1
8097,338.4676,-0.5223,SuGOHI5,1
8098,338.4741,1.956,SuGOHI5,1
8099,338.49971,1.974104,SuGOHI1 SuGOHI4,1
8100,338.5229,-29.07048,Petrillo et al. 2019,1
8101,338.529029,1.34927,SuGOHI1 SuGOHI6 SuGOHI4,1
8102,338.58932000000004,-41.17777,Jacobs et al. 2019b,1
8103,338.6066,1.8896,SuGOHI5,1
8104,338.6278,18.149849,Stein21,1
8105,338.6329040527344,31.93476104736328,Talbot,1
8106,338.65674,-32.36358,Petrillo et al. 2019,1
8107,338.6595,4.501,SuGOHI5,1
8108,338.683025,3.052194,SuGOHI6,1
8109,338.69733,-4.961776,Stein21,1
8110,338.707676,2.71399,SuGOHI6,1
8111,338.714,-28.55077,Petrillo et al. 2019,1
8112,338.74090576171875,0.397269994020462,Talbot,1
8113,338.7475,3.5554,SuGOHI5,1
8114,338.752576,1.101608,SuGOHI6,1
8115,338.76666,-28.36016,Petrillo et al. 2019,1
8116,338.769096,-1.129501,SuGOHI6,1
8117,338.779953,-0.178941,SuGOHI6,1
8118,338.79297,-28.39357,Petrillo et al. 2019,1
8119,338.795,-0.7828,SuGOHI5,1
8120,338.806252,3.720417,SuGOHI8,1
8121,338.8145,0.2062,SuGOHI5,1
8122,338.826292,-0.796471,SuGOHI1,1
8123,338.856,4.1842,SuGOHI5,1
8124,338.8770446777344,-2.462729215621948,Talbot,1
8125,338.87927,-33.47485,Petrillo et al. 2019,1
8126,338.884,-1.5943,SuGOHI5,1
8127,338.8916,-28.3738,Petrillo et al. 2019,1
8128,338.93164,-30.08009,Petrillo et al. 2019,1
8129,338.93436,-27.84493,Petrillo et al. 2019,1
8130,338.9534,0.0508,SuGOHI5,1
8131,338.9814,1.17534,Canameras22,1
8132,339.01245,-27.72688,Petrillo et al. 2019,1
8133,339.03303,-0.60154,Shu22,1
8134,339.050048828125,4.990726470947266,Talbot,1
8135,339.0585,6.2722,SuGOHI5,1
8136,339.0794,2.74509,Canameras22,1
8137,339.10492,-32.46383,Petrillo et al. 2019,1
8138,339.109605,-0.900208,SuGOHI6,1
8139,339.1105,-8.783901,Stein21,1
8140,339.1434,-28.03357,Petrillo et al. 2019,1
8141,339.171826,2.313911,SuGOHI6,1
8142,339.2015,0.8089,SuGOHI5,1
8143,339.20941,2.37253,Shu22,1
8144,339.2255,2.6783,SuGOHI5,1
8145,339.22575,-1.12935,Shu22,1
8146,339.227649,1.34841,SuGOHI6,1
8147,339.229174,-1.222394,SuGOHI6,1
8148,339.232274,-1.447883,SuGOHI6,1
8149,339.33574,-0.66916,Shu22,1
8150,339.33966064453125,-0.4274598956108093,Talbot,1
8151,339.389734,0.837717,SuGOHI1 SuGOHI3,1
8152,339.3955,2.1013,SuGOHI5,1
8153,339.39735,0.670782,SuGOHI6,1
8154,339.42521,-50.50561,Diehl et al. 2017,1
8155,339.4322,-1.0853413,Stein21,1
8156,339.434518,0.894338,SuGOHI1,1
8157,339.4540405273437,32.46991729736328,Talbot,1
8158,339.46185,-31.88057,Petrillo et al. 2019,1
8159,339.46967,-27.73636,Petrillo et al. 2019,1
12085,339.4774858,27.58932769,Storfer 2023,2
8161,339.4832458496094,3.005059003829956,Talbot,1
8162,339.577,-28.39223,Petrillo et al. 2019,1
8163,339.6125,22.320277777777783,Canameras et al. 2020,1
8164,339.63047,13.33218384,CSWA 10,1
8165,339.6629333496094,-1.5081064701080322,Talbot,1
8166,339.66403,-28.42246,Petrillo et al. 2019,1
8167,339.69522,-31.4728,Petrillo et al. 2019,1
12086,339.7125356,-43.29179385,Storfer 2023,2
8169,339.7315,1.1144,SuGOHI5,1
8170,339.7554,-31.71756,Petrillo et al. 2019,1
8171,339.76944,-28.305940000000003,Petrillo et al. 2019,1
8172,339.7774,-29.64783,Petrillo et al. 2019,1
8173,339.7884,0.50027,Canameras22,1
8174,339.802324,2.292149,SuGOHI6,1
8175,339.8315734863281,-2.913457155227661,Talbot,1
8176,339.8666666666667,-11.701666666666664,Canameras et al. 2020,1
8177,339.879218,0.090383,SuGOHI6,1
8178,339.89244,3.680494,SuGOHI2,1
8179,339.894458,2.585222,SuGOHI5 SuGOHI6,1
8180,339.91139,-0.48798,SuGOHI6,1
8181,339.91962,32.59619,Stein21,1
8182,339.92203,-54.89101,Diehl et al. 2017,1
8183,339.94929,4.00049,Shu22,1
8184,339.954685,0.784512,SuGOHI1,1
8185,339.9651184082031,21.51473617553711,Talbot,1
8186,339.99194,-48.01639,Stein21,1
8187,340.0061,2.339,SuGOHI5,1
8188,340.0724,-34.60191,Petrillo et al. 2019,1
8189,340.08332,-42.97401,Diehl et al. 2017,1
8190,340.09124,3.0308,Shu22,1
8191,340.1506,1.5442,SuGOHI5,1
8192,340.163666,2.705691,SuGOHI1,1
8193,340.17032,-29.90188,Petrillo et al. 2019,1
9153,340.2304,-0.0128,Huang 2022,2
8195,340.2423,-0.495,SuGOHI5,1
8196,340.24922999999995,-52.75415,Diehl et al. 2017,1
8197,340.2515,-47.15904,Stein21,1
8198,340.2567,4.3056,Wong21,1
8199,340.2804,2.4612,SuGOHI5,1
8200,340.2995,1.7734,SuGOHI5,1
8201,340.3074,1.4991,SuGOHI5,1
8202,340.319469,0.222692,SuGOHI6,1
8203,340.31963,4.49295,Shu22,1
8204,340.33662,-27.49378,Li21,1
8205,340.4166666666667,-3.883333333333333,Canameras et al. 2020,1
8206,340.42035,-0.96374,Diehl et al. 2017,1
8207,340.46164,4.51062,Shu22,1
10864,340.4776546,0.05872051409,Storfer 2023,2
8209,340.48108,-32.35027,Petrillo et al. 2019,1
8210,340.504922,2.469615,SuGOHI1,1
8211,340.548472,2.5066,SuGOHI6,1
10363,340.5899337,0.1957229104,Storfer 2023,2
8213,340.5927700000001,-30.03712,Petrillo et al. 2019,1
8214,340.60977,-27.82566,Petrillo et al. 2019,1
8215,340.65613,-33.28343,Petrillo et al. 2019,1
8216,340.65787,17.539917,Stein21,1
8217,340.68604,-28.88457,Petrillo et al. 2019,1
8218,340.694761,0.446121,SuGOHI6,1
8219,340.7436,-30.0306,Petrillo et al. 2019,1
8220,340.749469,2.52732,SuGOHI6,1
8221,340.757947,0.385743,SuGOHI6,1
8222,340.77628,-44.71677,Stein21,1
8223,340.778854,-1.130817,SuGOHI6,1
8224,340.8879,-0.0921,SuGOHI5,1
8225,340.8942,-1.8997569,Stein21,1
8226,340.9416,2.1625,SuGOHI5,1
8227,340.94357,-34.2776,Petrillo et al. 2019,1
8228,340.9989,-0.0802,SuGOHI5,1
8229,341.021671,2.42684,SuGOHI6,1
8230,341.0313,-59.051,Jacobs et al. 2019b,1
8231,341.049019,1.638868,SuGOHI6,1
8232,341.08078,-28.6853,Petrillo et al. 2019,1
8233,341.08978,-34.49358,Petrillo et al. 2019,1
8234,341.122648,-0.299795,SuGOHI6,1
10364,341.1449858,-59.15283486,Storfer 2023,2
8236,341.22859,3.264187,SuGOHI2,1
8237,341.25994873046875,25.188873291015625,Talbot,1
8238,341.26572000000004,-50.29037,Jacobs et al. 2019b,1
8239,341.2973,4.2428,SuGOHI5,1
8240,341.33067,1.902552,SuGOHI6,1
8241,341.33685,-33.614329999999995,Petrillo et al. 2019,1
8242,341.357177734375,8.403524398803711,Talbot,1
8243,341.3828,-40.7098,Jacobs et al. 2019b,1
8244,341.399239,2.577642,SuGOHI6,1
8245,341.43704,-57.347477,Stein21,1
8246,341.4403700000001,-31.4489,Petrillo et al. 2019,1
8247,341.462584,0.796162,SuGOHI6,1
8248,341.4963,12.56296,Stein21,1
8249,341.5457,-0.6929,SuGOHI5,1
8250,341.5608,5.9746,SuGOHI5,1
8251,341.5759,-32.12382,Petrillo et al. 2019,1
8252,341.576731,-0.644923,SuGOHI6,1
8253,341.58813,22.560534,Stein21,1
8254,341.59363,0.60560787,Stein21,1
8255,341.5945739746094,7.341988086700439,Talbot,1
8256,341.620294,0.887514,SuGOHI6,1
8257,341.634,-35.01565,Petrillo et al. 2019,1
8258,341.687,4.2639,SuGOHI5,1
8259,341.6907,-33.60657,Petrillo et al. 2019,1
8260,341.6958,4.278,SuGOHI5,1
8261,341.784472,2.050227,SuGOHI6,1
8262,341.8059387207031,24.886022567749023,Talbot,1
8263,341.8125305175781,6.23471736907959,Talbot,1
8264,341.82644,3.669888,SuGOHI2,1
10212,341.833,18.0226,Huang 2022,2
8266,341.84546,-48.36259,Diehl et al. 2017,1
8267,341.87515,-32.54112,Petrillo et al. 2019,1
8268,341.975,-6.746388888888888,Canameras et al. 2020,1
8269,341.986685,2.005855,SuGOHI6,1
8270,341.993724,2.113595,SuGOHI6,1
8271,342.00298,-1.049905,SuGOHI2,1
8272,342.017245,2.510147,SuGOHI6,1
8273,342.05453,-30.91587,Petrillo et al. 2019,1
10213,342.0957,1.835,Huang 2022,2
8275,342.10718,-30.15358,Petrillo et al. 2019,1
8276,342.12300000000005,-48.31893,Diehl et al. 2017,1
9156,342.1516,-1.3928,Huang 2022,2
8278,342.17737,5.37159,Shu22,1
10365,342.183,-44.5309,Storfer 2023,2
8280,342.1842,-34.56797,Petrillo et al. 2019,1
8281,342.2277,-49.9234,Jacobs et al. 2019b,1
8282,342.2458,1.787,SuGOHI5,1
8283,342.2580000000001,-29.696690000000004,Petrillo et al. 2019,1
8284,342.2625,32.47166666666667,Canameras et al. 2020,1
8285,342.268,1.518,SuGOHI5,1
8286,342.2808,4.80752,Canameras22,1
8287,342.305396,1.148334,SuGOHI6,1
8288,342.3284,-35.1982,Petrillo et al. 2019,1
8289,342.36224,-7.746297,Stein21,1
8290,342.3865,3.18736,Canameras22,1
8291,342.41,-1.1789,SuGOHI5 DES,1
8292,342.4121,-32.19768,Petrillo et al. 2019,1
8293,342.42878,-0.44046,Shu22,1
8294,342.4465,-32.478159999999995,Petrillo et al. 2019,1
8295,342.4609,-0.2393,SuGOHI5,1
8296,342.4721374511719,0.20566226541996,Talbot,1
8297,342.549681,0.392402,SuGOHI1,1
8298,342.55098,5.66104,Shu22,1
8299,342.56005859375,6.964841365814209,Talbot,1
8300,342.570221,0.117165,SuGOHI6,1
8301,342.579404,0.801152,SuGOHI1,1
8302,342.6556,-34.7947,Petrillo et al. 2019,1
8303,342.65906,-33.9749,Petrillo et al. 2019,1
8304,342.66068,-53.76084,Diehl et al. 2017,1
12094,342.6668,-53.195,Storfer 2023,2
8306,342.71673,5.34816,Shu22,1
8307,342.75473,-34.50247,Petrillo et al. 2019,1
8308,342.77005,-31.75286,Petrillo et al. 2019,1
8309,342.7916666666667,-17.640833333333333,Canameras et al. 2020,1
8310,342.82047,-30.52462,Petrillo et al. 2019,1
8311,342.845,5.42426,Canameras22,1
8312,342.8807373046875,9.727431297302246,Talbot,1
8313,342.88745,-31.15431,Petrillo et al. 2019,1
8314,342.9134,-29.361040000000006,Petrillo et al. 2019,1
8315,342.9236,-57.40529,Stein21,1
8316,342.9296,-46.7865,Stein21,1
8317,342.933842,-0.927207,SuGOHI1,1
8318,342.94326,-44.20568,Diehl et al. 2017,1
8319,342.9436,-31.88904,Petrillo et al. 2019,1
8320,342.9452514648437,0.0375621952116489,Talbot,1
8321,342.95004,-31.68822,Petrillo et al. 2019,1
8322,342.97144,5.2552,Shu22,1
8323,342.98154,-29.04066,Petrillo et al. 2019,1
8324,343.0259,-33.41973,Petrillo et al. 2019,1
8325,343.03082,-32.39629,Petrillo et al. 2019,1
8326,343.03813,1.2949,Shu22,1
8327,343.05334,2.059896,SuGOHI2,1
8328,343.075,-2.28,Canameras et al. 2020,1
8329,343.07968,-31.22643,Petrillo et al. 2019,1
8330,343.0811,5.06035,Canameras22,1
8331,343.09313,1.1167,Diehl et al. 2017,1
8332,343.157046,-0.609639,SuGOHI1,1
10866,343.1590511,4.560169902,Storfer 2023,2
8334,343.16623,-35.46426,Petrillo et al. 2019,1
8335,343.174,4.283,Shu22,1
8336,343.20593,-29.07994,Petrillo et al. 2019,1
8337,343.2064,3.4131,SuGOHI5,1
8338,343.2189,2.0591,SuGOHI5,1
8339,343.2232,-45.003834,Stein21,1
8340,343.23614501953125,19.227489471435547,Talbot,1
8341,343.23676,-32.5661,Petrillo et al. 2019,1
8342,343.3055700000001,-34.32243,Petrillo et al. 2019,1
8343,343.32126,4.01261,Shu22,1
8344,343.32187,-42.659313,Stein21,1
8345,343.3478,-35.04083,Petrillo et al. 2019,1
8346,343.35,1.8348,SuGOHI5,1
8347,343.3854,-33.71829,Petrillo et al. 2019,1
8348,343.44119,-45.29197,Diehl et al. 2017,1
8349,343.4454,-32.62959,Petrillo et al. 2019,1
8350,343.50052,-34.781009999999995,Petrillo et al. 2019,1
8351,343.5127,-40.93031,Jacobs et al. 2019b Diehl et al. 2017,1
8352,343.59732,-46.34575,Diehl et al. 2017,1
8353,343.62918,-28.13315,Petrillo et al. 2019,1
8354,343.77631,-41.38895,Jacobs et al. 2019b,1
8355,343.7942,-32.10759,Petrillo et al. 2019,1
8356,343.8089,-34.93009,Petrillo et al. 2019,1
8357,343.92514,-47.14035,Diehl et al. 2017,1
8358,343.94598,-30.14667,Petrillo et al. 2019,1
8359,343.9661560058594,23.81033515930176,Talbot,1
8360,343.9956,-52.41803,Diehl et al. 2017,1
8361,344.01456,-33.33065,Petrillo et al. 2019,1
8362,344.0644,3.68123,Canameras22,1
8363,344.07476806640625,21.253507614135746,Talbot,1
8364,344.08798,-34.03735,Petrillo et al. 2019,1
8365,344.10516,-41.639835,Stein21,1
8366,344.1056,2.03446,Canameras22,1
8367,344.2483,1.276731,SuGOHI2,1
8368,344.3309020996094,28.47593116760254,Talbot,1
8369,344.44485,-33.48737,Petrillo et al. 2019,1
8370,344.44913,-29.02921,Petrillo et al. 2019,1
8371,344.48358154296875,25.51917266845703,Talbot,1
8372,344.5026,0.759368,SuGOHI2,1
8373,344.50849,0.992122,SuGOHI2,1
8374,344.517,2.185,SuGOHI5,1
8375,344.5655,0.5247,SuGOHI5,1
8376,344.5746154785156,-0.3738114535808563,Talbot,1
8377,344.63330078125,20.919538497924805,Talbot,1
8378,344.7021,-48.19283,Diehl et al. 2017,1
8379,344.74045,-33.672090000000004,Petrillo et al. 2019,1
8380,344.7604064941406,-1.8119186162948608,Talbot,1
8381,344.76798,2.491053,SuGOHI2,1
8382,344.7735,-32.86182,Petrillo et al. 2019,1
8383,344.79504,-34.585770000000004,Petrillo et al. 2019,1
8384,344.8387,2.55889,Canameras22,1
8385,344.8563,-29.62315,Petrillo et al. 2019,1
12101,344.8782025,1.291325946,Storfer 2023,2
8387,344.88626,0.269812,SuGOHI2,1
8388,344.89166666666665,-13.380277777777776,Canameras et al. 2020,1
8389,344.95378,0.162399,SuGOHI2,1
12103,344.9785137,-45.08016703,Storfer 2023,2
8391,345.01328,-44.90647,Jacobs et al. 2019b,1
8392,345.0240173339844,0.2017702460289001,Talbot,1
8393,345.0264,-33.06443,Petrillo et al. 2019,1
8394,345.06168,-35.14138,Petrillo et al. 2019,1
8395,345.10303,-35.20935,Petrillo et al. 2019,1
8396,345.1125183105469,1.693728804588318,Talbot,1
8397,345.1495,-32.78199,Petrillo et al. 2019,1
8398,345.23114,-35.36374,Petrillo et al. 2019,1
8399,345.23901,-58.349680000000006,Diehl et al. 2017,1
8400,345.2577,-31.66754,Petrillo et al. 2019,1
10868,345.4018546,-65.0327138,Storfer 2023,2
8402,345.42325,-30.63932,Petrillo et al. 2019,1
8403,345.46494,-28.32165,Petrillo et al. 2019,1
8404,345.46737,2.218902,SuGOHI2,1
8405,345.53964,-30.15499,Petrillo et al. 2019,1
8406,345.55215,-28.15642,Petrillo et al. 2019,1
8407,345.58176,0.760912,SuGOHI2,1
10869,345.6212084,-1.599335905,Storfer 2023,2
8409,345.6485600000001,-28.70851,Petrillo et al. 2019,1
8410,345.6521,-35.44443,Petrillo et al. 2019,1
8411,345.65267,2.3079,SuGOHI2,1
8412,345.65695,-1.1651416,Stein21,1
8413,345.69254,-28.29853,Petrillo et al. 2019,1
8414,345.69998,-60.788322,Stein21,1
8415,345.76962000000003,-51.2505,Jacobs et al. 2019b,1
8416,345.80767,2.956873,SuGOHI2,1
8417,345.83411,0.0646,SuGOHI2,1
12297,345.89654,0.61755,BELLS,2
8419,346.02825,-40.90457,Diehl et al. 2017,1
8420,346.07407,-28.296190000000006,Petrillo et al. 2019,1
8421,346.08862,-33.87513,Petrillo et al. 2019,1
8422,346.0964,2.2028,SuGOHI5,1
8423,346.1899,10.829575,Stein21,1
8424,346.26215,-26.75476,Li21,1
8425,346.31,-35.25885,Petrillo et al. 2019,1
8426,346.3285,5.8991,SuGOHI5,1
8427,346.34027,-0.036575,SuGOHI2 DES,1
10871,346.36602,-44.6963268,Storfer 2023,2
8429,346.4095458984375,27.06738471984864,Talbot,1
8430,346.4402,0.09452,Canameras22,1
8431,346.4857,0.0832,SuGOHI5,1
8432,346.52417,-43.4316,Stein21,1
8433,346.55833,-40.73257,Diehl et al. 2017,1
8434,346.602,2.0851,SuGOHI5,1
8435,346.60596,-28.32845,Petrillo et al. 2019,1
8436,346.6242,3.5038,SuGOHI5,1
8437,346.6716613769531,-1.2090284824371338,Talbot,1
8438,346.72081000000003,-49.52521,Diehl et al. 2017,1
8439,346.74283,2.428647,SuGOHI2 SuGOHI5,1
8440,346.7547,-3.1749735,Stein21,1
8441,346.80374,-33.06333,Petrillo et al. 2019,1
8442,346.80528,-54.66679,Diehl et al. 2017,1
8443,346.80783,-27.79174,Petrillo et al. 2019,1
8444,346.83023,-43.998943,Stein21,1
8445,346.86993408203125,-0.8285011649131775,Talbot,1
8446,346.871,-35.46496,Petrillo et al. 2019,1
8447,346.90454,-33.065090000000005,Petrillo et al. 2019,1
8448,346.93317,-29.1431,Petrillo et al. 2019,1
8449,346.9339,-8.012258,Stein21,1
8450,346.94272,-29.96418,Petrillo et al. 2019,1
8451,346.975,-10.403888888888892,Canameras et al. 2020,1
8452,346.9949035644531,33.22193145751953,Talbot,1
8453,347.0295700000001,-33.15841,Petrillo et al. 2019,1
8454,347.0344543457031,0.9939942359924316,Talbot,1
8455,347.0632,-0.2897,SuGOHI5,1
8456,347.08038,-29.09721,Petrillo et al. 2019,1
9163,347.0926,-2.1923,Huang 2022,2
8458,347.10308,-2.20378,Jacobs et al. 2019b,1
8459,347.146240234375,29.03093338012696,Talbot,1
8460,347.1564,-29.22659,Petrillo et al. 2019,1
8461,347.22744,0.13562,Diehl et al. 2017,1
8462,347.2306,-34.71275,Petrillo et al. 2019,1
8463,347.25238,-10.622534,Stein21,1
8464,347.27,-33.23171,Petrillo et al. 2019,1
8465,347.28664,-0.7914399999999999,Diehl et al. 2017,1
8466,347.3221740722656,9.198116302490234,Talbot,1
8467,347.3583333333333,28.33805555555556,Canameras et al. 2020,1
8468,347.41014,-0.057309,SuGOHI2,1
8469,347.4622,1.3256,SuGOHI5,1
8470,347.4783,1.62004,Canameras22,1
8471,347.4916,2.0684,SuGOHI5,1
8472,347.50731,1.597387,SuGOHI2,1
8473,347.5168,-29.80923,Petrillo et al. 2019,1
8474,347.51961,2.79992,SuGOHI2 SuGOHI5,1
8475,347.53893,1.957454,SuGOHI2 SuGOHI5,1
8476,347.54523,-29.88856,Petrillo et al. 2019,1
8477,347.5876,1.91441,Canameras22,1
8478,347.61503,-51.13396,Diehl et al. 2017,1
8479,347.6173095703125,13.333928108215332,Talbot,1
8480,347.64305,2.799031,SuGOHI2,1
8481,347.6492614746094,-0.7452273368835449,Talbot,1
8482,347.67993,-30.36111,Petrillo et al. 2019,1
8483,347.70486,-32.74398,Petrillo et al. 2019,1
8484,347.79872,-45.78281,Jacobs et al. 2019b,1
8485,347.82696533203125,17.933277130126953,Talbot,1
8486,347.8348693847656,7.678774356842041,Talbot,1
8487,347.84907,1.247769,SuGOHI2,1
8488,347.8803100585937,4.851767539978027,Talbot,1
8489,347.89884,-55.36938000000001,Diehl et al. 2017,1
8490,347.93785,-1.510872,SuGOHI2,1
8491,347.9494,-34.38926,Petrillo et al. 2019,1
8492,347.97348,-0.308363,SuGOHI2,1
8493,347.990373,-63.117555,ODonnell22,1
8494,348.00185,-47.90321,Jacobs et al. 2019b,1
8495,348.0295,4.5839,Wong21,1
8496,348.0316162109375,18.76152610778809,Talbot,1
8497,348.06485,-33.055679999999995,Petrillo et al. 2019,1
8498,348.0669,-32.19305,Petrillo et al. 2019,1
8499,348.0779113769531,-1.8089468479156487,Talbot,1
8500,348.09024,-31.60858,Petrillo et al. 2019,1
8501,348.12457,-44.842106,Stein21,1
8502,348.12679,1.946017,SuGOHI2,1
8503,348.18072,-1.29975,Diehl et al. 2017,1
8504,348.2098,4.698,SuGOHI5,1
8505,348.224,-0.18687,Canameras22,1
8506,348.30695,24.17018,Stein21,1
8507,348.3276,-29.05727000000001,Petrillo et al. 2019,1
8508,348.3314819335937,28.550920486450195,Talbot,1
8509,348.3709716796875,-3.4823272228240967,Talbot,1
10230,348.3888,-0.046,Huang 2022,2
8511,348.3917,0.5674,SuGOHI5,1
8512,348.41257,-14.55342,Stein21,1
8513,348.45782,-32.00463,Petrillo et al. 2019,1
8514,348.477,-1.0801,SuGOHI5 DES RCS2,1
8515,348.4846,4.4526,SuGOHI5,1
8516,348.51442,33.968598,Savary22,1
8517,348.5153200000001,-32.5929,Petrillo et al. 2019,1
8518,348.5506,1.9381,SuGOHI5,1
8519,348.5672,-0.0529,SuGOHI5,1
8520,348.5708,0.10276,Canameras22,1
8521,348.60596,-1.0989218,Stein21,1
8522,348.6305,1.59682,Canameras22,1
8523,348.6399,-31.65752,Petrillo et al. 2019,1
8524,348.68642,0.627506,SuGOHI2,1
8525,348.71581,2.1099,Shu22,1
10367,348.7317018,-55.88592476,Storfer 2023,2
8527,348.74863,-33.43873,Petrillo et al. 2019,1
8528,348.75702,-31.9229,Petrillo et al. 2019,1
8529,348.7747,-40.837906,Stein21,1
8530,348.78729248046875,28.87222480773925,Talbot,1
8531,348.78763,-29.17064,Petrillo et al. 2019,1
8532,348.793,-28.94251,Petrillo et al. 2019,1
8533,348.85736,-43.113598,Stein21,1
8534,348.916,-0.88024,Canameras22,1
8535,348.97916666666674,1.9675,Canameras et al. 2020,1
8536,348.97997,1.485014,SuGOHI2,1
8537,349.04773,-31.81295,Petrillo et al. 2019,1
8538,349.0911,1.8101,SuGOHI5,1
8539,349.12969970703125,-1.6190515756607056,Talbot,1
8540,349.1903,-29.3954,Petrillo et al. 2019,1
8541,349.1965,1.621,Canameras22,1
8542,349.1973,-45.004322,Stein21,1
8543,349.2046203613281,-0.113906443119049,Talbot,1
8544,349.22624,3.004679,SuGOHI2,1
8545,349.261,1.0461,SuGOHI5,1
8546,349.2795715332031,20.32693672180176,Talbot,1
8547,349.34396,-32.19312,Petrillo et al. 2019,1
8548,349.3965,-29.52116,Petrillo et al. 2019,1
8549,349.4181,4.0548,Wong21,1
8550,349.54915,-11.10123,Huang et al. 2020a,1
8551,349.5942,-32.57127,Petrillo et al. 2019,1
8552,349.6267,-0.4114,SuGOHI5,1
8553,349.71757,-27.6331,Li21,1
8554,349.71808,-34.172340000000005,Petrillo et al. 2019,1
8555,349.72083333333336,-14.082777777777777,Canameras et al. 2020,1
8556,349.75278,-32.87774,Petrillo et al. 2019,1
8557,349.7674560546875,19.54513359069824,Talbot,1
8558,349.77437,-0.433432,SuGOHI2,1
8559,349.85903,-0.19012,Shu22,1
8560,349.87322,-44.60002,Diehl et al. 2017,1
10233,349.8902,-1.1028,Huang 2022,2
8562,349.89583333333326,11.83777777777778,Canameras et al. 2020,1
8563,349.9322,-56.7405,Jacobs et al. 2019b,1
8564,349.94354,-34.29052,Petrillo et al. 2019,1
8565,349.9442,0.5026,SuGOHI5,1
8566,349.9726,0.637,SuGOHI5,1
8567,349.9743,19.427797,Stein21,1
8568,349.9977,0.9706,SuGOHI5,1
8569,350.03168,-34.08745,Petrillo et al. 2019,1
8570,350.04636,-29.69971,Petrillo et al. 2019,1
12120,350.0808775,-60.77700877,Storfer 2023,2
8572,350.13367,11.942057,Stein21,1
8573,350.15215,-0.91949,Shu22,1
8574,350.1778,1.91091,Shu22,1
8575,350.1782531738281,18.13326644897461,Talbot,1
8576,350.18853759765625,17.493417739868164,Talbot,1
8577,350.20062,-28.71934000000001,Petrillo et al. 2019,1
8578,350.2178600000001,-34.491040000000005,Petrillo et al. 2019,1
8579,350.25863,2.352278,SuGOHI2,1
8580,350.29987,-32.25351,Petrillo et al. 2019,1
8581,350.36821000000003,-46.51371,Jacobs et al. 2019b Diehl et al. 2017,1
8582,350.40704,-28.67182,Petrillo et al. 2019,1
8583,350.42531,-27.22191,Li21,1
8584,350.42732,1.63165,Shu22,1
8585,350.43021,-0.03742,Shu22,1
8586,350.45029,-1.33025,Shu22,1
8587,350.4987,-0.63187,Canameras22,1
8588,350.499,0.34734,Canameras22,1
8589,350.5024,6.9381,SuGOHI5,1
8590,350.51666666666665,18.35833333333333,Canameras et al. 2020,1
8591,350.521187,31.246802,Savary22,1
8592,350.54434,-55.419357,Stein21,1
8593,350.54827,0.134641,SuGOHI2,1
8594,350.5500183105469,19.23520469665528,Talbot,1
8595,350.57776,10.431523,Stein21,1
8596,350.605096,34.249556,Savary22,1
8597,350.60699,-0.25817,Shu22,1
8598,350.6175,1.1459,SuGOHI5,1
8599,350.62283,-30.6434,Petrillo et al. 2019,1
8600,350.6236,-0.3729,SuGOHI5,1
8601,350.65408,-33.06693,Petrillo et al. 2019,1
8602,350.68261,-64.16565,Jacobs et al. 2019b,1
8603,350.6945495605469,33.50712585449219,Talbot,1
8604,350.70649,0.65435,Shu22,1
8605,350.7886,6.2127,SuGOHI5,1
8606,350.8364,6.5003,SuGOHI5,1
8607,350.9419,-0.5105,SuGOHI5 DES,1
8608,350.96002,16.33725,Stein21,1
8609,350.96814,-30.74757,Petrillo et al. 2019,1
12125,350.9768,-14.6231,Storfer 2023,2
8611,351.03658,1.180151,SuGOHI2,1
8612,351.0396,1.4578,SuGOHI5,1
8613,351.05734,-28.24952,Petrillo et al. 2019,1
8614,351.06518,1.225478,SuGOHI2,1
8615,351.10919189453125,24.94229507446289,Talbot,1
8616,351.12644,-11.65033,Huang et al. 2020a,1
8617,351.12873,-11.25663,Huang et al. 2020a,1
8618,351.13613,-49.7494,Diehl et al. 2017,1
8619,351.1393,1.6064,SuGOHI5,1
8620,351.14132,-12.49545,Huang et al. 2020a,1
8621,351.14774,2.220787,SuGOHI2,1
8622,351.18237,-9.59311,Stein21,1
8623,351.21623,0.4501,Shu22,1
8624,351.22846,-11.62809,Huang et al. 2020a,1
8625,351.2576,-12.77277,Huang et al. 2020a,1
8626,351.2893,0.85322,Canameras22,1
8627,351.29343,-30.9809,Petrillo et al. 2019,1
8628,351.29546,-41.19026,Jacobs et al. 2019b Diehl et al. 2017,1
8629,351.30964,-12.54918,Huang et al. 2020a,1
8630,351.3436,-33.66698,Petrillo et al. 2019,1
8631,351.3547,-0.2627,SuGOHI5,1
8632,351.37708,16.41732,Stein21,1
8633,351.38906000000003,-12.00128,Huang et al. 2020a,1
8634,351.4038,0.58783,Canameras22,1
8635,351.41653,-30.2239,Petrillo et al. 2019,1
8636,351.42898,-12.24307,Huang et al. 2020a,1
8637,351.4424,-0.6547,Wong21,1
8638,351.4499,0.62764,Canameras22,1
8639,351.48004,-30.74257,Petrillo et al. 2019,1
8640,351.48903,-0.8740700000000001,Jacobs et al. 2019b Huang et al. 2020a Jacobs et al. 2019b,1
8641,351.49151,-11.60129,Huang et al. 2020a,1
8642,351.49432373046875,7.151347637176514,Talbot,1
8643,351.5111,1.7776,SuGOHI5,1
8644,351.5287780761719,20.31081771850586,Talbot,1
8645,351.53723,-11.34641,Huang et al. 2020a,1
8646,351.8219,0.5555,SuGOHI5,1
8647,351.88306,-34.06755,Petrillo et al. 2019,1
8648,351.9257,0.296,SuGOHI5,1
8649,351.9855041503906,10.984919548034668,Talbot,1
8650,351.9875,13.696944444444444,Canameras et al. 2020,1
8651,352.00665,-32.02666,Petrillo et al. 2019,1
8652,352.01205,-29.35234,Petrillo et al. 2019,1
8653,352.0210600000001,-28.38331,Petrillo et al. 2019,1
8654,352.02173,-34.22985,Petrillo et al. 2019,1
8655,352.02185,-31.44427,Petrillo et al. 2019,1
8656,352.04144,-51.209805,Stein21,1
8657,352.04678,15.80185,Stein21,1
8658,352.0613,-32.378409999999995,Petrillo et al. 2019,1
8659,352.0695,0.71799,Canameras22,1
8660,352.08966064453125,21.96430397033692,Talbot,1
8661,352.1293,-28.10086,Petrillo et al. 2019,1
8662,352.1385,2.70399,Canameras22,1
8663,352.1499,-30.734240000000003,Petrillo et al. 2019,1
8664,352.16013,-32.39012,Petrillo et al. 2019,1
8665,352.16351,-0.77779,Shu22,1
8666,352.1679,-52.116240000000005,Diehl et al. 2017,1
8667,352.1885,-30.07513,Petrillo et al. 2019,1
8668,352.1927,-0.50655,Diehl et al. 2017,1
8669,352.20923,-30.75465,Petrillo et al. 2019,1
10241,352.2239,0.0936,Huang 2022,2
8671,352.24277,-30.41665,Petrillo et al. 2019,1
8672,352.2514953613281,32.24814987182617,Talbot,1
8673,352.2897,-13.297020000000002,RCS2 J2329-1317,1
8674,352.3144200000001,-33.40263,Petrillo et al. 2019,1
8675,352.3417,-12.804744,Stein21,1
8676,352.3461,0.20517,Canameras22,1
8677,352.3487,-0.8154,SuGOHI5,1
8678,352.38095,-59.033867,Stein21,1
8679,352.38547,21.860992,Stein21,1
8680,352.39402,-0.19366,Shu22,1
8681,352.4046,0.17855,Canameras22,1
8682,352.4113200000001,-31.97274,Petrillo et al. 2019,1
8683,352.42804,-28.53991,Petrillo et al. 2019,1
8684,352.4304504394531,29.75739860534668,Talbot,1
8685,352.4492,-1.3465,SuGOHI5 DES RCS2,1
8686,352.4541,0.8998,SuGOHI5,1
10883,352.4839,-53.4772,Storfer 2023,2
8688,352.5252,1.5513,SuGOHI5,1
8689,352.58267,-29.25852,Petrillo et al. 2019,1
8690,352.6815,1.9701,SuGOHI5,1
8691,352.698,-0.04203,Canameras22,1
8692,352.77313,-33.974909999999994,Petrillo et al. 2019,1
8693,352.77557,-30.50594,Petrillo et al. 2019,1
8694,352.777,0.0035,SuGOHI5,1
8695,352.789306640625,13.400525093078612,Talbot,1
8696,352.80499,0.588035,SuGOHI2,1
8697,352.83456,-34.63778,Petrillo et al. 2019,1
8698,352.86502,-30.15374000000001,Petrillo et al. 2019,1
8699,352.866,-32.86762,Petrillo et al. 2019,1
8700,352.877,0.625918,SuGOHI2 DES,1
8701,352.89795,9.795431,Stein21,1
8702,352.92413,-34.163540000000005,Petrillo et al. 2019,1
8703,352.94337,1.645991,SuGOHI2,1
8704,352.95602,0.586372,SuGOHI2,1
10372,352.9632,-50.865,Storfer 2023,2
8706,352.9720458984375,25.31642723083496,Talbot,1
10884,352.9757111,2.683011203,Storfer 2023,2
8708,352.9913,-30.62494,Petrillo et al. 2019,1
8709,353.004387,-1.868152,ODonnell22,1
8710,353.0195,-0.9177,SuGOHI5,1
12128,353.0418,-46.5386,Storfer 2023,2
8712,353.05215,-43.355587,Stein21,1
8713,353.0718994140625,32.0960807800293,Talbot,1
8714,353.08271,2.477248,SuGOHI8,1
8715,353.0970200000001,-32.73943,Petrillo et al. 2019,1
8716,353.11446,-53.974430000000005,Diehl et al. 2017,1
8717,353.11606,-31.44643,Petrillo et al. 2019,1
8718,353.12889,0.639376,SuGOHI2,1
10244,353.1493,-0.0513,Huang 2022,2
8720,353.16602,-33.39138,Petrillo et al. 2019,1
8721,353.16889,-0.504521,SuGOHI2,1
8722,353.1925,-31.8752,Petrillo et al. 2019,1
8723,353.26887,-1.389823,SuGOHI2,1
8724,353.2859,-32.35461,Petrillo et al. 2019,1
8725,353.2942,-30.13085,Petrillo et al. 2019,1
8726,353.29632,2.38637,SuGOHI2,1
8727,353.3483,-32.468709999999994,Petrillo et al. 2019,1
8728,353.36588,-31.885140000000003,Petrillo et al. 2019,1
8729,353.3799,-0.9411,SuGOHI5,1
8730,353.4187927246094,19.47759437561035,Talbot,1
8731,353.5294189453125,17.20008087158203,Talbot,1
8732,353.56677,-33.14629,Petrillo et al. 2019,1
8733,353.58926,-30.661590000000004,Petrillo et al. 2019,1
8734,353.6015,-0.36592,Canameras22,1
8735,353.6038,-31.74086,Petrillo et al. 2019,1
8736,353.62969970703125,21.04070281982422,Talbot,1
8737,353.70143,-57.25099,Jacobs et al. 2019b,1
12129,353.723173,-61.69357847,Storfer 2023,2
8739,353.72476,-33.62275,Petrillo et al. 2019,1
8740,353.72827,-33.89654,Petrillo et al. 2019,1
8741,353.74665,-64.0686,Jacobs et al. 2019b,1
8742,353.74997,0.5929724,Stein21,1
8743,353.77158,-32.8531,Petrillo et al. 2019,1
8744,353.8107,-1.3504,SuGOHI5,1
8745,353.8411,-45.734005,Stein21,1
10886,353.8413732,-42.15226931,Storfer 2023,2
8747,353.85953,-30.46866,Petrillo et al. 2019,1
8748,353.86774,0.232219,SuGOHI2,1
12131,353.8879012,-40.81250991,Storfer 2023,2
8750,353.9418029785156,9.510031700134276,Talbot,1
8751,353.96636,-51.87161,Jacobs et al. 2019b Diehl et al. 2017,1
8752,354.02969,-53.87662,Jacobs et al. 2019b Diehl et al. 2017,1
8753,354.03482,0.9016441,Stein21,1
8754,354.04166666666674,-2.126388888888889,Canameras et al. 2020,1
8755,354.07492,-43.169334,Stein21,1
10887,354.0772941,26.34294663,Storfer 2023,2
8757,354.07956,-30.46207,Petrillo et al. 2019,1
8758,354.08683,-6.14328,RCS2 J2336-0608,1
8759,354.0927734375,4.634406566619873,Talbot,1
8760,354.1046142578125,6.272417068481445,Talbot,1
8761,354.13826,0.6439,Shu22,1
8762,354.1407200000001,-33.94571,Petrillo et al. 2019,1
8763,354.162,-34.55748,Petrillo et al. 2019,1
8764,354.2375,4.766388888888889,Canameras et al. 2020,1
8765,354.24594,-30.29229,Petrillo et al. 2019,1
8766,354.25416666666666,-4.4236111111111125,Canameras et al. 2020,1
8767,354.26825,-32.61026,Petrillo et al. 2019,1
8768,354.3239,-30.00751,Petrillo et al. 2019,1
8769,354.37094,26.597588,Stein21,1
10888,354.3947635,-47.50672031,Storfer 2023,2
8771,354.4174,0.2779,SuGOHI5,1
8772,354.42645263671875,29.450618743896484,Talbot,1
8773,354.46666666666664,6.1450000000000005,Canameras et al. 2020,1
8774,354.4668,-31.93654,Petrillo et al. 2019,1
8775,354.4976,0.6778,Jacobs et al. 2019b,1
8776,354.51771,0.141022,SuGOHI2,1
8777,354.52838,-55.290703,Stein21,1
8778,354.552069,30.224249,Savary22,1
8779,354.6163,-28.38881,Petrillo et al. 2019,1
8780,354.61783,21.047302,Stein21,1
8781,354.620361328125,-1.7178151607513428,Talbot,1
8782,354.65416666666664,25.77527777777777,Canameras et al. 2020,1
8783,354.66174,-29.8215,Petrillo et al. 2019,1
8784,354.6875,-13.358888888888886,Canameras et al. 2020,1
8785,354.7304,-31.406270000000006,Petrillo et al. 2019,1
8786,354.824329,1.152334,SuGOHI8,1
8787,354.82663,-13.940802,Stein21,1
8788,354.84308,-32.5729,Petrillo et al. 2019,1
8789,354.9021,-31.46557,Petrillo et al. 2019,1
8790,354.9379,1.9575,Wong21,1
8791,354.97314,-31.97283,Petrillo et al. 2019,1
8792,354.9946,-32.49037,Petrillo et al. 2019,1
8793,355.0296936035156,-2.734705924987793,Talbot,1
8794,355.03094,-29.75847000000001,Petrillo et al. 2019,1
8795,355.077,1.51024,Canameras22,1
10891,355.1017,-50.4491,Storfer 2023,2
8797,355.13934,-30.54956,Petrillo et al. 2019,1
8798,355.175,-11.424444444444443,Canameras et al. 2020,1
8799,355.19614,-6.384836,Stein21,1
8800,355.2230834960937,15.925251960754396,Talbot,1
8801,355.2473,-14.253112,Stein21,1
8802,355.26297,22.6586,Stein21,1
8803,355.311593,3.251827,SuGOHI8,1
8804,355.323048,-0.493887,SuGOHI8,1
8805,355.35073,-27.19587,Li21,1
8806,355.3529,-0.51625,Canameras22,1
8807,355.410400390625,11.322709083557127,Talbot,1
8808,355.50854,-41.439106,Stein21,1
8809,355.5493469238281,0.0736160278320312,Talbot,1
8810,355.5565,-33.092240000000004,Petrillo et al. 2019,1
8811,355.57327,-46.777203,Stein21,1
8812,355.61362,-32.59078,Petrillo et al. 2019,1
10374,355.6500946,-46.87442705,Storfer 2023,2
8814,355.67041015625,-2.151891231536865,Talbot,1
8815,355.693244,4.729178,SuGOHI8,1
12330,355.70285,-1.342371,BELLSG,2
8817,355.7075200000001,-34.63427,Petrillo et al. 2019,1
8818,355.71127,-31.58629,Petrillo et al. 2019,1
8819,355.71136,-33.72797,Petrillo et al. 2019,1
8820,355.7136,-0.2505,SuGOHI5,1
8821,355.75278,-30.16581,Petrillo et al. 2019,1
8822,355.852619,30.982916,Savary22,1
8823,355.865374,-60.650262,ODonnell22,1
8824,355.92245,-32.62323,Petrillo et al. 2019,1
8825,355.926025390625,27.25374412536621,Talbot,1
8826,355.94027,1.78413,Shu22,1
8827,355.94794,-2.8662183,Stein21,1
8828,355.9958333333333,0.5061111111111111,Canameras et al. 2020,1
8829,355.99896,-33.21793,Petrillo et al. 2019,1
8830,356.00568,-31.6201,Petrillo et al. 2019,1
8831,356.0577697753906,35.72986602783203,Talbot,1
8832,356.08955,0.20331,Shu22,1
8833,356.1239,0.20518,Canameras22,1
8834,356.1440734863281,10.454764366149902,Talbot,1
8835,356.2218,1.05832,Canameras22,1
8836,356.25481,-41.43636,Jacobs et al. 2019b,1
8837,356.29495,-34.21759,Petrillo et al. 2019,1
8838,356.3524,-0.1,SuGOHI5,1
8839,356.41666666666674,-2.161388888888889,Canameras et al. 2020,1
8840,356.42862,-30.03153,Petrillo et al. 2019,1
8841,356.4963,-33.731320000000004,Petrillo et al. 2019,1
8842,356.5147,-0.1828,SuGOHI5,1
8843,356.5278600000001,-33.21673,Petrillo et al. 2019,1
12142,356.5291944,26.66190326,Storfer 2023,2
8845,356.6213,-31.52945,Petrillo et al. 2019,1
8846,356.62878,-32.74129,Petrillo et al. 2019,1
8847,356.6561,0.76918,Canameras22,1
8848,356.65869140625,23.8400821685791,Talbot,1
10893,356.712415,-43.77698453,Storfer 2023,2
8850,356.75333,-30.21719,Petrillo et al. 2019,1
8851,356.802592,-62.765895,ODonnell22,1
8852,356.81595,-33.48444,Petrillo et al. 2019,1
8853,356.83185,-33.50623,Petrillo et al. 2019,1
8854,356.84999,0.53874,Shu22,1
8855,356.8590000000001,-30.00855,Petrillo et al. 2019,1
8856,356.88223,-46.620453,Stein21,1
8857,356.89458,-46.278220000000005,Diehl et al. 2017,1
8858,356.913,-4.7438107,Stein21,1
8859,356.93195,-33.81601,Petrillo et al. 2019,1
8860,356.93658,-11.345855,Stein21,1
8861,356.947866,34.196982,Savary22,1
8862,356.95074,-29.84286,Petrillo et al. 2019,1
10895,356.9548249,-4.650046198,Storfer 2023,2
8864,357.02074,-30.48207,Li21,1
8865,357.030029296875,-9.768067359924316,Talbot,1
8866,357.03293,28.1651,Stein21,1
8867,357.03476,14.129532,Stein21,1
8868,357.0511,-0.1442,SuGOHI5,1
8869,357.06666666666666,25.336388888888887,Canameras et al. 2020,1
8870,357.0906700000001,-29.68132,Petrillo et al. 2019,1
8871,357.101512,2.899328,SuGOHI8,1
8872,357.12890625,-6.619886875152588,Talbot,1
8873,357.14813,-29.718020000000006,Petrillo et al. 2019,1
8874,357.18919,1.80959,Shu22,1
8875,357.33633,14.64875,Stein21,1
8876,357.3662700000001,-30.54597,Petrillo et al. 2019,1
8877,357.375235,-51.227509,Rojas21,1
8878,357.3876,-1.038,SuGOHI5,1
8879,357.38882,-29.988940000000003,Petrillo et al. 2019,1
8880,357.4031700000001,-34.41735,Petrillo et al. 2019,1
8881,357.42838,12.418814,Stein21,1
8882,357.47916666666674,-3.47,Canameras et al. 2020,1
8883,357.53333333333336,36.90972222222222,Canameras et al. 2020,1
8884,357.6505,-34.11472,Petrillo et al. 2019,1
8885,357.67833,2.80277,Shu22,1
8886,357.7148,-32.98273,Petrillo et al. 2019,1
8887,357.716718,3.899007,SuGOHI8,1
8888,357.74005,-34.41555,Petrillo et al. 2019,1
8889,357.76907,-32.88947,Petrillo et al. 2019,1
8890,357.77292,-31.51805,Petrillo et al. 2019,1
8891,357.78603,-50.53528,Diehl et al. 2017,1
8892,357.8325,-31.81317,Petrillo et al. 2019,1
8893,357.8388,0.6169,SuGOHI5,1
8894,357.90859,-54.88168,Jacobs et al. 2019b Diehl et al. 2017,1
12147,358.0488,0.1041,Storfer 2023,2
8896,358.13235,-30.33925,Petrillo et al. 2019,1
8897,358.18906,-31.77669,Petrillo et al. 2019,1
8898,358.2653200000001,-31.02146,Petrillo et al. 2019,1
8899,358.30676,-29.81647,Petrillo et al. 2019,1
8900,358.37029,0.67821,Shu22,1
8901,358.39047,-32.61651,Petrillo et al. 2019,1
8902,358.444,-29.64527,Petrillo et al. 2019,1
8903,358.46677,-29.99171,Petrillo et al. 2019,1
8904,358.47152,2.21297,Shu22,1
8905,358.5130310058594,34.55356979370117,Talbot,1
8906,358.5409851074219,2.70942497253418,Talbot,1
8907,358.553,1.7632,SuGOHI5,1
8908,358.573974609375,12.584654808044434,Talbot,1
8909,358.6574,-0.31876,Canameras22,1
8910,358.71337890625,-8.328878402709961,Talbot,1
8911,358.7273,-56.553066,Stein21,1
8912,358.7380676269531,9.48436450958252,Talbot,1
8913,358.765312,1.745288,SuGOHI8,1
8914,358.8241,-0.12329,Diehl et al. 2017,1
8915,358.82982000000004,-61.61029,Jacobs et al. 2019b,1
8916,358.8666666666668,32.87916666666667,Canameras et al. 2020,1
8917,358.8969,2.1791,SuGOHI5,1
8918,358.9438,-48.488014,Stein21,1
8919,358.9489700000001,-31.29942,Petrillo et al. 2019,1
8920,358.9802,-32.55257,Petrillo et al. 2019,1
8921,359.04742,-14.415563,Stein21,1
8922,359.13759,-50.95302,Diehl et al. 2017,1
8923,359.32342,-57.17383,Jacobs et al. 2019b,1
8924,359.36676,-33.2558,Petrillo et al. 2019,1
8925,359.3738,-33.06239,Petrillo et al. 2019,1
8926,359.3776,1.026,Wong21,1
8927,359.39404,-11.115626,Stein21,1
8928,359.41302,-34.31725,Petrillo et al. 2019,1
8929,359.4756,-56.16482,Stein21,1
10900,359.5022479,-5.865054115,Storfer 2023,2
8931,359.52065,-54.67623,Jacobs et al. 2019b,1
8932,359.5413818359375,17.290393829345703,Talbot,1
8933,359.5475,0.5527,SuGOHI5,1
8934,359.55322265625,-6.6716156005859375,Talbot,1
8935,359.55563,-0.0101,Shu22,1
8936,359.58788,2.19909,Shu22,1
8937,359.5918,-30.46647,Petrillo et al. 2019,1
8938,359.6922912597656,10.595107078552246,Talbot,1
8939,359.69297,-56.6472,Jacobs et al. 2019b,1
8940,359.71343994140625,1.0398621559143066,Talbot,1
10258,359.7217,1.4018,Huang 2022,2
8942,359.72244,-3.3852015,Stein21,1
8943,359.7490234375,-10.50522232055664,Talbot,1
8944,359.75302,-32.17135,Petrillo et al. 2019,1
12154,359.759143,-55.63493579,Storfer 2023,2
8946,359.79816,-0.1965664,Stein21,1
8947,359.83044,-30.18822,Petrillo et al. 2019,1
8948,359.84534,-52.759780000000006,Diehl et al. 2017,1
8949,359.8897,2.1398,SuGOHI5 DECaLS,1
8950,359.91086,-31.99981,Petrillo et al. 2019,1
8951,359.9375,22.969166666666663,Canameras et al. 2020,1
8952,359.9588623046875,25.945512771606445,Talbot,1
8953,359.9698,0.6985,SuGOHI5,1
8954,359.98468,-31.52027,Petrillo et al. 2019,1
8955,359.9930725097656,21.408700942993164,Talbot,1
8956,2.0299,18.3723,Huang 2022,1
8957,3.6745,-13.5042,Huang 2022,1
8958,6.0673,-28.7195,Huang 2022,1
8959,7.6741,-33.9765,Huang 2022,1
8960,7.8631,-1.7215,Huang 2022,1
8961,8.0136,7.6678,Huang 2022,1
8962,8.0732,1.01,Huang 2022,1
8964,9.7307,7.323,Huang 2022,1
8966,10.8534,-20.6214,Huang 2022,1
8967,11.9249,-19.6443,Huang 2022,1
8968,12.1155,-17.9645,Huang 2022,1
8969,12.9008,-9.3904,Huang 2022,1
8970,14.9899,13.332,Huang 2022,1
8971,15.6763,-14.015,Huang 2022,1
8972,15.844,-18.3629,Huang 2022,1
8973,16.2202,-7.952,Huang 2022,1
8974,16.7705,-31.478,Huang 2022,1
8975,17.4814,4.1605,Huang 2022,1
8976,18.1307,-62.1502,Huang 2022,1
8977,21.0887,-32.0706,Huang 2022,1
8978,22.2123,-29.9602,Huang 2022,1
8980,24.294,-10.5728,Huang 2022,1
8981,24.5974,-28.7358,Huang 2022,1
8982,24.7783,22.1231,Huang 2022,1
8983,25.9952,12.937,Huang 2022,1
8984,26.2765,10.31,Huang 2022,1
8986,27.4831,-28.5753,Huang 2022,1
8987,27.9088,-4.1209,Huang 2022,1
8988,27.9613,-10.0977,Huang 2022,1
8989,29.4044,-12.3606,Huang 2022,1
8990,30.4025,3.7476,Huang 2022,1
8992,31.6711,-17.9929,Huang 2022,1
8994,32.4042,-25.3555,Huang 2022,1
8995,32.4765,-35.799,Huang 2022,1
8996,34.2366,-59.8485,Huang 2022,1
8998,35.7946,-22.8049,Huang 2022,1
8999,36.234,8.83,Huang 2022,1
9000,36.8326,-24.1921,Huang 2022,1
9001,37.0621,-29.3949,Huang 2022,1
9002,37.4837,-31.173,Huang 2022,1
9004,38.8136,-21.5095,Huang 2022,1
9005,40.2205,-5.8472,Huang 2022,1
9006,40.5664,-25.1054,Huang 2022,1
9008,41.7608,3.9333,Huang 2022,1
9009,42.0371,-2.2771,Huang 2022,1
9010,43.1867,-13.2239,Huang 2022,1
9011,43.5347,-28.796,Huang 2022,1
9012,43.666,-4.3071,Huang 2022,1
9013,44.4121,-22.1575,Huang 2022,1
9014,44.4344,-20.1488,Huang 2022,1
9015,44.7161,-19.9477,Huang 2022,1
9016,44.9811,1.1387,Huang 2022,1
9017,46.769,-6.4805,Huang 2022,1
9018,47.1434,-32.9919,Huang 2022,1
9019,49.8264,2.0934,Huang 2022,1
9020,51.8321,-21.6081,Huang 2022,1
9021,53.6254,-13.1866,Huang 2022,1
9023,55.7976,-28.4777,Huang 2022,1
9024,57.2074,-10.2962,Huang 2022,1
9025,57.907,-7.8706,Huang 2022,1
9026,58.6486,-30.5959,Huang 2022,1
9027,58.7926,-18.5262,Huang 2022,1
9028,60.5238,-22.099,Huang 2022,1
9029,60.7613,-21.3645,Huang 2022,1
9030,60.9953,-26.0348,Huang 2022,1
9031,63.0145,-18.9874,Huang 2022,1
9032,64.8536,-25.2248,Huang 2022,1
9033,65.6447,-28.0652,Huang 2022,1
9034,66.1601,-7.6524,Huang 2022,1
9035,66.3798,-37.7174,Huang 2022,1
9036,67.4729,-29.9597,Huang 2022,1
9037,69.0007,-11.5477,Huang 2022,1
9038,70.1899,-18.4737,Huang 2022,1
9039,70.1928,-26.9754,Huang 2022,1
9040,70.413,-9.7774,Huang 2022,1
9041,70.6171,-9.1904,Huang 2022,1
9042,73.5286,-10.2227,Huang 2022,1
9044,74.9643,-30.7236,Huang 2022,1
9045,75.279,-24.4179,Huang 2022,1
9046,78.3561,-30.8433,Huang 2022,1
9047,81.7547,-18.9674,Huang 2022,1
9048,82.1548,-26.5667,Huang 2022,1
9049,83.5074,-25.3491,Huang 2022,1
9050,86.3066,-26.5884,Huang 2022,1
9051,87.1525,-36.2427,Huang 2022,1
9052,90.9854,-35.9683,Huang 2022,1
9053,94.5639,50.3059,Huang 2022,1
9054,102.244,36.2021,Huang 2022,1
9055,104.1909,38.7456,Huang 2022,1
9056,107.5775,40.1752,Huang 2022,1
9057,109.4199,46.4087,Huang 2022,1
9058,109.9018,27.9032,Huang 2022,1
9059,109.9255,57.3569,Huang 2022,1
9060,110.4891,49.8801,Huang 2022,1
9061,111.967,30.201,Huang 2022,1
9062,115.3417,37.4889,Huang 2022,1
9063,116.3092,33.6326,Huang 2022,1
9064,118.4491,20.9528,Huang 2022,1
9066,130.6476,30.367,Huang 2022,1
9068,134.3046,16.4322,Huang 2022,1
9069,139.5922,61.1759,Huang 2022,1
9070,141.4491,37.3023,Huang 2022,1
9071,142.0189,20.5292,Huang 2022,1
9072,142.9212,-6.7297,Huang 2022,1
9073,147.9185,7.509,Huang 2022,1
9075,151.1424,41.2121,Huang 2022,1
9077,151.7182,-7.9276,Huang 2022,1
9078,153.7269,44.261,Huang 2022,1
9079,153.7937,32.5308,Huang 2022,1
9080,156.8137,11.8314,Huang 2022,1
9081,157.4222,20.4043,Huang 2022,1
9082,157.6135,-6.6858,Huang 2022,1
9083,160.1716,18.8477,Huang 2022,1
9084,161.1159,31.2337,Huang 2022,1
9085,161.4114,-8.8359,Huang 2022,1
9086,162.3475,35.7447,Huang 2022,1
9087,164.98,42.8595,Huang 2022,1
9088,166.9974,4.156,Huang 2022,1
9089,168.7683,16.7607,Huang 2022,1
9090,169.2414,14.7197,Huang 2022,1
9091,169.9718,14.7456,Huang 2022,1
9092,173.3049,50.1444,Huang 2022,1
9093,174.5481,14.7863,Huang 2022,1
9094,175.041,22.8792,Huang 2022,1
9095,175.4961,19.3041,Huang 2022,1
9096,176.0987,17.7551,Huang 2022,1
9097,178.0775,8.817,Huang 2022,1
9098,179.0228,19.1869,Huang 2022,1
9099,179.5632,-6.6056,Huang 2022,1
9100,179.8326,61.7939,Huang 2022,1
9101,180.2708,-2.3681,Huang 2022,1
9102,181.9031,52.9176,Huang 2022,1
9103,183.0792,27.5646,Huang 2022,1
9104,186.8276,-7.1227,Huang 2022,1
9105,187.2782,59.1413,Huang 2022,1
9106,188.2155,27.0359,Huang 2022,1
9107,189.4008,55.5619,Huang 2022,1
9108,189.9885,12.6693,Huang 2022,1
9109,190.1345,45.1508,Huang 2022,1
9110,190.6911,75.873,Huang 2022,1
9111,190.7929,21.3329,Huang 2022,1
9113,192.9428,1.7155,Huang 2022,1
9114,196.4575,22.9256,Huang 2022,1
9115,197.5704,14.7474,Huang 2022,1
9116,200.7252,58.1651,Huang 2022,1
9117,200.7678,3.7216,Huang 2022,1
9118,205.191,38.5483,Huang 2022,1
9119,211.6718,8.758,Huang 2022,1
9121,214.3545,76.2152,Huang 2022,1
9122,218.2479,-7.2268,Huang 2022,1
9123,218.3457,60.1209,Huang 2022,1
9124,218.4715,14.0687,Huang 2022,1
9125,220.4549,14.6891,Huang 2022,1
9126,221.8241,78.043,Huang 2022,1
9127,227.3528,39.0279,Huang 2022,1
9128,227.5364,20.6236,Huang 2022,1
9129,234.8707,16.8379,Huang 2022,1
9130,240.8979,5.8745,Huang 2022,1
9131,241.222,74.5292,Huang 2022,1
9132,245.7514,21.6226,Huang 2022,1
9133,246.0062,1.4836,Huang 2022,1
9134,248.5498,70.9303,Huang 2022,1
9135,252.272,2.3993,Huang 2022,1
9136,252.9173,28.0881,Huang 2022,1
9137,253.2534,26.8843,Huang 2022,1
9138,254.4235,34.8162,Huang 2022,1
9139,260.8405,23.8442,Huang 2022,1
9141,266.4075,39.8584,Huang 2022,1
9142,277.9494,54.3033,Huang 2022,1
9143,278.8338,46.1076,Huang 2022,1
9144,287.1099,70.4625,Huang 2022,1
9145,292.2833,55.8034,Huang 2022,1
9146,310.802,-6.1649,Huang 2022,1
9147,327.8408,13.7884,Huang 2022,1
9148,329.682,2.9584,Huang 2022,1
9149,333.3655,-13.2491,Huang 2022,1
9151,335.5357,27.7599,Huang 2022,1
9152,339.888,-4.4883,Huang 2022,1
9154,341.0206,27.9877,Huang 2022,1
9155,341.8012,-2.0939,Huang 2022,1
9157,342.929,-3.4136,Huang 2022,1
9158,343.0402,-4.2187,Huang 2022,1
9159,344.5567,17.1506,Huang 2022,1
9160,345.0719,22.2249,Huang 2022,1
9161,345.8609,23.476,Huang 2022,1
9162,346.7668,-13.3744,Huang 2022,1
9164,347.7824,5.4971,Huang 2022,1
9165,351.7484,20.4496,Huang 2022,1
9166,353.4836,-14.3846,Huang 2022,1
9167,353.5287,-7.7712,Huang 2022,1
9168,355.2727,-57.2679,Huang 2022,1
9169,356.7894,-62.7765,Huang 2022,1
9170,359.7003,-61.433,Huang 2022,1
9171,4.093,-9.1126,Huang 2022,1
9172,4.2564,-10.153,Huang 2022,1
9173,4.8654,32.0834,Huang 2022,1
9174,5.2593,-26.5437,Huang 2022,1
9175,8.0382,-11.7536,Huang 2022,1
9176,9.5789,-22.7448,Huang 2022,1
9177,10.9823,-38.8884,Huang 2022,1
9178,11.3586,-34.2832,Huang 2022,1
9179,13.2126,-24.3469,Huang 2022,1
9180,13.8104,-15.9165,Huang 2022,1
9181,14.14,-29.2327,Huang 2022,1
9182,14.3122,21.6428,Huang 2022,1
9183,14.6685,5.7665,Huang 2022,1
9184,14.7995,-22.0867,Huang 2022,1
9185,15.2049,18.3077,Huang 2022,1
9188,15.9372,27.1025,Huang 2022,1
9189,16.13,-19.8697,Huang 2022,1
9190,16.5259,-31.0774,Huang 2022,1
9191,16.5369,-37.0055,Huang 2022,1
9192,18.7209,-25.2845,Huang 2022,1
9193,20.796,30.9619,Huang 2022,1
9194,21.1715,-6.9096,Huang 2022,1
9195,23.0157,-16.004,Huang 2022,1
9196,24.7188,-16.8552,Huang 2022,1
9197,25.7083,-19.7918,Huang 2022,1
9198,25.939,-26.2946,Huang 2022,1
9199,26.7621,-1.9526,Huang 2022,1
9200,27.4483,12.4652,Huang 2022,1
9201,27.5036,27.4267,Huang 2022,1
9202,27.8944,5.1619,Huang 2022,1
9203,27.91,-24.4413,Huang 2022,1
9204,28.6096,-23.4067,Huang 2022,1
9205,29.3219,25.4699,Huang 2022,1
9206,29.9198,-24.0197,Huang 2022,1
9208,30.5443,-1.3779,Huang 2022,1
9209,31.0343,-29.3024,Huang 2022,1
9210,33.412,-28.2374,Huang 2022,1
9211,33.4558,14.1537,Huang 2022,1
9213,34.076,2.9333,Huang 2022,1
9215,34.7077,-14.7784,Huang 2022,1
9216,35.0142,2.7345,Huang 2022,1
9217,36.0843,-31.9371,Huang 2022,1
9218,37.068,-29.396,Huang 2022,1
9219,37.7246,20.8596,Huang 2022,1
9220,38.5455,-35.7895,Huang 2022,1
9221,38.6407,-14.806,Huang 2022,1
9222,39.7648,-30.8467,Huang 2022,1
9223,40.7511,-19.8931,Huang 2022,1
9224,41.1456,-17.2445,Huang 2022,1
9225,42.286,-28.3551,Huang 2022,1
9226,42.3475,16.8733,Huang 2022,1
9227,42.535,0.1379,Huang 2022,1
9229,44.1841,-9.2468,Huang 2022,1
9230,44.383,-23.3527,Huang 2022,1
9231,44.5235,-34.8959,Huang 2022,1
9232,45.5878,-4.3899,Huang 2022,1
9234,47.1385,-17.6676,Huang 2022,1
9235,47.3494,-30.1968,Huang 2022,1
9237,48.6263,-9.5613,Huang 2022,1
9239,48.9389,-29.9643,Huang 2022,1
9240,50.7649,-27.5687,Huang 2022,1
9241,51.2051,-10.3481,Huang 2022,1
9242,53.7319,-19.9224,Huang 2022,1
9243,54.7129,-14.1391,Huang 2022,1
9244,54.9589,-0.1356,Huang 2022,1
9245,55.0363,-25.7609,Huang 2022,1
9246,55.8328,-16.2951,Huang 2022,1
9247,56.2001,-20.9116,Huang 2022,1
9248,57.5232,-13.1978,Huang 2022,1
9249,58.8732,-36.5641,Huang 2022,1
9250,60.9086,-7.316,Huang 2022,1
9251,61.677,-23.3205,Huang 2022,1
9252,61.688,-15.0482,Huang 2022,1
9253,62.2475,-5.9982,Huang 2022,1
9255,63.3879,-16.8328,Huang 2022,1
9256,63.6168,-19.9192,Huang 2022,1
9257,65.2568,-21.6299,Huang 2022,1
9258,65.3372,-29.8915,Huang 2022,1
9259,65.5808,-26.9514,Huang 2022,1
9260,66.2134,-23.196,Huang 2022,1
9261,68.3176,-41.0553,Huang 2022,1
9262,69.9349,-4.6098,Huang 2022,1
9263,71.24,-7.6007,Huang 2022,1
9265,71.8657,-2.8613,Huang 2022,1
9266,72.0528,-30.3308,Huang 2022,1
9267,73.4865,-21.3622,Huang 2022,1
9268,78.358,-21.4717,Huang 2022,1
9269,87.1036,-29.851,Huang 2022,1
9270,89.6411,-28.7418,Huang 2022,1
9271,91.2815,-33.8949,Huang 2022,1
9272,101.4601,48.581,Huang 2022,1
9273,110.6705,52.2273,Huang 2022,1
9274,115.6174,16.6039,Huang 2022,1
9275,115.8731,50.8031,Huang 2022,1
9276,116.9217,26.816,Huang 2022,1
9277,121.8813,44.1801,Huang 2022,1
9278,122.9433,0.9701,Huang 2022,1
9279,128.8049,41.1131,Huang 2022,1
9280,129.6057,30.2873,Huang 2022,1
9281,130.728,-2.0271,Huang 2022,1
9283,132.6382,40.6196,Huang 2022,1
9284,133.38,23.3652,Huang 2022,1
9285,134.1503,23.8641,Huang 2022,1
9286,136.4227,34.8998,Huang 2022,1
9288,137.4367,22.4354,Huang 2022,1
9289,138.0524,33.3767,Huang 2022,1
9290,139.896,30.5323,Huang 2022,1
9291,147.7529,8.4157,Huang 2022,1
9292,151.9618,4.6107,Huang 2022,1
9293,154.4431,-4.0841,Huang 2022,1
9294,157.4831,-5.4213,Huang 2022,1
9295,158.2306,75.3149,Huang 2022,1
9296,159.3007,4.5911,Huang 2022,1
9297,159.7672,-8.9316,Huang 2022,1
9298,161.8206,27.9906,Huang 2022,1
9299,162.2464,10.5049,Huang 2022,1
9300,162.6485,19.9352,Huang 2022,1
9301,166.1262,-8.6326,Huang 2022,1
9302,174.0622,41.0525,Huang 2022,1
9304,176.2391,30.558,Huang 2022,1
9305,179.5944,72.4798,Huang 2022,1
9306,179.8536,-5.1806,Huang 2022,1
9307,180.7746,69.806,Huang 2022,1
9308,181.0606,13.2918,Huang 2022,1
9309,181.5279,30.1133,Huang 2022,1
9310,184.9201,44.8673,Huang 2022,1
9312,185.0208,26.4909,Huang 2022,1
9313,186.7661,28.0517,Huang 2022,1
9315,189.5574,27.3029,Huang 2022,1
9316,191.316,19.0924,Huang 2022,1
9317,192.0695,7.7162,Huang 2022,1
9318,200.0505,-8.5058,Huang 2022,1
9319,200.8958,6.1545,Huang 2022,1
9320,202.9388,51.5753,Huang 2022,1
9321,203.8331,-8.4487,Huang 2022,1
9322,209.6224,16.9285,Huang 2022,1
9323,214.8006,53.4366,Huang 2022,1
9324,214.8651,-4.0003,Huang 2022,1
9325,218.0748,7.0556,Huang 2022,1
9326,219.2455,29.6141,Huang 2022,1
9327,220.4044,50.2463,Huang 2022,1
9328,223.1039,48.4711,Huang 2022,1
9330,225.405,52.1417,Huang 2022,1
9331,228.0786,20.8316,Huang 2022,1
9332,228.8268,63.2724,Huang 2022,1
9333,231.4998,8.7774,Huang 2022,1
9334,231.8201,12.9511,Huang 2022,1
9335,233.7453,1.34,Huang 2022,1
9336,234.4783,14.7232,Huang 2022,1
9338,236.3307,16.2141,Huang 2022,1
9339,236.4854,10.0292,Huang 2022,1
9340,236.5553,35.0802,Huang 2022,1
9341,244.3589,20.7108,Huang 2022,1
9342,244.5899,53.1871,Huang 2022,1
9343,255.6529,28.5791,Huang 2022,1
9344,257.4348,31.9046,Huang 2022,1
9345,259.0541,28.5928,Huang 2022,1
9346,259.7428,11.2635,Huang 2022,1
9347,267.2985,23.5101,Huang 2022,1
9348,269.7333,29.0742,Huang 2022,1
9349,269.7858,41.9039,Huang 2022,1
9350,273.4736,34.7448,Huang 2022,1
9352,293.9927,58.1525,Huang 2022,1
9353,311.4249,-10.6762,Huang 2022,1
9354,313.978,8.7331,Huang 2022,1
9355,332.7233,-40.9782,Huang 2022,1
9356,335.2155,0.9713,Huang 2022,1
9357,335.2291,-11.4857,Huang 2022,1
9358,337.2103,14.9081,Huang 2022,1
9359,342.1516,20.2529,Huang 2022,1
9360,344.6262,-58.691,Huang 2022,1
9361,353.4326,-3.4619,Huang 2022,1
9362,353.6004,17.9899,Huang 2022,1
9363,354.0428,-2.1264,Huang 2022,1
9364,356.8114,-0.798,Huang 2022,1
9365,357.3718,-60.011,Huang 2022,1
9366,359.1477,-13.293,Huang 2022,1
9367,0.0254,21.6415,Huang 2022,1
9368,0.0369,21.2841,Huang 2022,1
9369,0.2881,-10.5619,Huang 2022,1
9370,0.4022,-4.0111,Huang 2022,1
9371,0.6943,27.0894,Huang 2022,1
9372,1.1051,-60.0972,Huang 2022,1
9373,1.2742,-54.2626,Huang 2022,1
9374,1.4446,15.8147,Huang 2022,1
9375,1.6798,5.0237,Huang 2022,1
9376,1.7036,-11.2181,Huang 2022,1
9377,1.828,1.5349,Huang 2022,1
9378,2.0769,-6.376,Huang 2022,1
9379,2.2652,-52.4195,Huang 2022,1
9380,2.4643,-34.6088,Huang 2022,1
9381,2.5204,-35.7296,Huang 2022,1
9382,2.5452,-60.5666,Huang 2022,1
9383,2.7167,18.5282,Huang 2022,1
9384,3.0228,-44.3054,Huang 2022,1
9385,3.2647,-32.9648,Huang 2022,1
9386,3.8795,24.4528,Huang 2022,1
9387,3.9009,-29.8221,Huang 2022,1
9388,4.0093,-13.4169,Huang 2022,1
9389,4.2156,-5.8182,Huang 2022,1
9390,4.7352,-31.8716,Huang 2022,1
9391,4.8732,-31.1123,Huang 2022,1
9392,5.2856,-39.3724,Huang 2022,1
9393,5.5523,-4.471,Huang 2022,1
9394,6.0703,1.4212,Huang 2022,1
9395,6.0848,-64.9549,Huang 2022,1
9396,6.1955,-57.9429,Huang 2022,1
9397,6.2199,-1.8426,Huang 2022,1
9398,6.3643,10.1853,Huang 2022,1
9399,6.4166,-27.4448,Huang 2022,1
9400,6.4448,3.6455,Huang 2022,1
9401,6.5376,-5.1005,Huang 2022,1
9402,6.5454,-60.8859,Huang 2022,1
9404,6.9518,-3.8141,Huang 2022,1
9405,7.077,-27.5692,Huang 2022,1
9406,7.0848,-52.1662,Huang 2022,1
9407,7.3282,-25.6413,Huang 2022,1
9408,7.4408,-2.3542,Huang 2022,1
9409,7.6167,-7.3598,Huang 2022,1
9410,7.7075,-31.8051,Huang 2022,1
9411,7.7552,-24.4012,Huang 2022,1
9413,8.0561,11.4205,Huang 2022,1
9414,8.6662,-13.6007,Huang 2022,1
9415,8.859,-20.2624,Huang 2022,1
9416,8.9856,-31.0498,Huang 2022,1
9417,9.4655,-11.1778,Huang 2022,1
9418,9.4901,-61.7741,Huang 2022,1
9419,9.5831,-22.7369,Huang 2022,1
9420,9.6186,-25.3693,Huang 2022,1
9421,9.6226,-36.7634,Huang 2022,1
9422,9.6721,-7.4138,Huang 2022,1
9423,9.7395,-7.7564,Huang 2022,1
9424,10.3697,-51.0101,Huang 2022,1
9425,10.4341,-23.6515,Huang 2022,1
9426,10.5365,-9.9688,Huang 2022,1
9427,10.5692,-5.5844,Huang 2022,1
9428,10.6237,-15.189,Huang 2022,1
9429,11.012,28.5026,Huang 2022,1
9430,11.1176,-9.8211,Huang 2022,1
9431,11.6128,-26.6737,Huang 2022,1
9432,11.6341,-32.568,Huang 2022,1
9433,12.5414,-15.3948,Huang 2022,1
9434,12.6879,5.1953,Huang 2022,1
9436,13.0309,-62.2004,Huang 2022,1
9437,13.0826,-21.4621,Huang 2022,1
9438,13.3666,-16.0988,Huang 2022,1
9439,13.4834,-25.7652,Huang 2022,1
9440,14.0464,0.126,Huang 2022,1
9441,14.1862,-18.9657,Huang 2022,1
9442,14.2189,-16.4016,Huang 2022,1
9443,14.2352,-25.7746,Huang 2022,1
9444,14.2478,-14.0421,Huang 2022,1
9445,14.297,-13.2907,Huang 2022,1
9446,14.3439,-25.1811,Huang 2022,1
9448,14.651,-23.5443,Huang 2022,1
9449,14.681,-5.026,Huang 2022,1
9450,14.863,-23.2117,Huang 2022,1
9451,14.9525,-24.7056,Huang 2022,1
9452,14.9575,-5.5838,Huang 2022,1
9453,14.9799,-18.4828,Huang 2022,1
9454,15.4277,-15.0401,Huang 2022,1
9455,15.6198,-20.2297,Huang 2022,1
9456,15.6786,-23.9439,Huang 2022,1
9457,15.9876,-7.136,Huang 2022,1
9458,16.3301,-16.4985,Huang 2022,1
9459,16.4629,-5.0324,Huang 2022,1
9460,16.9846,-14.6625,Huang 2022,1
9461,17.1638,-8.3884,Huang 2022,1
9462,17.3346,-7.3951,Huang 2022,1
9463,17.6727,-14.7914,Huang 2022,1
9464,17.7799,13.7789,Huang 2022,1
9465,17.864,10.9845,Huang 2022,1
9466,17.8812,8.9282,Huang 2022,1
9467,18.061,-21.6113,Huang 2022,1
9468,18.2042,-2.9176,Huang 2022,1
9469,18.5346,-19.7225,Huang 2022,1
9470,19.1019,-0.1335,Huang 2022,1
9471,19.3417,-30.0427,Huang 2022,1
9472,19.4619,-29.9677,Huang 2022,1
9473,19.4701,-11.0283,Huang 2022,1
9474,19.7886,-5.219,Huang 2022,1
9475,19.8252,-22.6356,Huang 2022,1
9476,19.8273,27.484,Huang 2022,1
9477,20.33,-0.3409,Huang 2022,1
9478,20.366,21.7344,Huang 2022,1
9479,20.6044,-8.5205,Huang 2022,1
9480,20.7916,-8.1086,Huang 2022,1
9481,21.122,-21.4623,Huang 2022,1
9482,21.514,-10.3682,Huang 2022,1
9483,21.8652,-36.8157,Huang 2022,1
9484,22.2506,0.1193,Huang 2022,1
9485,22.2823,-7.0851,Huang 2022,1
9486,22.4814,-2.6654,Huang 2022,1
9487,22.6133,-18.8672,Huang 2022,1
9488,22.847,-16.884,Huang 2022,1
9489,23.0128,-2.3005,Huang 2022,1
9490,23.0583,3.4399,Huang 2022,1
9491,23.4239,-16.839,Huang 2022,1
9492,23.5148,-30.5414,Huang 2022,1
9493,23.5329,-7.4703,Huang 2022,1
9494,23.6649,-28.732,Huang 2022,1
9496,23.8165,-32.6842,Huang 2022,1
9497,23.8193,4.8514,Huang 2022,1
9498,23.9221,-18.7413,Huang 2022,1
9499,23.984,-20.7577,Huang 2022,1
9500,24.1759,-12.2872,Huang 2022,1
9501,24.1913,-40.4779,Huang 2022,1
9502,24.216,-14.8162,Huang 2022,1
9503,24.2426,0.3033,Huang 2022,1
9504,24.3635,-27.6051,Huang 2022,1
9505,24.3717,-8.3056,Huang 2022,1
9506,24.3726,5.7609,Huang 2022,1
9507,24.4002,-27.1526,Huang 2022,1
9508,25.052,-20.1055,Huang 2022,1
9509,25.1595,-11.4143,Huang 2022,1
9510,25.4548,-24.8641,Huang 2022,1
9511,25.4686,-22.4962,Huang 2022,1
9513,25.5981,14.8037,Huang 2022,1
9514,25.704,-19.7717,Huang 2022,1
9515,25.791,7.5022,Huang 2022,1
9517,25.8949,5.3365,Huang 2022,1
9518,26.0431,-28.9067,Huang 2022,1
9519,26.2418,0.8017,Huang 2022,1
9520,26.3453,4.8579,Huang 2022,1
9521,26.5508,22.6087,Huang 2022,1
9522,26.7267,-11.4066,Huang 2022,1
9523,26.749,-22.682,Huang 2022,1
9524,26.7792,-40.161,Huang 2022,1
9525,26.9591,-26.6311,Huang 2022,1
9527,27.3698,-8.7626,Huang 2022,1
9528,27.3879,0.4647,Huang 2022,1
9529,27.4775,21.7988,Huang 2022,1
9530,27.4849,-11.5108,Huang 2022,1
9531,27.5959,-17.6114,Huang 2022,1
9532,27.6346,-18.3062,Huang 2022,1
9533,27.817,-19.1052,Huang 2022,1
9534,27.8888,-26.8005,Huang 2022,1
9535,27.9976,-8.3646,Huang 2022,1
9536,28.0192,-29.3878,Huang 2022,1
9537,28.1435,-21.642,Huang 2022,1
9538,28.1494,-31.343,Huang 2022,1
9539,28.1997,3.2624,Huang 2022,1
9540,28.4669,-11.2551,Huang 2022,1
9541,28.532,-8.1,Huang 2022,1
9542,28.5715,-16.2374,Huang 2022,1
9543,28.7845,-25.8463,Huang 2022,1
9544,29.1389,-2.4224,Huang 2022,1
9545,29.1423,-15.5876,Huang 2022,1
9546,29.3642,22.9216,Huang 2022,1
9549,29.4673,-27.8568,Huang 2022,1
9550,29.5569,-11.2721,Huang 2022,1
9551,29.7821,-32.2109,Huang 2022,1
9553,29.923,29.5992,Huang 2022,1
9554,29.9687,-27.8439,Huang 2022,1
9555,30.1018,-10.7692,Huang 2022,1
9556,30.1108,-8.6449,Huang 2022,1
9557,30.1551,14.4092,Huang 2022,1
9558,30.1743,-11.0445,Huang 2022,1
9559,30.2531,-36.7018,Huang 2022,1
9560,30.3065,-26.0892,Huang 2022,1
9561,30.76,-6.6024,Huang 2022,1
9562,30.7806,-22.7856,Huang 2022,1
9563,30.8121,-15.9384,Huang 2022,1
9564,30.9153,-31.0823,Huang 2022,1
9565,31.1304,-19.3899,Huang 2022,1
9566,31.2607,-21.8603,Huang 2022,1
9567,31.3554,-16.4083,Huang 2022,1
9568,31.359,-24.5664,Huang 2022,1
9569,31.4976,-21.1722,Huang 2022,1
9570,31.6715,-2.0052,Huang 2022,1
9571,31.7319,-31.7726,Huang 2022,1
9572,31.8616,-27.2286,Huang 2022,1
9573,32.0005,-17.7739,Huang 2022,1
9574,32.1245,-18.3429,Huang 2022,1
9575,32.1994,1.7689,Huang 2022,1
9576,32.2091,-25.0391,Huang 2022,1
9577,32.2667,4.8088,Huang 2022,1
9578,32.2674,3.6995,Huang 2022,1
9579,32.4773,-30.3485,Huang 2022,1
9581,32.8213,0.3402,Huang 2022,1
9582,32.8584,-16.2274,Huang 2022,1
9583,33.0297,0.2472,Huang 2022,1
9584,33.0826,30.553,Huang 2022,1
9586,33.2069,-20.7412,Huang 2022,1
9587,33.5356,-12.8859,Huang 2022,1
9588,33.7026,-24.8797,Huang 2022,1
9589,33.7174,19.5413,Huang 2022,1
9590,33.8313,-22.6154,Huang 2022,1
9591,34.1856,-0.386,Huang 2022,1
9592,34.2874,-9.2052,Huang 2022,1
9593,34.3096,-10.0969,Huang 2022,1
9594,34.383,20.9523,Huang 2022,1
9595,34.5247,26.6007,Huang 2022,1
9596,34.5314,-27.6291,Huang 2022,1
9597,34.6677,-24.8466,Huang 2022,1
9598,34.7239,-16.8684,Huang 2022,1
9599,34.8554,5.6438,Huang 2022,1
9600,34.9126,-17.6882,Huang 2022,1
9602,35.0412,-28.1798,Huang 2022,1
9603,35.1949,5.8853,Huang 2022,1
9604,35.2949,-23.0878,Huang 2022,1
9605,35.4007,-26.6592,Huang 2022,1
9606,36.0382,-16.3869,Huang 2022,1
9607,36.0573,19.8696,Huang 2022,1
9609,36.1196,-25.039,Huang 2022,1
9610,36.3834,-4.85,Huang 2022,1
9611,36.7384,-29.334,Huang 2022,1
9612,36.8067,29.5796,Huang 2022,1
9613,37.2442,-17.2723,Huang 2022,1
9614,37.3509,10.2791,Huang 2022,1
9615,37.5061,-20.9108,Huang 2022,1
9616,37.6346,-24.1463,Huang 2022,1
9618,37.7099,-17.5029,Huang 2022,1
9619,38.0192,-17.6864,Huang 2022,1
9620,38.728,-30.9373,Huang 2022,1
9621,38.8158,-17.1581,Huang 2022,1
9622,39.2176,-31.8548,Huang 2022,1
9623,39.3484,-30.2921,Huang 2022,1
9624,39.6138,-15.5779,Huang 2022,1
9625,39.8085,-3.7403,Huang 2022,1
9626,39.9312,-24.9308,Huang 2022,1
9627,39.9863,-27.1208,Huang 2022,1
9628,40.0268,-11.4252,Huang 2022,1
9629,40.173,-21.4503,Huang 2022,1
9630,40.6738,-21.1358,Huang 2022,1
9631,41.1156,-28.615,Huang 2022,1
9632,41.4712,-5.9667,Huang 2022,1
9633,42.0215,-18.9309,Huang 2022,1
9634,42.094,2.7825,Huang 2022,1
9635,42.1344,-12.1016,Huang 2022,1
9636,42.1475,-12.1625,Huang 2022,1
9637,42.212,-27.3537,Huang 2022,1
9638,43.3406,-5.1544,Huang 2022,1
9640,43.8215,-16.6815,Huang 2022,1
9641,44.0165,0.3311,Huang 2022,1
9642,44.2789,-16.7736,Huang 2022,1
9643,44.3388,-28.8952,Huang 2022,1
9644,44.4764,-23.3071,Huang 2022,1
9645,44.5307,-13.8106,Huang 2022,1
9646,44.7621,-7.8029,Huang 2022,1
9647,44.9661,-38.8328,Huang 2022,1
9648,44.9848,-10.2476,Huang 2022,1
9650,45.0813,4.427,Huang 2022,1
9651,45.2324,-10.9787,Huang 2022,1
9652,45.5432,-22.672,Huang 2022,1
9653,45.8553,-22.9291,Huang 2022,1
9654,45.8714,3.7781,Huang 2022,1
9655,46.5824,-13.5938,Huang 2022,1
9657,46.6785,-28.5384,Huang 2022,1
9658,46.7377,-23.3925,Huang 2022,1
9659,46.8383,-24.2794,Huang 2022,1
9660,47.7104,-21.22,Huang 2022,1
9661,47.9174,-7.518,Huang 2022,1
9662,48.287,-16.4246,Huang 2022,1
9663,48.694,-13.7434,Huang 2022,1
9664,48.8942,-27.2465,Huang 2022,1
9665,49.08,-28.8885,Huang 2022,1
9666,49.1543,-26.8148,Huang 2022,1
9667,49.2052,-18.0014,Huang 2022,1
9668,49.3327,-30.1661,Huang 2022,1
9669,49.3356,-26.6664,Huang 2022,1
9670,49.4146,-27.332,Huang 2022,1
9672,49.7786,-27.6615,Huang 2022,1
9673,49.7855,-7.5011,Huang 2022,1
9674,49.9132,-21.1511,Huang 2022,1
9675,50.1173,-29.0147,Huang 2022,1
9676,50.2069,-21.4455,Huang 2022,1
9677,50.3265,-22.2543,Huang 2022,1
9678,51.0021,-27.1917,Huang 2022,1
9679,51.245,-11.5876,Huang 2022,1
9680,51.4779,-17.1685,Huang 2022,1
9681,51.5965,-25.8119,Huang 2022,1
9682,51.6476,-25.0483,Huang 2022,1
9683,51.7081,-0.7311,Huang 2022,1
9684,52.0458,-31.577,Huang 2022,1
9685,52.3736,-18.6378,Huang 2022,1
9686,52.4307,-32.1849,Huang 2022,1
9687,52.5899,0.6691,Huang 2022,1
9688,52.6889,-29.4983,Huang 2022,1
9689,52.7565,-9.4508,Huang 2022,1
9690,52.9149,-18.2136,Huang 2022,1
9691,53.1504,-39.1976,Huang 2022,1
9693,53.9519,-29.9771,Huang 2022,1
9695,54.2674,-4.8785,Huang 2022,1
9696,54.4002,-15.7893,Huang 2022,1
9697,54.4115,-21.0294,Huang 2022,1
9698,54.6271,-5.6708,Huang 2022,1
9699,54.6308,-24.6332,Huang 2022,1
9700,54.7432,-28.219,Huang 2022,1
9701,54.7788,-12.2879,Huang 2022,1
9702,54.8226,-38.9498,Huang 2022,1
9703,55.0105,-27.3081,Huang 2022,1
9704,55.413,-13.4363,Huang 2022,1
9705,55.4365,-31.6484,Huang 2022,1
9706,55.6364,-20.0025,Huang 2022,1
9707,55.7686,-10.8819,Huang 2022,1
9708,55.8961,-29.9218,Huang 2022,1
9709,56.3743,-33.201,Huang 2022,1
9710,56.4484,-30.3933,Huang 2022,1
9711,56.5384,-26.4042,Huang 2022,1
9712,56.5861,-9.6696,Huang 2022,1
9713,56.6788,-9.2313,Huang 2022,1
9714,56.8707,-25.7853,Huang 2022,1
9715,56.8839,-20.4636,Huang 2022,1
9716,57.0469,-25.5083,Huang 2022,1
9717,57.2082,-22.3314,Huang 2022,1
9718,57.3298,-26.9437,Huang 2022,1
9719,57.4192,-19.907,Huang 2022,1
9720,57.7531,-19.8013,Huang 2022,1
9721,57.8307,-15.1796,Huang 2022,1
9722,57.9593,-22.2418,Huang 2022,1
9723,58.1777,-19.3799,Huang 2022,1
9724,58.3477,-30.5941,Huang 2022,1
9725,58.3547,-2.8941,Huang 2022,1
9726,59.9626,-26.5819,Huang 2022,1
9727,60.0,-27.7231,Huang 2022,1
9728,60.117,-15.1166,Huang 2022,1
9729,60.5532,-27.5316,Huang 2022,1
9730,60.5576,-32.2606,Huang 2022,1
9731,60.6043,-22.0993,Huang 2022,1
9732,60.751,-18.9797,Huang 2022,1
9733,60.7611,-18.5019,Huang 2022,1
9734,61.0473,-16.8863,Huang 2022,1
9735,61.1937,-8.7636,Huang 2022,1
9736,61.3,-15.6132,Huang 2022,1
9737,61.3613,-25.6735,Huang 2022,1
9738,61.5534,-22.9034,Huang 2022,1
9739,61.686,-14.6132,Huang 2022,1
9740,61.9786,-31.8631,Huang 2022,1
9741,62.288,-32.096,Huang 2022,1
9742,62.3942,-31.5637,Huang 2022,1
9743,62.4692,-32.191,Huang 2022,1
9744,62.5854,-3.6132,Huang 2022,1
9746,62.6611,-19.4171,Huang 2022,1
9747,63.2031,-1.816,Huang 2022,1
9748,63.2873,-35.0175,Huang 2022,1
9749,63.4434,-29.6321,Huang 2022,1
9750,64.054,-30.3893,Huang 2022,1
9751,64.156,-20.08,Huang 2022,1
9752,64.5125,-19.1295,Huang 2022,1
9753,64.5883,-31.2553,Huang 2022,1
9754,64.6062,-24.9971,Huang 2022,1
9755,64.8599,-9.5649,Huang 2022,1
9756,64.8752,-37.1532,Huang 2022,1
9757,65.1328,-21.1219,Huang 2022,1
9758,65.2204,-24.1023,Huang 2022,1
9759,65.2768,-20.9997,Huang 2022,1
9760,65.4182,-22.9294,Huang 2022,1
9761,65.4574,-11.0477,Huang 2022,1
9762,65.5424,-29.0529,Huang 2022,1
9763,65.5591,-28.8002,Huang 2022,1
9764,65.6339,-26.1299,Huang 2022,1
9765,65.7967,-1.3515,Huang 2022,1
9766,65.8473,-3.3572,Huang 2022,1
9767,66.5255,-13.2436,Huang 2022,1
9768,67.6651,-25.8495,Huang 2022,1
9769,67.8196,-31.463,Huang 2022,1
9770,68.1022,-20.0038,Huang 2022,1
9771,68.8475,-22.0006,Huang 2022,1
9772,68.9055,-25.3337,Huang 2022,1
9773,68.998,-21.6384,Huang 2022,1
9774,69.3619,-23.0974,Huang 2022,1
9775,69.5641,-32.3475,Huang 2022,1
9776,69.611,-27.1239,Huang 2022,1
9777,69.666,-28.5525,Huang 2022,1
9778,70.0841,-6.3394,Huang 2022,1
9779,70.1117,-24.5699,Huang 2022,1
9780,70.265,-27.0995,Huang 2022,1
9781,70.8793,-32.1335,Huang 2022,1
9782,71.335,-22.0787,Huang 2022,1
9783,71.5515,-28.647,Huang 2022,1
9784,71.9694,-29.1854,Huang 2022,1
9785,72.0873,-19.4173,Huang 2022,1
9786,72.1089,-29.1347,Huang 2022,1
9787,72.1777,-5.0516,Huang 2022,1
9788,72.8336,-18.7814,Huang 2022,1
9789,72.8845,-1.0118,Huang 2022,1
9790,72.9124,-8.0276,Huang 2022,1
9791,73.527,-24.5988,Huang 2022,1
9792,73.6913,-29.8156,Huang 2022,1
9793,74.2036,-0.8212,Huang 2022,1
9794,74.328,-4.4293,Huang 2022,1
9795,74.4224,-18.7934,Huang 2022,1
9796,74.4853,-23.1579,Huang 2022,1
9797,74.6542,-27.1065,Huang 2022,1
9798,75.3911,-3.2937,Huang 2022,1
9799,75.41,-18.6007,Huang 2022,1
9800,75.5665,-31.0876,Huang 2022,1
9801,75.9545,-26.6809,Huang 2022,1
9802,76.3503,-24.3444,Huang 2022,1
9803,76.4074,-36.0651,Huang 2022,1
9804,76.7517,-25.6907,Huang 2022,1
9805,77.2638,-21.5958,Huang 2022,1
9806,77.3886,-30.6005,Huang 2022,1
9807,77.696,-26.5395,Huang 2022,1
9808,77.7769,-51.1904,Huang 2022,1
9809,78.4202,-28.2351,Huang 2022,1
9810,79.4502,-23.2598,Huang 2022,1
9811,79.7106,-32.3011,Huang 2022,1
9812,80.286,-18.317,Huang 2022,1
9813,80.6361,-24.9674,Huang 2022,1
9814,80.6724,-24.0688,Huang 2022,1
9815,80.9091,-21.016,Huang 2022,1
9816,81.2511,-26.2779,Huang 2022,1
9817,81.5917,-27.3214,Huang 2022,1
9818,82.498,-19.9199,Huang 2022,1
9819,83.1991,-29.3017,Huang 2022,1
9820,83.449,-22.2658,Huang 2022,1
9821,83.758,-31.1953,Huang 2022,1
9822,83.9416,-27.0088,Huang 2022,1
9823,84.2051,-21.8332,Huang 2022,1
9824,84.7962,-28.0211,Huang 2022,1
9825,85.575,-21.8217,Huang 2022,1
9826,85.7339,-31.4431,Huang 2022,1
9827,86.5017,-24.7015,Huang 2022,1
9828,86.5815,-27.7223,Huang 2022,1
9829,86.8986,-28.1308,Huang 2022,1
9830,87.1209,-25.5251,Huang 2022,1
9831,87.27,-23.9175,Huang 2022,1
9832,87.4139,-30.4661,Huang 2022,1
9833,87.9078,-25.14,Huang 2022,1
9834,88.359,-23.0945,Huang 2022,1
9835,88.5024,-29.7013,Huang 2022,1
9836,88.6111,-44.9258,Huang 2022,1
9837,89.57,-30.9485,Huang 2022,1
9838,89.6163,-27.0385,Huang 2022,1
9839,90.4566,-39.9871,Huang 2022,1
9840,95.7736,58.8572,Huang 2022,1
9841,103.0258,33.1167,Huang 2022,1
9842,104.3289,45.1488,Huang 2022,1
9843,104.3594,32.5562,Huang 2022,1
9844,106.9992,50.2149,Huang 2022,1
9845,107.9747,28.3465,Huang 2022,1
9846,109.4348,42.7031,Huang 2022,1
9847,112.0041,47.9631,Huang 2022,1
9848,112.0551,31.6799,Huang 2022,1
9849,112.1758,38.2037,Huang 2022,1
9850,112.6173,38.3732,Huang 2022,1
9851,113.2568,51.5755,Huang 2022,1
9852,113.5048,34.7261,Huang 2022,1
9853,114.0195,21.3041,Huang 2022,1
9854,115.4473,34.9407,Huang 2022,1
9855,116.4388,9.6096,Huang 2022,1
9856,117.2449,53.7774,Huang 2022,1
9857,117.7803,11.1984,Huang 2022,1
9858,118.2474,52.6265,Huang 2022,1
9859,118.3583,10.513,Huang 2022,1
9860,118.4567,25.808,Huang 2022,1
9861,118.7209,31.4647,Huang 2022,1
9862,118.7654,12.3763,Huang 2022,1
9863,119.0587,30.235,Huang 2022,1
9864,119.3016,24.1528,Huang 2022,1
9865,119.5865,12.347,Huang 2022,1
9866,120.0515,43.4978,Huang 2022,1
9867,120.3991,54.8115,Huang 2022,1
9868,120.8544,37.761,Huang 2022,1
9869,121.699,77.2344,Huang 2022,1
9870,122.5113,33.7794,Huang 2022,1
9871,122.5445,-1.9522,Huang 2022,1
9872,122.828,0.5908,Huang 2022,1
9873,122.8819,41.614,Huang 2022,1
9874,123.542,11.5365,Huang 2022,1
9875,123.6121,27.3335,Huang 2022,1
9876,124.31,74.1113,Huang 2022,1
9877,124.8181,31.499,Huang 2022,1
9878,124.9193,19.2529,Huang 2022,1
9879,125.3638,69.4352,Huang 2022,1
9880,125.631,75.0251,Huang 2022,1
9881,125.935,4.6293,Huang 2022,1
9882,126.05,4.7936,Huang 2022,1
9883,128.1456,11.5864,Huang 2022,1
9884,129.9505,30.6284,Huang 2022,1
9885,130.0214,11.8118,Huang 2022,1
9886,130.5312,27.2618,Huang 2022,1
9887,130.6033,10.4171,Huang 2022,1
9888,131.5647,51.9315,Huang 2022,1
9889,131.9068,13.5143,Huang 2022,1
9891,132.8111,24.4868,Huang 2022,1
9892,133.1155,26.4614,Huang 2022,1
9893,134.3978,21.5059,Huang 2022,1
9894,134.8207,6.2549,Huang 2022,1
9895,136.0956,45.0733,Huang 2022,1
9896,136.8675,42.5504,Huang 2022,1
9897,137.1509,54.2055,Huang 2022,1
9898,137.45,7.3521,Huang 2022,1
9899,137.9498,28.4536,Huang 2022,1
9900,138.5115,16.5394,Huang 2022,1
9901,139.3411,62.4459,Huang 2022,1
9902,139.4885,64.4473,Huang 2022,1
9904,141.5275,7.809,Huang 2022,1
9905,141.8108,73.2823,Huang 2022,1
9906,142.7762,17.7152,Huang 2022,1
9907,143.7713,18.2787,Huang 2022,1
9908,144.0261,12.8391,Huang 2022,1
9909,144.7849,0.6228,Huang 2022,1
9910,145.1485,13.1356,Huang 2022,1
9911,145.2603,38.7152,Huang 2022,1
9913,146.0983,-8.1021,Huang 2022,1
9914,146.2199,40.2997,Huang 2022,1
9915,146.5442,13.9284,Huang 2022,1
9916,146.684,19.4528,Huang 2022,1
9917,147.1576,-2.5598,Huang 2022,1
9918,148.2095,10.7169,Huang 2022,1
9919,148.384,10.5475,Huang 2022,1
9920,150.2941,46.1759,Huang 2022,1
9921,150.5233,15.3083,Huang 2022,1
9922,151.2523,10.4499,Huang 2022,1
9923,151.4072,67.5076,Huang 2022,1
9924,151.8455,-5.3863,Huang 2022,1
9925,152.271,43.7279,Huang 2022,1
9926,152.3889,-5.6017,Huang 2022,1
9927,153.0776,44.3831,Huang 2022,1
9928,153.2654,10.1926,Huang 2022,1
9929,154.5759,74.5812,Huang 2022,1
9930,155.2571,53.8914,Huang 2022,1
9931,157.8915,18.5814,Huang 2022,1
9932,157.952,43.7158,Huang 2022,1
9933,158.0901,31.8835,Huang 2022,1
9934,158.1287,46.334,Huang 2022,1
9935,158.1868,8.6779,Huang 2022,1
9936,158.226,39.8507,Huang 2022,1
9937,159.1096,12.9958,Huang 2022,1
9938,160.0017,56.5219,Huang 2022,1
9940,160.1817,44.8942,Huang 2022,1
9942,160.6171,32.9365,Huang 2022,1
9944,160.7978,37.3601,Huang 2022,1
9945,161.5784,46.2302,Huang 2022,1
9947,161.8653,23.9568,Huang 2022,1
9948,162.0174,31.6472,Huang 2022,1
9949,162.5961,20.0916,Huang 2022,1
9950,162.7849,-7.1816,Huang 2022,1
9951,163.3484,9.6864,Huang 2022,1
9952,163.5448,5.8739,Huang 2022,1
9953,163.7019,27.5697,Huang 2022,1
9954,164.0099,22.8302,Huang 2022,1
9955,164.1866,16.307,Huang 2022,1
9956,164.3198,-8.2676,Huang 2022,1
9957,165.0321,10.9706,Huang 2022,1
9958,165.1459,23.2635,Huang 2022,1
9959,165.213,-0.881,Huang 2022,1
9960,165.2322,64.9414,Huang 2022,1
9961,165.2764,20.4527,Huang 2022,1
9963,165.7828,-0.6598,Huang 2022,1
9964,166.7196,7.6232,Huang 2022,1
9965,167.2393,37.8604,Huang 2022,1
9966,167.7733,26.7798,Huang 2022,1
9967,168.5731,8.7634,Huang 2022,1
9968,168.962,57.8315,Huang 2022,1
9969,169.1444,19.0986,Huang 2022,1
9971,170.4254,36.9636,Huang 2022,1
9972,170.8944,12.5591,Huang 2022,1
9973,171.1047,71.1948,Huang 2022,1
9974,172.4891,32.1637,Huang 2022,1
9975,172.6002,5.7333,Huang 2022,1
9976,172.673,11.3081,Huang 2022,1
9977,173.5198,9.5846,Huang 2022,1
9978,173.5474,17.0433,Huang 2022,1
9979,174.0108,52.2363,Huang 2022,1
9980,174.1285,21.7754,Huang 2022,1
9981,174.282,14.7811,Huang 2022,1
9982,174.4592,46.6094,Huang 2022,1
9984,175.1662,14.3254,Huang 2022,1
9986,175.7321,43.1339,Huang 2022,1
9987,175.7329,22.2232,Huang 2022,1
9988,176.64,-6.1812,Huang 2022,1
9989,176.9273,67.7222,Huang 2022,1
9990,176.9311,26.1644,Huang 2022,1
9991,177.0183,29.4844,Huang 2022,1
9992,177.0319,29.0869,Huang 2022,1
9993,178.5091,14.0868,Huang 2022,1
9994,178.7212,21.4151,Huang 2022,1
9995,179.4811,22.9115,Huang 2022,1
9996,181.0043,47.5381,Huang 2022,1
9997,181.3975,41.179,Huang 2022,1
9998,182.5596,28.7243,Huang 2022,1
9999,182.7337,-2.2276,Huang 2022,1
10001,183.1167,-8.5941,Huang 2022,1
10002,184.4375,31.5263,Huang 2022,1
10003,185.2581,21.89,Huang 2022,1
10004,185.619,23.9709,Huang 2022,1
10005,185.685,70.6065,Huang 2022,1
10006,185.9848,19.7177,Huang 2022,1
10007,186.0916,2.203,Huang 2022,1
10008,186.4028,-7.4188,Huang 2022,1
10009,187.1282,9.6881,Huang 2022,1
10010,189.2482,25.3442,Huang 2022,1
10011,190.4855,3.7332,Huang 2022,1
10012,190.5769,27.8629,Huang 2022,1
10013,190.5981,31.4848,Huang 2022,1
10014,191.8527,36.7353,Huang 2022,1
10015,192.8317,-1.2219,Huang 2022,1
10016,193.6682,18.9533,Huang 2022,1
10017,194.1102,4.6703,Huang 2022,1
10018,195.4842,11.1801,Huang 2022,1
10019,196.3635,26.752,Huang 2022,1
10020,196.6232,-5.667,Huang 2022,1
10021,196.8233,23.1565,Huang 2022,1
10022,198.2028,30.6423,Huang 2022,1
10023,198.4925,31.0493,Huang 2022,1
10025,200.567,4.346,Huang 2022,1
10026,200.7983,38.218,Huang 2022,1
10027,202.5096,47.8919,Huang 2022,1
10028,202.7745,7.4491,Huang 2022,1
10029,203.2912,6.9014,Huang 2022,1
10030,203.5927,-9.2837,Huang 2022,1
10031,203.7084,-8.7623,Huang 2022,1
10032,203.8962,40.3315,Huang 2022,1
10033,204.03,25.6164,Huang 2022,1
10034,204.2365,12.0278,Huang 2022,1
10035,204.3113,42.3813,Huang 2022,1
10036,205.4375,4.1861,Huang 2022,1
10038,206.0993,-1.6071,Huang 2022,1
10039,206.7,28.6985,Huang 2022,1
10040,207.4187,38.5022,Huang 2022,1
10041,207.4889,34.2732,Huang 2022,1
10042,207.5513,31.5862,Huang 2022,1
10043,207.705,52.9559,Huang 2022,1
10045,208.4386,31.865,Huang 2022,1
10046,208.6688,19.137,Huang 2022,1
10047,208.9997,19.7239,Huang 2022,1
10048,209.0944,3.6524,Huang 2022,1
10049,209.702,-4.3961,Huang 2022,1
10050,211.6546,38.7004,Huang 2022,1
10051,212.5306,62.1634,Huang 2022,1
10053,214.7102,19.9447,Huang 2022,1
10054,215.1638,12.9717,Huang 2022,1
10055,216.0618,45.0242,Huang 2022,1
10057,217.095,22.913,Huang 2022,1
10058,217.209,51.6467,Huang 2022,1
10059,217.7996,3.0093,Huang 2022,1
10060,218.1147,28.7213,Huang 2022,1
10061,218.4468,18.7098,Huang 2022,1
10062,218.478,3.0039,Huang 2022,1
10064,219.568,25.0994,Huang 2022,1
10066,220.0226,23.8599,Huang 2022,1
10067,220.3113,4.4308,Huang 2022,1
10068,220.3862,-0.8996,Huang 2022,1
10069,221.4063,4.9046,Huang 2022,1
10070,221.6054,21.6944,Huang 2022,1
10071,221.9368,23.4043,Huang 2022,1
10072,222.2403,-7.4558,Huang 2022,1
10073,222.4812,-6.8463,Huang 2022,1
10074,222.7392,3.5562,Huang 2022,1
10076,223.2085,58.0265,Huang 2022,1
10077,223.2358,58.0531,Huang 2022,1
10078,223.4373,-6.5203,Huang 2022,1
10079,224.3832,-8.015,Huang 2022,1
10080,225.1316,62.7228,Huang 2022,1
10081,225.5679,15.1661,Huang 2022,1
10082,226.1397,28.032,Huang 2022,1
10083,226.295,17.3451,Huang 2022,1
10084,226.313,41.7447,Huang 2022,1
10085,226.9254,29.956,Huang 2022,1
10086,226.9378,70.1215,Huang 2022,1
10087,226.9381,5.3823,Huang 2022,1
10088,227.7518,10.5556,Huang 2022,1
10089,227.9059,5.622,Huang 2022,1
10091,228.4624,-3.4634,Huang 2022,1
10092,228.4698,14.1675,Huang 2022,1
10093,228.637,68.4893,Huang 2022,1
10094,229.2637,10.0569,Huang 2022,1
10095,229.7213,9.2304,Huang 2022,1
10096,229.7448,27.3746,Huang 2022,1
10097,230.5321,32.8538,Huang 2022,1
10099,230.952,10.2717,Huang 2022,1
10100,230.9711,4.9138,Huang 2022,1
10101,230.9776,67.6248,Huang 2022,1
10102,231.006,49.1881,Huang 2022,1
10103,232.6507,80.8392,Huang 2022,1
10105,234.8063,11.7178,Huang 2022,1
10106,235.0039,32.6092,Huang 2022,1
10107,235.2734,7.5424,Huang 2022,1
10108,235.5208,40.3319,Huang 2022,1
10109,235.74,14.8762,Huang 2022,1
10110,236.5762,48.3642,Huang 2022,1
10111,236.5969,23.9051,Huang 2022,1
10112,237.765,6.8422,Huang 2022,1
10113,238.0854,61.6594,Huang 2022,1
10114,238.4959,16.3935,Huang 2022,1
10115,238.569,4.7276,Huang 2022,1
10116,238.6455,44.3415,Huang 2022,1
10117,238.6575,46.156,Huang 2022,1
10118,239.7952,7.5133,Huang 2022,1
10120,241.7375,18.1017,Huang 2022,1
10121,241.8696,5.8963,Huang 2022,1
10122,242.2528,4.4242,Huang 2022,1
10124,246.0592,10.61,Huang 2022,1
10125,246.4202,33.2659,Huang 2022,1
10126,246.6316,49.1584,Huang 2022,1
10127,247.9945,-1.6681,Huang 2022,1
10128,248.9636,46.8071,Huang 2022,1
10129,249.0881,27.7159,Huang 2022,1
10130,249.3569,31.6652,Huang 2022,1
10131,250.483,66.2103,Huang 2022,1
10132,250.8015,21.3635,Huang 2022,1
10133,251.4915,22.9241,Huang 2022,1
10134,251.7677,11.297,Huang 2022,1
10135,251.8574,9.6103,Huang 2022,1
10136,252.1292,63.7872,Huang 2022,1
10137,253.0914,55.0867,Huang 2022,1
10138,253.2568,30.8665,Huang 2022,1
10139,254.2942,31.848,Huang 2022,1
11983,255.9748456,41.6783169,Storfer 2023,2
10141,256.1498,8.2505,Huang 2022,1
10142,256.2179,7.8065,Huang 2022,1
10143,256.7414,25.8919,Huang 2022,1
10144,257.0428,11.8169,Huang 2022,1
10145,259.6311,23.7908,Huang 2022,1
10146,259.8396,24.688,Huang 2022,1
10147,261.7825,13.0155,Huang 2022,1
10148,264.2946,26.8373,Huang 2022,1
10149,266.3918,27.226,Huang 2022,1
10150,267.9412,43.5847,Huang 2022,1
10151,267.9501,43.578,Huang 2022,1
10152,270.2102,35.8525,Huang 2022,1
10153,270.4979,48.3192,Huang 2022,1
10154,270.5244,35.2017,Huang 2022,1
10155,273.3831,34.2652,Huang 2022,1
10156,273.6883,54.7764,Huang 2022,1
10157,274.3781,42.3118,Huang 2022,1
10158,275.2007,40.065,Huang 2022,1
10159,276.8661,51.8599,Huang 2022,1
10160,277.7776,57.3732,Huang 2022,1
10161,279.6919,47.5645,Huang 2022,1
10162,281.695,76.1017,Huang 2022,1
10163,282.8164,66.4911,Huang 2022,1
10164,283.8139,45.175,Huang 2022,1
10165,286.9816,69.1405,Huang 2022,1
10166,290.9468,61.3182,Huang 2022,1
10167,291.7549,66.731,Huang 2022,1
10168,291.8967,54.2998,Huang 2022,1
10169,296.6448,60.3651,Huang 2022,1
10170,308.6348,-47.169,Huang 2022,1
10171,308.8072,0.7818,Huang 2022,1
10172,310.9666,3.2223,Huang 2022,1
10173,313.3618,-9.2758,Huang 2022,1
10174,313.5823,-41.4077,Huang 2022,1
10175,314.7376,4.7259,Huang 2022,1
10176,315.3295,2.2958,Huang 2022,1
10177,316.8445,-0.992,Huang 2022,1
10178,319.1672,-1.5035,Huang 2022,1
10179,319.4948,-0.7468,Huang 2022,1
10180,319.5281,16.9379,Huang 2022,1
10181,319.7068,-63.3875,Huang 2022,1
10182,320.1446,-11.1251,Huang 2022,1
10183,320.8584,1.8867,Huang 2022,1
10184,321.3061,-0.0295,Huang 2022,1
10185,321.5604,9.8332,Huang 2022,1
10186,322.6011,-61.9086,Huang 2022,1
10187,324.8366,-63.725,Huang 2022,1
10188,326.2881,19.8848,Huang 2022,1
10189,326.7119,-43.0078,Huang 2022,1
10190,327.4249,-44.1038,Huang 2022,1
10191,327.4427,-0.3822,Huang 2022,1
10192,328.086,-43.5877,Huang 2022,1
10193,328.7427,16.3475,Huang 2022,1
10194,329.5066,6.6401,Huang 2022,1
10195,330.1481,23.6703,Huang 2022,1
10196,330.4536,1.8039,Huang 2022,1
10197,330.562,10.6918,Huang 2022,1
10198,331.9712,-0.6607,Huang 2022,1
10199,333.8922,-46.6457,Huang 2022,1
10200,334.2188,-8.9595,Huang 2022,1
10201,334.5268,20.8617,Huang 2022,1
10202,334.7964,8.9935,Huang 2022,1
10203,335.2071,-11.9607,Huang 2022,1
10204,336.7102,15.1795,Huang 2022,1
10205,338.1775,1.6182,Huang 2022,1
10206,338.9341,7.7338,Huang 2022,1
10207,339.3998,-12.0424,Huang 2022,1
10208,340.0966,26.9614,Huang 2022,1
10209,340.6218,3.2048,Huang 2022,1
10210,340.7868,-55.1416,Huang 2022,1
10211,341.2747,0.6718,Huang 2022,1
10214,342.2726,19.8035,Huang 2022,1
10215,343.7432,3.9726,Huang 2022,1
10216,344.5905,5.0181,Huang 2022,1
10217,344.9569,12.0924,Huang 2022,1
10218,344.9861,-2.7461,Huang 2022,1
10219,345.8679,8.9273,Huang 2022,1
10220,346.129,-60.6806,Huang 2022,1
10221,346.6288,27.472,Huang 2022,1
10222,346.7223,-12.6443,Huang 2022,1
10223,346.7984,-12.4431,Huang 2022,1
10224,347.1009,28.9983,Huang 2022,1
10225,347.3571,28.338,Huang 2022,1
10226,347.7997,-9.4026,Huang 2022,1
10227,347.9137,-8.0379,Huang 2022,1
10228,348.1504,-3.441,Huang 2022,1
10229,348.2452,4.8615,Huang 2022,1
10231,349.3386,14.7537,Huang 2022,1
10232,349.5061,13.3835,Huang 2022,1
10234,349.8938,11.8378,Huang 2022,1
10235,350.0271,-12.0343,Huang 2022,1
10236,350.1155,-0.5958,Huang 2022,1
10237,350.2503,-13.4958,Huang 2022,1
10238,350.8416,10.7701,Huang 2022,1
10239,351.876,-10.4864,Huang 2022,1
10240,352.1378,-14.5816,Huang 2022,1
10242,352.621,-5.0038,Huang 2022,1
10243,352.9172,-10.0133,Huang 2022,1
10245,353.2414,7.2878,Huang 2022,1
10246,353.9228,0.6577,Huang 2022,1
10247,355.119,29.7964,Huang 2022,1
10248,355.2734,24.1552,Huang 2022,1
10249,355.79,-13.814,Huang 2022,1
10250,356.4023,14.0221,Huang 2022,1
10251,356.8749,-0.1896,Huang 2022,1
10252,357.3211,-4.4758,Huang 2022,1
10253,358.0861,18.1055,Huang 2022,1
10254,358.4109,-13.2745,Huang 2022,1
10255,358.5112,-10.0359,Huang 2022,1
10256,358.6999,5.0447,Huang 2022,1
10257,359.1421,2.6922,Huang 2022,1
10259,359.8831,-2.2601,Huang 2022,1
10260,359.969,3.3971,Huang 2022,1
10262,2.067074425,-32.62068797,Storfer 2023,1
10270,11.91235937,3.375600742,Storfer 2023,1
10271,11.96299132,-32.81457493,Storfer 2023,1
10274,14.70317218,-7.365779525,Storfer 2023,1
10277,22.02575928,9.246556441,Storfer 2023,1
10279,24.5157,-21.9255,Storfer 2023,1
10282,27.8231,-35.7416,Storfer 2023,1
10283,29.30991276,-16.80736685,Storfer 2023,1
10286,30.47584092,-45.32820671,Storfer 2023,1
10287,30.7893,-20.285,Storfer 2023,1
10288,31.1972,15.4757,Storfer 2023,1
10289,33.56832955,-21.09336764,Storfer 2023,1
10290,38.138,-21.2902,Storfer 2023,1
10292,42.04070905,-39.9297516,Storfer 2023,1
10297,51.8647,-13.4416,Storfer 2023,1
10299,53.1876,-8.4334,Storfer 2023,1
10301,54.3808,-55.3028,Storfer 2023,1
10304,60.49149897,-48.75031889,Storfer 2023,1
10305,61.22658879,-26.98972119,Storfer 2023,1
10308,65.20099377,-56.51301275,Storfer 2023,1
10312,72.9777,0.105,Storfer 2023,1
10313,73.25735143,-41.66681522,Storfer 2023,1
10315,74.6339,-9.12,Storfer 2023,1
10319,85.36279885,-58.79749385,Storfer 2023,1
10320,85.87680379,-36.48627487,Storfer 2023,1
10321,91.18049141,-41.81029307,Storfer 2023,1
10325,110.3511495,39.38244201,Storfer 2023,1
10326,120.2369,36.0566,Storfer 2023,1
10327,125.1362,3.6948,Storfer 2023,1
10329,132.263209,15.58471864,Storfer 2023,1
10331,140.2180393,9.061597537,Storfer 2023,1
10333,147.1781,2.014272972,Storfer 2023,1
10335,170.0944587,19.32345458,Storfer 2023,1
10336,175.6113809,11.51306077,Storfer 2023,1
10339,188.692,23.0169,Storfer 2023,1
10340,191.9769,24.9899,Storfer 2023,1
10341,198.0033938,6.731820402,Storfer 2023,1
10342,198.7719,51.8175,Storfer 2023,1
10343,204.1932876,33.47770076,Storfer 2023,1
10344,205.1336948,-0.6272202776,Storfer 2023,1
10347,253.797241,59.95334559,Storfer 2023,1
10349,318.0893577,-48.02937115,Storfer 2023,1
10350,319.5030089,-8.688180344,Storfer 2023,1
10351,320.0441553,0.09942894353,Storfer 2023,1
10353,322.8424691,-58.99383007,Storfer 2023,1
10354,324.2094304,-62.68201997,Storfer 2023,1
10355,324.5035,-60.1317,Storfer 2023,1
10357,331.3224,-44.0698,Storfer 2023,1
10358,331.6647,13.3842,Storfer 2023,1
10361,337.6680706,-59.64422297,Storfer 2023,1
10366,343.632928,-50.48840085,Storfer 2023,1
10368,349.9367719,-40.21875452,Storfer 2023,1
10369,350.1422919,-54.45425385,Storfer 2023,1
10370,350.6816,-64.1651,Storfer 2023,1
10371,352.85,3.3898,Storfer 2023,1
10373,354.9215246,0.01215600098,Storfer 2023,1
10375,359.4514591,-64.42723639,Storfer 2023,1
10377,1.0912,-57.9693,Storfer 2023,1
10378,1.145512737,-42.53288885,Storfer 2023,1
10379,1.9847,-4.9329,Storfer 2023,1
10380,2.218932037,-33.58050953,Storfer 2023,1
10381,2.834612303,-8.764535939,Storfer 2023,1
10382,3.376754653,-41.72881852,Storfer 2023,1
10383,3.757286434,-53.13966545,Storfer 2023,1
10384,4.100464467,-27.83995039,Storfer 2023,1
10385,5.271234208,-28.6384899,Storfer 2023,1
10386,5.532183418,-10.18323433,Storfer 2023,1
10387,5.571383753,-0.6090947855,Storfer 2023,1
10389,5.739423943,6.906458106,Storfer 2023,1
10391,6.733636532,-59.08760276,Storfer 2023,1
10392,6.904787997,-6.015058371,Storfer 2023,1
10393,7.348565448,-57.48317268,Storfer 2023,1
10394,8.954346401,-29.68759501,Storfer 2023,1
10395,8.981,-23.1183,Storfer 2023,1
10396,9.195445518,-47.01143694,Storfer 2023,1
10397,9.242411895,-51.20865264,Storfer 2023,1
10398,9.437320218,-51.25247368,Storfer 2023,1
10402,10.30839271,-6.709190732,Storfer 2023,1
10403,10.55144405,-20.43566228,Storfer 2023,1
10405,11.08939553,-23.03678428,Storfer 2023,1
10406,11.13853835,-32.02333582,Storfer 2023,1
10409,11.82292669,-17.87476103,Storfer 2023,1
10410,12.26,-35.803,Storfer 2023,1
10411,12.7515,-59.8873,Storfer 2023,1
10412,13.2561991,-5.798834108,Storfer 2023,1
10413,13.25893281,18.36574416,Storfer 2023,1
10414,13.49286024,-41.67576678,Storfer 2023,1
10415,13.74586927,-22.06064725,Storfer 2023,1
10416,14.0919048,24.11510161,Storfer 2023,1
10417,14.17487557,-32.35974488,Storfer 2023,1
10419,14.38854389,-20.067425,Storfer 2023,1
10420,14.55320099,-52.85104685,Storfer 2023,1
10421,14.92926438,-17.27730442,Storfer 2023,1
10422,15.41901171,3.220204007,Storfer 2023,1
10423,15.79114142,-62.29417462,Storfer 2023,1
10424,16.12811361,-5.030745613,Storfer 2023,1
10425,16.27565187,-36.60084362,Storfer 2023,1
10426,16.37531295,-14.50539386,Storfer 2023,1
10429,17.39288735,-42.4210404,Storfer 2023,1
10430,17.54449352,-57.63086421,Storfer 2023,1
10431,17.82908486,-13.6739489,Storfer 2023,1
10432,18.5302,-50.3249,Storfer 2023,1
10433,18.726406,-61.65904065,Storfer 2023,1
10434,19.15477558,-10.80774991,Storfer 2023,1
10435,19.68040655,-6.933202871,Storfer 2023,1
10436,20.00570717,-44.53441098,Storfer 2023,1
10437,20.20842111,-10.9068837,Storfer 2023,1
10438,20.3649,-21.1749,Storfer 2023,1
10439,20.46633246,-18.12410517,Storfer 2023,1
10441,20.71832624,-18.24664809,Storfer 2023,1
10442,20.86746108,-58.77798888,Storfer 2023,1
10443,21.0585262,-40.20529605,Storfer 2023,1
10444,21.3378748,-15.42383545,Storfer 2023,1
10445,21.36081787,-49.62759522,Storfer 2023,1
10446,21.85523923,-61.48572215,Storfer 2023,1
10448,22.61064986,-50.95617292,Storfer 2023,1
10449,23.00604564,-62.59704784,Storfer 2023,1
10450,23.3331889,-50.18756756,Storfer 2023,1
10451,23.60715012,-29.94792892,Storfer 2023,1
10452,23.82827389,-41.41028905,Storfer 2023,1
10453,23.9662,-43.7509,Storfer 2023,1
10454,24.6132472,-16.72321381,Storfer 2023,1
10456,25.74562929,-43.14473977,Storfer 2023,1
10458,25.87401954,-60.04350325,Storfer 2023,1
10459,25.95329036,14.46196944,Storfer 2023,1
10460,25.98459996,-5.194663775,Storfer 2023,1
10461,25.99584554,-47.01048027,Storfer 2023,1
10462,26.17203751,10.14126219,Storfer 2023,1
10463,26.2277122,13.80500592,Storfer 2023,1
10464,26.328333,-29.09445427,Storfer 2023,1
10465,26.70070368,-42.61238783,Storfer 2023,1
10467,26.81302739,-7.37003684,Storfer 2023,1
10468,26.82287758,-21.17085696,Storfer 2023,1
10470,27.08932632,-48.49488935,Storfer 2023,1
10471,27.15629792,22.53936881,Storfer 2023,1
10472,27.18644184,-8.796074352,Storfer 2023,1
10473,27.21848298,-33.47496379,Storfer 2023,1
10474,27.28768322,-2.009268963,Storfer 2023,1
10476,27.95093831,-32.62056508,Storfer 2023,1
10477,28.10799605,-57.06655706,Storfer 2023,1
10478,28.136,-28.8878,Storfer 2023,1
10480,28.69586845,-53.32455343,Storfer 2023,1
10481,29.04354498,-53.66362616,Storfer 2023,1
10483,29.18019005,27.23648726,Storfer 2023,1
10484,29.37927811,22.31559146,Storfer 2023,1
10485,29.38167718,-48.2970599,Storfer 2023,1
10487,29.5419759,-36.30086872,Storfer 2023,1
10489,29.83052468,-51.01913586,Storfer 2023,1
10490,29.95436471,4.472388154,Storfer 2023,1
10491,30.09593269,8.102446993,Storfer 2023,1
10492,30.52635206,-13.31309213,Storfer 2023,1
10494,31.08489803,-54.08215229,Storfer 2023,1
10495,31.51793542,-49.63617137,Storfer 2023,1
10498,32.222,-32.0334,Storfer 2023,1
10499,32.3798,9.3159,Storfer 2023,1
10500,32.5284,4.051,Storfer 2023,1
10501,32.77135316,-4.333924231,Storfer 2023,1
10502,32.93192813,15.13250709,Storfer 2023,1
10504,33.1236,1.8781,Storfer 2023,1
10505,33.22376796,-57.12295329,Storfer 2023,1
10507,33.89307898,4.613692273,Storfer 2023,1
10508,34.12608471,-21.73379771,Storfer 2023,1
10509,34.22483319,-36.80045783,Storfer 2023,1
10510,34.26606296,-18.27286935,Storfer 2023,1
10511,34.43685613,-21.97616163,Storfer 2023,1
10512,34.61480116,-49.13198588,Storfer 2023,1
10513,34.94961522,14.85713316,Storfer 2023,1
10514,35.062608,-18.4517642,Storfer 2023,1
10515,35.12881848,0.7393387197,Storfer 2023,1
10519,35.75195677,-12.25270818,Storfer 2023,1
10520,35.77394871,6.850509485,Storfer 2023,1
10522,36.25458398,-59.1168891,Storfer 2023,1
10523,36.86683518,-62.99753058,Storfer 2023,1
10524,36.90621746,-10.65137711,Storfer 2023,1
10525,36.98191244,-53.04067976,Storfer 2023,1
10526,37.14342175,-63.00318534,Storfer 2023,1
10528,37.25466443,-44.36814064,Storfer 2023,1
10529,38.1795516,-49.23114123,Storfer 2023,1
10530,38.25325216,-2.382816096,Storfer 2023,1
10531,38.37556792,-6.861869349,Storfer 2023,1
10532,38.60845199,-21.71918551,Storfer 2023,1
10534,39.01665032,-31.70613337,Storfer 2023,1
10535,39.15095267,-12.09363264,Storfer 2023,1
10537,39.68119104,-25.40933753,Storfer 2023,1
10538,40.03106678,-28.77792511,Storfer 2023,1
10540,40.37477902,-28.44634432,Storfer 2023,1
10543,41.7152447,5.124322653,Storfer 2023,1
10544,42.61293335,-63.14554661,Storfer 2023,1
10545,42.7431812,-20.93587137,Storfer 2023,1
10546,43.09519796,-55.82479859,Storfer 2023,1
10548,43.43178493,-15.613191,Storfer 2023,1
10549,43.72965634,-5.230958941,Storfer 2023,1
10550,43.91311725,-39.83155131,Storfer 2023,1
10551,44.26169711,-58.91248905,Storfer 2023,1
10552,44.60557164,-19.30594035,Storfer 2023,1
10554,45.08627234,-35.60562983,Storfer 2023,1
10555,45.09426009,-7.686530225,Storfer 2023,1
10556,45.5977,-10.0764,Storfer 2023,1
10557,45.63272628,-50.06523014,Storfer 2023,1
10558,45.79077941,-21.32387982,Storfer 2023,1
10562,46.3839,-47.3234,Storfer 2023,1
10563,46.49147651,-32.50003339,Storfer 2023,1
10564,46.80175786,-23.27366166,Storfer 2023,1
10565,46.83631278,-8.296201056,Storfer 2023,1
10566,47.29786752,-37.40057344,Storfer 2023,1
10567,47.6065,-44.5002,Storfer 2023,1
10568,47.87043858,-39.19736637,Storfer 2023,1
10569,47.90106265,-19.74250249,Storfer 2023,1
10571,48.53600126,-22.67328007,Storfer 2023,1
10573,49.44712958,-43.16090299,Storfer 2023,1
10574,49.7685,-49.3621,Storfer 2023,1
10576,50.79058339,-37.8515367,Storfer 2023,1
10579,51.37798579,-48.42397821,Storfer 2023,1
10580,51.82129975,-17.3724305,Storfer 2023,1
10581,51.88356497,-36.75092197,Storfer 2023,1
10582,51.94345434,-24.43291865,Storfer 2023,1
10583,51.99785242,-54.82141737,Storfer 2023,1
10585,52.50856132,-38.03405032,Storfer 2023,1
10586,52.65121553,-29.82953682,Storfer 2023,1
10587,52.65819547,-12.76137605,Storfer 2023,1
10588,52.84513527,-38.9082638,Storfer 2023,1
10591,53.41,-18.6187,Storfer 2023,1
10592,53.56991042,-33.42049593,Storfer 2023,1
10593,53.75818085,-27.11448419,Storfer 2023,1
10594,54.0538,-44.9389,Storfer 2023,1
10595,54.42662494,-52.68413225,Storfer 2023,1
10596,54.66084205,-6.887415798,Storfer 2023,1
10597,56.0703828,-14.93668301,Storfer 2023,1
10598,56.68810113,-4.950756854,Storfer 2023,1
10600,57.23875577,-19.30433906,Storfer 2023,1
10601,57.25004076,-61.00304415,Storfer 2023,1
10602,58.41103283,-61.13692028,Storfer 2023,1
10603,58.65898506,-31.10548863,Storfer 2023,1
10604,58.67889935,-37.88095579,Storfer 2023,1
10605,59.0682671,-15.56160619,Storfer 2023,1
10606,59.0934,-57.6437,Storfer 2023,1
10608,59.34557323,-57.64832092,Storfer 2023,1
10609,59.34585691,-42.13202405,Storfer 2023,1
10610,60.41042363,-19.3347907,Storfer 2023,1
10613,60.90961419,-45.21632688,Storfer 2023,1
10614,60.91911835,-60.49849044,Storfer 2023,1
10615,61.80803931,-38.72378892,Storfer 2023,1
10616,61.8158,-9.3562,Storfer 2023,1
10617,62.15672869,-39.41414135,Storfer 2023,1
10618,62.42638643,-45.62408306,Storfer 2023,1
10619,62.5993,-40.4208,Storfer 2023,1
10620,62.68701238,-15.24122742,Storfer 2023,1
10621,63.26594378,-39.31523392,Storfer 2023,1
10622,63.41458908,-48.68654332,Storfer 2023,1
10623,63.90156954,-36.61656469,Storfer 2023,1
10624,64.26034767,-35.61361736,Storfer 2023,1
10625,64.61960528,-37.23585719,Storfer 2023,1
10626,64.77777532,-41.01645575,Storfer 2023,1
10627,64.88998517,-17.14500553,Storfer 2023,1
10628,65.32160389,0.8400190077,Storfer 2023,1
10629,65.9372,-54.5308,Storfer 2023,1
10631,67.22123249,-40.49086342,Storfer 2023,1
10632,67.8173326,-8.877883004,Storfer 2023,1
10633,68.02805215,-59.25871109,Storfer 2023,1
10634,68.21263007,-26.60253889,Storfer 2023,1
10635,68.575,-27.6977,Storfer 2023,1
10636,68.64840353,-23.40752214,Storfer 2023,1
10637,69.5737,-54.3223,Storfer 2023,1
10638,69.78183009,-37.39965712,Storfer 2023,1
10639,69.92561809,-39.56886631,Storfer 2023,1
10640,70.33877229,-20.0234574,Storfer 2023,1
10641,70.97519417,-43.60657392,Storfer 2023,1
10642,71.18426424,-47.17179647,Storfer 2023,1
10643,71.42145267,-33.46709681,Storfer 2023,1
10644,71.7034,-18.05,Storfer 2023,1
10645,71.75270537,-55.21580892,Storfer 2023,1
10646,71.85950725,-18.98630217,Storfer 2023,1
10647,71.89463289,-48.80667357,Storfer 2023,1
10648,72.83012432,-36.98332644,Storfer 2023,1
10649,72.8730662,-18.80626861,Storfer 2023,1
10650,72.93085537,-27.02487909,Storfer 2023,1
10651,72.94051444,-29.86239826,Storfer 2023,1
10655,74.29180901,-21.11014274,Storfer 2023,1
10656,74.44260117,-62.66387856,Storfer 2023,1
10658,75.12195899,-30.12140052,Storfer 2023,1
10659,75.14354813,-34.43461886,Storfer 2023,1
10660,75.49228064,-41.37372745,Storfer 2023,1
10661,75.83934648,-61.49616527,Storfer 2023,1
10662,76.2974,-43.1516,Storfer 2023,1
10663,76.4069,-21.1304,Storfer 2023,1
10665,76.95636768,-60.86286621,Storfer 2023,1
10666,77.04810879,-27.67533398,Storfer 2023,1
10667,77.92690381,-61.60068416,Storfer 2023,1
10668,78.192,-39.8101,Storfer 2023,1
10669,78.3095948,-52.50568399,Storfer 2023,1
10670,78.8260477,-41.4328259,Storfer 2023,1
10671,78.85325093,-42.78721506,Storfer 2023,1
10672,79.13185176,-37.8486589,Storfer 2023,1
10674,80.38352,-46.16272722,Storfer 2023,1
10676,81.2491,-51.5865,Storfer 2023,1
10678,82.0629,-29.7175,Storfer 2023,1
10679,83.71011722,-36.89053554,Storfer 2023,1
10680,83.88545754,-56.81381447,Storfer 2023,1
10681,84.81260834,-36.81627105,Storfer 2023,1
10684,85.60940856,-35.33374971,Storfer 2023,1
10685,86.30198711,-42.53913981,Storfer 2023,1
10686,86.31486405,-23.7609481,Storfer 2023,1
10687,86.3527,-35.7146,Storfer 2023,1
10691,89.87097027,-31.35911037,Storfer 2023,1
10692,90.28916624,-30.00360632,Storfer 2023,1
10693,92.5463,-46.3723,Storfer 2023,1
10694,92.72096129,-59.64006783,Storfer 2023,1
10695,92.835313,-47.97844075,Storfer 2023,1
10697,93.65575209,-60.28968774,Storfer 2023,1
10698,94.19275023,-43.92371305,Storfer 2023,1
10699,94.34546506,-55.14832371,Storfer 2023,1
10700,94.45856408,-48.57276535,Storfer 2023,1
10701,95.13143371,-54.79458073,Storfer 2023,1
10702,97.34119636,-57.20630804,Storfer 2023,1
10704,110.1106486,50.26586777,Storfer 2023,1
10705,113.1191,37.6175,Storfer 2023,1
10706,114.4052226,26.61318711,Storfer 2023,1
10707,118.7359248,26.79817173,Storfer 2023,1
10708,121.1101264,4.021659127,Storfer 2023,1
10709,124.4075425,2.141938012,Storfer 2023,1
10710,124.9993,53.94,Storfer 2023,1
10711,125.3369728,36.36276843,Storfer 2023,1
10712,125.6314346,25.59384225,Storfer 2023,1
10715,126.3327658,26.29365789,Storfer 2023,1
10716,130.8172895,14.61070588,Storfer 2023,1
10717,132.4296,29.7243,Storfer 2023,1
10718,132.8603,35.9706,Storfer 2023,1
10719,133.9504,26.5798,Storfer 2023,1
10720,135.9427322,12.62963612,Storfer 2023,1
10721,137.3028222,19.64405229,Storfer 2023,1
10723,140.0608,8.4668,Storfer 2023,1
10724,140.7115817,25.05369597,Storfer 2023,1
10725,142.9933,6.7123,Storfer 2023,1
10726,146.8428716,-4.04096839,Storfer 2023,1
10727,148.8881,12.9734,Storfer 2023,1
10728,149.9581,-3.4552,Storfer 2023,1
10729,150.1615739,24.37717748,Storfer 2023,1
10730,151.5924374,-3.625347257,Storfer 2023,1
10731,152.1583937,41.47508666,Storfer 2023,1
10732,152.2141255,22.1988095,Storfer 2023,1
10733,152.2413313,13.86235591,Storfer 2023,1
10734,152.7611,10.7874,Storfer 2023,1
10737,157.7479344,-6.765112609,Storfer 2023,1
10738,158.0661,31.8766,Storfer 2023,1
10739,158.4485349,19.59560075,Storfer 2023,1
10740,159.2550142,8.354619903,Storfer 2023,1
10741,159.8905,34.8575,Storfer 2023,1
10742,159.9411971,-8.443441995,Storfer 2023,1
10744,160.2350666,-1.066309703,Storfer 2023,1
10745,161.9672,-0.2256,Storfer 2023,1
10746,162.4706929,18.88762773,Storfer 2023,1
10747,163.2167452,5.349939895,Storfer 2023,1
10750,168.2248531,0.1789948616,Storfer 2023,1
10751,170.2473467,15.08426003,Storfer 2023,1
10752,172.3066695,15.47709606,Storfer 2023,1
10754,173.457727,24.92320889,Storfer 2023,1
10755,174.0277,-2.7165,Storfer 2023,1
10756,174.3445096,60.37226776,Storfer 2023,1
10757,175.2689,6.7161,Storfer 2023,1
10758,177.0355,-2.5655,Storfer 2023,1
10760,177.912198,20.45907284,Storfer 2023,1
10762,179.4994112,12.35430446,Storfer 2023,1
10764,182.0209615,30.54859548,Storfer 2023,1
10765,182.8847305,7.702036809,Storfer 2023,1
10766,183.4270501,25.05650084,Storfer 2023,1
10767,185.1417218,10.84212999,Storfer 2023,1
10768,187.5068984,18.35812696,Storfer 2023,1
10769,189.4532042,8.258993939,Storfer 2023,1
10770,190.1048,12.0238,Storfer 2023,1
10773,197.7103174,30.86780042,Storfer 2023,1
10774,198.0193779,11.7641664,Storfer 2023,1
10775,198.7053972,1.110632371,Storfer 2023,1
10777,199.5495625,28.7276399,Storfer 2023,1
10778,199.639779,31.22642367,Storfer 2023,1
10779,199.6808784,22.99630746,Storfer 2023,1
10780,200.7031826,31.65498721,Storfer 2023,1
10781,201.2657468,68.64613572,Storfer 2023,1
10783,205.4510469,25.33480408,Storfer 2023,1
10785,206.0410349,-9.727359524,Storfer 2023,1
10786,207.0285347,16.94826174,Storfer 2023,1
10787,211.4666,16.0271,Storfer 2023,1
10788,213.3099801,23.69911683,Storfer 2023,1
10789,215.0462711,-6.817235641,Storfer 2023,1
10791,218.8375877,-2.682395273,Storfer 2023,1
10792,219.5141897,49.12591641,Storfer 2023,1
10794,219.9203,8.8839,Storfer 2023,1
10796,220.7720965,19.51287417,Storfer 2023,1
10797,220.903167,3.01407408,Storfer 2023,1
10799,221.7905,-3.9699,Storfer 2023,1
10800,221.9129594,25.78841029,Storfer 2023,1
10801,223.6516861,22.77413205,Storfer 2023,1
10802,225.6773,24.1148,Storfer 2023,1
10803,227.1211662,26.06501171,Storfer 2023,1
10804,227.5140193,30.46607001,Storfer 2023,1
10805,227.5557653,2.78605525,Storfer 2023,1
10806,231.6729848,51.04179108,Storfer 2023,1
10808,247.208023,-0.9897353918,Storfer 2023,1
10809,248.2731,14.3865,Storfer 2023,1
10810,249.9702874,26.43454335,Storfer 2023,1
10812,251.4203029,13.42601492,Storfer 2023,1
10813,253.7866289,4.103402498,Storfer 2023,1
10814,253.8438293,36.08688945,Storfer 2023,1
10815,256.530927,58.8054184,Storfer 2023,1
10817,265.1568673,14.79473911,Storfer 2023,1
10818,267.7927,37.8846,Storfer 2023,1
10819,268.6394547,25.11019914,Storfer 2023,1
10820,270.9078642,24.77820578,Storfer 2023,1
10821,273.3239,32.3604,Storfer 2023,1
10824,299.3892003,-52.60669382,Storfer 2023,1
10825,303.5429036,-56.02906517,Storfer 2023,1
10826,303.9847914,-58.02287493,Storfer 2023,1
10828,309.7079541,5.135291255,Storfer 2023,1
10829,313.3734525,-44.60727294,Storfer 2023,1
10832,315.3648,-43.8107,Storfer 2023,1
10833,317.095403,-59.57199757,Storfer 2023,1
10835,318.2725816,-46.82233501,Storfer 2023,1
10836,319.1717877,-47.0175499,Storfer 2023,1
10837,320.4995009,-4.520958525,Storfer 2023,1
10838,323.6129,-46.1632,Storfer 2023,1
10839,323.8028836,-1.028774746,Storfer 2023,1
10840,323.9924089,-59.86726443,Storfer 2023,1
10842,325.1076387,-45.63386208,Storfer 2023,1
10843,325.1438,-64.8334,Storfer 2023,1
10844,325.4161,-44.4533,Storfer 2023,1
10846,326.236199,-42.23062398,Storfer 2023,1
10847,326.3426114,-53.66281774,Storfer 2023,1
10848,327.1983741,2.991665549,Storfer 2023,1
10852,331.3740683,-47.61822542,Storfer 2023,1
10853,331.8069,-52.0497,Storfer 2023,1
10854,333.9116973,-65.34365507,Storfer 2023,1
10856,335.7727557,-47.01051658,Storfer 2023,1
10857,335.7853415,-11.67825726,Storfer 2023,1
10858,336.1608314,-1.87605873,Storfer 2023,1
10859,336.4963753,-63.85524708,Storfer 2023,1
10860,336.5207815,-50.40019596,Storfer 2023,1
10861,336.6062218,19.66119573,Storfer 2023,1
10862,337.139,20.6249,Storfer 2023,1
10863,339.4410085,-2.376176772,Storfer 2023,1
10865,342.5326,-2.0146,Storfer 2023,1
10867,343.6268962,-0.5316789281,Storfer 2023,1
10870,346.2488244,-47.01591171,Storfer 2023,1
10872,346.5801,-59.10666965,Storfer 2023,1
10873,346.8316,-43.9934,Storfer 2023,1
10874,347.2548172,22.77107028,Storfer 2023,1
10875,348.2771044,-55.06863459,Storfer 2023,1
10876,348.4741,-9.1286,Storfer 2023,1
10877,349.0080894,-43.41900789,Storfer 2023,1
10878,349.7377,-61.252,Storfer 2023,1
10879,350.2975243,-61.0328902,Storfer 2023,1
10880,350.3457,-3.5082,Storfer 2023,1
10881,350.5678,28.5212,Storfer 2023,1
10882,352.0729774,-58.30411313,Storfer 2023,1
10885,353.7255768,-59.18935676,Storfer 2023,1
10889,354.429363,-4.96942752,Storfer 2023,1
10890,354.5359342,-47.05901585,Storfer 2023,1
10892,356.1792819,-2.652442289,Storfer 2023,1
10894,356.7964877,-45.48362268,Storfer 2023,1
10896,358.2098462,2.588321724,Storfer 2023,1
10897,358.825164,-60.5144136,Storfer 2023,1
10898,358.9003,-54.3106,Storfer 2023,1
10899,359.3627097,16.18682262,Storfer 2023,1
10901,359.9835836,-41.57010794,Storfer 2023,1
10902,0.06110460654,-5.950792162,Storfer 2023,1
10903,0.1062763106,-3.955862296,Storfer 2023,1
10904,0.1962629548,28.2100302,Storfer 2023,1
10905,0.2016545495,-46.05489145,Storfer 2023,1
10906,0.2511687122,-10.33960917,Storfer 2023,1
10907,0.2615670528,-37.32427148,Storfer 2023,1
10908,0.4993,-46.7225,Storfer 2023,1
10909,0.5290002836,-37.67454657,Storfer 2023,1
10910,0.7091524097,-55.62876193,Storfer 2023,1
10911,0.914437648,-58.95499353,Storfer 2023,1
10912,0.996175805,-14.42531028,Storfer 2023,1
10913,1.015728747,-45.88747301,Storfer 2023,1
10915,1.406406957,-11.8886493,Storfer 2023,1
10916,1.429433173,-50.91616991,Storfer 2023,1
10917,1.485799424,-9.657732973,Storfer 2023,1
10918,1.861490542,-33.70133398,Storfer 2023,1
10919,1.912022308,-40.97640123,Storfer 2023,1
10920,2.129581308,-35.62312555,Storfer 2023,1
10921,2.253241486,-56.22863912,Storfer 2023,1
10922,2.264368082,-8.30402669,Storfer 2023,1
10923,2.266405075,11.05392269,Storfer 2023,1
10924,2.383850726,4.563493877,Storfer 2023,1
10925,2.4656,-14.229,Storfer 2023,1
10926,2.54229231,-49.43734385,Storfer 2023,1
10927,2.830314464,-31.07537307,Storfer 2023,1
10928,3.020960031,-30.68474064,Storfer 2023,1
10929,3.277749584,-2.16497086,Storfer 2023,1
10931,3.357452376,10.99634425,Storfer 2023,1
10933,3.501783197,-5.235790133,Storfer 2023,1
10934,3.651331624,24.69129482,Storfer 2023,1
10935,3.847445819,-31.63131711,Storfer 2023,1
10936,3.928341526,-27.19479117,Storfer 2023,1
10938,4.028158199,-28.49980171,Storfer 2023,1
10939,4.068756565,-40.64036186,Storfer 2023,1
10940,4.073181177,-12.02519585,Storfer 2023,1
10942,4.594796915,-47.95199941,Storfer 2023,1
10943,4.6121,-37.6106,Storfer 2023,1
10944,5.243264871,-50.59638764,Storfer 2023,1
10945,5.26353151,26.12403734,Storfer 2023,1
10946,5.44884737,-4.973093591,Storfer 2023,1
10947,5.682222191,-1.18328117,Storfer 2023,1
10948,5.835200724,-2.874259958,Storfer 2023,1
10949,5.86542823,-55.45850767,Storfer 2023,1
10950,5.873623501,23.35857078,Storfer 2023,1
10951,6.2688,16.4821,Storfer 2023,1
10953,6.5986,-5.4348,Storfer 2023,1
10954,6.651051277,5.313761372,Storfer 2023,1
10955,6.751345018,-26.26729719,Storfer 2023,1
10956,7.090660481,-1.458052796,Storfer 2023,1
10957,7.308370618,-54.50515376,Storfer 2023,1
10958,7.50226397,-23.12511401,Storfer 2023,1
10959,7.5633,-41.9289,Storfer 2023,1
10961,8.041803296,-9.031340984,Storfer 2023,1
10962,8.156550527,-53.09079797,Storfer 2023,1
10963,8.264716897,1.847426307,Storfer 2023,1
10964,8.272501459,-50.85750105,Storfer 2023,1
10965,8.419494013,-46.5522271,Storfer 2023,1
10966,8.554722043,11.648847,Storfer 2023,1
10967,8.570824403,-41.75472758,Storfer 2023,1
10968,8.595038796,-39.57870485,Storfer 2023,1
10969,8.771271659,1.161777181,Storfer 2023,1
10970,8.83032386,-25.98437408,Storfer 2023,1
10971,8.865173041,-21.49016031,Storfer 2023,1
10972,8.88760806,4.423189674,Storfer 2023,1
10973,8.940288713,-62.96990205,Storfer 2023,1
10974,8.960905859,-65.11433854,Storfer 2023,1
10975,9.126469296,-50.52579627,Storfer 2023,1
10976,9.259082698,-27.48850428,Storfer 2023,1
10977,9.573585067,-64.59422834,Storfer 2023,1
10978,9.73388732,-58.38840419,Storfer 2023,1
10979,9.796264018,-2.956927772,Storfer 2023,1
10980,9.814803948,10.61170431,Storfer 2023,1
10981,9.816331605,-53.13551538,Storfer 2023,1
10982,9.990536731,-51.99573801,Storfer 2023,1
10983,10.02570042,-13.10466881,Storfer 2023,1
10984,10.27908207,-20.32427976,Storfer 2023,1
10986,10.5475,-40.7756,Storfer 2023,1
10987,10.56090376,-8.419853035,Storfer 2023,1
10988,10.65382968,6.413712825,Storfer 2023,1
10989,10.756,-16.489,Storfer 2023,1
10990,10.9963,-20.5453,Storfer 2023,1
10991,11.07403711,32.49492715,Storfer 2023,1
10992,11.41956035,-35.14135607,Storfer 2023,1
10993,11.46431686,16.00039263,Storfer 2023,1
10994,11.46692202,-10.08398088,Storfer 2023,1
10995,11.49478761,-33.24773459,Storfer 2023,1
10996,11.69543186,11.30716715,Storfer 2023,1
10997,11.8722,-56.786,Storfer 2023,1
10998,11.96648138,-31.31427395,Storfer 2023,1
10999,12.07231828,-18.14812835,Storfer 2023,1
11000,12.30739453,-25.64285773,Storfer 2023,1
11001,12.36785175,-18.00570724,Storfer 2023,1
11002,12.40253184,19.00515331,Storfer 2023,1
11003,12.44093632,-11.8112667,Storfer 2023,1
11004,12.52463367,-19.85887952,Storfer 2023,1
11005,12.71017061,-5.607058148,Storfer 2023,1
11006,12.72918004,-42.43556688,Storfer 2023,1
11007,13.029,-14.4634,Storfer 2023,1
11009,13.22708754,-30.62526447,Storfer 2023,1
11010,13.52021649,-30.96923953,Storfer 2023,1
11011,13.53757641,-47.09664801,Storfer 2023,1
11012,13.54980921,-27.64955633,Storfer 2023,1
11013,13.65294705,-16.81493397,Storfer 2023,1
11014,14.00367336,-16.99987349,Storfer 2023,1
11016,14.26667344,-32.37510471,Storfer 2023,1
11017,14.27108505,-12.35793102,Storfer 2023,1
11018,14.4704,2.9057,Storfer 2023,1
11019,14.6089791,-23.87752601,Storfer 2023,1
11020,14.61968955,-12.26649089,Storfer 2023,1
11021,14.65207857,-33.1403941,Storfer 2023,1
11022,14.69207342,-22.58589842,Storfer 2023,1
11023,15.00477743,-47.55109959,Storfer 2023,1
11025,15.14827615,-19.29757197,Storfer 2023,1
11026,15.20322533,-13.87285094,Storfer 2023,1
11028,15.3411,-19.0076,Storfer 2023,1
11030,15.37407075,-47.45301919,Storfer 2023,1
11032,15.44164576,-11.88512149,Storfer 2023,1
11033,15.5048,-61.3846,Storfer 2023,1
11034,15.56114415,-31.30642744,Storfer 2023,1
11035,15.56466987,-55.6342549,Storfer 2023,1
11036,15.608322,-22.14708672,Storfer 2023,1
11037,15.68102959,-18.95386788,Storfer 2023,1
11038,15.7203,-26.8256,Storfer 2023,1
11040,15.97703693,5.839172174,Storfer 2023,1
11041,16.06798405,-4.601670973,Storfer 2023,1
11042,16.17861511,-6.756638089,Storfer 2023,1
11044,16.43619958,-46.00609243,Storfer 2023,1
11045,16.44208621,-24.17531176,Storfer 2023,1
11047,16.52533166,-14.30648732,Storfer 2023,1
11048,16.56456537,-53.92944513,Storfer 2023,1
11049,17.03887467,4.106791302,Storfer 2023,1
11050,17.07476189,-16.21137348,Storfer 2023,1
11051,17.09347163,-19.3170584,Storfer 2023,1
11052,17.12120911,-27.98425763,Storfer 2023,1
11053,17.12805338,15.49958063,Storfer 2023,1
11054,17.31719498,-8.638430762,Storfer 2023,1
11055,17.4429001,1.333909871,Storfer 2023,1
11056,17.44546043,-37.69670439,Storfer 2023,1
11058,17.5839,-59.3677,Storfer 2023,1
11059,17.66673291,14.79270765,Storfer 2023,1
11060,17.7432384,-18.06823937,Storfer 2023,1
11061,17.99413162,-19.68945087,Storfer 2023,1
11062,18.11592304,-27.69908458,Storfer 2023,1
11064,18.36092869,6.095567771,Storfer 2023,1
11066,18.41289369,-22.02559311,Storfer 2023,1
11067,18.50455714,-43.3229961,Storfer 2023,1
11068,18.5135808,3.114895171,Storfer 2023,1
11069,18.60829827,-55.04522367,Storfer 2023,1
11070,18.61652323,-2.415809415,Storfer 2023,1
11071,18.70991032,-40.65783172,Storfer 2023,1
11072,18.88907367,-19.50059995,Storfer 2023,1
11073,18.93133144,-50.55834911,Storfer 2023,1
11074,19.04278335,-12.88694614,Storfer 2023,1
11075,19.19244905,-54.06581265,Storfer 2023,1
11076,19.2551255,-14.43189089,Storfer 2023,1
11077,19.28658749,-64.49737535,Storfer 2023,1
11078,19.46899397,-13.40651103,Storfer 2023,1
11080,19.513,4.5946,Storfer 2023,1
11082,19.57270516,-2.209000103,Storfer 2023,1
11084,19.67441862,5.870095804,Storfer 2023,1
11085,20.0023,-34.0247,Storfer 2023,1
11086,20.06082028,-62.07737799,Storfer 2023,1
11087,20.09036273,-16.50310228,Storfer 2023,1
11088,20.10042864,-51.08959093,Storfer 2023,1
11089,20.20954376,-22.74117952,Storfer 2023,1
11090,20.22234705,-10.97611295,Storfer 2023,1
11091,20.25279921,29.08340477,Storfer 2023,1
11092,20.34184138,-30.89558042,Storfer 2023,1
11093,20.60730683,-9.5446403,Storfer 2023,1
11094,20.69929212,-49.22843914,Storfer 2023,1
11095,20.72836766,-49.30494249,Storfer 2023,1
11097,20.92324936,-13.01821408,Storfer 2023,1
11098,20.96337669,-36.227669,Storfer 2023,1
11100,21.43435857,-21.05076402,Storfer 2023,1
11101,21.53566284,0.2455402804,Storfer 2023,1
11102,21.57318118,-25.60800285,Storfer 2023,1
11103,21.67434598,-16.3570221,Storfer 2023,1
11104,21.72090998,-64.19471179,Storfer 2023,1
11105,21.73899181,-15.97236981,Storfer 2023,1
11106,21.86250366,-27.99135286,Storfer 2023,1
11107,22.01849604,-6.543476555,Storfer 2023,1
11108,22.3413,-23.9114,Storfer 2023,1
11109,22.57198663,22.16508491,Storfer 2023,1
11110,22.73124734,-54.13641298,Storfer 2023,1
11111,22.9455,-60.2332,Storfer 2023,1
11112,22.9685686,-14.69814099,Storfer 2023,1
11113,23.10961755,-37.70725108,Storfer 2023,1
11114,23.22102865,-15.04619914,Storfer 2023,1
11115,23.25353429,-8.720768377,Storfer 2023,1
11116,23.26520131,-2.723016119,Storfer 2023,1
11117,23.50071493,-60.59590819,Storfer 2023,1
11118,23.68801895,17.37183978,Storfer 2023,1
11119,23.90788311,-16.19106061,Storfer 2023,1
11120,24.02186108,-11.13014378,Storfer 2023,1
11121,24.05204137,-11.24280035,Storfer 2023,1
11122,24.10331536,17.32605141,Storfer 2023,1
11124,24.2693,-46.0428,Storfer 2023,1
11125,24.56282028,-47.06743079,Storfer 2023,1
11126,24.79121838,-24.43079681,Storfer 2023,1
11127,24.8129,-7.5506,Storfer 2023,1
11128,24.85312432,-10.60781026,Storfer 2023,1
11129,24.89070463,1.339104473,Storfer 2023,1
11130,24.962,-61.9914,Storfer 2023,1
11132,25.04775675,8.592218276,Storfer 2023,1
11133,25.10166584,-27.91563046,Storfer 2023,1
11135,25.15493803,-43.74675413,Storfer 2023,1
11136,25.23708857,-30.7311347,Storfer 2023,1
11137,25.2789,-44.6739,Storfer 2023,1
11138,25.2913376,-64.19722785,Storfer 2023,1
11139,25.36009883,-50.87318673,Storfer 2023,1
11140,25.45161509,-30.60007733,Storfer 2023,1
11141,25.48046389,-38.43889575,Storfer 2023,1
11142,25.55529562,-52.29144901,Storfer 2023,1
11143,25.76856704,6.473586741,Storfer 2023,1
11144,25.82605046,2.892825605,Storfer 2023,1
11145,25.90846635,-18.86265139,Storfer 2023,1
11146,25.94803449,-3.47566124,Storfer 2023,1
11147,25.96324097,-52.45732544,Storfer 2023,1
11148,25.96466358,-26.05074611,Storfer 2023,1
11149,25.98901768,-0.3559683957,Storfer 2023,1
11150,26.1993,-25.3795,Storfer 2023,1
11151,26.21244963,29.68863038,Storfer 2023,1
11154,26.52184942,-9.163394453,Storfer 2023,1
11155,26.78890596,-40.47502849,Storfer 2023,1
11158,27.29085218,-4.669485548,Storfer 2023,1
11160,27.41242691,-29.20224232,Storfer 2023,1
11161,27.54054598,21.72762756,Storfer 2023,1
11163,27.83756484,-11.18414794,Storfer 2023,1
11164,27.90626956,-12.65443056,Storfer 2023,1
11165,27.96573572,-31.80423273,Storfer 2023,1
11166,27.98404013,-18.71171444,Storfer 2023,1
11167,28.06048463,-11.9903403,Storfer 2023,1
11168,28.09353069,-25.97805644,Storfer 2023,1
11169,28.26360453,-39.42751967,Storfer 2023,1
11171,28.31620416,-32.95934456,Storfer 2023,1
11172,28.37430773,-62.51950721,Storfer 2023,1
11173,28.3927,1.6365,Storfer 2023,1
11175,28.4654,9.1869,Storfer 2023,1
11176,28.4777,-33.8289,Storfer 2023,1
11177,28.49801604,-14.6512448,Storfer 2023,1
11178,28.76867064,-33.00405137,Storfer 2023,1
11179,29.13229309,20.04044183,Storfer 2023,1
11180,29.19785773,-37.02869058,Storfer 2023,1
11181,29.30068996,-11.26733207,Storfer 2023,1
11182,29.37679434,-2.489427897,Storfer 2023,1
11183,29.51051947,-1.023833758,Storfer 2023,1
11184,29.60767583,-47.2779043,Storfer 2023,1
11185,29.84308471,-46.67239534,Storfer 2023,1
11186,29.86832122,-33.16400965,Storfer 2023,1
11188,29.99837873,-63.71483599,Storfer 2023,1
11189,30.01118122,-3.906641034,Storfer 2023,1
11190,30.06706843,28.35696559,Storfer 2023,1
11191,30.30487808,-41.15982684,Storfer 2023,1
11192,30.31190661,-0.7580103378,Storfer 2023,1
11193,30.372228,-14.70515153,Storfer 2023,1
11194,30.44962386,-20.38429053,Storfer 2023,1
11197,30.97422632,12.46834094,Storfer 2023,1
11198,31.02812944,-12.2898163,Storfer 2023,1
11199,31.11085356,-19.71988608,Storfer 2023,1
11200,31.2886,-37.4712,Storfer 2023,1
11201,31.52570687,-37.63094192,Storfer 2023,1
11203,31.59713447,-29.37239985,Storfer 2023,1
11205,31.64676426,-8.89152938,Storfer 2023,1
11206,31.93508456,-64.35387074,Storfer 2023,1
11207,31.99675508,-10.87810183,Storfer 2023,1
11208,32.013,-43.2969,Storfer 2023,1
11209,32.08452649,-45.83923773,Storfer 2023,1
11210,32.35005239,-49.33218066,Storfer 2023,1
11211,32.41507567,-36.99131999,Storfer 2023,1
11213,32.6589,1.8087,Storfer 2023,1
11215,32.74672145,-28.8991661,Storfer 2023,1
11217,33.02700467,-25.67106574,Storfer 2023,1
11218,33.04917318,-28.24494547,Storfer 2023,1
11219,33.06932649,-43.07404016,Storfer 2023,1
11221,33.21081491,-21.46320472,Storfer 2023,1
11222,33.2962284,-26.09077062,Storfer 2023,1
11223,33.3148,-39.6708,Storfer 2023,1
11224,33.39029715,-44.48677364,Storfer 2023,1
11226,33.60966969,-46.59888717,Storfer 2023,1
11228,33.8239025,-0.2636505148,Storfer 2023,1
11229,33.89459897,-1.228592447,Storfer 2023,1
11230,33.96379645,-43.88115524,Storfer 2023,1
11231,34.02693279,-33.80946885,Storfer 2023,1
11232,34.23296281,-43.43084707,Storfer 2023,1
11233,34.28025071,-38.3187663,Storfer 2023,1
11234,34.36245766,-35.35626839,Storfer 2023,1
11235,34.39879609,-36.0311903,Storfer 2023,1
11236,34.42562552,-38.42738626,Storfer 2023,1
11239,34.70603332,-34.58847743,Storfer 2023,1
11240,34.72534398,-37.51209958,Storfer 2023,1
11241,34.76054182,0.08168890301,Storfer 2023,1
11242,34.7890458,-18.56402712,Storfer 2023,1
11243,34.80370917,-21.42343329,Storfer 2023,1
11244,34.82171457,-48.54023776,Storfer 2023,1
11246,35.14158613,-20.58034279,Storfer 2023,1
11247,35.21602837,-23.54386117,Storfer 2023,1
11248,35.32668999,-27.64219157,Storfer 2023,1
11249,35.43907058,-16.11548486,Storfer 2023,1
11250,35.55835766,-1.136955361,Storfer 2023,1
11251,35.5686,-36.9341,Storfer 2023,1
11252,35.67551701,-52.76913115,Storfer 2023,1
11253,35.75712237,-15.51528178,Storfer 2023,1
11254,35.79191748,-0.952504286,Storfer 2023,1
11256,36.03978865,-10.96882897,Storfer 2023,1
11257,36.07086398,-34.90792942,Storfer 2023,1
11259,36.13028929,-16.26922138,Storfer 2023,1
11260,36.18892129,-28.68121271,Storfer 2023,1
11261,36.28260916,-48.8492904,Storfer 2023,1
11262,36.4988654,-28.51282941,Storfer 2023,1
11263,36.92973246,-28.45404172,Storfer 2023,1
11264,36.98813536,-25.42902361,Storfer 2023,1
11265,37.09085094,-31.00032582,Storfer 2023,1
11266,37.14567983,9.752178195,Storfer 2023,1
11267,37.19235918,-18.1253424,Storfer 2023,1
11268,37.24458604,-57.19094886,Storfer 2023,1
11269,37.3106815,-26.59449717,Storfer 2023,1
11270,37.42882498,-12.13481703,Storfer 2023,1
11271,37.56861067,-42.98025769,Storfer 2023,1
11272,37.58070451,1.282755941,Storfer 2023,1
11274,37.81821538,-45.38406709,Storfer 2023,1
11275,37.8349294,-29.97915672,Storfer 2023,1
11276,38.03169483,0.2083331368,Storfer 2023,1
11278,38.0767696,-44.34862544,Storfer 2023,1
11279,38.08530361,-13.33825619,Storfer 2023,1
11280,38.18329768,-28.41032206,Storfer 2023,1
11281,38.24244204,-9.618679668,Storfer 2023,1
11282,38.25580199,17.15726201,Storfer 2023,1
11283,38.27346396,-6.885752764,Storfer 2023,1
11284,38.349,5.9994,Storfer 2023,1
11285,38.40908326,24.55545545,Storfer 2023,1
11286,38.45765924,-31.04616089,Storfer 2023,1
11287,38.56779805,-21.34403782,Storfer 2023,1
11288,38.6156141,-33.68828754,Storfer 2023,1
11289,38.64612366,-48.8853648,Storfer 2023,1
11292,39.16486979,0.4825883296,Storfer 2023,1
11294,39.42890764,-37.71929077,Storfer 2023,1
11295,39.44446995,-23.1918923,Storfer 2023,1
11296,39.4719,8.8363,Storfer 2023,1
11297,40.26662938,-50.11302743,Storfer 2023,1
11298,40.31843649,-61.1758021,Storfer 2023,1
11299,40.47953174,-23.34376458,Storfer 2023,1
11300,40.4872,-43.096,Storfer 2023,1
11302,40.56847808,-44.28964716,Storfer 2023,1
11303,40.60668053,-40.21677868,Storfer 2023,1
11304,40.6071,-50.525,Storfer 2023,1
11305,40.68870874,-31.29331957,Storfer 2023,1
11306,40.93939619,-11.70505253,Storfer 2023,1
11307,41.21533118,-42.45907558,Storfer 2023,1
11308,41.42070577,3.63549144,Storfer 2023,1
11309,41.53851184,-62.8498358,Storfer 2023,1
11310,41.55954259,-55.6476552,Storfer 2023,1
11311,41.62536444,-2.440940873,Storfer 2023,1
11312,41.65940776,-40.93248473,Storfer 2023,1
11313,41.81472918,-33.62853194,Storfer 2023,1
11314,41.83676663,5.745405382,Storfer 2023,1
11315,41.9210606,-45.07054612,Storfer 2023,1
11316,42.05554581,8.441517027,Storfer 2023,1
11317,42.0614881,-3.900199139,Storfer 2023,1
11318,42.2364,-7.4787,Storfer 2023,1
11319,42.25627139,-36.66164059,Storfer 2023,1
11320,42.31213505,-60.14931489,Storfer 2023,1
11321,42.56088906,3.074905106,Storfer 2023,1
11322,42.67422848,-58.16345508,Storfer 2023,1
11323,42.69488763,-51.66326262,Storfer 2023,1
11324,42.69667881,-16.79979725,Storfer 2023,1
11325,42.87093016,-43.29750531,Storfer 2023,1
11326,42.99458539,-37.54999087,Storfer 2023,1
11327,43.30537397,-9.925218264,Storfer 2023,1
11328,43.59753828,-1.795126724,Storfer 2023,1
11329,43.76108437,-55.68589054,Storfer 2023,1
11331,44.09439726,-10.38339388,Storfer 2023,1
11332,44.4251,-42.9771,Storfer 2023,1
11333,44.65993948,-38.98332854,Storfer 2023,1
11334,44.697026,-11.12177771,Storfer 2023,1
11335,44.73573898,-35.95896696,Storfer 2023,1
11336,44.7948,-53.6808,Storfer 2023,1
11337,44.87565491,-59.6900082,Storfer 2023,1
11338,44.8856,0.2318,Storfer 2023,1
11339,44.90710332,-27.33601645,Storfer 2023,1
11340,44.96383335,-61.24007989,Storfer 2023,1
11341,45.0486739,-8.491500925,Storfer 2023,1
11342,45.06998883,-39.78056784,Storfer 2023,1
11343,45.14725625,-11.04910027,Storfer 2023,1
11344,45.1727707,-44.82651027,Storfer 2023,1
11348,45.6667,-5.1412,Storfer 2023,1
11349,45.92984832,-46.81426894,Storfer 2023,1
11350,46.10831141,-63.24197674,Storfer 2023,1
11351,46.37359965,-27.89957774,Storfer 2023,1
11352,46.39298463,-28.03778599,Storfer 2023,1
11353,46.65901315,-57.54066774,Storfer 2023,1
11354,46.67410923,-12.90019642,Storfer 2023,1
11355,46.69905426,-50.3145483,Storfer 2023,1
11356,46.95854083,-19.79791055,Storfer 2023,1
11357,47.18882123,-41.76208568,Storfer 2023,1
11358,47.25147729,-42.0029007,Storfer 2023,1
11359,47.25289129,-42.39995831,Storfer 2023,1
11360,47.71308179,-9.813958003,Storfer 2023,1
11361,47.73824351,-56.4124804,Storfer 2023,1
11362,47.75699177,-9.736301871,Storfer 2023,1
11363,47.8338114,-29.09305745,Storfer 2023,1
11364,47.98818168,-43.88100254,Storfer 2023,1
11365,48.00109672,-14.20619317,Storfer 2023,1
11366,48.00509603,-7.368939165,Storfer 2023,1
11367,48.08872945,-29.76632271,Storfer 2023,1
11368,48.3770457,-27.94773631,Storfer 2023,1
11369,48.38002761,-57.61295186,Storfer 2023,1
11370,48.3900829,-14.3396301,Storfer 2023,1
11371,48.66489253,-24.90594771,Storfer 2023,1
11372,48.89246154,-44.13280075,Storfer 2023,1
11373,49.0313,-20.7766,Storfer 2023,1
11374,49.28119585,-38.36087208,Storfer 2023,1
11375,49.45322752,-57.76293197,Storfer 2023,1
11376,49.45863228,-46.58398602,Storfer 2023,1
11378,49.55021436,-31.78196559,Storfer 2023,1
11380,50.02627597,-62.79880598,Storfer 2023,1
11381,50.40923116,-51.83935616,Storfer 2023,1
11382,50.88970843,-15.47987514,Storfer 2023,1
11383,50.94495132,-27.45723487,Storfer 2023,1
11384,51.0093,-34.7217,Storfer 2023,1
11385,51.14475369,-1.246272859,Storfer 2023,1
11386,51.555972,-17.85269374,Storfer 2023,1
11387,51.58770205,-56.73136383,Storfer 2023,1
11388,51.95429008,-36.85236961,Storfer 2023,1
11389,52.00832621,-37.20489835,Storfer 2023,1
11390,52.0088501,-22.24530151,Storfer 2023,1
11391,52.03080557,-56.68737081,Storfer 2023,1
11392,52.09235027,-9.066651372,Storfer 2023,1
11393,52.17624955,-21.28538198,Storfer 2023,1
11394,52.33041935,-42.62556534,Storfer 2023,1
11395,52.59357721,-12.26871471,Storfer 2023,1
11396,52.6142514,-55.35681463,Storfer 2023,1
11397,52.68761873,-49.02961813,Storfer 2023,1
11398,52.761261,-61.9216418,Storfer 2023,1
11399,52.76791955,-22.42948791,Storfer 2023,1
11400,52.8653581,-48.0671552,Storfer 2023,1
11401,52.90783499,-59.79699397,Storfer 2023,1
11402,53.1463937,-1.338582983,Storfer 2023,1
11403,53.2269696,-8.985444366,Storfer 2023,1
11404,53.23463037,-40.86186874,Storfer 2023,1
11405,53.26359017,-48.34480391,Storfer 2023,1
11406,53.32423845,-13.45500533,Storfer 2023,1
11408,53.54556981,-14.30397827,Storfer 2023,1
11409,53.55216902,-11.0177589,Storfer 2023,1
11410,53.59638832,-59.16851702,Storfer 2023,1
11411,53.89122366,-9.102516189,Storfer 2023,1
11412,54.05532385,-21.61182019,Storfer 2023,1
11413,54.15840787,-42.56498705,Storfer 2023,1
11414,54.27885671,-60.18865405,Storfer 2023,1
11415,54.29342257,-63.8651085,Storfer 2023,1
11416,54.62519634,-18.16631649,Storfer 2023,1
11417,54.64229649,-40.86241004,Storfer 2023,1
11418,54.74379407,-52.4256052,Storfer 2023,1
11419,54.75353252,-33.52866991,Storfer 2023,1
11420,54.7652056,-36.83653508,Storfer 2023,1
11422,54.89838395,-4.229049328,Storfer 2023,1
11423,54.89996172,-37.1734186,Storfer 2023,1
11424,54.95178003,-38.73024784,Storfer 2023,1
11426,55.18342543,-27.5220113,Storfer 2023,1
11427,55.22210201,-29.12980519,Storfer 2023,1
11428,55.31024372,-27.44070695,Storfer 2023,1
11429,55.33802156,-33.25727333,Storfer 2023,1
11430,55.38934157,-21.10296226,Storfer 2023,1
11431,55.46968803,-56.6459017,Storfer 2023,1
11432,55.5096597,-23.28529277,Storfer 2023,1
11433,55.63734623,-39.72091617,Storfer 2023,1
11434,55.63824464,-33.53421806,Storfer 2023,1
11436,55.75838907,-20.13956921,Storfer 2023,1
11437,55.8461843,-35.01629985,Storfer 2023,1
11440,55.97810899,-18.47641467,Storfer 2023,1
11441,56.12354462,-47.80091731,Storfer 2023,1
11442,56.14218829,-37.41185646,Storfer 2023,1
11443,56.18855318,-64.35937961,Storfer 2023,1
11444,56.24660358,-14.22326416,Storfer 2023,1
11446,56.41475441,-20.07792269,Storfer 2023,1
11447,56.80856625,-53.10658637,Storfer 2023,1
11448,57.029153,-21.7598278,Storfer 2023,1
11450,57.17182188,-26.48761032,Storfer 2023,1
11452,57.39779139,-32.21624308,Storfer 2023,1
11453,57.58564128,-26.61305491,Storfer 2023,1
11454,57.66101683,-63.59979563,Storfer 2023,1
11455,57.68949714,-34.8874213,Storfer 2023,1
11456,57.76353779,-17.03099423,Storfer 2023,1
11457,57.76526455,-45.12930508,Storfer 2023,1
11458,57.88373078,-39.04650983,Storfer 2023,1
11459,58.1707,-44.5457,Storfer 2023,1
11460,58.21516542,-57.59489224,Storfer 2023,1
11462,58.44470648,-22.17585644,Storfer 2023,1
11463,58.62819485,-17.94470102,Storfer 2023,1
11464,58.9531,-31.8892,Storfer 2023,1
11465,58.96108829,-53.81826545,Storfer 2023,1
11466,59.07702991,-48.08813437,Storfer 2023,1
11467,59.10332163,-53.06713643,Storfer 2023,1
11468,59.21166568,-30.70167166,Storfer 2023,1
11469,59.22554113,-24.05864583,Storfer 2023,1
11470,59.28841862,-19.74967154,Storfer 2023,1
11471,59.40326836,-47.09791697,Storfer 2023,1
11472,59.42869751,-36.88503906,Storfer 2023,1
11473,59.48179684,-48.997916,Storfer 2023,1
11474,59.5967,-55.0211,Storfer 2023,1
11476,60.00881705,-13.19328083,Storfer 2023,1
11477,60.10840583,-55.51161926,Storfer 2023,1
11479,60.31209891,-44.04398361,Storfer 2023,1
11480,60.47563576,-49.99450698,Storfer 2023,1
11481,60.49574974,-42.37840716,Storfer 2023,1
11482,60.52023599,-7.874328825,Storfer 2023,1
11483,60.52228358,-54.4028616,Storfer 2023,1
11484,60.76483027,-10.22069233,Storfer 2023,1
11485,60.82830958,-55.14232084,Storfer 2023,1
11486,61.0026,-46.118,Storfer 2023,1
11487,61.37028406,-23.86661826,Storfer 2023,1
11489,61.47866056,-57.65409131,Storfer 2023,1
11490,61.5953284,-63.02461383,Storfer 2023,1
11491,61.71083155,-18.15519358,Storfer 2023,1
11492,61.75286805,-49.88996681,Storfer 2023,1
11493,61.84554518,-32.98683806,Storfer 2023,1
11494,61.91120201,-49.86472959,Storfer 2023,1
11495,62.0179,-17.5113,Storfer 2023,1
11496,62.15302009,-26.94899692,Storfer 2023,1
11497,62.27555494,-32.73374758,Storfer 2023,1
11498,62.43832952,-39.24061302,Storfer 2023,1
11499,62.55619898,-55.37423609,Storfer 2023,1
11500,62.58340648,-63.4043158,Storfer 2023,1
11501,62.60800819,-5.028555403,Storfer 2023,1
11503,63.75075499,-18.01457457,Storfer 2023,1
11504,63.90058224,-38.15335915,Storfer 2023,1
11505,63.99829149,-49.13878482,Storfer 2023,1
11506,64.00119287,-63.75572425,Storfer 2023,1
11507,64.01551748,-35.13197312,Storfer 2023,1
11508,64.03202395,-24.0774589,Storfer 2023,1
11509,64.14557578,-62.3849183,Storfer 2023,1
11510,64.19354941,-54.48147566,Storfer 2023,1
11511,64.23366821,-10.89704991,Storfer 2023,1
11512,64.6277,-57.3777,Storfer 2023,1
11513,64.6307834,-40.10988924,Storfer 2023,1
11514,64.79844747,-38.65422585,Storfer 2023,1
11515,65.05226812,-65.25088458,Storfer 2023,1
11516,65.12298887,-18.98646551,Storfer 2023,1
11517,65.32082962,-47.08531963,Storfer 2023,1
11518,65.37213085,-35.78774922,Storfer 2023,1
11519,65.38347385,-25.61688763,Storfer 2023,1
11520,66.12738718,-40.20935021,Storfer 2023,1
11521,66.36308564,-51.41076249,Storfer 2023,1
11522,66.59782445,-39.92473761,Storfer 2023,1
11523,66.89453128,-31.83707703,Storfer 2023,1
11524,66.90540309,-22.08029252,Storfer 2023,1
11525,66.9304,-46.7947,Storfer 2023,1
11526,67.25081776,-34.65543314,Storfer 2023,1
11528,67.46566529,-31.88680608,Storfer 2023,1
11529,67.60986034,-3.312414696,Storfer 2023,1
11530,67.94358064,-4.172090157,Storfer 2023,1
11531,68.22652811,-20.74871264,Storfer 2023,1
11532,68.3915,-18.7387,Storfer 2023,1
11533,68.52198187,-49.73085519,Storfer 2023,1
11534,68.68924752,-64.4139517,Storfer 2023,1
11535,68.71750042,-47.89204204,Storfer 2023,1
11536,68.74405507,-6.5560365,Storfer 2023,1
11537,68.85549076,-49.09822427,Storfer 2023,1
11538,68.93929328,-21.53124424,Storfer 2023,1
11539,69.10837358,-29.1258453,Storfer 2023,1
11540,69.42654702,-7.84067991,Storfer 2023,1
11541,69.45533866,-37.50706317,Storfer 2023,1
11542,69.51852652,-63.6496023,Storfer 2023,1
11543,69.87488379,-44.75508204,Storfer 2023,1
11544,69.88992452,-48.60558358,Storfer 2023,1
11545,69.90336064,-37.46000998,Storfer 2023,1
11546,69.9810778,-19.00301177,Storfer 2023,1
11547,70.01198903,-2.989120831,Storfer 2023,1
11548,70.13949792,-35.5224989,Storfer 2023,1
11549,70.15865094,-46.08270313,Storfer 2023,1
11550,70.2711,-33.308,Storfer 2023,1
11552,70.59177102,-56.08716157,Storfer 2023,1
11553,70.66151062,-6.713502072,Storfer 2023,1
11554,70.83310644,-60.7979483,Storfer 2023,1
11555,70.85760066,-22.69699975,Storfer 2023,1
11556,70.86018705,-59.67136113,Storfer 2023,1
11557,70.91405889,-47.78227132,Storfer 2023,1
11558,70.98420547,-53.74878773,Storfer 2023,1
11559,71.39001865,-37.86893738,Storfer 2023,1
11560,71.54013754,-2.505529454,Storfer 2023,1
11561,71.70059205,-24.43539487,Storfer 2023,1
11562,71.8645308,-19.9959307,Storfer 2023,1
11563,72.01073897,-38.01182098,Storfer 2023,1
11564,72.02626849,-29.90101827,Storfer 2023,1
11565,72.06772536,-8.732599444,Storfer 2023,1
11566,72.09793853,-40.28454855,Storfer 2023,1
11568,72.2876,-45.489,Storfer 2023,1
11570,72.32083129,-3.987962726,Storfer 2023,1
11571,72.32803121,-55.9842878,Storfer 2023,1
11572,72.43284267,-20.06366894,Storfer 2023,1
11573,72.75286895,-47.49591978,Storfer 2023,1
11574,72.76093541,-29.47460827,Storfer 2023,1
11576,72.83555473,-59.60277142,Storfer 2023,1
11577,72.94456492,-42.28831934,Storfer 2023,1
11578,72.96264399,-19.40375849,Storfer 2023,1
11579,73.04887287,-10.57465043,Storfer 2023,1
11580,73.23619618,-48.64052795,Storfer 2023,1
11581,73.3289,-54.6926,Storfer 2023,1
11582,73.48650092,-25.03764472,Storfer 2023,1
11583,73.48937762,-0.6699175689,Storfer 2023,1
11584,73.51002229,-43.99920758,Storfer 2023,1
11585,73.5101,-51.3394,Storfer 2023,1
11586,73.53342439,-25.01788154,Storfer 2023,1
11587,73.79085622,-45.68224954,Storfer 2023,1
11588,73.97393851,-8.177427053,Storfer 2023,1
11589,74.05085017,-37.58042154,Storfer 2023,1
11590,74.11103743,-45.67265801,Storfer 2023,1
11591,74.15761416,-40.63746373,Storfer 2023,1
11592,74.24912008,-19.62769832,Storfer 2023,1
11593,74.26914018,-28.27750079,Storfer 2023,1
11594,74.2937828,-61.88598767,Storfer 2023,1
11595,74.332201,-54.26511628,Storfer 2023,1
11598,74.44858921,-26.80354158,Storfer 2023,1
11600,74.55595084,-39.31231701,Storfer 2023,1
11601,74.55929422,-54.38842779,Storfer 2023,1
11602,74.68474105,-37.71664828,Storfer 2023,1
11604,74.81307642,-42.86564057,Storfer 2023,1
11605,74.86897782,-48.96714397,Storfer 2023,1
11606,74.92512196,-42.35233448,Storfer 2023,1
11607,75.14096208,-62.20636452,Storfer 2023,1
11608,75.62249834,-61.61756171,Storfer 2023,1
11609,75.66014948,-38.39702054,Storfer 2023,1
11610,75.73177283,-59.80736774,Storfer 2023,1
11613,76.10149995,-34.07853838,Storfer 2023,1
11614,76.11441125,-47.09089429,Storfer 2023,1
11615,76.18588194,-22.73904314,Storfer 2023,1
11616,76.24639982,-58.63177259,Storfer 2023,1
11618,76.97371704,-51.13936505,Storfer 2023,1
11619,77.16714443,-49.30154306,Storfer 2023,1
11620,77.21891147,-43.39411131,Storfer 2023,1
11621,77.2411599,-25.4872864,Storfer 2023,1
11622,77.53149726,-40.96010736,Storfer 2023,1
11623,77.57443972,-25.37798838,Storfer 2023,1
11624,77.65459601,-44.95686686,Storfer 2023,1
11625,77.83645181,-18.23629712,Storfer 2023,1
11626,77.96887318,-18.51101978,Storfer 2023,1
11627,78.09132067,-55.72360891,Storfer 2023,1
11628,78.30453454,-51.68263043,Storfer 2023,1
11629,78.51617067,-43.71513827,Storfer 2023,1
11630,78.8055155,-18.58779569,Storfer 2023,1
11631,78.88330332,-35.58072159,Storfer 2023,1
11632,78.93307859,-51.2425958,Storfer 2023,1
11633,79.02515306,-45.03194089,Storfer 2023,1
11635,79.49076985,-55.24249555,Storfer 2023,1
11636,79.5142,-61.1009,Storfer 2023,1
11637,79.55907742,-34.96969606,Storfer 2023,1
11638,79.96837392,-22.99247747,Storfer 2023,1
11639,80.18904324,-26.34673647,Storfer 2023,1
11640,80.24465177,-61.82660251,Storfer 2023,1
11641,80.39404723,-44.78844713,Storfer 2023,1
11643,80.73793981,-43.77595361,Storfer 2023,1
11644,80.91041223,-26.00224713,Storfer 2023,1
11645,81.2273864,-43.9751032,Storfer 2023,1
11646,81.35980922,-25.74861643,Storfer 2023,1
11647,81.78570113,-25.73374018,Storfer 2023,1
11648,82.352,-34.3146,Storfer 2023,1
11649,82.49111241,-34.99904114,Storfer 2023,1
11650,82.60478616,-50.53949958,Storfer 2023,1
11651,82.79172604,-44.47146306,Storfer 2023,1
11652,82.8197,-53.6166,Storfer 2023,1
11653,82.93246812,-49.51556648,Storfer 2023,1
11654,82.95154091,-41.07932766,Storfer 2023,1
11655,83.0071,-38.9895,Storfer 2023,1
11656,83.35211428,-24.1981897,Storfer 2023,1
11657,83.42246277,-59.86478862,Storfer 2023,1
11658,83.43240387,-28.30993775,Storfer 2023,1
11659,83.66982467,-19.36048717,Storfer 2023,1
11661,83.84543899,-26.71156763,Storfer 2023,1
11662,83.84789388,-27.82170378,Storfer 2023,1
11663,84.019,-39.7926,Storfer 2023,1
11664,84.14815385,-40.90262911,Storfer 2023,1
11665,84.20269955,-45.32200802,Storfer 2023,1
11666,84.84934526,-59.35861203,Storfer 2023,1
11667,85.06378124,-55.3705025,Storfer 2023,1
11668,85.0839575,-19.40975975,Storfer 2023,1
11669,85.15012589,-30.73028347,Storfer 2023,1
11670,85.30125841,-36.92956096,Storfer 2023,1
11671,85.36201121,-53.79019805,Storfer 2023,1
11672,85.6843978,-20.1946888,Storfer 2023,1
11673,85.70472038,-59.67355959,Storfer 2023,1
11674,85.81475741,-29.60786647,Storfer 2023,1
11675,86.36487986,-49.03987606,Storfer 2023,1
11676,86.50663532,-50.38826508,Storfer 2023,1
11677,86.57419343,-37.56882327,Storfer 2023,1
11679,86.74164996,-28.84592725,Storfer 2023,1
11680,86.91356995,-20.17659169,Storfer 2023,1
11681,87.04258137,-29.79380385,Storfer 2023,1
11682,87.06294545,-37.11914835,Storfer 2023,1
11685,87.3573,-24.9521,Storfer 2023,1
11686,87.56804084,-46.67615549,Storfer 2023,1
11687,87.60065999,-41.28772361,Storfer 2023,1
11688,87.88662712,-39.79352485,Storfer 2023,1
11689,87.91073835,-33.76647731,Storfer 2023,1
11690,88.33820592,-22.16226936,Storfer 2023,1
11691,88.4187,-31.7121,Storfer 2023,1
11692,88.4769663,-58.30356478,Storfer 2023,1
11694,89.60711754,-44.10765733,Storfer 2023,1
11695,89.6295,-39.2946,Storfer 2023,1
11696,89.74544848,-38.30388374,Storfer 2023,1
11697,90.14892676,-34.85345496,Storfer 2023,1
11698,90.19730785,-53.56650823,Storfer 2023,1
11699,90.3292707,-34.52059038,Storfer 2023,1
11700,90.56144426,-39.95162608,Storfer 2023,1
11702,91.65718726,-59.46473978,Storfer 2023,1
11703,91.878,-51.7613,Storfer 2023,1
11704,91.914,-31.8699,Storfer 2023,1
11705,92.06086164,-44.58233769,Storfer 2023,1
11706,92.1471,-61.5109,Storfer 2023,1
11708,92.40403409,-47.29693228,Storfer 2023,1
11709,92.66479592,-58.92135704,Storfer 2023,1
11711,93.17626378,-48.50424019,Storfer 2023,1
11712,93.41224704,-54.02605631,Storfer 2023,1
11713,94.11923896,-57.06005605,Storfer 2023,1
11714,94.1895,-59.6464,Storfer 2023,1
11715,94.32470579,-58.45266429,Storfer 2023,1
11716,94.51851062,-60.77051109,Storfer 2023,1
11717,94.6009,-48.9219,Storfer 2023,1
11718,94.64933131,-47.00699549,Storfer 2023,1
11719,95.16794303,-43.09108921,Storfer 2023,1
11720,95.25795726,79.65595704,Storfer 2023,1
11721,96.78629686,-49.19577621,Storfer 2023,1
11723,104.6025551,65.46494337,Storfer 2023,1
11724,105.5220909,44.81932299,Storfer 2023,1
11726,113.7119119,17.20441723,Storfer 2023,1
11727,115.1882251,23.65061156,Storfer 2023,1
11728,115.5442183,20.76037826,Storfer 2023,1
11729,118.7960954,9.736500678,Storfer 2023,1
11731,120.8080275,22.58314671,Storfer 2023,1
11732,120.973404,54.64524221,Storfer 2023,1
11733,121.118412,0.1987566604,Storfer 2023,1
11734,121.2039285,37.29497401,Storfer 2023,1
11735,124.8970889,28.51941654,Storfer 2023,1
11736,125.9418584,44.27802973,Storfer 2023,1
11737,126.6811973,6.627948873,Storfer 2023,1
11738,127.4740665,-6.528656031,Storfer 2023,1
11739,128.1153695,-0.1150364467,Storfer 2023,1
11740,128.6650399,5.554809674,Storfer 2023,1
11741,129.0556738,6.973288297,Storfer 2023,1
11744,130.8872354,-7.310588157,Storfer 2023,1
11745,131.4206942,-3.977070282,Storfer 2023,1
11746,131.4458,29.908,Storfer 2023,1
11747,131.840357,27.8800578,Storfer 2023,1
11748,131.8690023,19.07479654,Storfer 2023,1
11749,132.9765178,15.89083836,Storfer 2023,1
11750,133.2475548,8.859191145,Storfer 2023,1
11751,133.2771,47.2471,Storfer 2023,1
11753,136.8347962,-5.374224952,Storfer 2023,1
11754,137.0006196,30.17278399,Storfer 2023,1
11755,138.6670351,16.05574182,Storfer 2023,1
11756,139.2777,27.6079,Storfer 2023,1
11757,139.3987,38.7953,Storfer 2023,1
11758,139.800568,8.80843313,Storfer 2023,1
11759,140.6026932,0.6295677748,Storfer 2023,1
11760,141.8067291,36.90757878,Storfer 2023,1
11761,143.1006,11.513,Storfer 2023,1
11762,143.271682,60.67757264,Storfer 2023,1
11763,143.6418709,17.08562517,Storfer 2023,1
11764,145.9802782,67.27871837,Storfer 2023,1
11765,147.0379721,2.17493889,Storfer 2023,1
11766,147.2980467,-2.982472391,Storfer 2023,1
11767,148.1462133,13.46161111,Storfer 2023,1
11768,149.2146008,1.375129173,Storfer 2023,1
11769,149.2954909,-0.8358956703,Storfer 2023,1
11770,149.3328066,70.46486412,Storfer 2023,1
11772,149.6644346,7.167798895,Storfer 2023,1
11773,149.7959622,-4.041062146,Storfer 2023,1
11774,150.4862695,15.4208623,Storfer 2023,1
11775,150.5217146,11.65745683,Storfer 2023,1
11776,150.5779611,-4.556253867,Storfer 2023,1
11777,151.6389,-8.5848,Storfer 2023,1
11778,151.6855,-5.7829,Storfer 2023,1
11779,152.1617694,3.129273693,Storfer 2023,1
11780,152.1941194,-5.351320315,Storfer 2023,1
11781,152.3671474,-1.241431495,Storfer 2023,1
11783,155.0256231,3.298574869,Storfer 2023,1
11784,155.1597138,48.15846833,Storfer 2023,1
11785,155.2994348,7.535535364,Storfer 2023,1
11786,156.0348894,-6.395814171,Storfer 2023,1
11787,156.1243846,0.5736546491,Storfer 2023,1
11788,156.3936281,14.62838287,Storfer 2023,1
11789,157.1231775,9.667665398,Storfer 2023,1
11790,157.9841715,-8.959838967,Storfer 2023,1
11791,158.6230162,20.0952385,Storfer 2023,1
11793,159.3392,15.2812,Storfer 2023,1
11794,159.5831498,30.52679977,Storfer 2023,1
11796,160.7157954,18.88163505,Storfer 2023,1
11798,160.8622952,1.611301445,Storfer 2023,1
11799,161.3917441,13.89715872,Storfer 2023,1
11800,162.3107812,23.48155337,Storfer 2023,1
11801,163.2386629,8.028181627,Storfer 2023,1
11802,164.2857239,27.9088898,Storfer 2023,1
11803,164.3353363,20.59774379,Storfer 2023,1
11804,165.6004361,57.44383806,Storfer 2023,1
11805,166.0590273,-5.550684933,Storfer 2023,1
11806,166.4440554,15.39850971,Storfer 2023,1
11807,166.658454,55.66919827,Storfer 2023,1
11808,166.995365,5.775665436,Storfer 2023,1
11809,167.9945952,21.62299199,Storfer 2023,1
11810,168.7092,27.5616,Storfer 2023,1
11811,169.3118004,16.72162954,Storfer 2023,1
11812,170.8520764,15.18460822,Storfer 2023,1
11814,171.0560609,29.3501087,Storfer 2023,1
11815,171.1342751,25.68152424,Storfer 2023,1
11816,171.5811534,-8.350809948,Storfer 2023,1
11818,172.2076123,8.544036081,Storfer 2023,1
11819,172.2111627,21.39198272,Storfer 2023,1
11820,172.7031679,20.3186187,Storfer 2023,1
11821,173.055766,15.82287519,Storfer 2023,1
11822,174.0198236,8.370170656,Storfer 2023,1
11823,175.0655835,-8.447514395,Storfer 2023,1
11824,175.0968,13.6467,Storfer 2023,1
11825,175.7396236,12.38927832,Storfer 2023,1
11826,176.1722071,-7.677265167,Storfer 2023,1
11827,176.4783212,-6.042922225,Storfer 2023,1
11828,176.6736605,-5.760428607,Storfer 2023,1
11830,177.3966614,15.3679105,Storfer 2023,1
11831,178.1121995,-7.504853383,Storfer 2023,1
11832,179.2636515,-4.979471102,Storfer 2023,1
11833,179.4798043,29.06661841,Storfer 2023,1
11834,179.7409875,15.00535215,Storfer 2023,1
11835,179.7708336,5.688513496,Storfer 2023,1
11836,180.3221557,8.709985101,Storfer 2023,1
11838,180.7889796,26.04352851,Storfer 2023,1
11839,181.2379182,31.66905355,Storfer 2023,1
11840,182.2984237,27.07121706,Storfer 2023,1
11841,182.9740396,-2.838181611,Storfer 2023,1
11842,183.0498385,18.38340528,Storfer 2023,1
11844,183.5634796,13.40598601,Storfer 2023,1
11847,185.051054,4.113966275,Storfer 2023,1
11848,185.2190164,9.761658176,Storfer 2023,1
11849,185.277557,13.80773577,Storfer 2023,1
11850,185.2926916,10.88939526,Storfer 2023,1
11851,185.4569754,30.98302622,Storfer 2023,1
11852,186.3178122,19.2286807,Storfer 2023,1
11853,186.3329321,10.22893934,Storfer 2023,1
11854,186.7129881,21.83120525,Storfer 2023,1
11855,186.8041685,5.496824874,Storfer 2023,1
11856,186.8203601,26.67851953,Storfer 2023,1
11857,187.303378,13.04379235,Storfer 2023,1
11858,187.8231515,-6.775608348,Storfer 2023,1
11859,188.3870336,14.45502711,Storfer 2023,1
11860,188.4066216,14.35974642,Storfer 2023,1
11861,190.8635841,-5.971278569,Storfer 2023,1
11862,191.0392419,18.12229956,Storfer 2023,1
11863,191.1319111,21.75242506,Storfer 2023,1
11865,191.8963366,39.54919226,Storfer 2023,1
11866,191.9337866,35.68748428,Storfer 2023,1
11867,192.0570769,14.00564858,Storfer 2023,1
11868,192.8845733,9.640498343,Storfer 2023,1
11869,193.0419019,21.23185752,Storfer 2023,1
11870,193.316888,5.340874407,Storfer 2023,1
11871,194.0840028,26.27306269,Storfer 2023,1
11872,194.2562838,-4.027774877,Storfer 2023,1
11873,194.9567765,23.17713996,Storfer 2023,1
11875,195.0679483,31.01561251,Storfer 2023,1
11876,195.7274551,8.484925404,Storfer 2023,1
11877,197.2978,-3.776,Storfer 2023,1
11878,198.0553008,31.44744515,Storfer 2023,1
11880,198.6611886,32.63276129,Storfer 2023,1
11881,199.6448982,14.44166666,Storfer 2023,1
11882,199.8847797,10.12225608,Storfer 2023,1
11883,200.0591737,-8.362485541,Storfer 2023,1
11885,200.7282579,16.9570866,Storfer 2023,1
11886,200.7868043,-5.702447746,Storfer 2023,1
11887,201.0623728,50.09307945,Storfer 2023,1
11888,201.357162,24.41025118,Storfer 2023,1
11889,201.9291164,18.38264615,Storfer 2023,1
11890,202.7400127,27.82237285,Storfer 2023,1
11891,203.0500481,11.7618337,Storfer 2023,1
11892,203.2110537,19.52133984,Storfer 2023,1
11894,204.1293262,-8.25974383,Storfer 2023,1
11895,204.489924,26.72282219,Storfer 2023,1
11896,205.5671512,-3.333422246,Storfer 2023,1
11897,205.9953283,-8.384036059,Storfer 2023,1
11898,206.6031868,0.6996951514,Storfer 2023,1
11900,207.4115587,17.78834667,Storfer 2023,1
11901,207.4829602,30.25138098,Storfer 2023,1
11902,207.6812711,-3.49533133,Storfer 2023,1
11903,209.0507869,6.812267851,Storfer 2023,1
11904,209.5006,1.4393,Storfer 2023,1
11905,209.7167631,26.21473735,Storfer 2023,1
11906,209.8301347,-2.449247741,Storfer 2023,1
11907,209.958889,0.6509285365,Storfer 2023,1
11908,210.7336066,-7.100791104,Storfer 2023,1
11909,212.2948684,45.82001736,Storfer 2023,1
11910,213.234858,57.85753558,Storfer 2023,1
11911,213.5049923,4.92726843,Storfer 2023,1
11912,213.663,27.053,Storfer 2023,1
11913,214.3716923,9.145761948,Storfer 2023,1
11914,214.8427774,3.393608543,Storfer 2023,1
11915,214.9681799,23.24932972,Storfer 2023,1
11916,215.0134176,16.38687024,Storfer 2023,1
11917,215.3758055,29.63322418,Storfer 2023,1
11918,215.8289204,-6.62873251,Storfer 2023,1
11919,216.3815856,21.57114642,Storfer 2023,1
11921,217.7669351,4.96307532,Storfer 2023,1
11922,219.2414704,16.34749058,Storfer 2023,1
11924,219.6875971,14.90348108,Storfer 2023,1
11925,220.446404,11.897768,Storfer 2023,1
11926,222.5786177,21.97448842,Storfer 2023,1
11927,223.0015731,0.3432371494,Storfer 2023,1
11928,223.1208517,43.69742447,Storfer 2023,1
11929,223.5604556,-7.256869825,Storfer 2023,1
11930,224.3887645,35.70684088,Storfer 2023,1
11931,224.504271,17.33061032,Storfer 2023,1
11932,224.8978911,13.7645716,Storfer 2023,1
11933,225.3608205,-1.41711958,Storfer 2023,1
11935,225.70744,8.225037901,Storfer 2023,1
11937,226.5858634,-5.2416959,Storfer 2023,1
11938,227.6646626,-6.23905514,Storfer 2023,1
11939,227.8336776,5.653918927,Storfer 2023,1
11940,227.952991,-6.862217194,Storfer 2023,1
11941,230.0745446,66.78909472,Storfer 2023,1
11942,230.2535976,0.5588568139,Storfer 2023,1
11943,230.2597161,67.67103078,Storfer 2023,1
11944,230.340537,13.55600664,Storfer 2023,1
11945,230.3748098,10.39665978,Storfer 2023,1
11946,231.8769311,14.11663615,Storfer 2023,1
11947,232.1034377,9.765488216,Storfer 2023,1
11948,232.2364883,12.50170868,Storfer 2023,1
11949,232.3891233,6.075536079,Storfer 2023,1
11950,233.1291744,4.904772284,Storfer 2023,1
11951,233.2524616,5.385133826,Storfer 2023,1
11952,235.9968279,5.942435077,Storfer 2023,1
11953,236.5582004,65.30811937,Storfer 2023,1
11954,237.3855703,16.92594608,Storfer 2023,1
11955,238.1991313,2.09887333,Storfer 2023,1
11956,238.3202011,18.02051879,Storfer 2023,1
11957,238.8177968,15.23310103,Storfer 2023,1
11958,239.7642878,23.14132733,Storfer 2023,1
11959,240.0019778,18.25261735,Storfer 2023,1
11960,240.7506161,6.149223879,Storfer 2023,1
11961,242.4145647,7.832686276,Storfer 2023,1
11963,243.9505915,7.836065169,Storfer 2023,1
11964,244.0038722,3.36889029,Storfer 2023,1
11965,245.5707784,10.0955593,Storfer 2023,1
11966,245.814119,39.88782971,Storfer 2023,1
11967,246.2225587,9.539821293,Storfer 2023,1
11968,246.8514585,-0.5608308967,Storfer 2023,1
11969,248.0628752,25.68638554,Storfer 2023,1
11970,248.6008125,3.363803022,Storfer 2023,1
11971,248.8716509,29.73138073,Storfer 2023,1
11972,249.6296723,16.53851923,Storfer 2023,1
11973,250.3232317,9.9527634,Storfer 2023,1
11974,250.3352267,8.832677548,Storfer 2023,1
11975,251.4096645,5.164176466,Storfer 2023,1
11976,252.4201952,44.67296347,Storfer 2023,1
11978,254.4194831,1.088028647,Storfer 2023,1
11979,254.5417742,47.63775038,Storfer 2023,1
11981,255.6492774,48.73755935,Storfer 2023,1
11982,255.826831,22.99172994,Storfer 2023,1
11984,256.8652,4.9999,Storfer 2023,1
11986,260.4685476,8.50290232,Storfer 2023,1
11987,260.6829,20.7042,Storfer 2023,1
11988,262.8165127,24.19896695,Storfer 2023,1
11990,265.2161481,49.09586201,Storfer 2023,1
11991,265.4142173,19.08831855,Storfer 2023,1
11992,266.764789,24.61532549,Storfer 2023,1
11993,267.109,16.8124,Storfer 2023,1
11994,268.925408,19.92134962,Storfer 2023,1
11995,273.9700159,34.86357236,Storfer 2023,1
11996,283.1854938,53.11735121,Storfer 2023,1
11997,284.1608874,51.04351474,Storfer 2023,1
11998,284.8860103,58.24775207,Storfer 2023,1
12000,300.9201045,-55.80315349,Storfer 2023,1
12001,305.1216988,-57.09664856,Storfer 2023,1
12002,308.0691188,-42.61627273,Storfer 2023,1
12003,309.0107052,-47.06042721,Storfer 2023,1
12004,309.4735544,4.965528815,Storfer 2023,1
12006,310.5860733,-6.213612094,Storfer 2023,1
12007,310.9756078,-61.52660621,Storfer 2023,1
12009,311.7258737,-49.97771273,Storfer 2023,1
12012,313.2343902,-48.98028131,Storfer 2023,1
12013,313.3243105,-5.932429196,Storfer 2023,1
12014,313.748556,-40.08649835,Storfer 2023,1
12015,314.0678478,-9.490742037,Storfer 2023,1
12016,314.8677893,-62.20631373,Storfer 2023,1
12017,314.9219947,-50.3029374,Storfer 2023,1
12018,315.5396216,-48.00358858,Storfer 2023,1
12019,315.5650605,-48.00920047,Storfer 2023,1
12020,316.4195304,5.620547761,Storfer 2023,1
12022,317.2429929,12.23661824,Storfer 2023,1
12023,318.4704147,-49.93811916,Storfer 2023,1
12024,318.8623578,-47.61495264,Storfer 2023,1
12025,319.7438409,-48.14077105,Storfer 2023,1
12026,319.8796251,-0.5143091657,Storfer 2023,1
12027,319.8949299,7.116316099,Storfer 2023,1
12028,320.464883,-5.462318091,Storfer 2023,1
12029,320.5236613,0.4131166079,Storfer 2023,1
12030,320.9968242,-52.52841237,Storfer 2023,1
12032,321.4897567,-0.9886984668,Storfer 2023,1
12033,321.8802107,-51.84431376,Storfer 2023,1
12035,323.3773272,-48.82337001,Storfer 2023,1
12036,323.4361003,-60.85785509,Storfer 2023,1
12038,323.5327771,-62.724087,Storfer 2023,1
12039,323.8004254,-1.049571495,Storfer 2023,1
12040,324.0568325,4.021637417,Storfer 2023,1
12041,324.135141,-49.31301198,Storfer 2023,1
12042,324.4122347,-41.31045309,Storfer 2023,1
12043,324.5771175,-56.6459369,Storfer 2023,1
12044,324.6728366,-56.52944113,Storfer 2023,1
12046,326.6169062,2.352531089,Storfer 2023,1
12047,326.7382332,13.31420062,Storfer 2023,1
12049,326.8750965,14.40129144,Storfer 2023,1
12051,328.2941358,-51.96339165,Storfer 2023,1
12052,328.5146122,4.699751914,Storfer 2023,1
12053,328.6152517,1.791552149,Storfer 2023,1
12054,329.5068282,0.8214130444,Storfer 2023,1
12055,329.6017951,-60.97764313,Storfer 2023,1
12057,329.8200165,5.50220125,Storfer 2023,1
12059,330.8333486,-48.34846901,Storfer 2023,1
12060,331.0094656,-0.7861916051,Storfer 2023,1
12062,331.9280348,-0.01368647044,Storfer 2023,1
12064,332.9065,16.1976,Storfer 2023,1
12065,333.2185881,-61.6847237,Storfer 2023,1
12066,333.5034105,-46.10631929,Storfer 2023,1
12067,333.5483663,-60.72511509,Storfer 2023,1
12068,333.5563636,-53.65517954,Storfer 2023,1
12069,334.0193434,-12.37030099,Storfer 2023,1
12070,334.3724996,-59.06576585,Storfer 2023,1
12071,334.4254022,-41.87253865,Storfer 2023,1
12072,334.5457332,-56.05157044,Storfer 2023,1
12073,335.4276047,24.76577466,Storfer 2023,1
12074,335.6382259,-43.65092714,Storfer 2023,1
12075,336.0349612,-0.7341348902,Storfer 2023,1
12076,336.5508458,-2.591325018,Storfer 2023,1
12078,337.0519834,24.63962859,Storfer 2023,1
12080,338.0279605,23.15005462,Storfer 2023,1
12081,338.3450184,-56.00371807,Storfer 2023,1
12082,338.5454331,-46.47289307,Storfer 2023,1
12083,338.8589087,-50.40594275,Storfer 2023,1
12084,339.3932202,-8.005577673,Storfer 2023,1
12087,339.9535293,-53.46948062,Storfer 2023,1
12088,340.3380463,21.87455985,Storfer 2023,1
12089,341.2732732,-50.02038971,Storfer 2023,1
12090,341.3929133,-56.87257864,Storfer 2023,1
12091,341.4367,-57.3463,Storfer 2023,1
12092,342.5381,32.4497,Storfer 2023,1
12093,342.6463785,-44.43525645,Storfer 2023,1
12095,343.009197,-45.91210107,Storfer 2023,1
12096,343.026674,-42.97534186,Storfer 2023,1
12097,344.1133919,13.43758305,Storfer 2023,1
12098,344.2779371,-62.10703121,Storfer 2023,1
12099,344.5401817,-7.120416937,Storfer 2023,1
12100,344.6251872,-48.89774632,Storfer 2023,1
12102,344.8930276,-13.38033866,Storfer 2023,1
12104,345.6674,-55.4448,Storfer 2023,1
12105,345.888,-40.9378,Storfer 2023,1
12106,346.1907827,-55.96049463,Storfer 2023,1
12107,346.7101569,-40.8543633,Storfer 2023,1
12108,346.7269305,11.00091794,Storfer 2023,1
12109,346.7366,-49.6975,Storfer 2023,1
12110,346.8524,-54.6666,Storfer 2023,1
12111,347.2979746,-43.49491897,Storfer 2023,1
12112,347.580378,-50.35492188,Storfer 2023,1
12113,347.7496914,28.39530253,Storfer 2023,1
12114,348.2521102,-42.66906002,Storfer 2023,1
12115,348.9601754,-56.7116781,Storfer 2023,1
12116,349.1916563,-1.594758915,Storfer 2023,1
12117,349.3790166,10.54566859,Storfer 2023,1
12118,349.4298772,-49.76320475,Storfer 2023,1
12119,349.7117127,-53.5691179,Storfer 2023,1
12121,350.4287835,-47.18054394,Storfer 2023,1
12122,350.4611997,0.6258007402,Storfer 2023,1
12123,350.6454983,-61.23752457,Storfer 2023,1
12124,350.6999548,-54.62916098,Storfer 2023,1
12126,351.1666027,-49.36392029,Storfer 2023,1
12127,352.3160918,-46.49885587,Storfer 2023,1
12130,353.8603,-64.4917,Storfer 2023,1
12132,354.1841787,-5.284284935,Storfer 2023,1
12133,354.5570448,1.454179014,Storfer 2023,1
12134,354.7288631,-0.5559595078,Storfer 2023,1
12135,354.7733637,-10.01552104,Storfer 2023,1
12136,354.9310462,-47.74935421,Storfer 2023,1
12137,354.9561621,26.40869394,Storfer 2023,1
12138,355.1926071,1.354854028,Storfer 2023,1
12139,355.7611455,-47.47139341,Storfer 2023,1
12140,356.0899722,17.86514216,Storfer 2023,1
12141,356.5137274,12.46295632,Storfer 2023,1
12143,356.9337007,5.223507319,Storfer 2023,1
12144,357.0632,-1.1763,Storfer 2023,1
12145,357.1691843,-46.36200851,Storfer 2023,1
12146,357.6786137,-12.96247072,Storfer 2023,1
12148,358.909335,-56.5513414,Storfer 2023,1
12149,359.0974995,-48.19527215,Storfer 2023,1
12150,359.1324711,-38.75279937,Storfer 2023,1
12151,359.2308484,-48.89133671,Storfer 2023,1
12152,359.2633329,17.67495402,Storfer 2023,1
12153,359.3554053,-57.56132597,Storfer 2023,1
12155,25.98575,-10.1093611,S4TM,1
12156,29.8755833,-0.1034444,S4TM,1
12157,51.227125,-1.17475,S4TM,1
12158,51.0645417,0.7515278,S4TM,1
12159,118.4425417,34.2759722,S4TM,1
12160,118.6188333,19.4578056,S4TM,1
12161,119.4540833,19.9378611,S4TM,1
12162,126.6660417,56.5099722,S4TM,1
12163,131.8653333,23.8054167,S4TM,1
12164,132.9245417,5.0852778,S4TM,1
12165,140.2011667,30.47175,S4TM,1
12166,148.9895417,30.2474722,S4TM,1
12167,149.2284583,55.6630833,S4TM,1
12168,152.611625,31.4048889,S4TM,1
12169,157.8375417,30.4494167,S4TM,1
12170,160.24375,36.4412778,S4TM,1
12171,160.3451667,1.2066944,S4TM,1
12172,162.039125,13.2313611,S4TM,1
12173,162.789125,44.6523333,S4TM,1
12174,164.24,41.6873889,S4TM,1
12175,165.3046667,15.3943056,S4TM,1
12176,169.1735833,7.4959722,S4TM,1
12177,171.9112083,23.2123056,S4TM,1
12178,174.3691667,18.3034167,S4TM,1
12179,175.65925,25.1515,S4TM,1
12180,176.1671667,4.6140278,S4TM,1
12181,183.2655,29.5062222,S4TM,1
12182,195.3619583,8.5736667,S4TM,1
12183,202.6307917,17.8445556,S4TM,1
12184,210.79025,33.1549167,S4TM,1
12185,217.6448333,61.068,S4TM,1
12186,218.4650833,28.5878611,S4TM,1
12187,235.34275,36.7088333,S4TM,1
12188,235.9164167,22.0397778,S4TM,1
12189,237.54425,20.3370833,S4TM,1
12190,238.3172083,30.0737778,S4TM,1
12191,241.9187083,21.7863611,S4TM,1
12192,248.434,14.6985833,S4TM,1
12193,347.4431667,-0.6535833,S4TM,1
12194,351.1156667,1.0995833,S4TM,1
12195,255.92278,24.8611,SLACS,1
12196,215.06604,60.320780000000006,SLACS,1
12197,61.39756,-4.93122,SLACS,1
12198,138.81784,42.198,SLACS,1
12199,202.68971,-1.81156,SLACS,1
12200,350.33723,-9.65285,SLACS,1
12202,259.6558,64.41452,SLACS,1
12203,345.58409,-8.6804,SLACS,1
12204,166.69229,52.47718,SLACS,1
12205,180.98472,25.59698,SLACS,1
12206,157.34558,4.33384,SLACS,1
12209,202.91804,36.46999,SLACS,1
12210,130.37001999999998,38.40381,SLACS,1
12212,159.43761999999998,35.291940000000004,SLACS,1
12213,183.41915,67.14137,SLACS,1
12214,218.0556,63.284380000000006,SLACS,1
12215,222.86745,-2.66012,SLACS,1
12216,149.93361000000002,4.17139,SLACS,1
12217,125.05358,48.79363,SLACS,1
12218,158.14937,53.37634,SLACS,1
12219,220.83174,3.06897,SLACS,1
12220,184.61121,8.51398,SLACS,1
12221,251.17951,26.42377,SLACS,1
12222,339.66667,-7.91556,SLACS,1
12223,325.47783,-0.02009,SLACS,1
12224,234.55384,58.28606,SLACS,1
12226,173.52456,60.45375,SLACS,1
12227,199.88538,15.0739,SLACS,1
12228,345.84052,14.37165,SLACS,1
12229,157.36471,61.25146,SLACS,1
12230,165.78421,53.3745,SLACS,1
12231,232.95863,-1.09601,SLACS,1
12232,173.77867,37.33997,SLACS,1
12234,181.18363,3.96845,SLACS,1
12235,154.098891114,38.9777499948,SLACS,1
12236,169.39739,47.06873,SLACS,1
12238,243.65725,45.38149,SLACS,1
12239,178.29494,46.20147,SLACS,1
12241,355.99529,-0.50622,SLACS,1
12242,219.02345,36.67977,SLACS,1
12243,198.26216,46.25378,SLACS,1
12244,355.29822,0.00518,SLACS,1
12247,155.88436000000002,42.50053,SLACS,1
12248,124.88305,45.57912,SLACS,1
12249,9.4705016657,-9.7045899992,SLACS,1
12250,244.6796,43.89095,SLACS,1
12251,210.61757000000003,63.3593,SLACS,1
12252,112.02062,38.59049,SLACS,1
12253,246.94352,-0.8993200000000001,SLACS,1
12254,181.41848,49.174828000000005,SLACS,1
12255,122.24493,47.11079,SLACS,1
12256,175.73893,10.01996,SLACS,1
12260,249.01089,47.12488,SLACS,1
12261,345.22143,0.37724,SLACS,1
12262,192.61772,5.39698,SLACS,1
12263,194.82942,61.56905,SLACS,1
12264,149.75403,44.2776,SLACS,1
12266,149.12406,51.00186,SLACS,1
12267,125.67633,26.87876,SLACS,1
12268,245.38744,39.52908,SLACS,1
12269,247.61733,45.34342,SLACS,1
12270,168.21084,8.43623,SLACS,1
12272,155.11059,11.3781,SLACS,1
12273,217.51704,41.0992,SLACS,1
12274,219.11476,-0.00811,SLACS,1
12275,17.390539999999998,15.00903,SLACS,1
12276,214.09311,51.60846,SLACS,1
12277,165.10161000000002,53.487190000000005,SLACS,1
12278,114.36855,32.27183,SLACS,1
12280,257.41233,23.40235,SLACS,1
12282,52.55052,-0.34775,SLACS,1
12283,231.2779,33.46318,SLACS,1
12284,356.86701,-0.08924,SLACS,1
12285,135.81327,41.26921,SLACS,1
12290,159.9215,-0.240139,BELLS,1
12292,138.819167,-0.916833,BELLS,1
12294,116.8948,44.81648,BELLS,1
12295,116.85052,50.92708,BELLS,1
12296,207.29292,36.21104,BELLS,1
12299,154.242875,-2.142583,BELLS,1
12300,206.1165,32.9735,BELLS,1
12301,242.79083,17.09072,BELLS,1
12302,234.376125,2.343583,BELLS,1
12303,120.27208,47.46376,BELLS,1
12305,125.37775,37.558528,BELLS,1
12306,27.78072,0.81916,BELLS,1
12307,236.26489,27.80147,BELLS,1
12309,185.46632,38.10293,BELLS,1
12312,130.225792,50.86475,BELLS,1
12313,130.340583,50.289,BELLS,1
12315,223.246417,33.397056,BELLS,1
12317,204.4638,36.33835,BELLS,1
12319,225.940375,32.428361,BELLS,1
12323,145.261208,-1.067361,BELLS,1
12326,115.707024,33.696941,BELLSG,1
12327,186.735245,54.960846,BELLSG,1
12331,337.107361,12.084431,BELLSG,1
12333,180.495941,47.72311,BELLSG,1
12336,7.364118,25.73383,BELLSG,1
12341,175.88107,-1.752222,SLACSe,1
12342,217.505375,41.078,SLACSe,1
12343,183.444042,67.142583,SLACSe,1
12344,114.401667,32.261194,SLACSe,1
12346,31.2392,-11.0526,Gavazzi2014,1
12347,31.3527,-9.5065,Gavazzi2014,1
12348,32.2708,-5.9247,Gavazzi2014,1
12349,33.0273,-7.9245,Gavazzi2014,1
12354,33.9152,-6.3218,Gavazzi2014,1
12362,36.7866,-6.9125,Gavazzi2014,1
12363,38.1609,-4.8301,Gavazzi2014,1
12367,133.7648,-2.602,Gavazzi2014,1
12369,133.9996,-4.1549,Gavazzi2014,1
12370,134.6317,-3.8751,Gavazzi2014,1
12371,209.7272,56.0639,Gavazzi2014,1
12372,209.9567,55.5973,Gavazzi2014,1
12373,210.3466,55.9515,Gavazzi2014,1
12374,210.4849,55.7463,Gavazzi2014,1
12375,211.2269,52.0068,Gavazzi2014,1
12378,212.1906,51.8205,Gavazzi2014,1
12379,212.9043,56.8553,Gavazzi2014,1
12380,215.2494,56.5021,Gavazzi2014,1
12381,216.1354,55.0055,Gavazzi2014,1
12382,218.4209,51.3978,Gavazzi2014,1
12384,333.5723,1.3154,Gavazzi2014,1
12388,30.2043,-10.0135,Gavazzi2014,1
12389,30.2666,-3.8181,Gavazzi2014,1
12391,30.451,-8.6723,Gavazzi2014,1
12392,30.4608,-6.8766,Gavazzi2014,1
12393,30.4608,-10.6366,Gavazzi2014,1
12394,30.4678,-4.1842,Gavazzi2014,1
12395,30.5049,-6.5945,Gavazzi2014,1
12396,30.5353,-10.3351,Gavazzi2014,1
12397,30.6355,-7.3009,Gavazzi2014,1
12398,30.6764,-8.3537,Gavazzi2014,1
12399,30.7845,-10.1616,Gavazzi2014,1
12400,30.8688,-6.9555,Gavazzi2014,1
12402,30.9223,-7.7897,Gavazzi2014,1
12403,30.9269,-3.892,Gavazzi2014,1
12404,30.9476,-11.2003,Gavazzi2014,1
12405,30.9739,-10.1176,Gavazzi2014,1
12406,31.0208,-7.2386,Gavazzi2014,1
12407,31.0368,-6.2019,Gavazzi2014,1
12408,31.0875,-6.1613,Gavazzi2014,1
12409,31.1071,-6.0699,Gavazzi2014,1
12410,31.1768,-8.1141,Gavazzi2014,1
12411,31.2131,-10.1106,Gavazzi2014,1
12412,31.3269,-8.7567,Gavazzi2014,1
12413,31.346,-8.0847,Gavazzi2014,1
12414,31.428,-8.5732,Gavazzi2014,1
12415,31.5054,-4.5972,Gavazzi2014,1
12416,31.5072,-11.0481,Gavazzi2014,1
12417,31.5153,-9.7317,Gavazzi2014,1
12418,31.5369,-4.1578,Gavazzi2014,1
12420,31.7073,-9.8328,Gavazzi2014,1
12421,31.7162,-7.8916,Gavazzi2014,1
12422,31.967,-8.2997,Gavazzi2014,1
12423,32.0709,-7.5162,Gavazzi2014,1
12425,32.1184,-4.9476,Gavazzi2014,1
12426,32.1414,-7.4097,Gavazzi2014,1
12427,32.2016,-7.6427,Gavazzi2014,1
12428,32.2098,-7.0382,Gavazzi2014,1
12429,32.2311,-9.0228,Gavazzi2014,1
12433,32.3577,-7.4565,Gavazzi2014,1
12434,32.5018,-10.2156,Gavazzi2014,1
12435,32.5065,-7.78,Gavazzi2014,1
12436,32.5158,-5.6685,Gavazzi2014,1
12437,32.6056,-4.5522,Gavazzi2014,1
12438,32.6498,-8.4771,Gavazzi2014,1
12439,32.6706,-7.7138,Gavazzi2014,1
12440,32.7415,-6.2107,Gavazzi2014,1
12441,32.7568,-8.932,Gavazzi2014,1
12442,32.8297,-11.0524,Gavazzi2014,1
12443,32.8405,-4.2803,Gavazzi2014,1
12444,32.8381,-8.3982,Gavazzi2014,1
12445,32.8438,-10.8308,Gavazzi2014,1
12446,32.8521,-6.6642,Gavazzi2014,1
12447,32.9801,-7.9185,Gavazzi2014,1
12448,33.0569,-5.8138,Gavazzi2014,1
12449,33.0948,-4.334,Gavazzi2014,1
12450,33.0972,-3.7586,Gavazzi2014,1
12451,33.118,-7.7664,Gavazzi2014,1
12452,33.1264,-7.7909,Gavazzi2014,1
12453,33.1569,-9.1939,Gavazzi2014,1
12454,33.2337,-4.2654,Gavazzi2014,1
12455,33.2644,-6.7005,Gavazzi2014,1
12456,33.2756,-10.3406,Gavazzi2014,1
12457,33.3496,-6.8696,Gavazzi2014,1
12458,33.362,-9.1052,Gavazzi2014,1
12459,33.6247,-7.1295,Gavazzi2014,1
12460,33.6643,-9.4421,Gavazzi2014,1
12461,33.8968,-8.0024,Gavazzi2014,1
12462,33.9504,-3.7979,Gavazzi2014,1
12463,34.0582,-6.3161,Gavazzi2014,1
12464,34.2113,-3.9968,Gavazzi2014,1
12465,34.3096,-8.3194,Gavazzi2014,1
12467,34.3578,-8.8872,Gavazzi2014,1
12468,34.5433,-9.1651,Gavazzi2014,1
12470,34.612,-7.291,Gavazzi2014,1
12471,34.6228,-6.1266,Gavazzi2014,1
12472,34.8214,-7.0444,Gavazzi2014,1
12473,34.847,-5.6451,Gavazzi2014,1
12474,34.917,-7.9158,Gavazzi2014,1
12476,34.9978,-4.102,Gavazzi2014,1
12477,35.0221,-3.9719,Gavazzi2014,1
12478,35.0688,-10.4129,Gavazzi2014,1
12479,35.1927,-10.1005,Gavazzi2014,1
12480,35.3684,-6.9981,Gavazzi2014,1
12481,35.3899,-7.8774,Gavazzi2014,1
12482,35.5504,-5.4362,Gavazzi2014,1
12483,35.6883,-10.1535,Gavazzi2014,1
12484,35.9811,-10.9217,Gavazzi2014,1
12485,35.9971,-7.5671,Gavazzi2014,1
12486,36.1191,-4.7397,Gavazzi2014,1
12487,36.2421,-5.0312,Gavazzi2014,1
12488,36.3644,-3.8579,Gavazzi2014,1
12490,36.4992,-9.3124,Gavazzi2014,1
12491,36.5152,-9.7643,Gavazzi2014,1
12492,36.5486,-4.113,Gavazzi2014,1
12493,36.5508,-7.3447,Gavazzi2014,1
12494,36.5744,-10.6246,Gavazzi2014,1
12495,36.6385,-3.818,Gavazzi2014,1
12496,36.6573,-7.6077,Gavazzi2014,1
12497,36.7455,-8.0105,Gavazzi2014,1
12498,36.7871,-8.9648,Gavazzi2014,1
12499,37.0727,-8.0452,Gavazzi2014,1
12500,37.0851,-9.7378,Gavazzi2014,1
12501,37.0906,-8.8675,Gavazzi2014,1
12502,37.1435,-7.6677,Gavazzi2014,1
12503,37.1431,-8.7207,Gavazzi2014,1
12505,37.3097,-8.0877,Gavazzi2014,1
12507,37.3498,-10.7403,Gavazzi2014,1
12508,37.4263,-4.2582,Gavazzi2014,1
12509,37.542,-11.0694,Gavazzi2014,1
12510,37.6092,-4.7819,Gavazzi2014,1
12511,37.6307,-6.851,Gavazzi2014,1
12512,37.6981,-11.0363,Gavazzi2014,1
12513,37.7056,-9.6946,Gavazzi2014,1
12514,37.8937,-4.8229,Gavazzi2014,1
12516,37.9501,-10.1011,Gavazzi2014,1
12517,37.9618,-4.2917,Gavazzi2014,1
12518,37.9685,-10.5025,Gavazzi2014,1
12519,38.2014,-6.556,Gavazzi2014,1
12520,38.2216,-8.5769,Gavazzi2014,1
12522,38.3417,-5.8674,Gavazzi2014,1
12524,38.6329,-9.9435,Gavazzi2014,1
12525,38.6843,-6.8091,Gavazzi2014,1
12526,38.7968,-5.2978,Gavazzi2014,1
12527,132.16,-3.8887,Gavazzi2014,1
12529,132.3383,-2.7588,Gavazzi2014,1
12530,132.354,-3.2559,Gavazzi2014,1
12531,132.4216,-5.2808,Gavazzi2014,1
12532,132.499,-2.8619,Gavazzi2014,1
12533,132.5397,-2.7842,Gavazzi2014,1
12534,132.5784,-2.5447,Gavazzi2014,1
12535,132.6658,-2.9162,Gavazzi2014,1
12536,132.6918,-4.2496,Gavazzi2014,1
12537,132.8989,-4.249,Gavazzi2014,1
12538,133.0161,-4.0198,Gavazzi2014,1
12539,133.1381,-5.2506,Gavazzi2014,1
12540,133.3233,-2.0535,Gavazzi2014,1
12542,133.7865,-3.102,Gavazzi2014,1
12543,134.3052,-4.636,Gavazzi2014,1
12544,134.3328,-2.6355,Gavazzi2014,1
12545,134.4549,-2.5821,Gavazzi2014,1
12546,134.5704,-3.1652,Gavazzi2014,1
12547,134.78,-4.3631,Gavazzi2014,1
12548,134.8003,-3.3801,Gavazzi2014,1
12549,134.9723,-4.2986,Gavazzi2014,1
12550,135.0805,-1.7961,Gavazzi2014,1
12551,135.1506,-5.329,Gavazzi2014,1
12552,135.4761,-3.6795,Gavazzi2014,1
12553,135.5702,-1.6828,Gavazzi2014,1
12554,135.5743,-1.8585,Gavazzi2014,1
12555,136.5195,-3.9365,Gavazzi2014,1
12556,136.6269,-4.5435,Gavazzi2014,1
12557,136.7089,-3.5191,Gavazzi2014,1
12558,136.7761,-1.5153,Gavazzi2014,1
12559,208.7649,56.7465,Gavazzi2014,1
12560,208.9682,55.9684,Gavazzi2014,1
12561,209.1426,55.4869,Gavazzi2014,1
12562,209.2315,57.5972,Gavazzi2014,1
12563,209.411,55.8061,Gavazzi2014,1
12564,209.5202,55.2517,Gavazzi2014,1
12565,209.7126,56.5876,Gavazzi2014,1
12566,210.0897,51.523,Gavazzi2014,1
12567,210.0947,54.968,Gavazzi2014,1
12568,210.1775,56.0118,Gavazzi2014,1
12569,210.4125,52.3437,Gavazzi2014,1
12570,210.5509,57.7547,Gavazzi2014,1
12571,210.5897,55.093,Gavazzi2014,1
12572,210.5932,54.1676,Gavazzi2014,1
12573,210.6061,56.6629,Gavazzi2014,1
12574,210.7288,55.0878,Gavazzi2014,1
12575,210.7255,55.2234,Gavazzi2014,1
12576,210.7412,52.1201,Gavazzi2014,1
12577,210.806,54.6442,Gavazzi2014,1
12578,210.9207,55.8749,Gavazzi2014,1
12579,210.9173,56.7688,Gavazzi2014,1
12580,211.0606,55.8681,Gavazzi2014,1
12581,211.1027,51.6459,Gavazzi2014,1
12582,211.2449,52.4305,Gavazzi2014,1
12583,211.2651,55.9117,Gavazzi2014,1
12584,211.3248,54.5971,Gavazzi2014,1
12585,211.3469,51.4009,Gavazzi2014,1
12586,211.3971,57.3032,Gavazzi2014,1
12587,211.4426,52.7198,Gavazzi2014,1
12588,211.6471,54.3904,Gavazzi2014,1
12589,211.822,51.5896,Gavazzi2014,1
12590,211.8857,54.569,Gavazzi2014,1
12591,211.964,55.0417,Gavazzi2014,1
12592,212.2298,52.7479,Gavazzi2014,1
12593,212.2918,54.7794,Gavazzi2014,1
12594,212.3998,54.2864,Gavazzi2014,1
12595,212.4549,52.805,Gavazzi2014,1
12596,212.5729,53.8932,Gavazzi2014,1
12597,212.5969,53.2766,Gavazzi2014,1
12598,212.7364,53.5405,Gavazzi2014,1
12599,212.9133,53.8944,Gavazzi2014,1
12600,213.0268,53.8498,Gavazzi2014,1
12601,213.0495,57.7541,Gavazzi2014,1
12602,213.0681,53.7064,Gavazzi2014,1
12603,213.1167,53.2056,Gavazzi2014,1
12604,213.238,53.0223,Gavazzi2014,1
12605,213.7694,52.4733,Gavazzi2014,1
12606,213.9302,52.4597,Gavazzi2014,1
12607,215.1154,54.1452,Gavazzi2014,1
12608,215.1325,52.9728,Gavazzi2014,1
12609,215.185,54.8167,Gavazzi2014,1
12610,215.3296,53.1859,Gavazzi2014,1
12611,215.7268,56.8192,Gavazzi2014,1
12612,215.743,51.411,Gavazzi2014,1
12613,215.7972,51.6574,Gavazzi2014,1
12614,216.0988,52.5648,Gavazzi2014,1
12615,216.2574,51.7814,Gavazzi2014,1
12616,216.2764,52.8684,Gavazzi2014,1
12617,216.8803,55.2792,Gavazzi2014,1
12618,216.8833,55.7084,Gavazzi2014,1
12619,216.9184,55.8578,Gavazzi2014,1
12620,217.1156,52.4161,Gavazzi2014,1
12621,217.1436,55.46,Gavazzi2014,1
12622,217.2422,52.2684,Gavazzi2014,1
12623,217.4292,54.8918,Gavazzi2014,1
12624,217.4506,54.5037,Gavazzi2014,1
12625,217.5065,55.7264,Gavazzi2014,1
12626,217.5583,55.0145,Gavazzi2014,1
12627,217.7573,54.2225,Gavazzi2014,1
12628,217.8494,54.8055,Gavazzi2014,1
12629,217.8789,57.1586,Gavazzi2014,1
12630,217.9641,51.9255,Gavazzi2014,1
12631,217.9876,52.7793,Gavazzi2014,1
12632,218.0356,53.7388,Gavazzi2014,1
12633,218.423,52.6973,Gavazzi2014,1
12634,218.5875,54.6375,Gavazzi2014,1
12635,218.6511,53.2955,Gavazzi2014,1
12636,218.7415,57.1602,Gavazzi2014,1
12637,219.0926,57.4613,Gavazzi2014,1
12638,219.1556,54.9436,Gavazzi2014,1
12639,219.3332,57.6208,Gavazzi2014,1
12640,219.3666,56.3624,Gavazzi2014,1
12641,219.7768,54.6502,Gavazzi2014,1
12642,219.7837,54.8808,Gavazzi2014,1
12643,330.6301,4.4163,Gavazzi2014,1
12644,330.6709,1.4369,Gavazzi2014,1
12645,330.7197,2.2269,Gavazzi2014,1
12646,330.7463,3.6112,Gavazzi2014,1
12647,330.8819,4.053,Gavazzi2014,1
12649,331.5168,1.6802,Gavazzi2014,1
12651,331.8441,1.603,Gavazzi2014,1
12653,331.9962,0.3661,Gavazzi2014,1
12654,332.1595,3.0189,Gavazzi2014,1
12655,332.2137,0.7729,Gavazzi2014,1
12656,332.5023,-0.0116,Gavazzi2014,1
12658,333.1049,0.0676,Gavazzi2014,1
12660,333.1587,-0.291,Gavazzi2014,1
12661,333.3724,0.4932,Gavazzi2014,1
12662,333.4012,0.1954,Gavazzi2014,1
12663,333.4959,0.9046,Gavazzi2014,1
12665,333.7383,1.0413,Gavazzi2014,1
12666,333.8305,1.9635,Gavazzi2014,1
12667,334.1165,2.202,Gavazzi2014,1
12668,334.2071,2.2581,Gavazzi2014,1
12669,334.3812,2.121,Gavazzi2014,1
12670,334.5901,2.266,Gavazzi2014,1
12673,335.0536,1.1018,Gavazzi2014,1
12674,335.3807,1.3853,Gavazzi2014,1
12675,335.6696,1.1642,Gavazzi2014,1
12680,36.7016,-4.1029,Gavazzi2014,1
12681,37.4183,-4.1109,Gavazzi2014,1
12685,209.6958,54.987,Gavazzi2014,1
12686,215.0142,52.5272,Gavazzi2014,1
12689,32.211,-3.75,Gavazzi2014,1
12690,32.2715,-9.0322,Gavazzi2014,1
12691,32.5205,-6.5032,Gavazzi2014,1
12692,33.1442,-8.5571,Gavazzi2014,1
12693,33.2527,-8.7196,Gavazzi2014,1
12694,34.0177,-4.982,Gavazzi2014,1
12695,34.082,-6.4996,Gavazzi2014,1
12696,34.0872,-4.6676,Gavazzi2014,1
12697,35.2352,-7.7199,Gavazzi2014,1
12698,35.3128,-9.1006,Gavazzi2014,1
12699,35.5149,-5.7416,Gavazzi2014,1
12700,35.638,-8.6246,Gavazzi2014,1
12701,35.6734,-5.6477,Gavazzi2014,1
12702,36.2847,-4.297,Gavazzi2014,1
12703,36.5518,-4.6822,Gavazzi2014,1
12704,36.5891,-4.0152,Gavazzi2014,1
12705,36.7023,-9.0726,Gavazzi2014,1
12706,36.8879,-7.8394,Gavazzi2014,1
12707,36.9864,-4.3681,Gavazzi2014,1
12708,37.3715,-4.0037,Gavazzi2014,1
12709,37.714,-8.4064,Gavazzi2014,1
12710,38.215,-4.8076,Gavazzi2014,1
12711,38.218,-4.5073,Gavazzi2014,1
12712,38.5098,-5.3307,Gavazzi2014,1
12713,38.5563,-5.9543,Gavazzi2014,1
12714,38.776,-8.3472,Gavazzi2014,1
12715,131.5535,-2.6311,Gavazzi2014,1
12717,134.3794,-1.0679,Gavazzi2014,1
12719,135.2752,-2.9852,Gavazzi2014,1
12720,135.3197,-2.0948,Gavazzi2014,1
12721,135.3332,-2.1777,Gavazzi2014,1
12722,135.8627,-1.9849,Gavazzi2014,1
12723,149.7091,2.5147,Gavazzi2014,1
12725,150.4217,2.0789,Gavazzi2014,1
12726,150.5845,2.3933,Gavazzi2014,1
12727,209.1235,54.9064,Gavazzi2014,1
12728,209.2589,56.1669,Gavazzi2014,1
12729,209.815,55.8149,Gavazzi2014,1
12730,210.8148,53.4279,Gavazzi2014,1
12731,211.0588,51.7374,Gavazzi2014,1
12732,211.1062,52.085,Gavazzi2014,1
12733,211.5272,55.5131,Gavazzi2014,1
12735,212.9318,53.8454,Gavazzi2014,1
12736,213.4025,53.2099,Gavazzi2014,1
12738,215.313,52.8605,Gavazzi2014,1
12739,215.4476,56.5147,Gavazzi2014,1
12740,215.8413,57.3786,Gavazzi2014,1
12741,217.3973,53.1386,Gavazzi2014,1
12742,217.5081,55.7763,Gavazzi2014,1
12743,218.2329,55.2466,Gavazzi2014,1
12744,334.0286,-17.8588,Gavazzi2014,1
12745,334.0419,0.3546,Gavazzi2014,1
12746,335.2296,1.307,Gavazzi2014,1
12747,18.659853772693875,7.374609142472272,More2016b,1
12748,33.20667815257047,0.5802034226625513,Lacki2009,1
12749,133.69247899439725,1.786769732032315,GonzalezNuevo2019,1
12750,140.19913759983342,2.5042232201557653,GonzalezNuevo2019,1
12751,145.3438164574467,5.3065986693940435,Lemon2018,1
12752,237.7758236522,31.9502697875,Lemon2018,1
12753,175.41619976348744,-0.3764089051143658,GonzalezNuevo2019,1
12754,203.13172300002077,35.145177168749434,ManjonGarcia2019,1
12755,214.63088552529416,-0.0006815231448397,GonzalezNuevo2019,1
12756,214.73489883400433,-0.6831223250537739,GonzalezNuevo2019,1
12757,217.23706619190713,1.1446726296585716,GonzalezNuevo2019,1
12758,349.1332505951977,6.180261056404211,Lemon2019,1
