name,ra,dec,survey_key,grade_truth,binary_label,source,region,tractor_type,p_meta,leak,unit_id,image_path,image_path_v2r,render_sha,render_sha_v2r,truth_class,is_positive,is_stress,is_anchor,cowls_band,cowls_ranking,cowls_theta_E,known_lens_name,known_type,known_sep_arcsec,centre_is_deflector,layout,field_class,proposal,mag_r,prior_exposure,pipe_grade_passcount,pipe_inspector_conf,pipe_score,in_frame,half
J14973771+199708,149.7377093145409,1.997079774897692,jwst,,lens,truth_jwst,1727,,,no,u0013,golden/kits_truth/J14973771+199708.jpg,golden/kits_truth_v2r/J14973771+199708.jpg,463445017ab581c9,0eb830b5b5440627,cowls,True,False,False,provenance,,,COSJ095857+015949,COWLS,0.018,True,color,cosmos,1727,20.51662,0,,,,True,holdout
J14980160+213082,149.8015997697156,2.13081762064331,jwst,,lens,truth_jwst,1727,,,no,u0086,golden/kits_truth/J14980160+213082.jpg,golden/kits_truth_v2r/J14980160+213082.jpg,1655bc10818714ee,a763b94d2465d5cf,cowls,True,False,False,strong,AAABSS,0.9049612722247332,COSJ095912+020750,COWLS,0.025,True,color,cosmos,1727,20.527773,0,U,18.0,1.1573237812108406,True,holdout
J14981996+233941,149.8199596118203,2.339410934645693,jwst,,lens,truth_jwst,1727,,,no,u0180,golden/kits_truth/J14981996+233941.jpg,golden/kits_truth_v2r/J14981996+233941.jpg,bdbf6c85182d688d,b4266c7c878fb72f,cowls,True,False,False,weak,BUUXXX,,COSJ095916+022021,COWLS,0.193,True,color,cosmos,1727,20.421032,0,,,,True,design
J14984222+230342,149.8422227497588,2.303419772513897,jwst,,lens,truth_jwst,1727,,,no,u0214,golden/kits_truth/J14984222+230342.jpg,golden/kits_truth_v2r/J14984222+230342.jpg,0a5b9f5ba9d75a9a,4c99a6c8f7ffde15,cowls,True,False,False,strong,AAAABS,0.6967953336500885,COSJ095922+021812,COWLS,0.154,True,color,cosmos,1727,20.479883,0,,,,True,design
J14991319+251221,149.9131929706377,2.512214966078626,jwst,,lens,truth_jwst,1727,,,no,u0087,golden/kits_truth/J14991319+251221.jpg,golden/kits_truth_v2r/J14991319+251221.jpg,ecc99dfb571ed77f,addb00c5b43f5cda,cowls,True,False,False,marginal,ABBUXX,1.983471497403669,COSJ095939+023043,COWLS,0.026,True,color,cosmos,1727,20.829947,0,U,20.0,1.2105388980370615,True,design
J14991871+254823,149.9187067410818,2.548234860740977,jwst,,lens,truth_jwst,1727,,,no,u0085,golden/kits_truth/J14991871+254823.jpg,golden/kits_truth_v2r/J14991871+254823.jpg,72fe0766171fed29,adb8140c08b57ba4,cowls,True,False,False,marginal,BBSSSS,1.165551135106829,COSJ095940+023253,COWLS,0.006,True,color,cosmos,1727,19.985626,0,,,,True,design
J14993798+260626,149.9379802010104,2.606263411326252,jwst,,lens,truth_jwst,1727,,,no,u0091,golden/kits_truth/J14993798+260626.jpg,golden/kits_truth_v2r/J14993798+260626.jpg,a8c4c8c040ce0588,4dcacf9f2bb8d23c,cowls,True,False,False,weak,ABUXXX,0.4018357954972808,COSJ095945+023622,COWLS,0.034,True,color,cosmos,1727,18.701954,0,U,20.0,1.2092613017550349,True,holdout
J14996187+200380,149.9618653376145,2.003795709855897,jwst,,lens,truth_jwst,6434,,,no,u0154,golden/kits_truth/J14996187+200380.jpg,golden/kits_truth_v2r/J14996187+200380.jpg,723a46dd292b5b4e,43e5b4fefaa02a6d,cowls,True,False,False,weak,UUXXXX,0.3169280558605908,COSJ095950+020013,COWLS,0.338,True,color,blank,6434,19.51647,0,,,,True,design
J14997467+255549,149.9746725723471,2.555486163044995,jwst,,lens,truth_jwst,1727,,,no,u0035,golden/kits_truth/J14997467+255549.jpg,golden/kits_truth_v2r/J14997467+255549.jpg,aace8ae7b67d987e,54604c3b060905cf,cowls,True,False,False,provenance,,1.4413305558118792,COSJ095953+023319,COWLS,0.147,True,color,cosmos,1727,20.676214,0,U,25.0,1.243033503661812,True,holdout
J15001911+259543,150.0191079714808,2.595428255200388,jwst,,lens,truth_jwst,1727,,,no,u0181,golden/kits_truth/J15001911+259543.jpg,golden/kits_truth_v2r/J15001911+259543.jpg,2ceda2be4a7f4b36,f2dcdff24fdc3691,cowls,True,False,False,weak,UUUUUU,0.6437508661238633,COSJ100004+023543,COWLS,0.121,True,color,cosmos,1727,20.331171,0,U,18.0,1.1958926545968045,True,design
J15002207+263143,150.0220715586746,2.631433753791991,jwst,,lens,truth_jwst,1727,,,no,u0244,golden/kits_truth/J15002207+263143.jpg,golden/kits_truth_v2r/J15002207+263143.jpg,94537d0565c76bbd,ae1b1e1cb75abf9f,cowls,True,False,False,weak,BBUXXX,0.7738049710827016,COSJ100005+023753,COWLS,0.053,True,color,cosmos,1727,20.092735,0,,,,True,holdout
J15004969+221715,150.0496890206949,2.21714574137081,jwst,,lens,truth_jwst,1727,,,no,u0134,golden/kits_truth/J15004969+221715.jpg,golden/kits_truth_v2r/J15004969+221715.jpg,908769243d3f8e14,5f6b5decfa6ac6da,cowls,True,False,False,marginal,AASUXX,1.8636067820708688,COSJ100011+021301,COWLS,0.122,True,color,cosmos,1727,17.956926,0,,,,True,design
J15005258+233772,150.0525818815892,2.337717300336837,jwst,,lens,truth_jwst,1727,,,no,u0140,golden/kits_truth/J15005258+233772.jpg,golden/kits_truth_v2r/J15005258+233772.jpg,e37fe37e8dc4aea4,ffb3688e9913b450,cowls,True,False,False,provenance,,0.7477080114393634,COSJ100012+022015,COWLS,0.045,True,color,cosmos,1727,19.612955,0,,,,True,design
J15009505+230050,150.095054511615,2.300499003055783,jwst,,lens,truth_jwst,1837,,,no,u0015,golden/kits_truth/J15009505+230050.jpg,golden/kits_truth_v2r/J15009505+230050.jpg,d67845735ff0d544,c467f3e2a3033659,cowls,True,False,False,provenance,,,COSJ100022+021801,COWLS,0.015,True,color,blank,1837,18.859718,0,U,22.0,1.2235758367892422,True,design
J15013008+243766,150.130080193858,2.437660373117585,jwst,,lens,truth_jwst,1837,,,no,u0179,golden/kits_truth/J15013008+243766.jpg,golden/kits_truth_v2r/J15013008+243766.jpg,b7acb4ab4d0e39eb,346df9b3fd566a78,cowls,True,False,False,weak,BBBXXX,0.5618454778871503,COSJ100031+022615,COWLS,0.015,True,color,blank,1837,19.10163,0,D,30.0,0.2846808841627283,True,design
J15013022+255026,150.1302180716693,2.55026456743519,jwst,,lens,truth_jwst,1727,,,no,u0144,golden/kits_truth/J15013022+255026.jpg,golden/kits_truth_v2r/J15013022+255026.jpg,6e377af5352f5320,4118ed75602c2ce4,cowls,True,False,False,weak,SSUUXX,0.9364686223351556,COSJ100031+023300,COWLS,0.078,True,color,cosmos,1727,18.924973,0,,,,True,holdout
J15017908+203681,150.179079245718,2.036806359006631,jwst,,lens,truth_jwst,1727,,,no,u0220,golden/kits_truth/J15017908+203681.jpg,golden/kits_truth_v2r/J15017908+203681.jpg,5da96dc005d0e3fc,27608689834e5023,cowls,True,False,False,strong,AAABBX,0.4874834705961978,COSJ100042+020212,COWLS,0.03,True,color,cosmos,1727,19.387415,0,,,,True,holdout
J15019655+249201,150.1965480200367,2.492007938127418,jwst,,lens,truth_jwst,1727,,,no,u0227,golden/kits_truth/J15019655+249201.jpg,golden/kits_truth_v2r/J15019655+249201.jpg,1de52edb7c078df8,04024a75bd41ab31,cowls,True,False,False,provenance,,,COSJ100047+022931,COWLS,0.021,True,color,cosmos,1727,19.993107,0,U,18.0,1.1971083650683918,True,holdout
J15021038+179129,150.210375259414,1.791292117713734,jwst,,lens,truth_jwst,1727,,,no,u0190,golden/kits_truth/J15021038+179129.jpg,golden/kits_truth_v2r/J15021038+179129.jpg,eb3a5a0132353c29,eb21963ec2a4e6b7,cowls,True,False,False,weak,ABUUXX,1.506129346090611,COSJ100050+014728,COWLS,0.058,True,color,cosmos,1727,18.593697,0,,,,True,holdout
J15021106+190577,150.2110551063054,1.905772304597788,jwst,,lens,truth_jwst,1727,,,no,u0247,golden/kits_truth/J15021106+190577.jpg,golden/kits_truth_v2r/J15021106+190577.jpg,b62f8b423906eb8a,c76be3c0a82c9f32,cowls,True,False,False,weak,UUXXXX,,COSJ100050+015421,COWLS,1.247,True,color,cosmos,1727,19.10715,0,,,,True,design
J15021825+181565,150.2182546086588,1.815652840707473,jwst,,lens,truth_jwst,1727,,,no,u0123,golden/kits_truth/J15021825+181565.jpg,golden/kits_truth_v2r/J15021825+181565.jpg,6eafbc9049e0e0bf,926ba56a95020522,cowls,True,False,False,strong,AAAAAB,1.004128383149621,COSJ100052+014856,COWLS,0.033,True,color,cosmos,1727,19.197657,0,U,20.0,1.21401153175427,True,design
J15026528+186865,150.2652785784783,1.868654246299661,jwst,,lens,truth_jwst,1727,,,no,u0004,golden/kits_truth/J15026528+186865.jpg,golden/kits_truth_v2r/J15026528+186865.jpg,d5ea01cabcbeb46b,5f561ae6a0dafb92,cowls,True,False,False,weak,UUXXXX,0.7904203340370174,COSJ100103+015207,COWLS,0.013,True,color,cosmos,1727,20.748291,0,U,15.0,1.167567346161546,True,design
J15027379+184082,150.2737904733434,1.840823183681235,jwst,,lens,truth_jwst,1727,,,no,u0155,golden/kits_truth/J15027379+184082.jpg,golden/kits_truth_v2r/J15027379+184082.jpg,3d0859459fc1ce70,de132ea5143df419,cowls,True,False,False,weak,UXXXXX,,COSJ100105+015027,COWLS,0.33,True,color,cosmos,1727,17.817928,0,U,15.0,1.1737052906143797,True,holdout
J15027845+184036,150.2784455968729,1.840360442439226,jwst,,lens,truth_jwst,1727,,,no,u0149,golden/kits_truth/J15027845+184036.jpg,golden/kits_truth_v2r/J15027845+184036.jpg,1e4a45e559cb8549,05144c5a3abc9ed2,cowls,True,False,False,marginal,ABBUUX,0.5819946229940134,COSJ100106+015025,COWLS,0.138,True,color,cosmos,1727,19.776478,0,D,30.0,0.2852108094461871,True,holdout
J15028871+191005,150.288714706212,1.910049808775173,jwst,,lens,truth_jwst,1727,,,no,u0235,golden/kits_truth/J15028871+191005.jpg,golden/kits_truth_v2r/J15028871+191005.jpg,c5de634954e198f4,1b5a55167749b8b0,cowls,True,False,False,weak,UUXXXX,,COSJ100109+015436,COWLS,0.02,True,color,cosmos,1727,19.266617,0,,,,True,holdout
J15031125+251191,150.3112517019921,2.511906730962057,jwst,,lens,truth_jwst,1727,,,no,u0195,golden/kits_truth/J15031125+251191.jpg,golden/kits_truth_v2r/J15031125+251191.jpg,4ec36a15b0a384c6,8ef93f5a64dcfb12,cowls,True,False,False,marginal,ABBBBS,0.9587959974375124,COSJ100114+023042,COWLS,0.077,True,color,cosmos,1727,20.530312,0,,,,True,design
J15032014+201142,150.3201436586264,2.011420110059667,jwst,,lens,truth_jwst,1727,,,no,u0135,golden/kits_truth/J15032014+201142.jpg,golden/kits_truth_v2r/J15032014+201142.jpg,6683e3ee92159a94,c96de66d4eb58d34,cowls,True,False,False,weak,BBUUXX,,COSJ100116+020041,COWLS,0.057,True,color,cosmos,1727,19.337242,0,U,15.0,1.173168556573004,True,holdout
J15033701+227952,150.337009828852,2.279522474198196,jwst,,lens,truth_jwst,1727,,,no,u0044,golden/kits_truth/J15033701+227952.jpg,golden/kits_truth_v2r/J15033701+227952.jpg,f0b28d04191d357b,6f0fbeba8f81fbc1,cowls,True,False,False,strong,AAAAUX,0.5972227441596166,COSJ100120+021646,COWLS,0.05,True,color,cosmos,1727,18.908903,0,U,15.0,1.1739754042891724,True,design
J15037005+241731,150.370052278007,2.417307422766676,jwst,,lens,truth_jwst,1727,,,no,u0122,golden/kits_truth/J15037005+241731.jpg,golden/kits_truth_v2r/J15037005+241731.jpg,74616eff8a61c0f8,6dfa3d5fce36ab84,cowls,True,False,False,marginal,AABXXX,1.3310155517516986,COSJ100128+022502,COWLS,0.002,True,color,cosmos,1727,20.434212,0,,,,True,holdout
J15037549+237083,150.3754922505767,2.370832344780458,jwst,,lens,truth_jwst,1727,,,no,u0113,golden/kits_truth/J15037549+237083.jpg,golden/kits_truth_v2r/J15037549+237083.jpg,377e160926be5115,9b012b951b47ab66,cowls,True,False,False,marginal,ABBBXX,,COSJ100130+022214,COWLS,0.02,True,color,cosmos,1727,19.325548,0,,,,True,holdout
J15041998+210898,150.4199805696762,2.108983854927861,jwst,,lens,truth_jwst,1727,,,no,u0242,golden/kits_truth/J15041998+210898.jpg,golden/kits_truth_v2r/J15041998+210898.jpg,e17e922b102fb70b,61c0ec0f32b955d7,cowls,True,False,False,marginal,AABBXX,0.6730365086772607,COSJ100140+020632,COWLS,0.053,True,color,cosmos,1727,19.267931,0,D,30.0,0.2846913974795019,True,holdout
J14987471+223116,149.8747052484105,2.23115561560286,jwst,,lens,truth_jwst,1727,,,no,u0188,golden/kits_truth/J14987471+223116.jpg,golden/kits_truth_v2r/J14987471+223116.jpg,4adc3eb5c5039cc2,f55aae5272c1ded2,lit_galaxy,True,False,False,,,,[FKC2008] COSMOS 5929+1352,SIMBAD:gLS,0.47,True,color,cosmos,1727,18.48735,0,D,38.0,0.3444838157047911,True,holdout
J14987954+204155,149.879539986246,2.041547916423178,jwst,,lens,truth_jwst,1727,,,no,u0088,golden/kits_truth/J14987954+204155.jpg,golden/kits_truth_v2r/J14987954+204155.jpg,ee80c69e798e775f,e8fe8818eba517f4,lit_galaxy,True,False,False,,,,[FKC2008] COSMOS 5931+0229,SIMBAD:gLS,0.59,True,color,cosmos,1727,19.3959,0,D,45.0,0.3955766985895441,True,holdout
J14992998+247126,149.9299772824238,2.471256233926246,jwst,,lens,truth_jwst,1727,,,no,,golden/kits_truth/J14992998+247126.jpg,golden/kits_truth_v2r/J14992998+247126.jpg,00af3964da146988,277e74c31b243162,lit_galaxy,True,False,False,,,,[FKC2008] COSMOS 5943+2816,SIMBAD:gLS,1.51,True,color,cosmos,1727,19.894882,0,,,,False,holdout
J14996269+221023,149.9626880043388,2.210227721866722,jwst,,lens,truth_jwst,1727,,,no,u0175,golden/kits_truth/J14996269+221023.jpg,golden/kits_truth_v2r/J14996269+221023.jpg,a94b3a5f8a9133c2,fffce4e7d7c42dd0,lit_galaxy,True,False,False,,,,[FKC2008] COSMOS 5951+1236,SIMBAD:gLS,1.06,True,color,cosmos,1727,18.788124,0,U,18.0,1.1948927969443663,True,holdout
J15004059+241551,150.0405915758345,2.415508830449455,jwst,,lens,truth_jwst,1727,,,no,u0106,golden/kits_truth/J15004059+241551.jpg,golden/kits_truth_v2r/J15004059+241551.jpg,4d01ba1c5126c8e0,c68f7adf0297c2d5,lit_galaxy,True,False,False,,,,[FKC2008] COSMOS 0009+2455,SIMBAD:gLS,1.04,True,color,cosmos,1727,20.060698,0,,,,True,holdout
J15005804+238042,150.0580404761531,2.380424982173611,jwst,,lens,truth_jwst,1727,,,no,u0165,golden/kits_truth/J15005804+238042.jpg,golden/kits_truth_v2r/J15005804+238042.jpg,87a3048e7e37d978,11c29d50195a4496,lit_galaxy,True,False,False,,,,[FKC2008] COSMOS 0013+2249,SIMBAD:gLS,0.69,True,color,cosmos,1727,18.64104,0,U,25.0,1.2443085447661917,True,holdout
J15015168+187204,150.151683914102,1.872035242137709,jwst,,lens,truth_jwst,1727,,,no,,golden/kits_truth/J15015168+187204.jpg,golden/kits_truth_v2r/J15015168+187204.jpg,2901e632c4d90711,bfd3eb0afb3a548d,lit_galaxy,True,False,False,,,,COSJ100036+015220,COWLS,1.72,True,color,cosmos,1727,20.674316,0,D,30.0,0.289579296080488,False,holdout
J15020525+185780,150.2052490207864,1.857803681373545,jwst,,lens,truth_jwst,1727,,,no,,golden/kits_truth/J15020525+185780.jpg,golden/kits_truth_v2r/J15020525+185780.jpg,b45b8b895994f01f,b34c31b70d1fc588,lit_galaxy,True,False,False,,,,[FKC2008] COSMOS 0049+5128,SIMBAD:gLS,0.9,True,color,cosmos,1727,19.9124,0,U,15.0,1.1700912532565426,False,holdout
J15023661+220719,150.236605398387,2.207188653305307,jwst,,lens,truth_jwst,1727,,,no,,golden/kits_truth/J15023661+220719.jpg,golden/kits_truth_v2r/J15023661+220719.jpg,44d129fc1b8b783e,ee4efdee51c18012,lit_galaxy,True,False,False,,,,[FKC2008] COSMOS 0056+1226,SIMBAD:gLS,1.28,True,color,cosmos,1727,19.223719,0,U,18.0,1.189783482824473,False,holdout
J15039056+235982,150.3905641125818,2.359821699756072,jwst,,lens,truth_jwst,1727,,,no,u0047,golden/kits_truth/J15039056+235982.jpg,golden/kits_truth_v2r/J15039056+235982.jpg,1dbe863d5c28e2d5,9cc7628dd37715d8,lit_galaxy,True,False,False,,,,[MCM2012] SA81,SIMBAD:gLS,0.64,True,color,cosmos,1727,20.36211,0,U,22.0,1.2261318909545245,True,holdout
J15045053+239034,150.4505281031289,2.390338494649539,jwst,,lens,truth_jwst,1727,,,no,,golden/kits_truth/J15045053+239034.jpg,golden/kits_truth_v2r/J15045053+239034.jpg,1e513e067c83d046,c0cb750d4ec891cd,lit_galaxy,True,False,False,,,,[FKC2008] COSMOS 0148+2325,SIMBAD:gLS,0.46,True,color,cosmos,1727,18.964514,0,U,25.0,1.2445973003639303,False,holdout
J15053550+223961,150.5354969459113,2.239611493910828,jwst,,lens,truth_jwst,6480,,,no,,golden/kits_truth/J15053550+223961.jpg,golden/kits_truth_v2r/J15053550+223961.jpg,86d2857c32f7f878,7b61d058b9c18914,lit_galaxy,True,False,False,,,,[FKC2008] COSMOS 0208+1422,SIMBAD:gLS,0.67,True,gray_sw_only,blank,6480,20.338108,0,,,,False,design
J15114238+4121210,151.14238362607307,41.21210082301774,jwst,,lens,truth_jwst,6675,,,no,u0127,golden/kits_truth/J15114238+4121210.jpg,golden/kits_truth_v2r/J15114238+4121210.jpg,c4a000bcb2a80c3d,d0a2a14562d1b14f,lit_galaxy,True,False,False,,,,QSO J1004+4112E,SIMBAD:LeQ,0.32,True,gray_lw_only,cluster,6675,19.39876,0,U,15.0,1.170997497603323,True,design
J17181955+4247729,171.81954803598782,42.47729317620737,jwst,,lens,truth_jwst,4744,,,no,,golden/kits_truth/J17181955+4247729.jpg,golden/kits_truth_v2r/J17181955+4247729.jpg,93c662278c39dd2f,cb68f2290331e3cd,lit_galaxy,True,False,False,,,,[CNL2018] PLCK G165.7+67.0 system,SIMBAD:gLS,1.15,True,color,cluster,4744,17.369009,0,U,22.0,1.2247055935030278,False,holdout
J17833025+793252,178.3302545271236,7.932517676396922,jwst,,lens,truth_jwst,6675,,,no,u0194,golden/kits_truth/J17833025+793252.jpg,golden/kits_truth_v2r/J17833025+793252.jpg,9070cd4b61658f05,c0aa90896157206c,lit_galaxy,True,False,False,,,,COOL J1153+0755 source,SIMBAD:LeQ,0.2,True,gray_lw_only,cluster,6675,18.006102,0,U,18.0,1.1930946313107846,True,design
J18937456+6221686,189.37455955185345,62.21686439068247,jwst,,lens,truth_jwst,6434,,,no,u0189,golden/kits_truth/J18937456+6221686.jpg,golden/kits_truth_v2r/J18937456+6221686.jpg,6eddebb65be9932f,5ebf16d256386e2e,lit_galaxy,True,False,False,,,,GDS J123730+621301,top100:known,0.05,True,color,blank,6434,20.44617,2,B,62.0,3.585238787906116,True,design
J20150004+4811209,201.5000372412647,48.1120879030932,jwst,,lens,truth_jwst,6675,,,no,u0162,golden/kits_truth/J20150004+4811209.jpg,golden/kits_truth_v2r/J20150004+4811209.jpg,fa611ff53d4aa8d6,fc85ed758740d945,lit_galaxy,True,False,False,,,,[SKE2019] SDSS J1326+4806,SIMBAD:gLS,0.02,True,gray_lw_only,cluster,6675,17.963633,0,U,15.0,1.17032646397292,True,design
J21369661+5478431,213.69660935344223,54.784308448046666,jwst,,lens,truth_jwst,5594,,,no,u0157,golden/kits_truth/J21369661+5478431.jpg,golden/kits_truth_v2r/J21369661+5478431.jpg,524bbc73aaeeaa93,35de1b410297c81f,lit_galaxy,True,False,False,,,,[MCM2012] SA100,SIMBAD:gLS,0.5,True,color,cluster,5594,19.180634,0,,,,True,design
J21513251+5297278,215.13250891206903,52.9727778334425,jwst,,lens,truth_jwst,1345,,,no,u0033,golden/kits_truth/J21513251+5297278.jpg,golden/kits_truth_v2r/J21513251+5297278.jpg,86d9805e881a6e5e,b7215f8641ba8c4b,lit_galaxy,True,False,False,,,,VIRTUAL PARENT SL2S J142031+525822,SIMBAD:gLS,0.02,True,color,blank,1345,19.25312,0,D,35.0,0.3238825043297066,True,design
J30791374-4058431,307.9137443956342,-40.58430646165332,jwst,,lens,truth_jwst,6882,,,desi_train,u0005,golden/kits_truth/J30791374-4058431.jpg,golden/kits_truth_v2r/J30791374-4058431.jpg,49fbed1318111056,f2a3b55ba9ccf9dc,lit_galaxy,True,False,False,,,,DESI-307.9137-40.5843,top100:known,0.0,True,color,cluster,6882,19.758026,2,A,75.0,3.6846804791368246,True,design
J33553573+2775986,335.5357343528392,27.75986342442562,jwst,,lens,truth_jwst,6675,,,desi_train,,golden/kits_truth/J33553573+2775986.jpg,golden/kits_truth_v2r/J33553573+2775986.jpg,65c50e095fe73211,640ae6f6b39d2aa7,lit_galaxy,True,False,False,,,,CSWA 159,SIMBAD:gLS,0.12,True,gray_lw_only,cluster,6675,18.392624,0,U,20.0,1.2074015441542998,False,design
J3440482-522486,34.40481690330265,-5.224857503856148,jwst,,lens,truth_jwst,1837,,,no,u0138,golden/kits_truth/J3440482-522486.jpg,golden/kits_truth_v2r/J3440482-522486.jpg,781c5519ddd0066e,b428522124babe07,lit_galaxy,True,False,False,,,,VIRTUAL PARENT SL2S J021737-051329,SIMBAD:gLS,0.97,True,color,blank,1837,20.409578,2,A,95.0,3.835004583786849,True,design
J5186322-1343964,51.86322261681574,-13.43964190160108,jwst,,lens,truth_jwst,5594,,,no,u0081,golden/kits_truth/J5186322-1343964.jpg,golden/kits_truth_v2r/J5186322-1343964.jpg,7339a4240850ff7d,93bdb94a11f93d40,lit_galaxy,True,False,False,,,,VIRTUAL PARENT RCS2 J032727-132623 gLS,SIMBAD:gLS,1.87,True,color,cluster,5594,18.969246,0,U,25.0,1.2433051920621148,True,design
J5376680-1946429,53.76679526830686,-19.46428888128074,jwst,,lens,truth_jwst,6675,,,no,u0248,golden/kits_truth/J5376680-1946429.jpg,golden/kits_truth_v2r/J5376680-1946429.jpg,8c2875c05e41e145,4d5252b3bca62e34,lit_galaxy,True,False,False,,,,COOL J0335-1927 lens,SIMBAD:gLe,0.62,True,gray_lw_only,cluster,6675,20.680483,0,,,,True,design
J6403415-2406677,64.03414855638412,-24.0667743974585,jwst,,lens,truth_jwst,5890,,,no,u0069,golden/kits_truth/J6403415-2406677.jpg,golden/kits_truth_v2r/J6403415-2406677.jpg,b6ae7649cc46be95,a40ac3fe6919645b,lit_galaxy,True,False,False,,,,MACS J0416.1-2403 ID14,top100:known,0.8,True,color,cluster,5890,20.99341,1,C,30.0,2.2876250490139367,True,holdout
J803918+1811554,8.03917677390878,18.11553828420084,jwst,,lens,truth_jwst,6882,,,no,,golden/kits_truth/J803918+1811554.jpg,golden/kits_truth_v2r/J803918+1811554.jpg,e8da48cbffe5092f,6fc1eba8339d0469,lit_galaxy,True,False,False,,,,VIRTUAL PARENT MCS J0032.1+1808,SIMBAD:gLS,1.46,True,color,cluster,6882,18.04334,0,U,22.0,1.2249807626513776,False,design
J10939809+3775146,109.39808653206184,37.751456931502105,jwst,,lens,truth_jwst,6882,,,desi_train,u0101,golden/kits_truth/J10939809+3775146.jpg,golden/kits_truth_v2r/J10939809+3775146.jpg,d4d89aa3e7501153,887b3ceb6cf4edf7,lit_cluster,True,False,False,,,,[BIO2017] M0717I-7355245042,SIMBAD:LeG,1.01,False,color,cluster,6882,19.954962,0,U,18.0,1.1966762461436795,True,design
J17181656+4247705,171.81656206341643,42.47704782157549,jwst,,lens,truth_jwst,4744,,,no,,golden/kits_truth/J17181656+4247705.jpg,golden/kits_truth_v2r/J17181656+4247705.jpg,8242e1bfc18202e8,e63eb0a0e9fb61e8,lit_cluster,True,False,False,,,,[CNL2018] PLCK G165.7+67.0 8.3,SIMBAD:LeG,1.98,False,color,cluster,4744,19.34081,0,,,,False,holdout
J17740281+2243662,177.4028120662046,22.43662029558182,jwst,,lens,truth_jwst,1199,,,no,u0104,golden/kits_truth/J17740281+2243662.jpg,golden/kits_truth_v2r/J17740281+2243662.jpg,6b30b88a5a1ad650,7c947001b6980852,lit_cluster,True,False,False,,,,[DRJ2018] MACS1149 A.1,SIMBAD:LeI,0.93,True,color,cluster,1199,20.516108,0,D,38.0,0.3459292400400877,True,holdout
J19787708-135289,197.877075537406,-1.352893287808494,jwst,,lens,truth_jwst,5782,,,no,,golden/kits_truth/J19787708-135289.jpg,golden/kits_truth_v2r/J19787708-135289.jpg,d7fb8621d2602b99,973bf0f4ed491277,lit_cluster,True,False,False,,,,[BBC2005] 4.2,SIMBAD:LeG,1.67,False,color,cluster,5782,19.637735,0,,,,False,design
J19789495-132348,197.894952382993,-1.323477683109878,jwst,,lens,truth_jwst,5782,,,no,u0002,golden/kits_truth/J19789495-132348.jpg,golden/kits_truth_v2r/J19789495-132348.jpg,ce71923e4e8f9fb6,a436317a3bbad2da,lit_cluster,True,False,False,,,,[LRJ2007] Galaxy 4,top100:known,,False,color,cluster,5782,19.00266,2,B,32.0,3.2989171951791203,True,design
J21026355+287185,210.2635525361653,2.871850660860053,jwst,,lens,truth_jwst,5594,,,no,u0018,golden/kits_truth/J21026355+287185.jpg,golden/kits_truth_v2r/J21026355+287185.jpg,6e3fc3a61195ab07,2adf0085bcffbee5,lit_cluster,True,False,False,,,,[RSK2010] A 1835 2.2,SIMBAD:LeG,1.58,False,color,cluster,5594,19.695482,0,,,,True,design
J21594948+2407844,215.9494791826706,24.07843810229991,jwst,,lens,truth_jwst,1208,,,no,,golden/kits_truth/J21594948+2407844.jpg,golden/kits_truth_v2r/J21594948+2407844.jpg,f49b41957c9209e4,d7fd6e0745636661,lit_cluster,True,False,False,,,,[ZFM2015] M1423 3.5,SIMBAD:LeI,1.98,False,color,cluster,1208,18.272808,0,U,15.0,1.1693633635352252,False,holdout
J23749412-7819092,237.4941224648159,-78.19092391264655,jwst,,lens,truth_jwst,2555,,,no,u0209,golden/kits_truth/J23749412-7819092.jpg,golden/kits_truth_v2r/J23749412-7819092.jpg,826c47245d6a497f,314be0d96ac48e4a,lit_cluster,True,False,False,,,,[DAG2016] PSZ1 G311.65-18.48 S3,SIMBAD:LeG,0.43,True,color,cluster,2555,20.549026,0,,,,True,holdout
J24394722-614504,243.9472247512944,-6.145036830801844,jwst,,lens,truth_jwst,5594,,,no,u0203,golden/kits_truth/J24394722-614504.jpg,golden/kits_truth_v2r/J24394722-614504.jpg,09ea52d1a4d21b41,d87ab7b226b05505,lit_cluster,True,False,False,,,,[RGL2020] A2163 4d,SIMBAD:LeG,0.66,True,color,cluster,5594,18.60417,0,D,38.0,0.3459696976370744,True,design
J2451719-2192351,24.51718655259729,-21.92351189156052,jwst,,lens,truth_jwst,6549,,,no,u0171,golden/kits_truth/J2451719-2192351.jpg,golden/kits_truth_v2r/J2451719-2192351.jpg,af658ed6344471c8,025259f21a429d42,lit_cluster,True,False,False,,,,[RBP2021] 3.1,SIMBAD:LeG,0.75,True,color,blank,6549,18.577656,0,U,15.0,1.1734947280225918,True,holdout
J26006978+3560730,260.06978406396377,35.607300644922795,jwst,,lens,truth_jwst,5594,,,no,u0246,golden/kits_truth/J26006978+3560730.jpg,golden/kits_truth_v2r/J26006978+3560730.jpg,fd7777e541c2adb6,6152e7dbda6ad1ce,lit_cluster,True,False,False,,,,[ZFM2015] M1720 4.3,SIMBAD:LeI,1.72,False,color,cluster,5594,17.650928,0,,,,True,design
J32235572-769186,322.3557189083236,-7.691861399650914,jwst,,lens,truth_jwst,6882,,,no,,golden/kits_truth/J32235572-769186.jpg,golden/kits_truth_v2r/J32235572-769186.jpg,2fc2a2a87eb829c2,cd829cf000fbc9cc,lit_cluster,True,False,False,,,,[MSB2017b] 7.2,SIMBAD:LeI,1.88,False,color,cluster,6882,20.917913,0,U,20.0,1.2116786230699936,False,design
J32505778-2365549,325.0577840137826,-23.65548944352838,jwst,,lens,truth_jwst,6882,,,no,,golden/kits_truth/J32505778-2365549.jpg,golden/kits_truth_v2r/J32505778-2365549.jpg,6f88bb924d98957c,941f56f8cc62b87d,lit_cluster,True,False,False,,,,[ZFM2015] MS2137 3.2,SIMBAD:LeI,1.63,False,color,cluster,6882,20.927677,0,U,18.0,1.1894473489198476,False,design
J32839345+1770589,328.3934453166113,17.70588659676261,jwst,,lens,truth_jwst,5594,,,no,u0158,golden/kits_truth/J32839345+1770589.jpg,golden/kits_truth_v2r/J32839345+1770589.jpg,e43d088f7b8b0703,5fbb88ab2870f39f,lit_cluster,True,False,False,,,,[BM2000] 0563.1+0236.0,SIMBAD:LeG,0.53,True,color,cluster,5594,20.388296,0,,,,True,design
J34218133-4451973,342.1813323813997,-44.51973009980383,jwst,,lens,truth_jwst,3293,,,no,,golden/kits_truth/J34218133-4451973.jpg,golden/kits_truth_v2r/J34218133-4451973.jpg,042b4f204a3d2dac,7f35188dfe2b240d,lit_cluster,True,False,False,,,,[KIS2018] AS1063 44.3,SIMBAD:LeI,1.95,False,color,cluster,3293,20.766918,0,,,,False,holdout
J34218891-4454040,342.1889060425524,-44.54039711014857,jwst,,lens,truth_jwst,3293,,,no,u0016,golden/kits_truth/J34218891-4454040.jpg,golden/kits_truth_v2r/J34218891-4454040.jpg,e206fccab2deccf6,1f7d24c16eaf223f,lit_cluster,True,False,False,,,,[BHF2019] RXCJ2248    931,SIMBAD:LeG,1.87,False,color,cluster,3293,20.52051,0,,,,True,holdout
J34708269-218827,347.0826897520284,-2.18826713866514,jwst,,lens,truth_jwst,6882,,,desi_train,u0050,golden/kits_truth/J34708269-218827.jpg,golden/kits_truth_v2r/J34708269-218827.jpg,c5cac89cb5e01a43,e091b77c169abc7f,lit_cluster,True,False,False,,,,[CSA2018] Abell 2537 32.1,SIMBAD:LeI,1.88,False,color,cluster,6882,19.705305,0,U,20.0,1.2124117448529002,True,design
J34709033-218772,347.0903323410068,-2.187716167154425,jwst,,lens,truth_jwst,6882,,,no,u0243,golden/kits_truth/J34709033-218772.jpg,golden/kits_truth_v2r/J34709033-218772.jpg,adc1c6380641bb3c,7c437fc672217ebf,lit_cluster,True,False,False,,,,[CSA2018] Abell 2537 2.3,SIMBAD:LeI,1.97,False,color,cluster,6882,20.659103,0,,,,True,design
J355159-3037570,3.551593259722217,-30.37569862856143,jwst,,lens,truth_jwst,2561,,,no,,golden/kits_truth/J355159-3037570.jpg,golden/kits_truth_v2r/J355159-3037570.jpg,bee6aa2579b81e68,09d7580d087ba0ba,lit_cluster,True,False,False,,,,[BAG2023b] 70003749,SIMBAD:LeG,0.26,True,color,cluster,2561,20.684135,0,U,20.0,1.2086023263490409,False,holdout
J358138-3039391,3.581378519776964,-30.39390915493075,jwst,,lens,truth_jwst,2561,,,no,,golden/kits_truth/J358138-3039391.jpg,golden/kits_truth_v2r/J358138-3039391.jpg,1db9e6468dec9e16,55c55fddaa40fbc5,lit_cluster,True,False,False,,,,[MRC2018] A2744 105.4,SIMBAD:LeG,1.42,False,color,cluster,2561,20.874407,0,,,,False,holdout
J358813-3039505,3.588134852270382,-30.3950530700409,jwst,,lens,truth_jwst,2561,,,no,,golden/kits_truth/J358813-3039505.jpg,golden/kits_truth_v2r/J358813-3039505.jpg,18e0c9aee6c87479,4f5034d83cc0845d,lit_cluster,True,False,False,,,,[MRC2018] A2744 37.2,SIMBAD:LeG,1.92,False,color,cluster,2561,19.732944,0,,,,False,holdout
J3996317-156579,39.96316934059399,-1.565786112612952,jwst,,lens,truth_jwst,5890,,,desi_train,u0221,golden/kits_truth/J3996317-156579.jpg,golden/kits_truth_v2r/J3996317-156579.jpg,17b9a7a3d2c88e05,ead09db26b03110f,lit_cluster,True,False,False,,,,[DSB2018] A370 15.3.1,SIMBAD:LeG,0.95,True,color,cluster,5890,19.782705,0,U,20.0,1.2134756389624413,True,holdout
J3996912-158493,39.96911931835045,-1.584931833130931,jwst,,lens,truth_jwst,5890,,,desi_train,u0239,golden/kits_truth/J3996912-158493.jpg,golden/kits_truth_v2r/J3996912-158493.jpg,97b8de453cd0d16c,f5c885135c6e0729,lit_cluster,True,False,False,,,,[DSB2018] A370  2.4.1,SIMBAD:LeG,1.31,False,color,cluster,5890,19.432636,0,U,25.0,1.249250396543473,True,holdout
J4202043-352281,42.02043297886691,-3.522812322746657,jwst,,lens,truth_jwst,6882,,,desi_train,u0118,golden/kits_truth/J4202043-352281.jpg,golden/kits_truth_v2r/J4202043-352281.jpg,448fc730d4939fc6,7325e6125c9c4a29,lit_cluster,True,False,False,,,,[SKE2001] B13,SIMBAD:LeI,1.79,False,color,cluster,6882,20.161623,0,U,18.0,1.1980367764244089,True,design
J5186648-1343587,51.8664825081052,-13.43586587872064,jwst,,lens,truth_jwst,5594,,,no,u0153,golden/kits_truth/J5186648-1343587.jpg,golden/kits_truth_v2r/J5186648-1343587.jpg,eb4a95095a8fa237,91bc6345c1e4842b,lit_cluster,True,False,True,,,,DES J0327-1326:[OWD2022] 2,top100:known,,False,color,cluster,5594,20.830465,1,C,42.0,2.377079080316711,True,design
J5186803-1343778,51.86803262254947,-13.43778146053111,jwst,,lens,truth_jwst,5594,,,no,u0120,golden/kits_truth/J5186803-1343778.jpg,golden/kits_truth_v2r/J5186803-1343778.jpg,3821c238086e62b0,9406bb4ef6427103,lit_cluster,True,False,False,,,,RCS J0327:[SBC2023] E1.1,top100:known,,False,color,cluster,5594,20.760675,1,C,40.0,2.3625307317730986,True,design
J6402662-2407015,64.02662027592369,-24.07015285089795,jwst,,lens,truth_jwst,5890,,,no,u0173,golden/kits_truth/J6402662-2407015.jpg,golden/kits_truth_v2r/J6402662-2407015.jpg,3eb151bd1e4f05a3,0b8968b76edce205,lit_cluster,True,False,False,,,,[HHT2016] 49.3,SIMBAD:LeG,0.97,True,color,cluster,5890,20.88196,0,,,,True,holdout
J803198+1811354,8.031975916986372,18.11354096514257,jwst,,lens,truth_jwst,6882,,,no,u0059,golden/kits_truth/J803198+1811354.jpg,golden/kits_truth_v2r/J803198+1811354.jpg,d83fd0412b557432,23a3098ef43c9dd4,lit_cluster,True,False,False,,,,[DZR2017] MACS J0032-arc,SIMBAD:LeG,1.73,False,color,cluster,6882,20.376305,0,U,15.0,1.1745698163739422,True,design
J927569+915263,9.275689189021271,9.152631552041058,jwst,,lens,truth_jwst,6882,,,no,u0150,golden/kits_truth/J927569+915263.jpg,golden/kits_truth_v2r/J927569+915263.jpg,b626cd7ac43d0f10,bcd7237f22b0c39c,lit_cluster,True,False,False,,,,[SSK2002] ERO J003706+0909.1,SIMBAD:LeI,1.24,False,color,cluster,6882,20.777107,0,D,30.0,0.2852530586526476,True,design
J928927+915106,9.289272836561272,9.15106352917912,jwst,,lens,truth_jwst,6882,,,no,u0010,golden/kits_truth/J928927+915106.jpg,golden/kits_truth_v2r/J928927+915106.jpg,5080506aa710c3f7,bf6e20665cf5a2f7,lit_cluster,True,False,False,,,,[SZS2014] A68/HLS115,SIMBAD:LeG,1.11,False,color,cluster,6882,20.197813,0,D,45.0,0.3996646220840078,True,design
J10165239-6262492,101.65239392248,-62.62492291121669,jwst,,nonlens,truth_jwst,5594,,,no,,golden/kits_truth/J10165239-6262492.jpg,golden/kits_truth_v2r/J10165239-6262492.jpg,36c7daef7d85cb98,6f6f009b13e602fe,negative,False,False,False,,,,,,,False,color,cluster,5594,18.340935,0,,,,False,design
J10190879+7025705,101.90878757467996,70.25705226134278,jwst,,nonlens,truth_jwst,1433,,,no,,golden/kits_truth/J10190879+7025705.jpg,golden/kits_truth_v2r/J10190879+7025705.jpg,e1351b27c823fcaa,2c3748d2339f7ae4,negative,False,False,False,,,,,,,False,color,cluster,1433,20.883224,0,,,,False,holdout
J10457022-5594237,104.5702226814692,-55.94237218380331,jwst,,nonlens,truth_jwst,4598,,,no,,golden/kits_truth/J10457022-5594237.jpg,golden/kits_truth_v2r/J10457022-5594237.jpg,e2e51af084c5a9b7,ec686565be33bfc9,negative,False,False,False,,,,,,,False,color,cluster,4598,18.80703,0,,,,False,holdout
J10462825-5596100,104.6282513630676,-55.96100158048926,jwst,,nonlens,truth_jwst,4598,,,no,,golden/kits_truth/J10462825-5596100.jpg,golden/kits_truth_v2r/J10462825-5596100.jpg,758ffe3fb424d10c,1326da31806c3d4b,negative,False,False,False,,,,,,,False,color,cluster,4598,20.452301,0,,,,False,holdout
J10465872-5595715,104.6587163694155,-55.95714579436181,jwst,,nonlens,truth_jwst,4598,,,no,,golden/kits_truth/J10465872-5595715.jpg,golden/kits_truth_v2r/J10465872-5595715.jpg,edb130a4946e678a,633ef828fc32e52e,negative,False,False,False,,,,,,,False,color,cluster,4598,17.844795,0,,,,False,holdout
J10466148-5596794,104.6614790947342,-55.96793623226382,jwst,,nonlens,truth_jwst,4598,,,no,,golden/kits_truth/J10466148-5596794.jpg,golden/kits_truth_v2r/J10466148-5596794.jpg,335706b494a58877,ee9c9d7e4ff6a2c6,negative,False,False,False,,,,,,,False,color,cluster,4598,19.604847,0,,,,False,design
J10467718-5596405,104.677176559814,-55.96405407495486,jwst,,nonlens,truth_jwst,4598,,,no,,golden/kits_truth/J10467718-5596405.jpg,golden/kits_truth_v2r/J10467718-5596405.jpg,8aed7cdef1cf883d,3279fb3b1900f60b,negative,False,False,False,,,,,,,False,color,cluster,4598,19.559727,0,,,,False,design
J11077070-7349692,110.7706995967835,-73.4969245628284,jwst,,nonlens,truth_jwst,4043,,,no,,golden/kits_truth/J11077070-7349692.jpg,golden/kits_truth_v2r/J11077070-7349692.jpg,a41688de3811f3ff,5d69d3736cfdc3fa,negative,False,False,False,,,,,,,False,color,cluster,4043,20.137693,0,,,,False,design
J11083554-7343054,110.8355391705355,-73.4305437688886,jwst,,nonlens,truth_jwst,2736,,,no,,golden/kits_truth/J11083554-7343054.jpg,golden/kits_truth_v2r/J11083554-7343054.jpg,8d0262943eb6e589,624b55b11673e384,negative,False,False,False,,,,,,,False,color,cluster,2736,19.272736,0,,,,False,holdout
J12022374+3605209,120.22373677969532,36.05208805226036,jwst,,nonlens,truth_jwst,5594,,,no,,golden/kits_truth/J12022374+3605209.jpg,golden/kits_truth_v2r/J12022374+3605209.jpg,f4055d705da85ee9,552a296fab84d22b,negative,False,False,False,,,,,,,False,color,cluster,5594,20.618174,0,,,,False,holdout
J12022533+3605598,120.22532983946093,36.05598215358814,jwst,,nonlens,truth_jwst,5594,,,no,,golden/kits_truth/J12022533+3605598.jpg,golden/kits_truth_v2r/J12022533+3605598.jpg,e1d4644a25a045a1,bc28de5c45230243,negative,False,False,False,,,,,,,False,color,cluster,5594,19.027487,0,,,,False,holdout
J12022720+3605500,120.22719696034858,36.0549985402738,jwst,,nonlens,truth_jwst,5594,,,no,,golden/kits_truth/J12022720+3605500.jpg,golden/kits_truth_v2r/J12022720+3605500.jpg,a285d5822e81f286,18262ef8e0240d08,negative,False,False,False,,,,,,,False,color,cluster,5594,20.721333,0,,,,False,holdout
J1210998-5273662,12.10997531005652,-52.73662278397516,jwst,,nonlens,truth_jwst,5594,,,no,,golden/kits_truth/J1210998-5273662.jpg,golden/kits_truth_v2r/J1210998-5273662.jpg,d09f170247347fc1,9107109db0e97e3a,negative,False,False,False,,,,,,,False,color,cluster,5594,17.65154,0,,,,False,holdout
J12133343+2003403,121.3334326490796,20.03403369893391,jwst,,nonlens,truth_jwst,1063,,,no,,golden/kits_truth/J12133343+2003403.jpg,golden/kits_truth_v2r/J12133343+2003403.jpg,8c9268720f645351,d1325068015a6d30,negative,False,False,False,,,,,,,False,color,blank,1063,19.449747,0,,,,False,holdout
J13513883+2089332,135.1388343681415,20.89332488296698,jwst,,nonlens,truth_jwst,5594,,,no,,golden/kits_truth/J13513883+2089332.jpg,golden/kits_truth_v2r/J13513883+2089332.jpg,3bcf15bacde1e2b3,de615746a5a0ead7,negative,False,False,False,,,,,,,False,color,cluster,5594,18.455547,0,,,,False,design
J13516366+2090337,135.1636608728522,20.90337076846302,jwst,,nonlens,truth_jwst,5594,,,no,,golden/kits_truth/J13516366+2090337.jpg,golden/kits_truth_v2r/J13516366+2090337.jpg,c6c82e7d28e42ac0,364168586f9a9d83,negative,False,False,False,,,,,,,False,color,cluster,5594,20.15388,0,,,,False,holdout
J13516783+2090911,135.1678300941722,20.90911190866538,jwst,,nonlens,truth_jwst,5594,,,no,,golden/kits_truth/J13516783+2090911.jpg,golden/kits_truth_v2r/J13516783+2090911.jpg,75692b8eb73d18c6,6335e1564d8cb425,negative,False,False,False,,,,,,,False,color,cluster,5594,18.64023,0,,,,False,design
J13972220-8105171,139.7222038699893,-81.05171490917412,jwst,,nonlens,truth_jwst,4903,,,no,,golden/kits_truth/J13972220-8105171.jpg,golden/kits_truth_v2r/J13972220-8105171.jpg,33f1d17845d75a14,2dadbdaed0739eee,negative,False,False,False,,,,,,,False,color,cluster,4903,19.367296,0,,,,False,holdout
J14100024+789328,141.000242092062,7.893283662656462,jwst,,nonlens,truth_jwst,2078,,,no,,golden/kits_truth/J14100024+789328.jpg,golden/kits_truth_v2r/J14100024+789328.jpg,b37852b8dbc62708,2cfe0e1bc3a2218e,negative,False,False,False,,,,,,,False,color,blank,2078,18.727335,0,,,,False,holdout
J1451508+3024035,14.51507798015341,30.24034923404384,jwst,,nonlens,truth_jwst,6434,,,no,,golden/kits_truth/J1451508+3024035.jpg,golden/kits_truth_v2r/J1451508+3024035.jpg,cd59beec3985a2cd,8ac27a376bfffef5,negative,False,False,False,,,,,,,False,gray_sw_only,blank,6434,20.073212,0,,,,False,holdout
J14520858+770413,145.2085796793069,7.70412700057248,jwst,,nonlens,truth_jwst,3433,,,no,,golden/kits_truth/J14520858+770413.jpg,golden/kits_truth_v2r/J14520858+770413.jpg,301afb22d5148276,faeeb1048e63a85e,negative,False,False,False,,,,,,,False,color,cluster,3433,20.200184,0,,,,False,design
J14521594+770083,145.2159445939148,7.70083475869839,jwst,,nonlens,truth_jwst,3433,,,no,,golden/kits_truth/J14521594+770083.jpg,golden/kits_truth_v2r/J14521594+770083.jpg,b675d22c8c23c9bc,a513b0c137a36247,negative,False,False,False,,,,,,,False,color,cluster,3433,20.213589,0,,,,False,design
J14896639+6964001,148.96638702487215,69.6400058830295,jwst,,nonlens,truth_jwst,5145,,,no,,golden/kits_truth/J14896639+6964001.jpg,golden/kits_truth_v2r/J14896639+6964001.jpg,5803aa8cabcb5849,66a91f76d5c1af4d,negative,False,False,False,,,,,,,False,color,blank,5145,20.05588,0,,,,False,holdout
J14970259+203297,149.7025855714771,2.032970369311984,jwst,,nonlens,truth_jwst,1727,,,no,,golden/kits_truth/J14970259+203297.jpg,golden/kits_truth_v2r/J14970259+203297.jpg,db2adb3b6028a9f4,a1b753b5268a6620,negative,False,False,False,,,,,,,False,color,cosmos,1727,19.160532,0,,,,False,holdout
J14973171+212434,149.7317124269093,2.124336016073532,jwst,,nonlens,truth_jwst,1727,,,no,,golden/kits_truth/J14973171+212434.jpg,golden/kits_truth_v2r/J14973171+212434.jpg,814a0f149acbbaab,b197ca7cd66d7435,negative,False,False,False,,,,,,,False,color,cosmos,1727,19.968718,0,,,,False,design
J14973252+195282,149.7325231049708,1.95281706224445,jwst,,nonlens,truth_jwst,1727,,,no,,golden/kits_truth/J14973252+195282.jpg,golden/kits_truth_v2r/J14973252+195282.jpg,52132d8426d2f961,dcbd3585686f2218,negative,False,False,False,,,,,,,False,color,cosmos,1727,20.32782,0,,,,False,holdout
J14975814+219076,149.7581442572968,2.190761411431744,jwst,,nonlens,truth_jwst,1727,,,no,,golden/kits_truth/J14975814+219076.jpg,golden/kits_truth_v2r/J14975814+219076.jpg,956d132cd7207e9e,78751361ed47ee9f,negative,False,False,False,,,,,,,False,color,cosmos,1727,17.263767,0,,,,False,holdout
J14976245+218007,149.7624452656261,2.180071692986532,jwst,,nonlens,truth_jwst,1727,,,no,,golden/kits_truth/J14976245+218007.jpg,golden/kits_truth_v2r/J14976245+218007.jpg,4b48cd49e86912ea,bf9cb7a71db8911b,negative,False,False,False,,,,,,,False,color,cosmos,1727,20.019386,0,,,,False,design
J14977611+214060,149.7761098531749,2.140603238921176,jwst,,nonlens,truth_jwst,1727,,,no,,golden/kits_truth/J14977611+214060.jpg,golden/kits_truth_v2r/J14977611+214060.jpg,053537280762a4c5,1d68b052fe43a937,negative,False,False,False,,,,,,,False,color,cosmos,1727,19.956602,0,,,,False,holdout
J14978855+213196,149.78855209902,2.131964923158809,jwst,,nonlens,truth_jwst,1727,,,no,,golden/kits_truth/J14978855+213196.jpg,golden/kits_truth_v2r/J14978855+213196.jpg,fa9bbb2a1402bb2b,3ab3d1f4d2fc66a6,negative,False,False,False,,,,,,,False,color,cosmos,1727,19.86508,0,,,,False,design
J14981112+225248,149.8111249628898,2.25248139462584,jwst,,nonlens,truth_jwst,1727,,,no,,golden/kits_truth/J14981112+225248.jpg,golden/kits_truth_v2r/J14981112+225248.jpg,4575c0ae706dbdaf,ad86da66bfdd68d5,negative,False,False,False,,,,,,,False,color,cosmos,1727,19.182505,0,,,,False,design
J14981361+225470,149.8136095510436,2.254704704502855,jwst,,nonlens,truth_jwst,1727,,,no,,golden/kits_truth/J14981361+225470.jpg,golden/kits_truth_v2r/J14981361+225470.jpg,489fb113936502a7,3485a82e9e354e5a,negative,False,False,False,,,,,,,False,color,cosmos,1727,20.388775,0,,,,False,holdout
J1498187+2816303,14.9818681551572,28.16303094919299,jwst,,nonlens,truth_jwst,6434,,,no,,golden/kits_truth/J1498187+2816303.jpg,golden/kits_truth_v2r/J1498187+2816303.jpg,a13946147c28adcf,1adb28e1fca568d2,negative,False,False,False,,,,,,,False,color,blank,6434,18.624023,0,,,,False,holdout
J14981885+216231,149.8188477724439,2.162313205848541,jwst,,nonlens,truth_jwst,1727,,,no,,golden/kits_truth/J14981885+216231.jpg,golden/kits_truth_v2r/J14981885+216231.jpg,c989ed62c2052970,caa66495d207f6c4,negative,False,False,False,,,,,,,False,color,cosmos,1727,18.41427,0,,,,False,design
J14982608+213517,149.8260825551721,2.135172310639601,jwst,,nonlens,truth_jwst,1727,,,no,,golden/kits_truth/J14982608+213517.jpg,golden/kits_truth_v2r/J14982608+213517.jpg,cda513ac84edb4af,0bba712d00f60f8e,negative,False,False,False,,,,,,,False,color,cosmos,1727,18.086842,0,,,,False,holdout
J14982665+197229,149.8266473108643,1.972285059815104,jwst,,nonlens,truth_jwst,1727,,,no,,golden/kits_truth/J14982665+197229.jpg,golden/kits_truth_v2r/J14982665+197229.jpg,d089c088f8fa9597,24a162e9a38a0028,negative,False,False,False,,,,,,,False,color,cosmos,1727,20.710148,0,,,,False,holdout
J14983520+227535,149.8351994381726,2.275351490452039,jwst,,nonlens,truth_jwst,1727,,,no,,golden/kits_truth/J14983520+227535.jpg,golden/kits_truth_v2r/J14983520+227535.jpg,5e8c13d6ec7b4c69,bb40771d88378cbb,negative,False,False,False,,,,,,,False,color,cosmos,1727,19.750208,0,,,,False,design
J14983878+193009,149.8387757258655,1.930088564541005,jwst,,nonlens,truth_jwst,1727,,,no,,golden/kits_truth/J14983878+193009.jpg,golden/kits_truth_v2r/J14983878+193009.jpg,da406fd63b581fb9,152212ac13c5142b,negative,False,False,False,,,,,,,False,color,cosmos,1727,20.201519,0,,,,False,holdout
J14984085+216705,149.8408522608635,2.167045080984421,jwst,,nonlens,truth_jwst,1727,,,no,,golden/kits_truth/J14984085+216705.jpg,golden/kits_truth_v2r/J14984085+216705.jpg,5ece76a71b02d4f8,10931114afb6c159,negative,False,False,False,,,,,,,False,color,cosmos,1727,20.200027,0,,,,False,holdout
J14984240+230058,149.8423987719129,2.300581463980873,jwst,,nonlens,truth_jwst,1727,,,no,,golden/kits_truth/J14984240+230058.jpg,golden/kits_truth_v2r/J14984240+230058.jpg,20418413105b449f,d7b96f1eeb554078,negative,False,False,False,,,,,,,False,color,cosmos,1727,18.167583,0,,,,False,holdout
J14984340+214760,149.8434026291868,2.147604256749717,jwst,,nonlens,truth_jwst,1727,,,no,,golden/kits_truth/J14984340+214760.jpg,golden/kits_truth_v2r/J14984340+214760.jpg,255cff85e1b1b6d5,b74c938be04d6f46,negative,False,False,False,,,,,,,False,color,cosmos,1727,19.287003,0,,,,False,holdout
J14984710+228738,149.8471005989674,2.287377687600501,jwst,,nonlens,truth_jwst,1727,,,no,,golden/kits_truth/J14984710+228738.jpg,golden/kits_truth_v2r/J14984710+228738.jpg,c134f5cade19e69b,23db39529d665fe1,negative,False,False,False,,,,,,,False,color,cosmos,1727,20.233942,0,,,,False,design
J14984732+220417,149.8473191901302,2.204168640761027,jwst,,nonlens,truth_jwst,1727,,,no,,golden/kits_truth/J14984732+220417.jpg,golden/kits_truth_v2r/J14984732+220417.jpg,5ee12a280043db47,cc6d6de3d63cc68e,negative,False,False,False,,,,,,,False,color,cosmos,1727,19.676783,0,,,,False,design
J14985077+226112,149.8507676102732,2.261121567991752,jwst,,nonlens,truth_jwst,1727,,,no,,golden/kits_truth/J14985077+226112.jpg,golden/kits_truth_v2r/J14985077+226112.jpg,97505031f1ce6a83,8d395de7b71ac514,negative,False,False,False,,,,,,,False,color,cosmos,1727,20.518845,0,,,,False,holdout
J14985991+214875,149.8599081362148,2.148750209869094,jwst,,nonlens,truth_jwst,1727,,,no,,golden/kits_truth/J14985991+214875.jpg,golden/kits_truth_v2r/J14985991+214875.jpg,73f94cec193ed892,2b73788dee2d3758,negative,False,False,False,,,,,,,False,color,cosmos,1727,17.460266,0,,,,False,design
J14986666+227442,149.8666553880481,2.274415337738866,jwst,,nonlens,truth_jwst,1727,,,no,,golden/kits_truth/J14986666+227442.jpg,golden/kits_truth_v2r/J14986666+227442.jpg,a6f88fd257bf1f18,e423eddc62e03c6b,negative,False,False,False,,,,,,,False,color,cosmos,1727,19.132954,0,,,,False,holdout
J14986686+205175,149.8668582414039,2.051750210838554,jwst,,nonlens,truth_jwst,1727,,,no,,golden/kits_truth/J14986686+205175.jpg,golden/kits_truth_v2r/J14986686+205175.jpg,e321f6ab18565ada,6d07bdfc51fd51b0,negative,False,False,False,,,,,,,False,color,cosmos,1727,20.35671,0,,,,False,design
J14987021+233510,149.8702105163908,2.335099139871736,jwst,,nonlens,truth_jwst,1727,,,no,,golden/kits_truth/J14987021+233510.jpg,golden/kits_truth_v2r/J14987021+233510.jpg,3cfe8433f98a19d8,311f77761c614dde,negative,False,False,False,,,,,,,False,color,cosmos,1727,20.131172,0,,,,False,design
J14987287+226147,149.8728711907963,2.261467091134952,jwst,,nonlens,truth_jwst,1727,,,no,,golden/kits_truth/J14987287+226147.jpg,golden/kits_truth_v2r/J14987287+226147.jpg,d9c54fb429ed0889,26ceea7da86cd9e6,negative,False,False,False,,,,,,,False,color,cosmos,1727,19.552795,0,,,,False,design
J14987321+252754,149.8732143048148,2.527539589303911,jwst,,nonlens,truth_jwst,1727,,,no,,golden/kits_truth/J14987321+252754.jpg,golden/kits_truth_v2r/J14987321+252754.jpg,b97545f1ad6193b1,ece47caa4b680d2a,negative,False,False,False,,,,,,,False,color,cosmos,1727,19.982359,0,,,,False,holdout
J14988080+222858,149.8808002427615,2.228579699375302,jwst,,nonlens,truth_jwst,1727,,,no,,golden/kits_truth/J14988080+222858.jpg,golden/kits_truth_v2r/J14988080+222858.jpg,cc8e17bc79e48731,27f24831e003e9ca,negative,False,False,False,,,,,,,False,color,cosmos,1727,20.236343,0,,,,False,holdout
J14988264+244832,149.882637074026,2.44831819429719,jwst,,nonlens,truth_jwst,1727,,,no,,golden/kits_truth/J14988264+244832.jpg,golden/kits_truth_v2r/J14988264+244832.jpg,10fd522a7f51d5a4,746f50ad23bf8862,negative,False,False,False,,,,,,,False,color,cosmos,1727,18.229279,0,,,,False,design
J14988278+213247,149.882775133458,2.132469564755038,jwst,,nonlens,truth_jwst,1727,,,no,,golden/kits_truth/J14988278+213247.jpg,golden/kits_truth_v2r/J14988278+213247.jpg,07bb093478ecb82d,c4659bd0a1727e33,negative,False,False,False,,,,,,,False,color,cosmos,1727,20.377872,0,,,,False,holdout
J14990021+189664,149.9002100673891,1.896643143694443,jwst,,nonlens,truth_jwst,1727,,,no,,golden/kits_truth/J14990021+189664.jpg,golden/kits_truth_v2r/J14990021+189664.jpg,37c96882a8357d23,566ccbf6d9a12516,negative,False,False,False,,,,,,,False,color,cosmos,1727,16.745296,0,,,,False,holdout
J14990055+189878,149.9005524096822,1.898782731433911,jwst,,nonlens,truth_jwst,1727,,,no,,golden/kits_truth/J14990055+189878.jpg,golden/kits_truth_v2r/J14990055+189878.jpg,ad24c990e0296df3,248d5ed9237615bb,negative,False,False,False,,,,,,,False,color,cosmos,1727,20.131657,0,,,,False,holdout
J14990337+243896,149.9033701883425,2.438960300223301,jwst,,nonlens,truth_jwst,1727,,,no,,golden/kits_truth/J14990337+243896.jpg,golden/kits_truth_v2r/J14990337+243896.jpg,95bdbe021866dcc9,1a0f93c0efa6ad29,negative,False,False,False,,,,,,,False,color,cosmos,1727,20.054544,0,,,,False,holdout
J14990528+219896,149.9052791424438,2.198958279416955,jwst,,nonlens,truth_jwst,1727,,,no,,golden/kits_truth/J14990528+219896.jpg,golden/kits_truth_v2r/J14990528+219896.jpg,cac8daca24b5d1f4,2792e54fa7ca8098,negative,False,False,False,,,,,,,False,color,cosmos,1727,20.352062,0,,,,False,holdout
J14990594+244729,149.9059373458015,2.447293821540228,jwst,,nonlens,truth_jwst,1727,,,no,,golden/kits_truth/J14990594+244729.jpg,golden/kits_truth_v2r/J14990594+244729.jpg,7794c88c2458d17d,19cc24a1b90e4fa8,negative,False,False,False,,,,,,,False,color,cosmos,1727,19.878748,0,,,,False,holdout
J14991009+190700,149.9100887120301,1.907004666104146,jwst,,nonlens,truth_jwst,1727,,,no,,golden/kits_truth/J14991009+190700.jpg,golden/kits_truth_v2r/J14991009+190700.jpg,f838ce3cfdaf3c74,82f15ac8adcbd796,negative,False,False,False,,,,,,,False,color,cosmos,1727,20.91652,0,,,,False,holdout
J14991013+214969,149.9101256505312,2.149687195870414,jwst,,nonlens,truth_jwst,1727,,,no,,golden/kits_truth/J14991013+214969.jpg,golden/kits_truth_v2r/J14991013+214969.jpg,7ee3b94c9f20ecb8,a4fc904bc5154ccb,negative,False,False,False,,,,,,,False,color,cosmos,1727,18.456802,0,,,,False,design
J14991344+235137,149.9134404406213,2.351369095419455,jwst,,nonlens,truth_jwst,1727,,,no,,golden/kits_truth/J14991344+235137.jpg,golden/kits_truth_v2r/J14991344+235137.jpg,5a975f67a5bdd566,5a2a4bd0808d3747,negative,False,False,False,,,,,,,False,color,cosmos,1727,20.559464,0,,,,False,design
J14991450+209996,149.9145002245963,2.099958115660124,jwst,,nonlens,truth_jwst,1727,,,no,,golden/kits_truth/J14991450+209996.jpg,golden/kits_truth_v2r/J14991450+209996.jpg,02a8920c80974c9c,5ef782ed5f9b9491,negative,False,False,False,,,,,,,False,color,cosmos,1727,19.823774,0,,,,False,design
J14992085+203121,149.9208547697883,2.031205195726554,jwst,,nonlens,truth_jwst,1727,,,no,,golden/kits_truth/J14992085+203121.jpg,golden/kits_truth_v2r/J14992085+203121.jpg,45c478135afdbb9c,0247426c3cccef8d,negative,False,False,False,,,,,,,False,color,cosmos,1727,19.271902,0,,,,False,design
J14993830+257757,149.9382962664086,2.577569704538573,jwst,,nonlens,truth_jwst,1727,,,no,,golden/kits_truth/J14993830+257757.jpg,golden/kits_truth_v2r/J14993830+257757.jpg,8311f3a583226562,7684b2bf2455281e,negative,False,False,False,,,,,,,False,color,cosmos,1727,17.04935,0,,,,False,holdout
J14993908+263097,149.9390778302564,2.630971910857665,jwst,,nonlens,truth_jwst,1727,,,no,,golden/kits_truth/J14993908+263097.jpg,golden/kits_truth_v2r/J14993908+263097.jpg,88f3f3711fbde6c8,7ac412d2488ea67f,negative,False,False,False,,,,,,,False,color,cosmos,1727,19.938797,0,,,,False,holdout
J14994298+260066,149.9429765832136,2.600663364316361,jwst,,nonlens,truth_jwst,1727,,,no,,golden/kits_truth/J14994298+260066.jpg,golden/kits_truth_v2r/J14994298+260066.jpg,7ae3ea4399753413,3a93ca64fc5fd02b,negative,False,False,False,,,,,,,False,color,cosmos,1727,19.395145,0,,,,False,holdout
J14994519+248568,149.9451941899308,2.485675316221953,jwst,,nonlens,truth_jwst,1727,,,no,,golden/kits_truth/J14994519+248568.jpg,golden/kits_truth_v2r/J14994519+248568.jpg,1db209ad25bbd140,3d22cdc140cf319b,negative,False,False,False,,,,,,,False,color,cosmos,1727,20.594738,0,,,,False,design
J14994839+193216,149.9483946518299,1.932157960836161,jwst,,nonlens,truth_jwst,1727,,,no,,golden/kits_truth/J14994839+193216.jpg,golden/kits_truth_v2r/J14994839+193216.jpg,37833d7992b3472e,e2babca9f4cfd563,negative,False,False,False,,,,,,,False,color,cosmos,1727,19.559334,0,,,,False,design
J14995663+224591,149.9566343082401,2.24590589644762,jwst,,nonlens,truth_jwst,1727,,,no,,golden/kits_truth/J14995663+224591.jpg,golden/kits_truth_v2r/J14995663+224591.jpg,c9536cdf4a399201,bff9978f16770041,negative,False,False,False,,,,,,,False,color,cosmos,1727,20.793348,0,,,,False,holdout
J14996767+261863,149.9676686594262,2.618633380698035,jwst,,nonlens,truth_jwst,1727,,,no,,golden/kits_truth/J14996767+261863.jpg,golden/kits_truth_v2r/J14996767+261863.jpg,25f44e600619b663,310a264080a0611b,negative,False,False,False,,,,,,,False,color,cosmos,1727,19.354433,0,,,,False,holdout
J14996770+209525,149.9676992902101,2.095254911893142,jwst,,nonlens,truth_jwst,1727,,,no,,golden/kits_truth/J14996770+209525.jpg,golden/kits_truth_v2r/J14996770+209525.jpg,0c54c607ed646682,d6016a5da1bbf784,negative,False,False,False,,,,,,,False,color,cosmos,1727,20.141426,0,,,,False,holdout
J14997011+229135,149.9701097915699,2.291345119382942,jwst,,nonlens,truth_jwst,1727,,,no,,golden/kits_truth/J14997011+229135.jpg,golden/kits_truth_v2r/J14997011+229135.jpg,194fbd3f218876ff,c112384bd9f498ed,negative,False,False,False,,,,,,,False,color,cosmos,1727,19.529072,0,,,,False,design
J14997046+193062,149.9704614799516,1.93061513239809,jwst,,nonlens,truth_jwst,1727,,,no,,golden/kits_truth/J14997046+193062.jpg,golden/kits_truth_v2r/J14997046+193062.jpg,a9dff1e2d578f1f9,e7db050c7b2505e1,negative,False,False,False,,,,,,,False,color,cosmos,1727,19.667105,0,,,,False,design
J14997157+259501,149.9715685929738,2.595009922355654,jwst,,nonlens,truth_jwst,1727,,,no,,golden/kits_truth/J14997157+259501.jpg,golden/kits_truth_v2r/J14997157+259501.jpg,40c212997a821190,faf6b1df84e50aec,negative,False,False,False,,,,,,,False,color,cosmos,1727,20.129238,0,,,,False,holdout
J14997523+257803,149.9752341879716,2.578026560067999,jwst,,nonlens,truth_jwst,1727,,,no,,golden/kits_truth/J14997523+257803.jpg,golden/kits_truth_v2r/J14997523+257803.jpg,385aedc423109db3,1c66c40780cfb4e3,negative,False,False,False,,,,,,,False,color,cosmos,1727,18.211224,0,,,,False,design
J14997784+264114,149.9778386792819,2.641144602356764,jwst,,nonlens,truth_jwst,1727,,,no,,golden/kits_truth/J14997784+264114.jpg,golden/kits_truth_v2r/J14997784+264114.jpg,38d51e6e926417b3,eef962ae4ab2ad42,negative,False,False,False,,,,,,,False,color,cosmos,1727,20.697487,0,,,,False,design
J14997870+245651,149.9786981585218,2.456505610212961,jwst,,nonlens,truth_jwst,1727,,,no,,golden/kits_truth/J14997870+245651.jpg,golden/kits_truth_v2r/J14997870+245651.jpg,f3788ffa6b1411c7,13ea44d54c09c51b,negative,False,False,False,,,,,,,False,color,cosmos,1727,18.987736,0,,,,False,holdout
J14998627+241542,149.9862704887293,2.415417666660038,jwst,,nonlens,truth_jwst,1727,,,no,,golden/kits_truth/J14998627+241542.jpg,golden/kits_truth_v2r/J14998627+241542.jpg,a6b4d164f4116cc9,380a416b77474971,negative,False,False,False,,,,,,,False,color,cosmos,1727,20.109814,0,,,,False,design
J14998771+249559,149.9877127908761,2.49558537933852,jwst,,nonlens,truth_jwst,1727,,,no,,golden/kits_truth/J14998771+249559.jpg,golden/kits_truth_v2r/J14998771+249559.jpg,2c74c67e45636e8a,97595b2381e20a86,negative,False,False,False,,,,,,,False,color,cosmos,1727,20.219744,0,,,,False,holdout
J14999361+225854,149.9936111580678,2.258543554949024,jwst,,nonlens,truth_jwst,1727,,,no,,golden/kits_truth/J14999361+225854.jpg,golden/kits_truth_v2r/J14999361+225854.jpg,64b6b5b14b65fc5a,ec8953ca9ef5b356,negative,False,False,False,,,,,,,False,color,cosmos,1727,20.747782,0,,,,False,design
J14999589+191290,149.995891236779,1.912902245350935,jwst,,nonlens,truth_jwst,1727,,,no,,golden/kits_truth/J14999589+191290.jpg,golden/kits_truth_v2r/J14999589+191290.jpg,d2f16608d567265b,35db4d91147d612d,negative,False,False,False,,,,,,,False,color,cosmos,1727,18.720016,0,,,,False,holdout
J14999601+247326,149.9960076544223,2.473261539701591,jwst,,nonlens,truth_jwst,1727,,,no,,golden/kits_truth/J14999601+247326.jpg,golden/kits_truth_v2r/J14999601+247326.jpg,a5bd456143ccd4d2,2f08f663573929e9,negative,False,False,False,,,,,,,False,color,cosmos,1727,18.71551,0,,,,False,holdout
J14999665+259245,149.996652285886,2.59244631569015,jwst,,nonlens,truth_jwst,1727,,,no,,golden/kits_truth/J14999665+259245.jpg,golden/kits_truth_v2r/J14999665+259245.jpg,cfc1250a54795951,ddc0676770478015,negative,False,False,False,,,,,,,False,color,cosmos,1727,19.015982,0,,,,False,holdout
J14999692+249620,149.9969201013255,2.496201917703266,jwst,,nonlens,truth_jwst,1727,,,no,,golden/kits_truth/J14999692+249620.jpg,golden/kits_truth_v2r/J14999692+249620.jpg,57a035ffebcb075e,2cb9b86da8721789,negative,False,False,False,,,,,,,False,color,cosmos,1727,19.946537,0,,,,False,design
J15000072+216107,150.0007233378562,2.161071245565164,jwst,,nonlens,truth_jwst,1727,,,no,,golden/kits_truth/J15000072+216107.jpg,golden/kits_truth_v2r/J15000072+216107.jpg,9a0fbdd0f318dbb7,3426578cded8419f,negative,False,False,False,,,,,,,False,color,cosmos,1727,20.588802,0,,,,False,design
J15000086+191067,150.000857345158,1.910669395980312,jwst,,nonlens,truth_jwst,1727,,,no,,golden/kits_truth/J15000086+191067.jpg,golden/kits_truth_v2r/J15000086+191067.jpg,1fe32102b1aa8540,45c01ad15fa8879f,negative,False,False,False,,,,,,,False,color,cosmos,1727,20.692324,0,,,,False,design
J15000331+240754,150.0033101311021,2.407535048876055,jwst,,nonlens,truth_jwst,1727,,,no,,golden/kits_truth/J15000331+240754.jpg,golden/kits_truth_v2r/J15000331+240754.jpg,340424f888d6102b,a4cec4b99e0ce5f2,negative,False,False,False,,,,,,,False,color,cosmos,1727,19.20595,0,,,,False,design
J15000332+191727,150.0033198194514,1.917265644735639,jwst,,nonlens,truth_jwst,1727,,,no,,golden/kits_truth/J15000332+191727.jpg,golden/kits_truth_v2r/J15000332+191727.jpg,63f902274758f491,1ea9f773df89b4c5,negative,False,False,False,,,,,,,False,color,cosmos,1727,18.48981,0,,,,False,design
J15000432+225070,150.0043202120102,2.250700084791008,jwst,,nonlens,truth_jwst,1727,,,no,,golden/kits_truth/J15000432+225070.jpg,golden/kits_truth_v2r/J15000432+225070.jpg,e33b4b6fec206bdd,43bf7104d3af7064,negative,False,False,False,,,,,,,False,color,cosmos,1727,18.841412,0,,,,False,holdout
J15000506+214101,150.0050564771688,2.141011606332023,jwst,,nonlens,truth_jwst,1727,,,no,,golden/kits_truth/J15000506+214101.jpg,golden/kits_truth_v2r/J15000506+214101.jpg,c1132034fa5115e4,78d292d386af5666,negative,False,False,False,,,,,,,False,color,cosmos,1727,20.780005,0,,,,False,holdout
J15000891+230762,150.00890857019,2.307623297440623,jwst,,nonlens,truth_jwst,1727,,,no,,golden/kits_truth/J15000891+230762.jpg,golden/kits_truth_v2r/J15000891+230762.jpg,6b3d4ec87a5a83ad,e57493b03bd90475,negative,False,False,False,,,,,,,False,color,cosmos,1727,20.208271,0,,,,False,holdout
J15000905+227496,150.0090450488475,2.274964200158805,jwst,,nonlens,truth_jwst,1727,,,no,,golden/kits_truth/J15000905+227496.jpg,golden/kits_truth_v2r/J15000905+227496.jpg,eda699b8dd220298,7253300264ec417c,negative,False,False,False,,,,,,,False,color,cosmos,1727,20.109709,0,,,,False,holdout
J15001125+215662,150.0112504141083,2.156619507094796,jwst,,nonlens,truth_jwst,1727,,,no,,golden/kits_truth/J15001125+215662.jpg,golden/kits_truth_v2r/J15001125+215662.jpg,4e57f5b327259dd2,fcfd3f6b79c2b5f0,negative,False,False,False,,,,,,,False,color,cosmos,1727,20.701748,0,,,,False,design
J15001548+244074,150.0154797361419,2.440737316340347,jwst,,nonlens,truth_jwst,1727,,,no,,golden/kits_truth/J15001548+244074.jpg,golden/kits_truth_v2r/J15001548+244074.jpg,6625979669f59aba,30f7a5a3fe3e8d60,negative,False,False,False,,,,,,,False,color,cosmos,1727,20.601643,0,,,,False,design
J15001815+243074,150.0181499784716,2.430740430283597,jwst,,nonlens,truth_jwst,1727,,,no,,golden/kits_truth/J15001815+243074.jpg,golden/kits_truth_v2r/J15001815+243074.jpg,c324445b20e68c83,e9c0b8898a713896,negative,False,False,False,,,,,,,False,color,cosmos,1727,17.407978,0,,,,False,design
J15002139+203715,150.0213873263837,2.037152334945396,jwst,,nonlens,truth_jwst,1727,,,no,,golden/kits_truth/J15002139+203715.jpg,golden/kits_truth_v2r/J15002139+203715.jpg,15e244d953c83d79,d474eb67415c1651,negative,False,False,False,,,,,,,False,color,cosmos,1727,20.97245,0,,,,False,holdout
J15002264+250804,150.022644493591,2.508043311162618,jwst,,nonlens,truth_jwst,1727,,,no,,golden/kits_truth/J15002264+250804.jpg,golden/kits_truth_v2r/J15002264+250804.jpg,d4bb607f9edb999e,16a160442681dd95,negative,False,False,False,,,,,,,False,color,cosmos,1727,20.537872,0,,,,False,holdout
J15002769+241017,150.0276928647571,2.410172613007187,jwst,,nonlens,truth_jwst,1727,,,no,,golden/kits_truth/J15002769+241017.jpg,golden/kits_truth_v2r/J15002769+241017.jpg,f34e5e3180172066,2886923325153d37,negative,False,False,False,,,,,,,False,color,cosmos,1727,19.42204,0,,,,False,design
J15002774+237388,150.0277358426142,2.373877636613189,jwst,,nonlens,truth_jwst,1727,,,no,,golden/kits_truth/J15002774+237388.jpg,golden/kits_truth_v2r/J15002774+237388.jpg,20b73f261d9cc391,2f516749f9ac62b3,negative,False,False,False,,,,,,,False,color,cosmos,1727,17.374928,0,,,,False,holdout
J15002786+184090,150.0278603317689,1.840896808053142,jwst,,nonlens,truth_jwst,1727,,,no,,golden/kits_truth/J15002786+184090.jpg,golden/kits_truth_v2r/J15002786+184090.jpg,aab6f21f11ba330b,668d3f7073fa6463,negative,False,False,False,,,,,,,False,color,cosmos,1727,19.23633,0,,,,False,design
J15003334+244894,150.0333441883284,2.448935469175391,jwst,,nonlens,truth_jwst,1727,,,no,,golden/kits_truth/J15003334+244894.jpg,golden/kits_truth_v2r/J15003334+244894.jpg,8f46ce64e5eb9d7c,5d9fe626778eb467,negative,False,False,False,,,,,,,False,color,cosmos,1727,18.87704,0,,,,False,design
J15003576+226164,150.0357620114859,2.261643320861558,jwst,,nonlens,truth_jwst,1727,,,no,,golden/kits_truth/J15003576+226164.jpg,golden/kits_truth_v2r/J15003576+226164.jpg,b51640b62835ec18,9d8ed8498de59774,negative,False,False,False,,,,,,,False,color,cosmos,1727,20.346138,0,,,,False,holdout
J15003725+244542,150.0372539981247,2.445420961533534,jwst,,nonlens,truth_jwst,1727,,,no,,golden/kits_truth/J15003725+244542.jpg,golden/kits_truth_v2r/J15003725+244542.jpg,e4e0e770af910bb2,a10ae452eb3993d3,negative,False,False,False,,,,,,,False,color,cosmos,1727,19.52161,0,,,,False,holdout
J15003928+242850,150.0392790545849,2.428499508997853,jwst,,nonlens,truth_jwst,1727,,,no,,golden/kits_truth/J15003928+242850.jpg,golden/kits_truth_v2r/J15003928+242850.jpg,33655445c892ae2e,03fdb39e15ebb2de,negative,False,False,False,,,,,,,False,color,cosmos,1727,19.48179,0,,,,False,design
J15004294+191457,150.042941745567,1.914568505958485,jwst,,nonlens,truth_jwst,1727,,,no,,golden/kits_truth/J15004294+191457.jpg,golden/kits_truth_v2r/J15004294+191457.jpg,b2e60a8917c5f49d,ddd13a43bd010233,negative,False,False,False,,,,,,,False,color,cosmos,1727,19.122803,0,,,,False,design
J15004366+254934,150.043656935905,2.549335118877108,jwst,,nonlens,truth_jwst,1727,,,no,,golden/kits_truth/J15004366+254934.jpg,golden/kits_truth_v2r/J15004366+254934.jpg,f42e03e409a2a92b,8f4444dfd2cd98b5,negative,False,False,False,,,,,,,False,color,cosmos,1727,20.398962,0,,,,False,design
J15004401+226637,150.0440080195558,2.266372617496303,jwst,,nonlens,truth_jwst,1727,,,no,,golden/kits_truth/J15004401+226637.jpg,golden/kits_truth_v2r/J15004401+226637.jpg,ae91c0b14309f551,020ccbd452661482,negative,False,False,False,,,,,,,False,color,cosmos,1727,20.08817,0,,,,False,design
J15004880+251632,150.04880083915,2.516317879935355,jwst,,nonlens,truth_jwst,1727,,,no,,golden/kits_truth/J15004880+251632.jpg,golden/kits_truth_v2r/J15004880+251632.jpg,93c3115e2b43ec1b,a1463871e85aed09,negative,False,False,False,,,,,,,False,color,cosmos,1727,20.132475,0,,,,False,design
J15006760+258633,150.0675987548056,2.586325137158513,jwst,,nonlens,truth_jwst,1727,,,no,,golden/kits_truth/J15006760+258633.jpg,golden/kits_truth_v2r/J15006760+258633.jpg,c62aa9fcaba1444f,04b6992800876688,negative,False,False,False,,,,,,,False,color,cosmos,1727,19.319786,0,,,,False,holdout
J15007584+220335,150.0758396754738,2.203352856696267,jwst,,nonlens,truth_jwst,1727,,,no,,golden/kits_truth/J15007584+220335.jpg,golden/kits_truth_v2r/J15007584+220335.jpg,264f0d7757884533,359a6cfd345eea55,negative,False,False,False,,,,,,,False,color,cosmos,1727,17.538916,0,,,,False,design
J15008614+253138,150.0861405142442,2.531380279779448,jwst,,nonlens,truth_jwst,1727,,,no,,golden/kits_truth/J15008614+253138.jpg,golden/kits_truth_v2r/J15008614+253138.jpg,f268ead646ee77a5,bbed976971e127e1,negative,False,False,False,,,,,,,False,color,cosmos,1727,20.794537,0,,,,False,holdout
J15009112+248272,150.0911223990346,2.482720293518642,jwst,,nonlens,truth_jwst,1727,,,no,,golden/kits_truth/J15009112+248272.jpg,golden/kits_truth_v2r/J15009112+248272.jpg,4e38c608b45e2bad,1f83e07dbb00b529,negative,False,False,False,,,,,,,False,color,cosmos,1727,20.74013,0,,,,False,design
J15009157+193091,150.0915740170636,1.930909846120583,jwst,,nonlens,truth_jwst,1727,,,no,,golden/kits_truth/J15009157+193091.jpg,golden/kits_truth_v2r/J15009157+193091.jpg,047538f977eefd10,27542e7ff5931838,negative,False,False,False,,,,,,,False,color,cosmos,1727,18.664263,0,,,,False,design
J15009204+190690,150.0920428490376,1.906903839767832,jwst,,nonlens,truth_jwst,1727,,,no,,golden/kits_truth/J15009204+190690.jpg,golden/kits_truth_v2r/J15009204+190690.jpg,93291baf8f8e284a,93388054e71526cc,negative,False,False,False,,,,,,,False,color,cosmos,1727,20.982695,0,,,,False,design
J15009426+213932,150.0942646108919,2.139320788328195,jwst,,nonlens,truth_jwst,1727,,,no,,golden/kits_truth/J15009426+213932.jpg,golden/kits_truth_v2r/J15009426+213932.jpg,4bdb129f5195ecce,871171eba6d4cf9b,negative,False,False,False,,,,,,,False,color,cosmos,1727,18.436941,0,,,,False,design
J15009508+219374,150.0950792827728,2.193738908660982,jwst,,nonlens,truth_jwst,1727,,,no,,golden/kits_truth/J15009508+219374.jpg,golden/kits_truth_v2r/J15009508+219374.jpg,192dfdaca6a272db,b02defb19aab4628,negative,False,False,False,,,,,,,False,color,cosmos,1727,19.994589,0,,,,False,design
J15010031+245649,150.1003135160075,2.456488481450111,jwst,,nonlens,truth_jwst,1727,,,no,,golden/kits_truth/J15010031+245649.jpg,golden/kits_truth_v2r/J15010031+245649.jpg,378460dac9433e89,24e060e7dff13288,negative,False,False,False,,,,,,,False,color,cosmos,1727,19.923317,0,,,,False,design
J15010092+257270,150.1009168956143,2.57269782339558,jwst,,nonlens,truth_jwst,1727,,,no,,golden/kits_truth/J15010092+257270.jpg,golden/kits_truth_v2r/J15010092+257270.jpg,a4c6867eaf46a46c,a2ae5ac810965b2b,negative,False,False,False,,,,,,,False,color,cosmos,1727,20.513052,0,,,,False,design
J15010739+198576,150.1073854412899,1.985756814381851,jwst,,nonlens,truth_jwst,1727,,,no,,golden/kits_truth/J15010739+198576.jpg,golden/kits_truth_v2r/J15010739+198576.jpg,f953b54e6354a856,1b214f925805e776,negative,False,False,False,,,,,,,False,color,cosmos,1727,19.400818,0,,,,False,design
J15011758+255892,150.1175798016885,2.558924886476844,jwst,,nonlens,truth_jwst,1727,,,no,,golden/kits_truth/J15011758+255892.jpg,golden/kits_truth_v2r/J15011758+255892.jpg,ad2e236c503becfb,6e75403f24f730e3,negative,False,False,False,,,,,,,False,color,cosmos,1727,20.523087,0,,,,False,holdout
J15012035+205020,150.1203506732118,2.05020021932702,jwst,,nonlens,truth_jwst,1727,,,no,,golden/kits_truth/J15012035+205020.jpg,golden/kits_truth_v2r/J15012035+205020.jpg,f34f4f6378a08ddb,f03cec54f8c8b052,negative,False,False,False,,,,,,,False,color,cosmos,1727,20.184742,0,,,,False,holdout
J15013236+185399,150.1323567642748,1.853986442174444,jwst,,nonlens,truth_jwst,1727,,,no,,golden/kits_truth/J15013236+185399.jpg,golden/kits_truth_v2r/J15013236+185399.jpg,6f1d2027f86fb74f,c0557ce0cb668113,negative,False,False,False,,,,,,,False,color,cosmos,1727,19.645689,0,,,,False,holdout
J15013486+205615,150.134859015268,2.056147228712318,jwst,,nonlens,truth_jwst,1727,,,no,,golden/kits_truth/J15013486+205615.jpg,golden/kits_truth_v2r/J15013486+205615.jpg,7ecead64845db295,53293f574c8ffedd,negative,False,False,False,,,,,,,False,color,cosmos,1727,19.258862,0,,,,False,design
J15014324+260270,150.1432350080999,2.60270423327258,jwst,,nonlens,truth_jwst,1727,,,no,,golden/kits_truth/J15014324+260270.jpg,golden/kits_truth_v2r/J15014324+260270.jpg,613553fd9b75e406,c491a49d233a717c,negative,False,False,False,,,,,,,False,color,cosmos,1727,19.454046,0,,,,False,design
J15015821+189096,150.1582092504898,1.890962866952931,jwst,,nonlens,truth_jwst,1727,,,no,,golden/kits_truth/J15015821+189096.jpg,golden/kits_truth_v2r/J15015821+189096.jpg,c3effafb34631389,330aa1c8213a90ad,negative,False,False,False,,,,,,,False,color,cosmos,1727,19.55975,0,,,,False,design
J15016855+178503,150.1685517836465,1.785027758930714,jwst,,nonlens,truth_jwst,1727,,,no,,golden/kits_truth/J15016855+178503.jpg,golden/kits_truth_v2r/J15016855+178503.jpg,c09ddd392032407b,d84a09a3c40026ef,negative,False,False,False,,,,,,,False,color,cosmos,1727,19.74579,0,,,,False,design
J15017052+182964,150.1705248184255,1.82964255473709,jwst,,nonlens,truth_jwst,1727,,,no,,golden/kits_truth/J15017052+182964.jpg,golden/kits_truth_v2r/J15017052+182964.jpg,c363168f5659b6be,964f2b6c3bccfd52,negative,False,False,False,,,,,,,False,color,cosmos,1727,20.543991,0,,,,False,design
J15017886+200904,150.1788601329395,2.009043698309506,jwst,,nonlens,truth_jwst,1727,,,no,,golden/kits_truth/J15017886+200904.jpg,golden/kits_truth_v2r/J15017886+200904.jpg,a679159541d67a63,282410a69567aa61,negative,False,False,False,,,,,,,False,color,cosmos,1727,18.315342,0,,,,False,holdout
J15019508+177351,150.1950796845636,1.773509500352509,jwst,,nonlens,truth_jwst,1727,,,no,,golden/kits_truth/J15019508+177351.jpg,golden/kits_truth_v2r/J15019508+177351.jpg,79f15a3b8936c923,fd3f20014d32af76,negative,False,False,False,,,,,,,False,color,cosmos,1727,19.49839,0,,,,False,holdout
J15019947+214799,150.1994684085828,2.147985449944611,jwst,,nonlens,truth_jwst,1727,,,no,,golden/kits_truth/J15019947+214799.jpg,golden/kits_truth_v2r/J15019947+214799.jpg,e4fb2024afdfe78e,c1c73eaf81a66d67,negative,False,False,False,,,,,,,False,color,cosmos,1727,20.837774,0,,,,False,holdout
J15020999+233033,150.2099883732107,2.330334133183101,jwst,,nonlens,truth_jwst,1727,,,no,,golden/kits_truth/J15020999+233033.jpg,golden/kits_truth_v2r/J15020999+233033.jpg,2c3be83ac4f80d9e,6ee4dbcbfcc677f5,negative,False,False,False,,,,,,,False,color,cosmos,1727,20.360092,0,,,,False,holdout
J15021036+181648,150.2103566777988,1.816479972830119,jwst,,nonlens,truth_jwst,1727,,,no,,golden/kits_truth/J15021036+181648.jpg,golden/kits_truth_v2r/J15021036+181648.jpg,28ebea72f307ce36,4772c8e4580a1def,negative,False,False,False,,,,,,,False,color,cosmos,1727,20.688498,0,,,,False,holdout
J15021143+206291,150.2114348026915,2.062911083953135,jwst,,nonlens,truth_jwst,1727,,,no,,golden/kits_truth/J15021143+206291.jpg,golden/kits_truth_v2r/J15021143+206291.jpg,7e4a2d1f1d47c998,9c98db6661270502,negative,False,False,False,,,,,,,False,color,cosmos,1727,19.548637,0,,,,False,holdout
J15021176+206835,150.2117561386652,2.068345137657415,jwst,,nonlens,truth_jwst,1727,,,no,,golden/kits_truth/J15021176+206835.jpg,golden/kits_truth_v2r/J15021176+206835.jpg,767d8394a33ecfb6,94a20492c085c47e,negative,False,False,False,,,,,,,False,color,cosmos,1727,19.276964,0,,,,False,holdout
J15021434+238041,150.2143392920632,2.380408373679443,jwst,,nonlens,truth_jwst,1727,,,no,,golden/kits_truth/J15021434+238041.jpg,golden/kits_truth_v2r/J15021434+238041.jpg,2ff9743dac7a15c5,3455f63260e6b7fb,negative,False,False,False,,,,,,,False,color,cosmos,1727,19.013071,0,,,,False,design
J15021591+259018,150.2159125445341,2.590179031638645,jwst,,nonlens,truth_jwst,4265,,,no,,golden/kits_truth/J15021591+259018.jpg,golden/kits_truth_v2r/J15021591+259018.jpg,87dfb6fdfe54c20a,02f8784577b188d2,negative,False,False,False,,,,,,,False,color,blank,4265,20.886158,0,,,,False,design
J15021912+240750,150.2191174582856,2.407504446431797,jwst,,nonlens,truth_jwst,1727,,,no,,golden/kits_truth/J15021912+240750.jpg,golden/kits_truth_v2r/J15021912+240750.jpg,0c3bced8225035d6,2189ae77aea9b0d4,negative,False,False,False,,,,,,,False,color,cosmos,1727,17.085804,0,,,,False,holdout
J15022286+228385,150.222858412939,2.283846592179569,jwst,,nonlens,truth_jwst,1727,,,no,,golden/kits_truth/J15022286+228385.jpg,golden/kits_truth_v2r/J15022286+228385.jpg,a02b2344605c5ace,8e4b0bde3bc910a2,negative,False,False,False,,,,,,,False,color,cosmos,1727,20.335663,0,,,,False,design
J15022668+233120,150.2266832979719,2.331200226194484,jwst,,nonlens,truth_jwst,1727,,,no,,golden/kits_truth/J15022668+233120.jpg,golden/kits_truth_v2r/J15022668+233120.jpg,ab03a0cee182e955,c9ebfb8453133f16,negative,False,False,False,,,,,,,False,color,cosmos,1727,20.504087,0,,,,False,holdout
J15023235+220569,150.2323521514595,2.205689158606405,jwst,,nonlens,truth_jwst,1727,,,no,,golden/kits_truth/J15023235+220569.jpg,golden/kits_truth_v2r/J15023235+220569.jpg,2d8d5cad8e24490c,8c49b48693b288bc,negative,False,False,False,,,,,,,False,color,cosmos,1727,20.254074,0,,,,False,design
J15023349+185115,150.2334945054441,1.851148547619187,jwst,,nonlens,truth_jwst,1727,,,no,,golden/kits_truth/J15023349+185115.jpg,golden/kits_truth_v2r/J15023349+185115.jpg,527e9d4ec49a33f6,cff67718baf02312,negative,False,False,False,,,,,,,False,color,cosmos,1727,20.504112,0,,,,False,design
J15023508+219868,150.2350797510226,2.198684461316488,jwst,,nonlens,truth_jwst,1727,,,no,,golden/kits_truth/J15023508+219868.jpg,golden/kits_truth_v2r/J15023508+219868.jpg,8a478ca995089824,82503c70ab891fca,negative,False,False,False,,,,,,,False,color,cosmos,1727,20.438425,0,,,,False,holdout
J15023990+256277,150.2398959925857,2.562769577309794,jwst,,nonlens,truth_jwst,1727,,,no,,golden/kits_truth/J15023990+256277.jpg,golden/kits_truth_v2r/J15023990+256277.jpg,2c2ff6485a7257de,0206d79d9363d0f9,negative,False,False,False,,,,,,,False,color,cosmos,1727,17.16645,0,,,,False,holdout
J15024474+236434,150.2447437563339,2.364338729979391,jwst,,nonlens,truth_jwst,1727,,,no,,golden/kits_truth/J15024474+236434.jpg,golden/kits_truth_v2r/J15024474+236434.jpg,a3e56e88df475e49,87add4e8941f756d,negative,False,False,False,,,,,,,False,color,cosmos,1727,20.08831,0,,,,False,design
J15024530+184805,150.2453021971214,1.848049317756036,jwst,,nonlens,truth_jwst,1727,,,no,,golden/kits_truth/J15024530+184805.jpg,golden/kits_truth_v2r/J15024530+184805.jpg,710e2a4a0ee73005,52a3e782aff72ba6,negative,False,False,False,,,,,,,False,color,cosmos,1727,17.524603,0,,,,False,design
J15024531+206026,150.2453070010537,2.060257792503338,jwst,,nonlens,truth_jwst,1727,,,no,,golden/kits_truth/J15024531+206026.jpg,golden/kits_truth_v2r/J15024531+206026.jpg,f460a9e37c9a4fad,cb55864b9c78f2ee,negative,False,False,False,,,,,,,False,color,cosmos,1727,20.563982,0,,,,False,holdout
J15024826+251319,150.248258133034,2.513186662363179,jwst,,nonlens,truth_jwst,1727,,,no,,golden/kits_truth/J15024826+251319.jpg,golden/kits_truth_v2r/J15024826+251319.jpg,467938593ea52ac7,35530c385242b313,negative,False,False,False,,,,,,,False,color,cosmos,1727,19.967161,0,,,,False,design
J15025376+189703,150.2537646414142,1.897032824579,jwst,,nonlens,truth_jwst,1727,,,no,,golden/kits_truth/J15025376+189703.jpg,golden/kits_truth_v2r/J15025376+189703.jpg,e8032c6e5df3a737,e69132e9dfc2b8e1,negative,False,False,False,,,,,,,False,color,cosmos,1727,20.339586,0,,,,False,holdout
J15025386+227732,150.2538604993477,2.277317079517172,jwst,,nonlens,truth_jwst,1727,,,no,,golden/kits_truth/J15025386+227732.jpg,golden/kits_truth_v2r/J15025386+227732.jpg,8280015e9830fff6,a23bc566c39caf5e,negative,False,False,False,,,,,,,False,color,cosmos,1727,18.877562,0,,,,False,design
J15025415+193037,150.2541463395863,1.930373550062945,jwst,,nonlens,truth_jwst,1727,,,no,,golden/kits_truth/J15025415+193037.jpg,golden/kits_truth_v2r/J15025415+193037.jpg,c391aa2de518f69e,5843190f8ffe4005,negative,False,False,False,,,,,,,False,color,cosmos,1727,20.537209,0,,,,False,holdout
J15026559+192591,150.2655890994439,1.925906229098768,jwst,,nonlens,truth_jwst,1727,,,no,,golden/kits_truth/J15026559+192591.jpg,golden/kits_truth_v2r/J15026559+192591.jpg,71d284bb2bb9b889,94b43a1cd67ee384,negative,False,False,False,,,,,,,False,color,cosmos,1727,18.11004,0,,,,False,holdout
J15026619+228717,150.2661920590186,2.287169111759068,jwst,,nonlens,truth_jwst,1727,,,no,,golden/kits_truth/J15026619+228717.jpg,golden/kits_truth_v2r/J15026619+228717.jpg,bdb7bfea369d9b16,aaa3c52852ef2bfe,negative,False,False,False,,,,,,,False,color,cosmos,1727,17.32532,0,,,,False,design
J15027737+204678,150.2773669360517,2.046780374241636,jwst,,nonlens,truth_jwst,1727,,,no,,golden/kits_truth/J15027737+204678.jpg,golden/kits_truth_v2r/J15027737+204678.jpg,d832e1ba6f8e16db,0ec65f3c9fd3aae1,negative,False,False,False,,,,,,,False,color,cosmos,1727,19.69055,0,,,,False,design
J15028212+201630,150.2821182012172,2.016296018160589,jwst,,nonlens,truth_jwst,1727,,,no,,golden/kits_truth/J15028212+201630.jpg,golden/kits_truth_v2r/J15028212+201630.jpg,ca37f1d0f8b539b2,90e38166d8c2e7d8,negative,False,False,False,,,,,,,False,color,cosmos,1727,19.901342,0,,,,False,holdout
J15028463+227882,150.2846348040771,2.278815072262499,jwst,,nonlens,truth_jwst,1727,,,no,,golden/kits_truth/J15028463+227882.jpg,golden/kits_truth_v2r/J15028463+227882.jpg,62f806c0e5fa1f68,0402c3843272e6a0,negative,False,False,False,,,,,,,False,color,cosmos,1727,16.544561,0,,,,False,design
J15028800+227695,150.2879978756222,2.276947877163261,jwst,,nonlens,truth_jwst,1727,,,no,,golden/kits_truth/J15028800+227695.jpg,golden/kits_truth_v2r/J15028800+227695.jpg,98eb0d7a8e2efc23,450a6c3045b9e048,negative,False,False,False,,,,,,,False,color,cosmos,1727,17.182384,0,,,,False,holdout
J15028876+239133,150.2887575088791,2.39132984097737,jwst,,nonlens,truth_jwst,1727,,,no,,golden/kits_truth/J15028876+239133.jpg,golden/kits_truth_v2r/J15028876+239133.jpg,96a73a1f4aafa5e4,1245141e915d65cd,negative,False,False,False,,,,,,,False,color,cosmos,1727,18.8265,0,,,,False,design
J15029132+241079,150.2913160118244,2.41079259082383,jwst,,nonlens,truth_jwst,1727,,,no,,golden/kits_truth/J15029132+241079.jpg,golden/kits_truth_v2r/J15029132+241079.jpg,da96ef866c7e5a3c,4dcbfcf0d7f65f6d,negative,False,False,False,,,,,,,False,color,cosmos,1727,19.9862,0,,,,False,holdout
J15029192+245172,150.2919178977434,2.451717536285566,jwst,,nonlens,truth_jwst,1727,,,no,,golden/kits_truth/J15029192+245172.jpg,golden/kits_truth_v2r/J15029192+245172.jpg,077b92f62e060331,a6d800d08b2e785d,negative,False,False,False,,,,,,,False,color,cosmos,1727,19.2901,0,,,,False,holdout
J15029465+248871,150.2946468362663,2.488705542286888,jwst,,nonlens,truth_jwst,1727,,,no,,golden/kits_truth/J15029465+248871.jpg,golden/kits_truth_v2r/J15029465+248871.jpg,2ccf3c28c3393a5d,e57d057dca3c1fa2,negative,False,False,False,,,,,,,False,color,cosmos,1727,20.854986,0,,,,False,design
J15030429+233435,150.3042918768226,2.334347619982081,jwst,,nonlens,truth_jwst,1727,,,no,,golden/kits_truth/J15030429+233435.jpg,golden/kits_truth_v2r/J15030429+233435.jpg,47fb23d7161d336c,30cbdc7b582165d7,negative,False,False,False,,,,,,,False,color,cosmos,1727,19.36822,0,,,,False,design
J15030823+213392,150.3082290648723,2.133924931301893,jwst,,nonlens,truth_jwst,1727,,,no,,golden/kits_truth/J15030823+213392.jpg,golden/kits_truth_v2r/J15030823+213392.jpg,1e74041a15f850ab,9222ae19df814394,negative,False,False,False,,,,,,,False,color,cosmos,1727,20.007477,0,,,,False,holdout
J15031057+243121,150.310566728284,2.431213774908657,jwst,,nonlens,truth_jwst,1727,,,no,,golden/kits_truth/J15031057+243121.jpg,golden/kits_truth_v2r/J15031057+243121.jpg,cb6dd4e74aeaf6c5,2bdee6f4a008c842,negative,False,False,False,,,,,,,False,color,cosmos,1727,20.682096,0,,,,False,holdout
J15031078+252823,150.3107759561397,2.528233723465312,jwst,,nonlens,truth_jwst,1727,,,no,,golden/kits_truth/J15031078+252823.jpg,golden/kits_truth_v2r/J15031078+252823.jpg,9ddacb445a329f3f,b1714e4f19709544,negative,False,False,False,,,,,,,False,color,cosmos,1727,20.433613,0,,,,False,design
J15031246+209254,150.3124587337582,2.092538676761448,jwst,,nonlens,truth_jwst,1727,,,no,,golden/kits_truth/J15031246+209254.jpg,golden/kits_truth_v2r/J15031246+209254.jpg,4884721de708e03a,28d975e621ee87ab,negative,False,False,False,,,,,,,False,color,cosmos,1727,18.883656,0,,,,False,holdout
J15031280+200903,150.3128013192584,2.009028039862431,jwst,,nonlens,truth_jwst,1727,,,no,,golden/kits_truth/J15031280+200903.jpg,golden/kits_truth_v2r/J15031280+200903.jpg,41f263063d364074,f3108fc5655d1c28,negative,False,False,False,,,,,,,False,color,cosmos,1727,18.406229,0,,,,False,design
J15031714+252191,150.3171417705544,2.521907567761369,jwst,,nonlens,truth_jwst,1727,,,no,,golden/kits_truth/J15031714+252191.jpg,golden/kits_truth_v2r/J15031714+252191.jpg,f74b737233772d59,b48130b2f8735ca7,negative,False,False,False,,,,,,,False,color,cosmos,1727,20.757072,0,,,,False,design
J15032015+222358,150.3201453574514,2.223581742456385,jwst,,nonlens,truth_jwst,1727,,,no,,golden/kits_truth/J15032015+222358.jpg,golden/kits_truth_v2r/J15032015+222358.jpg,0a2705791e590af5,3b5bbe974dfe44d1,negative,False,False,False,,,,,,,False,color,cosmos,1727,20.888927,0,,,,False,design
J15032370+221079,150.3237029978364,2.21079219221594,jwst,,nonlens,truth_jwst,1727,,,no,,golden/kits_truth/J15032370+221079.jpg,golden/kits_truth_v2r/J15032370+221079.jpg,395fa7f737fc4c7d,2a2d9fac78dddf46,negative,False,False,False,,,,,,,False,color,cosmos,1727,19.878574,0,,,,False,holdout
J15032903+249185,150.3290301310051,2.491849351073212,jwst,,nonlens,truth_jwst,1727,,,no,,golden/kits_truth/J15032903+249185.jpg,golden/kits_truth_v2r/J15032903+249185.jpg,812d405ccdbd4edd,2017e733dd9d44ab,negative,False,False,False,,,,,,,False,color,cosmos,1727,19.813751,0,,,,False,holdout
J15033062+242443,150.3306213873944,2.424429059282816,jwst,,nonlens,truth_jwst,1727,,,no,,golden/kits_truth/J15033062+242443.jpg,golden/kits_truth_v2r/J15033062+242443.jpg,ced8b1727e914ced,f9134b23856f4ab9,negative,False,False,False,,,,,,,False,color,cosmos,1727,20.36811,0,,,,False,design
J15033658+232223,150.3365845897091,2.322225476506166,jwst,,nonlens,truth_jwst,1727,,,no,,golden/kits_truth/J15033658+232223.jpg,golden/kits_truth_v2r/J15033658+232223.jpg,19c6823e25566b20,ea0fdc580fb72d34,negative,False,False,False,,,,,,,False,color,cosmos,1727,19.039139,0,,,,False,holdout
J15033735+241243,150.3373468943281,2.412433301055482,jwst,,nonlens,truth_jwst,1727,,,no,,golden/kits_truth/J15033735+241243.jpg,golden/kits_truth_v2r/J15033735+241243.jpg,21203b07603b93b7,eb91e16c13c87482,negative,False,False,False,,,,,,,False,color,cosmos,1727,18.827324,0,,,,False,design
J15033790+250887,150.3378997688893,2.508867248047593,jwst,,nonlens,truth_jwst,1727,,,no,,golden/kits_truth/J15033790+250887.jpg,golden/kits_truth_v2r/J15033790+250887.jpg,80579d8f6e3708df,3a57fb7f539f55d6,negative,False,False,False,,,,,,,False,color,cosmos,1727,19.818447,0,,,,False,design
J15034829+240466,150.3482869960238,2.404663627221811,jwst,,nonlens,truth_jwst,1727,,,no,,golden/kits_truth/J15034829+240466.jpg,golden/kits_truth_v2r/J15034829+240466.jpg,012d689c1cb5a757,30d7e668e1fa918f,negative,False,False,False,,,,,,,False,color,cosmos,1727,18.097855,0,,,,False,holdout
J15035452+199269,150.3545202278301,1.992689752172167,jwst,,nonlens,truth_jwst,1727,,,no,,golden/kits_truth/J15035452+199269.jpg,golden/kits_truth_v2r/J15035452+199269.jpg,6ed6bb9e6c3d9597,c067a2a793316050,negative,False,False,False,,,,,,,False,color,cosmos,1727,20.069328,0,,,,False,holdout
J15035707+224418,150.3570748516422,2.24417798765097,jwst,,nonlens,truth_jwst,1727,,,no,,golden/kits_truth/J15035707+224418.jpg,golden/kits_truth_v2r/J15035707+224418.jpg,e261e60cf432a890,6f82f575ad6f9213,negative,False,False,False,,,,,,,False,color,cosmos,1727,20.064478,0,,,,False,holdout
J15036067+198798,150.3606689547383,1.987983152477597,jwst,,nonlens,truth_jwst,1727,,,no,,golden/kits_truth/J15036067+198798.jpg,golden/kits_truth_v2r/J15036067+198798.jpg,93e3c389a308eee9,5379894a6fad2795,negative,False,False,False,,,,,,,False,color,cosmos,1727,17.344408,0,,,,False,design
J15037164+191384,150.3716409345765,1.913843615744695,jwst,,nonlens,truth_jwst,1727,,,no,,golden/kits_truth/J15037164+191384.jpg,golden/kits_truth_v2r/J15037164+191384.jpg,0c552caab2338c1c,34df1d9c68877f07,negative,False,False,False,,,,,,,False,color,cosmos,1727,20.31123,0,,,,False,holdout
J15037418+217704,150.3741791321928,2.177037843062986,jwst,,nonlens,truth_jwst,1727,,,no,,golden/kits_truth/J15037418+217704.jpg,golden/kits_truth_v2r/J15037418+217704.jpg,c6be07016da9f7a5,1c6543d830355af2,negative,False,False,False,,,,,,,False,color,cosmos,1727,19.551327,0,,,,False,holdout
J15037538+244169,150.3753795969355,2.441687331133882,jwst,,nonlens,truth_jwst,1727,,,no,,golden/kits_truth/J15037538+244169.jpg,golden/kits_truth_v2r/J15037538+244169.jpg,7a4081b2027a8dd1,c7ffdb55fcb89896,negative,False,False,False,,,,,,,False,color,cosmos,1727,20.278513,0,,,,False,design
J15037978+249019,150.3797782179418,2.490187999971611,jwst,,nonlens,truth_jwst,1727,,,no,,golden/kits_truth/J15037978+249019.jpg,golden/kits_truth_v2r/J15037978+249019.jpg,7e52d529f443a1fb,c6e3ca889968d624,negative,False,False,False,,,,,,,False,color,cosmos,1727,18.33528,0,,,,False,holdout
J15038166+223462,150.3816550302047,2.23461926904375,jwst,,nonlens,truth_jwst,1727,,,no,,golden/kits_truth/J15038166+223462.jpg,golden/kits_truth_v2r/J15038166+223462.jpg,d775bed4b6931eee,a9ce3ea11ddcb054,negative,False,False,False,,,,,,,False,color,cosmos,1727,18.591946,0,,,,False,design
J15038208+191201,150.3820784110562,1.912013279567915,jwst,,nonlens,truth_jwst,1727,,,no,,golden/kits_truth/J15038208+191201.jpg,golden/kits_truth_v2r/J15038208+191201.jpg,9d13697e6148dba9,746e5c043f4c7aac,negative,False,False,False,,,,,,,False,color,cosmos,1727,20.777407,0,,,,False,design
J15038453+194464,150.3845342664891,1.944641700722011,jwst,,nonlens,truth_jwst,1727,,,no,,golden/kits_truth/J15038453+194464.jpg,golden/kits_truth_v2r/J15038453+194464.jpg,d6a420d4656eea1f,2e577842a58172c6,negative,False,False,False,,,,,,,False,color,cosmos,1727,19.07577,0,,,,False,holdout
J15038569+198996,150.3856911937483,1.989958445500546,jwst,,nonlens,truth_jwst,1727,,,no,,golden/kits_truth/J15038569+198996.jpg,golden/kits_truth_v2r/J15038569+198996.jpg,3370231f4eeb6cae,3313455c45ceca90,negative,False,False,False,,,,,,,False,color,cosmos,1727,20.778614,0,,,,False,holdout
J15039154+206131,150.3915435020002,2.061305037898375,jwst,,nonlens,truth_jwst,1727,,,no,,golden/kits_truth/J15039154+206131.jpg,golden/kits_truth_v2r/J15039154+206131.jpg,02c82c5d1694fa3b,30cf5fadffc46230,negative,False,False,False,,,,,,,False,color,cosmos,1727,19.1793,0,,,,False,holdout
J15039169+231652,150.3916899199596,2.316521572737812,jwst,,nonlens,truth_jwst,1727,,,no,,golden/kits_truth/J15039169+231652.jpg,golden/kits_truth_v2r/J15039169+231652.jpg,8f3a0342eed715a1,14e1a4ae50bfcc80,negative,False,False,False,,,,,,,False,color,cosmos,1727,19.4679,0,,,,False,design
J15039470+206832,150.394700555355,2.068317071449354,jwst,,nonlens,truth_jwst,1727,,,no,,golden/kits_truth/J15039470+206832.jpg,golden/kits_truth_v2r/J15039470+206832.jpg,d0d232f5710e3690,d18605422a419bf5,negative,False,False,False,,,,,,,False,color,cosmos,1727,19.099083,0,,,,False,design
J15039518+200815,150.3951818232428,2.008147081961283,jwst,,nonlens,truth_jwst,1727,,,no,,golden/kits_truth/J15039518+200815.jpg,golden/kits_truth_v2r/J15039518+200815.jpg,65cb9e80a7084eb5,0b828954067d98f2,negative,False,False,False,,,,,,,False,color,cosmos,1727,20.404942,0,,,,False,design
J15040032+211637,150.4003175636925,2.116366293938728,jwst,,nonlens,truth_jwst,1727,,,no,,golden/kits_truth/J15040032+211637.jpg,golden/kits_truth_v2r/J15040032+211637.jpg,4eb7fc1319229ceb,654ce10609b954dd,negative,False,False,False,,,,,,,False,color,cosmos,1727,18.724934,0,,,,False,holdout
J15040193+244503,150.4019273653229,2.445031865114629,jwst,,nonlens,truth_jwst,1727,,,no,,golden/kits_truth/J15040193+244503.jpg,golden/kits_truth_v2r/J15040193+244503.jpg,f5bff1f88efac3b9,f48c58ac0cc35cbb,negative,False,False,False,,,,,,,False,color,cosmos,1727,16.458456,0,,,,False,holdout
J15040299+237880,150.4029851783574,2.378804189351795,jwst,,nonlens,truth_jwst,1727,,,no,,golden/kits_truth/J15040299+237880.jpg,golden/kits_truth_v2r/J15040299+237880.jpg,999371f5bc2d1d28,b3a9d7605f8dacf8,negative,False,False,False,,,,,,,False,color,cosmos,1727,19.4354,0,,,,False,holdout
J15040993+238226,150.4099289148516,2.382258505576777,jwst,,nonlens,truth_jwst,1727,,,no,,golden/kits_truth/J15040993+238226.jpg,golden/kits_truth_v2r/J15040993+238226.jpg,9482853eba1e0b65,be5366f1e92b2317,negative,False,False,False,,,,,,,False,color,cosmos,1727,20.163788,0,,,,False,holdout
J15041007+245339,150.4100664043561,2.453393915351374,jwst,,nonlens,truth_jwst,1727,,,no,,golden/kits_truth/J15041007+245339.jpg,golden/kits_truth_v2r/J15041007+245339.jpg,bba29ba4eb41e341,6de3424da3846733,negative,False,False,False,,,,,,,False,color,cosmos,1727,17.778498,0,,,,False,holdout
J15042176+241477,150.42176010903,2.414767449824542,jwst,,nonlens,truth_jwst,1727,,,no,,golden/kits_truth/J15042176+241477.jpg,golden/kits_truth_v2r/J15042176+241477.jpg,a2e956c3f69627e5,56019c9a191fa2b9,negative,False,False,False,,,,,,,False,color,cosmos,1727,20.579702,0,,,,False,design
J15042265+240722,150.4226545472316,2.407215928954309,jwst,,nonlens,truth_jwst,1727,,,no,,golden/kits_truth/J15042265+240722.jpg,golden/kits_truth_v2r/J15042265+240722.jpg,2ce62f6f090d1265,1955e7c367e8bb8b,negative,False,False,False,,,,,,,False,color,cosmos,1727,18.29868,0,,,,False,design
J15042277+241724,150.4227711906089,2.4172380502667,jwst,,nonlens,truth_jwst,1727,,,no,,golden/kits_truth/J15042277+241724.jpg,golden/kits_truth_v2r/J15042277+241724.jpg,b3d0a61db6f6eea8,2c72552e8f46fdd3,negative,False,False,False,,,,,,,False,color,cosmos,1727,18.450783,0,,,,False,design
J15042536+212919,150.4253619845096,2.129188816432356,jwst,,nonlens,truth_jwst,1727,,,no,,golden/kits_truth/J15042536+212919.jpg,golden/kits_truth_v2r/J15042536+212919.jpg,464834a9160c803b,847a526614af55ca,negative,False,False,False,,,,,,,False,color,cosmos,1727,20.06308,0,,,,False,holdout
J15045062+241999,150.4506238907781,2.419994904138239,jwst,,nonlens,truth_jwst,1727,,,no,,golden/kits_truth/J15045062+241999.jpg,golden/kits_truth_v2r/J15045062+241999.jpg,7acd67a14de08a44,0e2bbcf144d931a5,negative,False,False,False,,,,,,,False,color,cosmos,1727,20.867704,0,,,,False,design
J15045900+217094,150.4589993843115,2.170941871590612,jwst,,nonlens,truth_jwst,1727,,,no,,golden/kits_truth/J15045900+217094.jpg,golden/kits_truth_v2r/J15045900+217094.jpg,d058be149cadec9a,dc73d333966d9fda,negative,False,False,False,,,,,,,False,color,cosmos,1727,20.225327,0,,,,False,design
J15047387+237589,150.4738663546536,2.375887349905735,jwst,,nonlens,truth_jwst,1727,,,no,,golden/kits_truth/J15047387+237589.jpg,golden/kits_truth_v2r/J15047387+237589.jpg,6349e6341fcccbe4,6f593a3949dae5dd,negative,False,False,False,,,,,,,False,color,cosmos,1727,17.21634,0,,,,False,design
J15053436+238213,150.5343629272878,2.382134864744621,jwst,,nonlens,truth_jwst,1727,,,no,,golden/kits_truth/J15053436+238213.jpg,golden/kits_truth_v2r/J15053436+238213.jpg,970d80ba4f2c006e,e6347a88668424e9,negative,False,False,False,,,,,,,False,color,cosmos,1727,19.12869,0,,,,False,design
J15053909+243871,150.5390933606934,2.438705810155251,jwst,,nonlens,truth_jwst,1727,,,no,,golden/kits_truth/J15053909+243871.jpg,golden/kits_truth_v2r/J15053909+243871.jpg,72347021415f12e1,0278dc14906fc5db,negative,False,False,False,,,,,,,False,color,cosmos,1727,20.43855,0,,,,False,holdout
J15056095+211113,150.5609499313847,2.111133457004026,jwst,,nonlens,truth_jwst,1635,,,no,,golden/kits_truth/J15056095+211113.jpg,golden/kits_truth_v2r/J15056095+211113.jpg,bfb54c86eb4bc388,906d691f73b5adf3,negative,False,False,False,,,,,,,False,color,blank,1635,18.877398,0,,,,False,design
J1505653+2807180,15.05652953225906,28.07179933518349,jwst,,nonlens,truth_jwst,1243,,,no,,golden/kits_truth/J1505653+2807180.jpg,golden/kits_truth_v2r/J1505653+2807180.jpg,42638baed41487b4,10c7a0ee6c6ae596,negative,False,False,False,,,,,,,False,color,blank,1243,19.286604,0,,,,False,design
J15424724+3904547,154.24723681066456,39.0454744872888,jwst,,nonlens,truth_jwst,5594,,,no,,golden/kits_truth/J15424724+3904547.jpg,golden/kits_truth_v2r/J15424724+3904547.jpg,e960dbfdb5694bb3,7a325cf74eb1ed0d,negative,False,False,False,,,,,,,False,color,cluster,5594,18.863317,0,,,,False,design
J15424914+3903022,154.24913587369488,39.03021807040276,jwst,,nonlens,truth_jwst,5594,,,no,,golden/kits_truth/J15424914+3903022.jpg,golden/kits_truth_v2r/J15424914+3903022.jpg,cb8e39198487c9c3,d622868f0cd23c45,negative,False,False,False,,,,,,,False,color,cluster,5594,19.064571,0,,,,False,design
J15728190+2639074,157.2818977338769,26.39073960041899,jwst,,nonlens,truth_jwst,6675,,,no,,golden/kits_truth/J15728190+2639074.jpg,golden/kits_truth_v2r/J15728190+2639074.jpg,37ff77c97b007132,8ea4e5acbf22fdd7,negative,False,False,False,,,,,,,False,gray_lw_only,cluster,6675,19.798998,0,,,,False,holdout
J16115660+3384869,161.1565960579954,33.848688042031604,jwst,,nonlens,truth_jwst,1176,,,no,,golden/kits_truth/J16115660+3384869.jpg,golden/kits_truth_v2r/J16115660+3384869.jpg,87df014f4dbda6ec,66e9d5ecad943dd1,negative,False,False,False,,,,,,,False,color,cluster,1176,19.694048,0,,,,False,holdout
J16437127+5799513,164.37126798554112,57.99513349242541,jwst,,nonlens,truth_jwst,5594,,,no,,golden/kits_truth/J16437127+5799513.jpg,golden/kits_truth_v2r/J16437127+5799513.jpg,12ad64705023a74e,30ddd6c316b63645,negative,False,False,False,,,,,,,False,color,cluster,5594,20.826271,0,,,,False,design
J16645992-1025916,166.4599164450945,-10.25915504851884,jwst,,nonlens,truth_jwst,5594,,,no,,golden/kits_truth/J16645992-1025916.jpg,golden/kits_truth_v2r/J16645992-1025916.jpg,0461069b6dcfb02a,2f7b12017d291fb8,negative,False,False,False,,,,,,,False,color,cluster,5594,20.58481,0,,,,False,holdout
J17177791+4246398,171.77791102621936,42.46397954550942,jwst,,nonlens,truth_jwst,1176,,,no,,golden/kits_truth/J17177791+4246398.jpg,golden/kits_truth_v2r/J17177791+4246398.jpg,e7bba56985edc2cc,88a2b74a3b53b92c,negative,False,False,False,,,,,,,False,color,cluster,1176,17.880411,0,,,,False,holdout
J17182440+4247148,171.82440495940392,42.471477147036495,jwst,,nonlens,truth_jwst,4744,,,no,,golden/kits_truth/J17182440+4247148.jpg,golden/kits_truth_v2r/J17182440+4247148.jpg,876205c16297cbf5,b09a8b9731efd5c1,negative,False,False,False,,,,,,,False,color,cluster,4744,19.348907,0,,,,False,holdout
J17183353+4248564,171.8335337566149,42.485637438640715,jwst,,nonlens,truth_jwst,4744,,,no,,golden/kits_truth/J17183353+4248564.jpg,golden/kits_truth_v2r/J17183353+4248564.jpg,28e9ee2d1fb0baa5,18fe54fb42b80f77,negative,False,False,False,,,,,,,False,color,cluster,4744,19.068089,0,,,,False,design
J17738849+2238664,177.3884874718112,22.38664390882784,jwst,,nonlens,truth_jwst,5890,,,no,,golden/kits_truth/J17738849+2238664.jpg,golden/kits_truth_v2r/J17738849+2238664.jpg,bf4321b96fa6bff2,6eac231715423ce1,negative,False,False,False,,,,,,,False,color,cluster,5890,17.394947,0,,,,False,design
J17739683+2241745,177.3968285916543,22.41744895967046,jwst,,nonlens,truth_jwst,5890,,,no,,golden/kits_truth/J17739683+2241745.jpg,golden/kits_truth_v2r/J17739683+2241745.jpg,7ef5fcbf31d96b2b,1a30306e9eb9d9ea,negative,False,False,False,,,,,,,False,color,cluster,5890,20.896702,0,,,,False,design
J17741117+2235421,177.4111654148181,22.35420660699186,jwst,,nonlens,truth_jwst,1176,,,no,,golden/kits_truth/J17741117+2235421.jpg,golden/kits_truth_v2r/J17741117+2235421.jpg,63e01b0328cfbdf9,e1631cff6671774c,negative,False,False,False,,,,,,,False,color,cluster,1176,18.49055,0,,,,False,design
J17771018-2807261,177.7101756348372,-28.0726070438147,jwst,,nonlens,truth_jwst,6882,,,no,,golden/kits_truth/J17771018-2807261.jpg,golden/kits_truth_v2r/J17771018-2807261.jpg,49b026f6996e9344,4cc38461ef440f25,negative,False,False,False,,,,,,,False,color,cluster,6882,19.774244,0,,,,False,design
J17773035-2807155,177.7303542435811,-28.07154649667858,jwst,,nonlens,truth_jwst,6882,,,no,,golden/kits_truth/J17773035-2807155.jpg,golden/kits_truth_v2r/J17773035-2807155.jpg,4c96e86f9761da80,85f4c9f837ba9ed4,negative,False,False,False,,,,,,,False,gray_lw_only,cluster,6882,19.81216,0,,,,False,design
J17832181+791864,178.3218052533549,7.918638954514019,jwst,,nonlens,truth_jwst,6675,,,no,,golden/kits_truth/J17832181+791864.jpg,golden/kits_truth_v2r/J17832181+791864.jpg,51441bf93fc1b818,b62453f8ba6cdcf1,negative,False,False,False,,,,,,,False,gray_lw_only,cluster,6675,20.641262,0,,,,False,design
J17832394+793591,178.3239395025789,7.935905878967502,jwst,,nonlens,truth_jwst,6675,,,no,,golden/kits_truth/J17832394+793591.jpg,golden/kits_truth_v2r/J17832394+793591.jpg,143706589149e771,4947f00c97dc0662,negative,False,False,False,,,,,,,False,gray_lw_only,cluster,6675,20.6164,0,,,,False,design
J17832474+792844,178.3247438385497,7.928435621492105,jwst,,nonlens,truth_jwst,6675,,,no,,golden/kits_truth/J17832474+792844.jpg,golden/kits_truth_v2r/J17832474+792844.jpg,31fe4a924ca48635,e4aec243a716079b,negative,False,False,False,,,,,,,False,gray_lw_only,cluster,6675,20.780188,0,,,,False,design
J17832744+794424,178.3274357826616,7.944238430269248,jwst,,nonlens,truth_jwst,6675,,,no,,golden/kits_truth/J17832744+794424.jpg,golden/kits_truth_v2r/J17832744+794424.jpg,595784c9c21d7a46,5ce4c1d4cdf310fa,negative,False,False,False,,,,,,,False,gray_lw_only,cluster,6675,19.466986,0,,,,False,holdout
J17832857+791584,178.3285660384246,7.91584240164087,jwst,,nonlens,truth_jwst,6675,,,no,,golden/kits_truth/J17832857+791584.jpg,golden/kits_truth_v2r/J17832857+791584.jpg,4d59b5ddd4e32c22,d64b3f3056b55c2e,negative,False,False,False,,,,,,,False,gray_lw_only,cluster,6675,19.342287,0,,,,False,design
J17833172+794079,178.3317207817242,7.940789372930221,jwst,,nonlens,truth_jwst,6675,,,no,,golden/kits_truth/J17833172+794079.jpg,golden/kits_truth_v2r/J17833172+794079.jpg,c8fd12b0ee185156,a816a00e4027ff5e,negative,False,False,False,,,,,,,False,gray_lw_only,cluster,6675,20.301767,0,,,,False,design
J17833472+793279,178.3347167380149,7.93278696908057,jwst,,nonlens,truth_jwst,6675,,,no,,golden/kits_truth/J17833472+793279.jpg,golden/kits_truth_v2r/J17833472+793279.jpg,b34e12a4942ed201,b4cd18e61fc90297,negative,False,False,False,,,,,,,False,gray_lw_only,cluster,6675,19.724245,0,,,,False,holdout
J18030926+2311805,180.3092642031698,23.11805100500546,jwst,,nonlens,truth_jwst,5594,,,no,,golden/kits_truth/J18030926+2311805.jpg,golden/kits_truth_v2r/J18030926+2311805.jpg,43665e5f991f4ba4,f3669c2fadf8b913,negative,False,False,False,,,,,,,False,color,cluster,5594,19.204885,0,,,,False,holdout
J18031643+2310548,180.3164338650421,23.10547926108753,jwst,,nonlens,truth_jwst,5594,,,no,,golden/kits_truth/J18031643+2310548.jpg,golden/kits_truth_v2r/J18031643+2310548.jpg,638b4ce323804d6b,47e5f7ee8cbc43c6,negative,False,False,False,,,,,,,False,color,cluster,5594,20.955051,0,,,,False,holdout
J18156523-880609,181.5652338751575,-8.80609293990326,jwst,,nonlens,truth_jwst,6882,,,no,,golden/kits_truth/J18156523-880609.jpg,golden/kits_truth_v2r/J18156523-880609.jpg,a1496b208036d42c,477ede4e8cce9618,negative,False,False,False,,,,,,,False,color,cluster,6882,19.244543,0,,,,False,design
J18307996+2755490,183.0799564061078,27.55490303016307,jwst,,nonlens,truth_jwst,1176,,,no,,golden/kits_truth/J18307996+2755490.jpg,golden/kits_truth_v2r/J18307996+2755490.jpg,97e4cf0816fe8219,012e19d055e95538,negative,False,False,False,,,,,,,False,color,cluster,1176,18.812857,0,,,,False,design
J18637708+1253803,186.3770790485921,12.53803086663394,jwst,,nonlens,truth_jwst,5398,,,no,,golden/kits_truth/J18637708+1253803.jpg,golden/kits_truth_v2r/J18637708+1253803.jpg,72e89d1f7bff8416,87aeeac9b762f488,negative,False,False,False,,,,,,,False,gray_sw_only,blank,5398,19.935646,0,,,,False,holdout
J18754718+1369736,187.5471751769547,13.69735926696155,jwst,,nonlens,truth_jwst,7763,,,no,,golden/kits_truth/J18754718+1369736.jpg,golden/kits_truth_v2r/J18754718+1369736.jpg,cc09728b6dad1bf2,cd5274aeeabde2a2,negative,False,False,False,,,,,,,False,color,blank,7763,18.974339,0,,,,False,holdout
J18773188+1230425,187.7318786278085,12.3042511256813,jwst,,nonlens,truth_jwst,7763,,,no,,golden/kits_truth/J18773188+1230425.jpg,golden/kits_truth_v2r/J18773188+1230425.jpg,284bbe539fb9e7ab,95c5512b1c19fdc7,negative,False,False,False,,,,,,,False,gray_sw_only,blank,7763,20.754196,0,,,,False,design
J18775408+1232162,187.7540764391564,12.32162088819181,jwst,,nonlens,truth_jwst,7763,,,no,,golden/kits_truth/J18775408+1232162.jpg,golden/kits_truth_v2r/J18775408+1232162.jpg,521960c3dcd983ac,7fec4f79c5a909a5,negative,False,False,False,,,,,,,False,color,blank,7763,20.450441,0,,,,False,design
J19066646+264375,190.6664609015432,2.643753176006014,jwst,,nonlens,truth_jwst,3055,,,no,,golden/kits_truth/J19066646+264375.jpg,golden/kits_truth_v2r/J19066646+264375.jpg,96afae3e5cf379df,e37c07dea888f60a,negative,False,False,False,,,,,,,False,color,blank,3055,19.74259,0,,,,False,design
J19450872+4704838,194.50871819731532,47.04837540941435,jwst,,nonlens,truth_jwst,5594,,,no,,golden/kits_truth/J19450872+4704838.jpg,golden/kits_truth_v2r/J19450872+4704838.jpg,2f0d75db2e7c3fae,b20573dfdf12daad,negative,False,False,False,,,,,,,False,color,cluster,5594,17.699348,0,,,,False,holdout
J19651804+394694,196.5180358222636,3.946938310644536,jwst,,nonlens,truth_jwst,4092,,,no,,golden/kits_truth/J19651804+394694.jpg,golden/kits_truth_v2r/J19651804+394694.jpg,96681d6609a66641,7387fafba524f598,negative,False,False,False,,,,,,,False,color,blank,4092,18.566614,0,,,,False,design
J19776313-318483,197.7631347110766,-3.184826755605835,jwst,,nonlens,truth_jwst,6882,,,no,,golden/kits_truth/J19776313-318483.jpg,golden/kits_truth_v2r/J19776313-318483.jpg,d882fbe080dd9d74,2bf114055541e9f8,negative,False,False,False,,,,,,,False,color,cluster,6882,19.478016,0,,,,False,design
J19786421-133401,197.8642050890775,-1.334007058216268,jwst,,nonlens,truth_jwst,5782,,,no,,golden/kits_truth/J19786421-133401.jpg,golden/kits_truth_v2r/J19786421-133401.jpg,3c09376a0878cc83,aa2bff1011de483f,negative,False,False,False,,,,,,,False,color,cluster,5782,18.327759,0,,,,False,holdout
J19786644-138569,197.8664446493213,-1.385689960736113,jwst,,nonlens,truth_jwst,5782,,,no,,golden/kits_truth/J19786644-138569.jpg,golden/kits_truth_v2r/J19786644-138569.jpg,06e3707939d43026,fec4a5082a143cc6,negative,False,False,False,,,,,,,False,color,cluster,5782,18.082735,0,,,,False,design
J19786762-134539,197.8676197162541,-1.345385978349015,jwst,,nonlens,truth_jwst,5782,,,no,,golden/kits_truth/J19786762-134539.jpg,golden/kits_truth_v2r/J19786762-134539.jpg,f9330c14b95c6421,b3a40879f964c704,negative,False,False,False,,,,,,,False,color,cluster,5782,17.902388,0,,,,False,holdout
J19786985-133179,197.8698479859127,-1.33179268104565,jwst,,nonlens,truth_jwst,5782,,,no,,golden/kits_truth/J19786985-133179.jpg,golden/kits_truth_v2r/J19786985-133179.jpg,a99abcf4d34d7706,047c5836403b912c,negative,False,False,False,,,,,,,False,color,cluster,5782,20.934044,0,,,,False,design
J19788340-132341,197.8833999040781,-1.323411443854259,jwst,,nonlens,truth_jwst,5782,,,no,,golden/kits_truth/J19788340-132341.jpg,golden/kits_truth_v2r/J19788340-132341.jpg,1f5d5940c2d4892c,20d972b6181323a2,negative,False,False,False,,,,,,,False,color,cluster,5782,18.511421,0,,,,False,holdout
J19788382-136056,197.8838158264723,-1.360564273938927,jwst,,nonlens,truth_jwst,5782,,,no,,golden/kits_truth/J19788382-136056.jpg,golden/kits_truth_v2r/J19788382-136056.jpg,56dfa3d87ed89169,5d65fc09eeee02ca,negative,False,False,False,,,,,,,False,color,cluster,5782,18.14956,0,,,,False,holdout
J19789700-131503,197.8970025258673,-1.315033603850908,jwst,,nonlens,truth_jwst,5782,,,no,,golden/kits_truth/J19789700-131503.jpg,golden/kits_truth_v2r/J19789700-131503.jpg,2a2800c19c2270c0,151fa59d060adea7,negative,False,False,False,,,,,,,False,color,cluster,5782,20.473728,0,,,,False,holdout
J20137194-1169361,201.371938051118,-11.69361210469312,jwst,,nonlens,truth_jwst,5398,,,no,,golden/kits_truth/J20137194-1169361.jpg,golden/kits_truth_v2r/J20137194-1169361.jpg,701f380909fefeae,32ecb06c9cf5f792,negative,False,False,False,,,,,,,False,color,blank,5398,18.388943,0,,,,False,design
J20381475+4099553,203.8147461300248,40.99553450560061,jwst,,nonlens,truth_jwst,5594,,,no,,golden/kits_truth/J20381475+4099553.jpg,golden/kits_truth_v2r/J20381475+4099553.jpg,34b6b9bb453e8abd,3d11c4f4080bd2c9,negative,False,False,False,,,,,,,False,color,cluster,5594,18.590452,0,,,,False,design
J20989131+6252676,209.8913129897888,62.52675961899001,jwst,,nonlens,truth_jwst,3433,,,no,,golden/kits_truth/J20989131+6252676.jpg,golden/kits_truth_v2r/J20989131+6252676.jpg,3b8e455a7690313a,1100a3aedcb352a8,negative,False,False,False,,,,,,,False,color,cluster,3433,20.832388,0,,,,False,holdout
J20994672+6250747,209.94671856691576,62.50747333493725,jwst,,nonlens,truth_jwst,3433,,,no,,golden/kits_truth/J20994672+6250747.jpg,golden/kits_truth_v2r/J20994672+6250747.jpg,6faf47a094720a53,91d48b9505375d05,negative,False,False,False,,,,,,,False,color,cluster,3433,20.922766,0,,,,False,holdout
J20996068+6251811,209.9606801743056,62.518111586522785,jwst,,nonlens,truth_jwst,3433,,,no,,golden/kits_truth/J20996068+6251811.jpg,golden/kits_truth_v2r/J20996068+6251811.jpg,43c456d927c73bc7,2e700bbc1d7c9b15,negative,False,False,False,,,,,,,False,color,cluster,3433,17.491434,0,,,,False,design
J20997471+6251502,209.97470607045108,62.51502457878269,jwst,,nonlens,truth_jwst,3433,,,no,,golden/kits_truth/J20997471+6251502.jpg,golden/kits_truth_v2r/J20997471+6251502.jpg,b403308036e57eb7,b271836a96b8c0dc,negative,False,False,False,,,,,,,False,color,cluster,3433,19.248384,0,,,,False,holdout
J20998800+6250300,209.98799593519968,62.50299599981686,jwst,,nonlens,truth_jwst,3433,,,no,,golden/kits_truth/J20998800+6250300.jpg,golden/kits_truth_v2r/J20998800+6250300.jpg,83af7ddb88797f1a,4a23724d7cadccfe,negative,False,False,False,,,,,,,False,color,cluster,3433,20.981852,0,,,,False,design
J21025496+286266,210.2549611194418,2.862662146776654,jwst,,nonlens,truth_jwst,5594,,,no,,golden/kits_truth/J21025496+286266.jpg,golden/kits_truth_v2r/J21025496+286266.jpg,4817c9e79625b43d,868299ccfe3e2b2a,negative,False,False,False,,,,,,,False,color,cluster,5594,19.577446,0,,,,False,design
J21026192+286910,210.2619227394302,2.869096392319204,jwst,,nonlens,truth_jwst,5594,,,no,,golden/kits_truth/J21026192+286910.jpg,golden/kits_truth_v2r/J21026192+286910.jpg,13b75f77635e8783,d81cebc34d6133b3,negative,False,False,False,,,,,,,False,color,cluster,5594,18.89254,0,,,,False,design
J21062425-454519,210.6242534605825,-4.545185630463721,jwst,,nonlens,truth_jwst,9032,,,no,,golden/kits_truth/J21062425-454519.jpg,golden/kits_truth_v2r/J21062425-454519.jpg,14ce671fdec44e43,76b972cf0dd94f6a,negative,False,False,False,,,,,,,False,gray_sw_only,blank,9032,20.849472,0,,,,False,design
J21595369+2410851,215.953687701231,24.10851054113182,jwst,,nonlens,truth_jwst,1208,,,no,,golden/kits_truth/J21595369+2410851.jpg,golden/kits_truth_v2r/J21595369+2410851.jpg,8825b1e585696fcc,f89b26b1e15bda05,negative,False,False,False,,,,,,,False,color,cluster,1208,20.874098,0,,,,False,design
J2230462-7356702,22.30461541108133,-73.56702224422544,jwst,,nonlens,truth_jwst,2662,,,no,,golden/kits_truth/J2230462-7356702.jpg,golden/kits_truth_v2r/J2230462-7356702.jpg,7a83816cd8e23995,94eca8e0c7f0cc9a,negative,False,False,False,,,,,,,False,color,blank,2662,18.097971,0,,,,False,design
J2244764-7355900,22.44764150481459,-73.55899808776967,jwst,,nonlens,truth_jwst,2662,,,no,,golden/kits_truth/J2244764-7355900.jpg,golden/kits_truth_v2r/J2244764-7355900.jpg,596219c812271b4c,53874f4c5f0f0f6d,negative,False,False,False,,,,,,,False,color,blank,2662,18.54209,0,,,,False,design
J2293359-1358888,22.93359234600207,-13.58887711916972,jwst,,nonlens,truth_jwst,6882,,,no,,golden/kits_truth/J2293359-1358888.jpg,golden/kits_truth_v2r/J2293359-1358888.jpg,d722b0e71786340c,7ad6778ad943bb23,negative,False,False,False,,,,,,,False,color,cluster,6882,20.218813,0,,,,False,holdout
J22957563-8151656,229.5756266931355,-81.51656089026343,jwst,,nonlens,truth_jwst,5594,,,no,,golden/kits_truth/J22957563-8151656.jpg,golden/kits_truth_v2r/J22957563-8151656.jpg,49a448b95068e816,1b2d6463ab50cb89,negative,False,False,False,,,,,,,False,color,cluster,5594,20.545431,0,,,,False,holdout
J2296284-1360772,22.96284371685291,-13.60772330843137,jwst,,nonlens,truth_jwst,6882,,,no,,golden/kits_truth/J2296284-1360772.jpg,golden/kits_truth_v2r/J2296284-1360772.jpg,8fde4d8f8c0d8d5e,4af81cf9cfd10a73,negative,False,False,False,,,,,,,False,color,cluster,6882,20.629646,0,,,,False,design
J2297755-1361783,22.97755279684445,-13.61782805755071,jwst,,nonlens,truth_jwst,6882,,,no,,golden/kits_truth/J2297755-1361783.jpg,golden/kits_truth_v2r/J2297755-1361783.jpg,0e50d8fe87da5b79,029f34499758265b,negative,False,False,False,,,,,,,False,color,cluster,6882,20.354572,0,,,,False,design
J23750859-7818481,237.5085930810553,-78.18481007783488,jwst,,nonlens,truth_jwst,2555,,,no,,golden/kits_truth/J23750859-7818481.jpg,golden/kits_truth_v2r/J23750859-7818481.jpg,10e0955241448aa0,c8e59d50faab5ffb,negative,False,False,False,,,,,,,False,color,cluster,2555,20.159147,0,,,,False,design
J24394458-615181,243.9445836129908,-6.151805217645197,jwst,,nonlens,truth_jwst,5594,,,no,,golden/kits_truth/J24394458-615181.jpg,golden/kits_truth_v2r/J24394458-615181.jpg,ff120e518fd347cd,000113595bbaf620,negative,False,False,False,,,,,,,False,color,cluster,5594,19.144417,0,,,,False,holdout
J24396549-613061,243.9654885012148,-6.130608132566937,jwst,,nonlens,truth_jwst,5594,,,no,,golden/kits_truth/J24396549-613061.jpg,golden/kits_truth_v2r/J24396549-613061.jpg,fe9a47dc3a2331b7,813b9bcd65875765,negative,False,False,False,,,,,,,False,color,cluster,5594,19.66745,0,,,,False,holdout
J24535312+3816912,245.35312325612108,38.16911902401109,jwst,,nonlens,truth_jwst,5594,,,no,,golden/kits_truth/J24535312+3816912.jpg,golden/kits_truth_v2r/J24535312+3816912.jpg,6d4afb621bc04a59,91b566fff476dbe0,negative,False,False,False,,,,,,,False,color,cluster,5594,18.549557,0,,,,False,design
J24535925+3815145,245.35925132154856,38.151447152386794,jwst,,nonlens,truth_jwst,5594,,,no,,golden/kits_truth/J24535925+3815145.jpg,golden/kits_truth_v2r/J24535925+3815145.jpg,e2bc0d481b966360,5d6608ebd5a19fa8,negative,False,False,False,,,,,,,False,color,cluster,5594,20.862553,0,,,,False,holdout
J2499094-592509,24.99094250867687,-5.925086441632845,jwst,,nonlens,truth_jwst,5594,,,no,,golden/kits_truth/J2499094-592509.jpg,golden/kits_truth_v2r/J2499094-592509.jpg,9a27b6e6dbf9718b,a3e11934c6729692,negative,False,False,False,,,,,,,False,gray_lw_only,cluster,5594,19.436512,0,,,,False,holdout
J2500200-591829,25.00199881575293,-5.918289553553474,jwst,,nonlens,truth_jwst,5594,,,no,,golden/kits_truth/J2500200-591829.jpg,golden/kits_truth_v2r/J2500200-591829.jpg,3bc29544765ebb04,d09c96cdbd5bbbed,negative,False,False,False,,,,,,,False,color,cluster,5594,20.541727,0,,,,False,holdout
J26291130+2285701,262.9113035967438,22.85700807226772,jwst,,nonlens,truth_jwst,5594,,,no,,golden/kits_truth/J26291130+2285701.jpg,golden/kits_truth_v2r/J26291130+2285701.jpg,bfa98c66103069e0,c132ab375efa50e8,negative,False,False,False,,,,,,,False,color,cluster,5594,20.774551,0,,,,False,design
J26452875+6010501,264.52874935761736,60.105013768159495,jwst,,nonlens,truth_jwst,5594,,,no,,golden/kits_truth/J26452875+6010501.jpg,golden/kits_truth_v2r/J26452875+6010501.jpg,ee78394ddb46f08e,2cd9c0ef918a1436,negative,False,False,False,,,,,,,False,color,cluster,5594,17.58152,0,,,,False,design
J26842894+6500621,268.42893579040674,65.00621454181095,jwst,,nonlens,truth_jwst,9263,,,no,,golden/kits_truth/J26842894+6500621.jpg,golden/kits_truth_v2r/J26842894+6500621.jpg,76c9ba70b67df5d1,246a07af36142799,negative,False,False,False,,,,,,,False,color,blank,9263,19.658337,0,,,,False,holdout
J26872359+6526720,268.723591437384,65.26720179512606,jwst,,nonlens,truth_jwst,9263,,,no,,golden/kits_truth/J26872359+6526720.jpg,golden/kits_truth_v2r/J26872359+6526720.jpg,fb24be6c4a68abe6,29a3d2ea335a9bf6,negative,False,False,False,,,,,,,False,color,blank,9263,20.57051,0,,,,False,holdout
J26878429+6512698,268.7842876144367,65.12697808327512,jwst,,nonlens,truth_jwst,9263,,,no,,golden/kits_truth/J26878429+6512698.jpg,golden/kits_truth_v2r/J26878429+6512698.jpg,fca82d607640f181,7b144075d20e9c5e,negative,False,False,False,,,,,,,False,color,blank,9263,19.526644,0,,,,False,holdout
J26881943+6508340,268.8194275667113,65.08340042697932,jwst,,nonlens,truth_jwst,5105,,,no,,golden/kits_truth/J26881943+6508340.jpg,golden/kits_truth_v2r/J26881943+6508340.jpg,0e65aeed28e56df9,9453cff14a4180c7,negative,False,False,False,,,,,,,False,color,blank,5105,20.140213,0,,,,False,holdout
J2712616+603310,27.12615599250939,6.033104995184802,jwst,,nonlens,truth_jwst,1243,,,no,,golden/kits_truth/J2712616+603310.jpg,golden/kits_truth_v2r/J2712616+603310.jpg,6e77b21ae6f9da6f,44f55b2a2a8159bd,negative,False,False,False,,,,,,,False,color,blank,1243,20.656116,0,,,,False,holdout
J2715947+603919,27.15947165654974,6.039191737162925,jwst,,nonlens,truth_jwst,1243,,,no,,golden/kits_truth/J2715947+603919.jpg,golden/kits_truth_v2r/J2715947+603919.jpg,632a9ab444f94f84,fc2330db5e3eb828,negative,False,False,False,,,,,,,False,color,blank,1243,18.394312,0,,,,False,design
J2781430-5991827,27.8143015968688,-59.91827213467413,jwst,,nonlens,truth_jwst,5594,,,no,,golden/kits_truth/J2781430-5991827.jpg,golden/kits_truth_v2r/J2781430-5991827.jpg,53d5382b1201713c,a8c71721bbda8757,negative,False,False,False,,,,,,,False,color,cluster,5594,20.947144,0,,,,False,design
J2994026-883918,29.94026061641539,-8.839178996780184,jwst,,nonlens,truth_jwst,6882,,,no,,golden/kits_truth/J2994026-883918.jpg,golden/kits_truth_v2r/J2994026-883918.jpg,eb7a0c069add4e80,1c4d584edc8006b3,negative,False,False,False,,,,,,,False,color,cluster,6882,20.16568,0,,,,False,holdout
J2994467-883826,29.94466507322863,-8.838263961085302,jwst,,nonlens,truth_jwst,6882,,,no,,golden/kits_truth/J2994467-883826.jpg,golden/kits_truth_v2r/J2994467-883826.jpg,fc322bbe0c6a6989,5a56ab2fa296d42f,negative,False,False,False,,,,,,,False,color,cluster,6882,20.690742,0,,,,False,holdout
J30795315-4061637,307.9531530682403,-40.61636865509059,jwst,,nonlens,truth_jwst,6882,,,no,,golden/kits_truth/J30795315-4061637.jpg,golden/kits_truth_v2r/J30795315-4061637.jpg,ab1b87250782ac0a,008bc10f74fb39dc,negative,False,False,False,,,,,,,False,color,cluster,6882,19.298693,0,,,,False,holdout
J30855626-5961162,308.556259399199,-59.6116235017946,jwst,,nonlens,truth_jwst,5594,,,no,,golden/kits_truth/J30855626-5961162.jpg,golden/kits_truth_v2r/J30855626-5961162.jpg,c51935f8e64eefb4,0a70707181e6a2d1,negative,False,False,False,,,,,,,False,color,cluster,5594,20.825201,0,,,,False,design
J31540786-6139596,315.4078583835303,-61.39596031207892,jwst,,nonlens,truth_jwst,5594,,,no,,golden/kits_truth/J31540786-6139596.jpg,golden/kits_truth_v2r/J31540786-6139596.jpg,a5348019aa632703,af943ea5c4800e8d,negative,False,False,False,,,,,,,False,color,cluster,5594,20.59134,0,,,,False,design
J31974642-5092611,319.7464192887431,-50.92611413160146,jwst,,nonlens,truth_jwst,5594,,,no,,golden/kits_truth/J31974642-5092611.jpg,golden/kits_truth_v2r/J31974642-5092611.jpg,fffcab9186463bd1,1c60ddeceb68059c,negative,False,False,False,,,,,,,False,color,cluster,5594,20.99951,0,,,,False,holdout
J32239251+014889,322.3925106371316,0.1488864502011941,jwst,,nonlens,truth_jwst,6882,,,no,,golden/kits_truth/J32239251+014889.jpg,golden/kits_truth_v2r/J32239251+014889.jpg,f146d66c923f8722,302e12539e5c73cc,negative,False,False,False,,,,,,,False,color,cluster,6882,19.07211,0,,,,False,design
J32274389-4029641,322.7438921122539,-40.29641083944821,jwst,,nonlens,truth_jwst,6882,,,no,,golden/kits_truth/J32274389-4029641.jpg,golden/kits_truth_v2r/J32274389-4029641.jpg,109e3e9053554f41,12c7b25dfbabf912,negative,False,False,False,,,,,,,False,color,cluster,6882,18.422754,0,,,,False,design
J32504288-2360261,325.0428775869354,-23.60261318719497,jwst,,nonlens,truth_jwst,6882,,,no,,golden/kits_truth/J32504288-2360261.jpg,golden/kits_truth_v2r/J32504288-2360261.jpg,16ce4a9fd412ae87,eb831b2c455963ba,negative,False,False,False,,,,,,,False,color,cluster,6882,18.952847,0,,,,False,holdout
J32506550-2364801,325.0654968305518,-23.64801295060604,jwst,,nonlens,truth_jwst,6882,,,no,,golden/kits_truth/J32506550-2364801.jpg,golden/kits_truth_v2r/J32506550-2364801.jpg,cf9ff9df95535468,6369d83348c719c0,negative,False,False,False,,,,,,,False,color,cluster,6882,18.725336,0,,,,False,design
J33293430-381061,332.9343002415612,-3.810609677990973,jwst,,nonlens,truth_jwst,5594,,,no,,golden/kits_truth/J33293430-381061.jpg,golden/kits_truth_v2r/J33293430-381061.jpg,0525fbbcc09f7857,afc69c5d067e5e04,negative,False,False,False,,,,,,,False,gray_lw_only,cluster,5594,18.979218,0,,,,False,holdout
J33294095-384652,332.9409488221209,-3.846518576500275,jwst,,nonlens,truth_jwst,6882,,,no,,golden/kits_truth/J33294095-384652.jpg,golden/kits_truth_v2r/J33294095-384652.jpg,7c54fae201eaa5cf,86addc24d24d7822,negative,False,False,False,,,,,,,False,color,cluster,6882,19.089075,0,,,,False,holdout
J33374238-1401069,333.7423805068804,-14.01069238446861,jwst,,nonlens,truth_jwst,6882,,,no,,golden/kits_truth/J33374238-1401069.jpg,golden/kits_truth_v2r/J33374238-1401069.jpg,0f10abfe89714b94,5a41dc50759dc26f,negative,False,False,False,,,,,,,False,color,cluster,6882,16.943323,0,,,,False,holdout
J33553245+2776222,335.5324475482801,27.76222063617834,jwst,,nonlens,truth_jwst,6675,,,no,,golden/kits_truth/J33553245+2776222.jpg,golden/kits_truth_v2r/J33553245+2776222.jpg,ed8d2873a953c003,b01d41cfc0e91bdd,negative,False,False,False,,,,,,,False,gray_lw_only,cluster,6675,20.689674,0,,,,False,design
J33553554+2777264,335.5355421627263,27.77263835901839,jwst,,nonlens,truth_jwst,6675,,,no,,golden/kits_truth/J33553554+2777264.jpg,golden/kits_truth_v2r/J33553554+2777264.jpg,874a709e89db99a1,4f534764ecbc2a74,negative,False,False,False,,,,,,,False,gray_lw_only,cluster,6675,19.675972,0,,,,False,holdout
J34082780-959445,340.8277999231915,-9.594453572074697,jwst,,nonlens,truth_jwst,5594,,,no,,golden/kits_truth/J34082780-959445.jpg,golden/kits_truth_v2r/J34082780-959445.jpg,94b4dbc1438ae5ce,312accb7f9664aac,negative,False,False,False,,,,,,,False,color,cluster,5594,19.858591,0,,,,False,design
J34083525-960110,340.8352453066425,-9.601097533929313,jwst,,nonlens,truth_jwst,5594,,,no,,golden/kits_truth/J34083525-960110.jpg,golden/kits_truth_v2r/J34083525-960110.jpg,234d2b0b1a6abc6e,675a61b17a68d116,negative,False,False,False,,,,,,,False,color,cluster,5594,20.517632,0,,,,False,holdout
J34085055-957178,340.8505476596125,-9.571779412730743,jwst,,nonlens,truth_jwst,5594,,,no,,golden/kits_truth/J34085055-957178.jpg,golden/kits_truth_v2r/J34085055-957178.jpg,bf8d346d469dac1f,0c581c918b40263c,negative,False,False,False,,,,,,,False,color,cluster,5594,19.93809,0,,,,False,holdout
J34134730+2815703,341.3472971732261,28.15702620744424,jwst,,nonlens,truth_jwst,5594,,,no,,golden/kits_truth/J34134730+2815703.jpg,golden/kits_truth_v2r/J34134730+2815703.jpg,28eb5ccdc792f300,2296e5e881964bf7,negative,False,False,False,,,,,,,False,color,cluster,5594,20.46216,0,,,,False,holdout
J34134778+2813701,341.3477796851674,28.13700614021116,jwst,,nonlens,truth_jwst,5594,,,no,,golden/kits_truth/J34134778+2813701.jpg,golden/kits_truth_v2r/J34134778+2813701.jpg,6044b08fc538cc94,5461787d397d0a2f,negative,False,False,False,,,,,,,False,color,cluster,5594,20.142834,0,,,,False,holdout
J3419143-502424,34.19143128999409,-5.024235401531134,jwst,,nonlens,truth_jwst,6434,,,no,,golden/kits_truth/J3419143-502424.jpg,golden/kits_truth_v2r/J3419143-502424.jpg,e04e2119cdfcc0bf,05d229c564049810,negative,False,False,False,,,,,,,False,color,blank,6434,20.502235,0,,,,False,holdout
J34218541-4451866,342.1854124152076,-44.51865746755221,jwst,,nonlens,truth_jwst,3293,,,no,,golden/kits_truth/J34218541-4451866.jpg,golden/kits_truth_v2r/J34218541-4451866.jpg,020545773069e60c,e56f53a7070419e7,negative,False,False,False,,,,,,,False,color,cluster,3293,20.07431,0,,,,False,design
J3436447-518695,34.36447337135264,-5.186948422213249,jwst,,nonlens,truth_jwst,1837,,,no,,golden/kits_truth/J3436447-518695.jpg,golden/kits_truth_v2r/J3436447-518695.jpg,42a3c01f0a73db24,f35f1f2f57a64709,negative,False,False,False,,,,,,,False,color,blank,1837,19.082998,0,,,,False,holdout
J3439929-506933,34.39929374111341,-5.069331652296274,jwst,,nonlens,truth_jwst,5324,,,no,,golden/kits_truth/J3439929-506933.jpg,golden/kits_truth_v2r/J3439929-506933.jpg,5149bfda106d8ea2,034a93c0abb12941,negative,False,False,False,,,,,,,False,color,blank,5324,20.145832,0,,,,False,design
J3450491-496615,34.50491287537453,-4.966148697694444,jwst,,nonlens,truth_jwst,6480,,,no,,golden/kits_truth/J3450491-496615.jpg,golden/kits_truth_v2r/J3450491-496615.jpg,f303f4455129ff65,d68cff3b72719838,negative,False,False,False,,,,,,,False,gray_sw_only,blank,6480,20.980618,0,,,,False,holdout
J346106-3033846,3.461062573323333,-30.33846145420936,jwst,,nonlens,truth_jwst,1324,,,no,,golden/kits_truth/J346106-3033846.jpg,golden/kits_truth_v2r/J346106-3033846.jpg,516a647dbe1d2d97,e1272ffe1b470488,negative,False,False,False,,,,,,,False,gray_lw_only,cluster,1324,20.750349,0,,,,False,holdout
J346358-3033553,3.463578538066433,-30.33553254788269,jwst,,nonlens,truth_jwst,1324,,,no,,golden/kits_truth/J346358-3033553.jpg,golden/kits_truth_v2r/J346358-3033553.jpg,4552272219bcc014,b827abb788883d93,negative,False,False,False,,,,,,,False,gray_lw_only,cluster,1324,17.94381,0,,,,False,holdout
J348227-3033188,3.48227457822033,-30.33187741107636,jwst,,nonlens,truth_jwst,1324,,,no,,golden/kits_truth/J348227-3033188.jpg,golden/kits_truth_v2r/J348227-3033188.jpg,599bfab2023aff02,0b8357c123779342,negative,False,False,False,,,,,,,False,color,cluster,1324,20.874392,0,,,,False,design
J35125231-4120052,351.2523134782135,-41.20052245948542,jwst,,nonlens,truth_jwst,6882,,,no,,golden/kits_truth/J35125231-4120052.jpg,golden/kits_truth_v2r/J35125231-4120052.jpg,9a7e6650c1263731,a7ce4de7a6327ff6,negative,False,False,False,,,,,,,False,color,cluster,6882,19.614418,0,,,,False,holdout
J35126172-4117963,351.2617243002964,-41.17963053262872,jwst,,nonlens,truth_jwst,6882,,,no,,golden/kits_truth/J35126172-4117963.jpg,golden/kits_truth_v2r/J35126172-4117963.jpg,f5a4d79438c2133c,028607ba5b57c828,negative,False,False,False,,,,,,,False,color,cluster,6882,19.637747,0,,,,False,design
J35130795-4119766,351.307950650655,-41.19765907746329,jwst,,nonlens,truth_jwst,6882,,,no,,golden/kits_truth/J35130795-4119766.jpg,golden/kits_truth_v2r/J35130795-4119766.jpg,73d166890d1d803a,7ad94d7eb1033108,negative,False,False,False,,,,,,,False,color,cluster,6882,19.499037,0,,,,False,design
J35130905-4119242,351.3090477083267,-41.19241549753117,jwst,,nonlens,truth_jwst,6882,,,no,,golden/kits_truth/J35130905-4119242.jpg,golden/kits_truth_v2r/J35130905-4119242.jpg,aaed5f017541a848,216d507a60b50329,negative,False,False,False,,,,,,,False,color,cluster,6882,20.657337,0,,,,False,holdout
J353435-3033214,3.534353997730008,-30.33213757625251,jwst,,nonlens,truth_jwst,1176,,,no,,golden/kits_truth/J353435-3033214.jpg,golden/kits_truth_v2r/J353435-3033214.jpg,941efa16bf6fc677,5fa9e241deadb0d5,negative,False,False,False,,,,,,,False,color,cluster,1176,19.135073,0,,,,False,design
J353502-3038287,3.535016754828224,-30.3828661677443,jwst,,nonlens,truth_jwst,2561,,,no,,golden/kits_truth/J353502-3038287.jpg,golden/kits_truth_v2r/J353502-3038287.jpg,19414c19412162c7,00a02fd33299c3de,negative,False,False,False,,,,,,,False,color,cluster,2561,20.88001,0,,,,False,holdout
J354843-3037348,3.54842894795089,-30.3734789137782,jwst,,nonlens,truth_jwst,2561,,,no,,golden/kits_truth/J354843-3037348.jpg,golden/kits_truth_v2r/J354843-3037348.jpg,4732fe2f49a0b9a6,21df0cb6e2afbd8e,negative,False,False,False,,,,,,,False,color,cluster,2561,20.858137,0,,,,False,design
J356177-3043180,3.561771915959373,-30.43180469827267,jwst,,nonlens,truth_jwst,3516,,,no,,golden/kits_truth/J356177-3043180.jpg,golden/kits_truth_v2r/J356177-3043180.jpg,c5e1c1b09320c6e8,50db106b3302c4b7,negative,False,False,False,,,,,,,False,color,cluster,3516,20.754877,0,,,,False,design
J358086-3053296,3.58086453759669,-30.53295805023893,jwst,,nonlens,truth_jwst,2561,,,no,,golden/kits_truth/J358086-3053296.jpg,golden/kits_truth_v2r/J358086-3053296.jpg,309d1e15f6fc0917,bd5622821d935729,negative,False,False,False,,,,,,,False,gray_lw_only,cluster,2561,20.20576,0,,,,False,design
J35830404+2204845,358.3040395841121,22.04844816815682,jwst,,nonlens,truth_jwst,7119,,,no,,golden/kits_truth/J35830404+2204845.jpg,golden/kits_truth_v2r/J35830404+2204845.jpg,ce23a9c6f4180627,085078bed04a7959,negative,False,False,False,,,,,,,False,color,blank,7119,19.796408,0,,,,False,design
J358649-3036735,3.586491625887688,-30.36735496278946,jwst,,nonlens,truth_jwst,2561,,,no,,golden/kits_truth/J358649-3036735.jpg,golden/kits_truth_v2r/J358649-3036735.jpg,22a026e3005cc5c0,4b6be282113f2553,negative,False,False,False,,,,,,,False,color,cluster,2561,19.360102,0,,,,False,holdout
J359233-3034786,3.592326799567693,-30.34785768968933,jwst,,nonlens,truth_jwst,2561,,,no,,golden/kits_truth/J359233-3034786.jpg,golden/kits_truth_v2r/J359233-3034786.jpg,303563135c8ce4ce,649cc15c890b2e33,negative,False,False,False,,,,,,,False,color,cluster,2561,19.950594,0,,,,False,holdout
J3644671+318345,36.44670886057831,3.183450205206482,jwst,,nonlens,truth_jwst,3325,,,no,,golden/kits_truth/J3644671+318345.jpg,golden/kits_truth_v2r/J3644671+318345.jpg,976f09b3628ca5b4,547d4ae8f806838e,negative,False,False,False,,,,,,,False,color,blank,3325,20.07283,0,,,,False,holdout
J365031-3042229,3.65030760466143,-30.42229072712839,jwst,,nonlens,truth_jwst,2756,,,no,,golden/kits_truth/J365031-3042229.jpg,golden/kits_truth_v2r/J365031-3042229.jpg,6de464e51481d288,ee0bfff00641d743,negative,False,False,False,,,,,,,False,color,cluster,2756,20.81492,0,,,,False,design
J3805492-4440113,38.05492402108304,-44.40112695737225,jwst,,nonlens,truth_jwst,6882,,,no,,golden/kits_truth/J3805492-4440113.jpg,golden/kits_truth_v2r/J3805492-4440113.jpg,9931b8314684d4ed,e973548f62fd58b3,negative,False,False,False,,,,,,,False,color,cluster,6882,19.21104,0,,,,False,holdout
J3809127-4434442,38.09127204002051,-44.34442221055326,jwst,,nonlens,truth_jwst,6882,,,no,,golden/kits_truth/J3809127-4434442.jpg,golden/kits_truth_v2r/J3809127-4434442.jpg,2a940b0327211e06,f2926ee605add429,negative,False,False,False,,,,,,,False,color,cluster,6882,20.40111,0,,,,False,design
J3809318-4435246,38.09317968511976,-44.35245599825957,jwst,,nonlens,truth_jwst,6882,,,no,,golden/kits_truth/J3809318-4435246.jpg,golden/kits_truth_v2r/J3809318-4435246.jpg,8f082cf5537a1e79,a6c3b2568d66199d,negative,False,False,False,,,,,,,False,color,cluster,6882,19.705599,0,,,,False,holdout
J3868725-5852076,38.6872532956918,-58.52076385312191,jwst,,nonlens,truth_jwst,5594,,,no,,golden/kits_truth/J3868725-5852076.jpg,golden/kits_truth_v2r/J3868725-5852076.jpg,f95615de024d3f90,8caeb232271aecc3,negative,False,False,False,,,,,,,False,color,cluster,5594,19.188566,0,,,,False,design
J3996953-159313,39.96953300379134,-1.593130250607704,jwst,,nonlens,truth_jwst,5890,,,no,,golden/kits_truth/J3996953-159313.jpg,golden/kits_truth_v2r/J3996953-159313.jpg,b0e62bdd093557d9,67aa4eda86d583e1,negative,False,False,False,,,,,,,False,color,cluster,5890,19.641243,0,,,,False,design
J3998844-162036,39.98844005988401,-1.620361530810613,jwst,,nonlens,truth_jwst,5890,,,no,,golden/kits_truth/J3998844-162036.jpg,golden/kits_truth_v2r/J3998844-162036.jpg,a09947aa21ba009a,f93f97e9a9e90a16,negative,False,False,False,,,,,,,False,color,cluster,5890,19.259321,0,,,,False,holdout
J4001010-159844,40.01009572879962,-1.59844053745512,jwst,,nonlens,truth_jwst,3538,,,no,,golden/kits_truth/J4001010-159844.jpg,golden/kits_truth_v2r/J4001010-159844.jpg,0c56227ce08760fd,e2358daa5a5b7075,negative,False,False,False,,,,,,,False,color,cluster,3538,20.540735,0,,,,False,design
J4132208-5302079,41.32207553350784,-53.02079146036539,jwst,,nonlens,truth_jwst,5594,,,no,,golden/kits_truth/J4132208-5302079.jpg,golden/kits_truth_v2r/J4132208-5302079.jpg,5d8743f8684724de,400e434746a92625,negative,False,False,False,,,,,,,False,color,cluster,5594,20.221188,0,,,,False,design
J4132913-5302499,41.32912804102126,-53.02499147296098,jwst,,nonlens,truth_jwst,5594,,,no,,golden/kits_truth/J4132913-5302499.jpg,golden/kits_truth_v2r/J4132913-5302499.jpg,c82d2ac110332d87,96c690a10802d652,negative,False,False,False,,,,,,,False,color,cluster,5594,20.527311,0,,,,False,holdout
J4136642-5302087,41.36641834356884,-53.02086591241458,jwst,,nonlens,truth_jwst,5594,,,no,,golden/kits_truth/J4136642-5302087.jpg,golden/kits_truth_v2r/J4136642-5302087.jpg,85bf66f3c91088bd,ead561b3a564010d,negative,False,False,False,,,,,,,False,color,cluster,5594,19.720032,0,,,,False,holdout
J4137775-5302746,41.37775277670568,-53.02745829680575,jwst,,nonlens,truth_jwst,6882,,,no,,golden/kits_truth/J4137775-5302746.jpg,golden/kits_truth_v2r/J4137775-5302746.jpg,bbe8c29351c4316f,55a45d7767fe70f4,negative,False,False,False,,,,,,,False,color,cluster,6882,19.302435,0,,,,False,design
J4140028-5304771,41.40028054044227,-53.04771209441174,jwst,,nonlens,truth_jwst,6882,,,no,,golden/kits_truth/J4140028-5304771.jpg,golden/kits_truth_v2r/J4140028-5304771.jpg,742cc58bfd19e88f,aa9f1138746a93eb,negative,False,False,False,,,,,,,False,color,cluster,6882,19.1174,0,,,,False,holdout
J4312673-2101336,43.12673452023678,-21.0133604081063,jwst,,nonlens,truth_jwst,5594,,,no,,golden/kits_truth/J4312673-2101336.jpg,golden/kits_truth_v2r/J4312673-2101336.jpg,533ed11642dab90c,aefa14d0e6a650bb,negative,False,False,False,,,,,,,False,color,cluster,5594,20.444513,0,,,,False,design
J4355416-5896262,43.55416376889258,-58.96262295211928,jwst,,nonlens,truth_jwst,5594,,,no,,golden/kits_truth/J4355416-5896262.jpg,golden/kits_truth_v2r/J4355416-5896262.jpg,04d8a65ffc167510,3b664ea5bb0d238b,negative,False,False,False,,,,,,,False,color,cluster,5594,19.597364,0,,,,False,design
J4355654-5895280,43.55653722747429,-58.95280328505751,jwst,,nonlens,truth_jwst,5594,,,no,,golden/kits_truth/J4355654-5895280.jpg,golden/kits_truth_v2r/J4355654-5895280.jpg,b506c3b856a373bf,eb867ee7800e73ab,negative,False,False,False,,,,,,,False,color,cluster,5594,20.663614,0,,,,False,holdout
J4356255-5894733,43.56255262578757,-58.94732836239645,jwst,,nonlens,truth_jwst,5594,,,no,,golden/kits_truth/J4356255-5894733.jpg,golden/kits_truth_v2r/J4356255-5894733.jpg,3f86581dee6034c4,15ef7c596d264ca5,negative,False,False,False,,,,,,,False,color,cluster,5594,20.653683,0,,,,False,design
J463478+1641766,4.634784677601023,16.41766425154253,jwst,,nonlens,truth_jwst,6882,,,no,,golden/kits_truth/J463478+1641766.jpg,golden/kits_truth_v2r/J463478+1641766.jpg,fafe433a099cdf5f,bf563fbcebdccda2,negative,False,False,False,,,,,,,False,color,cluster,6882,20.424164,0,,,,False,design
J465012+1637693,4.650116856428032,16.37692518194835,jwst,,nonlens,truth_jwst,6882,,,no,,golden/kits_truth/J465012+1637693.jpg,golden/kits_truth_v2r/J465012+1637693.jpg,0a4d360775a6d4ec,8e7dfaa743863aeb,negative,False,False,False,,,,,,,False,color,cluster,6882,20.581303,0,,,,False,holdout
J466009+1637185,4.660085817912108,16.37185324478622,jwst,,nonlens,truth_jwst,6882,,,no,,golden/kits_truth/J466009+1637185.jpg,golden/kits_truth_v2r/J466009+1637185.jpg,e212c3a4c410c2af,cd3b8dcb183c8d32,negative,False,False,False,,,,,,,False,gray_lw_only,cluster,6882,19.843533,0,,,,False,design
J466343+1639744,4.663425482601669,16.39743662411713,jwst,,nonlens,truth_jwst,6882,,,no,,golden/kits_truth/J466343+1639744.jpg,golden/kits_truth_v2r/J466343+1639744.jpg,af021dcea5c995e5,7ab741d8dc21ab1d,negative,False,False,False,,,,,,,False,color,cluster,6882,20.517408,0,,,,False,holdout
J473538-4086871,4.735375844375919,-40.86870507997791,jwst,,nonlens,truth_jwst,5594,,,no,,golden/kits_truth/J473538-4086871.jpg,golden/kits_truth_v2r/J473538-4086871.jpg,992b23c110fbeb34,fd78fa87d49186c3,negative,False,False,False,,,,,,,False,color,cluster,5594,19.798285,0,,,,False,design
J474845-4087377,4.74845400837626,-40.87376698953715,jwst,,nonlens,truth_jwst,5594,,,no,,golden/kits_truth/J474845-4087377.jpg,golden/kits_truth_v2r/J474845-4087377.jpg,6ed4592915f27471,ecb5471645252bd1,negative,False,False,False,,,,,,,False,color,cluster,5594,20.60206,0,,,,False,holdout
J5243714-217875,52.43714488545222,-2.17875418146764,jwst,,nonlens,truth_jwst,6882,,,no,,golden/kits_truth/J5243714-217875.jpg,golden/kits_truth_v2r/J5243714-217875.jpg,6113850e06ba1551,5e0741477077ded8,negative,False,False,False,,,,,,,False,color,cluster,6882,20.822702,0,,,,False,design
J5313613-2782910,53.13612893321802,-27.82910457251597,jwst,,nonlens,truth_jwst,1180,,,no,,golden/kits_truth/J5313613-2782910.jpg,golden/kits_truth_v2r/J5313613-2782910.jpg,825c1b85981fd668,7bf4c861ba64cd26,negative,False,False,False,,,,,,,False,color,blank,1180,18.758717,0,,,,False,design
J5317651-2771065,53.17651454898736,-27.71064599641933,jwst,,nonlens,truth_jwst,1176,,,no,,golden/kits_truth/J5317651-2771065.jpg,golden/kits_truth_v2r/J5317651-2771065.jpg,d79a5aa5a4d2dff0,3a5d5764ffe283d3,negative,False,False,False,,,,,,,False,color,cluster,1176,20.906263,0,,,,False,holdout
J5318769-2772550,53.1876881402424,-27.72549627591805,jwst,,nonlens,truth_jwst,1176,,,no,,golden/kits_truth/J5318769-2772550.jpg,golden/kits_truth_v2r/J5318769-2772550.jpg,cd00938f07553f69,e41acbbfbbb5b40d,negative,False,False,False,,,,,,,False,color,cluster,1176,19.283098,0,,,,False,design
J5324867-2784183,53.24867424494835,-27.84183078628272,jwst,,nonlens,truth_jwst,1283,,,no,,golden/kits_truth/J5324867-2784183.jpg,golden/kits_truth_v2r/J5324867-2784183.jpg,790c91da5bc69fe1,1e90d95b7b4a6875,negative,False,False,False,,,,,,,False,color,blank,1283,19.912098,0,,,,False,holdout
J5328406-2785654,53.28405935950865,-27.85654093980263,jwst,,nonlens,truth_jwst,2079,,,no,,golden/kits_truth/J5328406-2785654.jpg,golden/kits_truth_v2r/J5328406-2785654.jpg,dd53c8c035c5aa40,a7f9f228003b4295,negative,False,False,False,,,,,,,False,color,blank,2079,18.385784,0,,,,False,design
J5376335-1946021,53.76335278522096,-19.46020616776366,jwst,,nonlens,truth_jwst,6675,,,no,,golden/kits_truth/J5376335-1946021.jpg,golden/kits_truth_v2r/J5376335-1946021.jpg,a5a0416acc6d9b35,b5f11eb695959425,negative,False,False,False,,,,,,,False,gray_lw_only,cluster,6675,18.901701,0,,,,False,holdout
J5376360-1946836,53.76359719346527,-19.46835813462012,jwst,,nonlens,truth_jwst,6675,,,no,,golden/kits_truth/J5376360-1946836.jpg,golden/kits_truth_v2r/J5376360-1946836.jpg,486d6df3ed98a105,fc3010b2d184a351,negative,False,False,False,,,,,,,False,gray_lw_only,cluster,6675,20.101114,0,,,,False,holdout
J5377489-1947618,53.77489271751344,-19.47618172148798,jwst,,nonlens,truth_jwst,6675,,,no,,golden/kits_truth/J5377489-1947618.jpg,golden/kits_truth_v2r/J5377489-1947618.jpg,409d01d8bcbe5115,7a9dbf7b8dfcf916,negative,False,False,False,,,,,,,False,gray_lw_only,cluster,6675,20.336445,0,,,,False,design
J5378386-1946893,53.7838572282735,-19.46892813556542,jwst,,nonlens,truth_jwst,6675,,,no,,golden/kits_truth/J5378386-1946893.jpg,golden/kits_truth_v2r/J5378386-1946893.jpg,167c755698a033c0,2b57d9c823712fd3,negative,False,False,False,,,,,,,False,gray_lw_only,cluster,6675,20.010902,0,,,,False,design
J5971918-2993167,59.71918140757231,-29.93166684674412,jwst,,nonlens,truth_jwst,6882,,,no,,golden/kits_truth/J5971918-2993167.jpg,golden/kits_truth_v2r/J5971918-2993167.jpg,28c953d3a7f313f0,96d50e39b43d511d,negative,False,False,False,,,,,,,False,color,cluster,6882,20.75869,0,,,,False,holdout
J5973691-2991571,59.73690509636513,-29.9157115545034,jwst,,nonlens,truth_jwst,6882,,,no,,golden/kits_truth/J5973691-2991571.jpg,golden/kits_truth_v2r/J5973691-2991571.jpg,87de502eef6c9676,4a8648e6dc2eebbd,negative,False,False,False,,,,,,,False,color,cluster,6882,19.362719,0,,,,False,design
J6146773-4925583,61.46772584185153,-49.25582892504322,jwst,,nonlens,truth_jwst,5594,,,no,,golden/kits_truth/J6146773-4925583.jpg,golden/kits_truth_v2r/J6146773-4925583.jpg,bdfe11364eead1e8,99984a2f626a5c16,negative,False,False,False,,,,,,,False,color,cluster,5594,19.866598,0,,,,False,design
J6148425-4926918,61.48424821268924,-49.26918449149932,jwst,,nonlens,truth_jwst,5594,,,no,,golden/kits_truth/J6148425-4926918.jpg,golden/kits_truth_v2r/J6148425-4926918.jpg,111ee7102c91a4c0,6b67046a771a6d83,negative,False,False,False,,,,,,,False,color,cluster,5594,19.973244,0,,,,False,holdout
J6150973-4927409,61.50973483110687,-49.27408532501924,jwst,,nonlens,truth_jwst,5594,,,no,,golden/kits_truth/J6150973-4927409.jpg,golden/kits_truth_v2r/J6150973-4927409.jpg,861b4038a8335b13,cb23ca6994a9f278,negative,False,False,False,,,,,,,False,color,cluster,5594,20.97572,0,,,,False,holdout
J6397111-2414198,63.97110891687281,-24.14197551957486,jwst,,nonlens,truth_jwst,6434,,,no,,golden/kits_truth/J6397111-2414198.jpg,golden/kits_truth_v2r/J6397111-2414198.jpg,75822de0d337f6e9,da30bbfbceb78058,negative,False,False,False,,,,,,,False,color,blank,6434,20.16516,0,,,,False,holdout
J6405781-2407390,64.0578080495055,-24.07390195383175,jwst,,nonlens,truth_jwst,5890,,,no,,golden/kits_truth/J6405781-2407390.jpg,golden/kits_truth_v2r/J6405781-2407390.jpg,fb7a9b4a409bc739,b5c2d0b558552c71,negative,False,False,False,,,,,,,False,color,cluster,5890,20.782972,0,,,,False,design
J6436132-1185622,64.36132100187584,-11.85622164445115,jwst,,nonlens,truth_jwst,1208,,,no,,golden/kits_truth/J6436132-1185622.jpg,golden/kits_truth_v2r/J6436132-1185622.jpg,ec7f10f65782c57a,0ed629d53641ed58,negative,False,False,False,,,,,,,False,color,cluster,1208,18.942059,0,,,,False,holdout
J6740113-289378,67.4011338351651,-2.893784619549923,jwst,,nonlens,truth_jwst,6882,,,no,,golden/kits_truth/J6740113-289378.jpg,golden/kits_truth_v2r/J6740113-289378.jpg,cd49705ee1d84a35,66261af2a07a75d2,negative,False,False,False,,,,,,,False,color,cluster,6882,20.525576,0,,,,False,design
J6929477+073773,69.29476693661512,0.737733008318682,jwst,,nonlens,truth_jwst,6207,,,no,,golden/kits_truth/J6929477+073773.jpg,golden/kits_truth_v2r/J6929477+073773.jpg,49f3e2a4c5f162c0,762ee481708598b5,negative,False,False,False,,,,,,,False,color,cluster,6207,19.698202,0,,,,False,design
J694390+2627532,6.943903826635428,26.27532082102167,jwst,,nonlens,truth_jwst,5594,,,no,,golden/kits_truth/J694390+2627532.jpg,golden/kits_truth_v2r/J694390+2627532.jpg,9f7e9778bba92667,4337c6642c905956,negative,False,False,False,,,,,,,False,color,cluster,5594,19.00657,0,,,,False,design
J7076877-6164171,70.76877099487962,-61.64170538443696,jwst,,nonlens,truth_jwst,5594,,,no,,golden/kits_truth/J7076877-6164171.jpg,golden/kits_truth_v2r/J7076877-6164171.jpg,a0d59dd22e4ac9a3,2d6f8df2ca67b583,negative,False,False,False,,,,,,,False,color,cluster,5594,19.683542,0,,,,False,design
J7296228+010919,72.96228421721709,0.1091924342140463,jwst,,nonlens,truth_jwst,6882,,,no,,golden/kits_truth/J7296228+010919.jpg,golden/kits_truth_v2r/J7296228+010919.jpg,f2fe7f94192bc321,eac2e9687afede52,negative,False,False,False,,,,,,,False,color,cluster,6882,20.391314,0,,,,False,holdout
J7296296-6935436,72.96295603397363,-69.35435770437378,jwst,,nonlens,truth_jwst,1235,,,no,,golden/kits_truth/J7296296-6935436.jpg,golden/kits_truth_v2r/J7296296-6935436.jpg,7921faff252bb78e,1ec05562e26a7015,negative,False,False,False,,,,,,,False,color,blank,1235,12.341254,0,,,,False,design
J7297133-6937170,72.97133118374485,-69.37169614511605,jwst,,nonlens,truth_jwst,1235,,,no,,golden/kits_truth/J7297133-6937170.jpg,golden/kits_truth_v2r/J7297133-6937170.jpg,49b24321b1b97996,a24a294f65d3d2c7,negative,False,False,False,,,,,,,False,color,blank,1235,15.250276,0,,,,False,holdout
J7354526-302673,73.54525882299717,-3.026733219508939,jwst,,nonlens,truth_jwst,5058,,,no,,golden/kits_truth/J7354526-302673.jpg,golden/kits_truth_v2r/J7354526-302673.jpg,5bd0e846a3d615ee,1e9333528d9dbe5e,negative,False,False,False,,,,,,,False,color,cluster,5058,20.881615,0,,,,False,design
J7355034-300033,73.55033739834332,-3.000327618297469,jwst,,nonlens,truth_jwst,5058,,,no,,golden/kits_truth/J7355034-300033.jpg,golden/kits_truth_v2r/J7355034-300033.jpg,ac2f9c405078953a,1e2fd778ed4a88dd,negative,False,False,False,,,,,,,False,color,cluster,5058,20.96609,0,,,,False,design
J7356430-1028118,73.5642967556173,-10.28117986360026,jwst,,nonlens,truth_jwst,6882,,,no,,golden/kits_truth/J7356430-1028118.jpg,golden/kits_truth_v2r/J7356430-1028118.jpg,582d21e97e65c1bc,fec58819edd5fd20,negative,False,False,False,,,,,,,False,color,cluster,6882,20.224821,0,,,,False,holdout
J802897+1810048,8.028968076720068,18.10047855153479,jwst,,nonlens,truth_jwst,6882,,,no,,golden/kits_truth/J802897+1810048.jpg,golden/kits_truth_v2r/J802897+1810048.jpg,9a9e29436944f26b,0b1f8d7db1d37d02,negative,False,False,False,,,,,,,False,color,cluster,6882,20.6714,0,,,,False,holdout
J803699+201708,8.036991735723355,2.017083689301141,jwst,,nonlens,truth_jwst,1022,,,no,,golden/kits_truth/J803699+201708.jpg,golden/kits_truth_v2r/J803699+201708.jpg,61e22a63da7aed3f,49f74fb75f14d22e,negative,False,False,False,,,,,,,False,color,blank,1022,20.714813,0,,,,False,design
J804700+1811523,8.046996178848152,18.11522929066815,jwst,,nonlens,truth_jwst,6882,,,no,,golden/kits_truth/J804700+1811523.jpg,golden/kits_truth_v2r/J804700+1811523.jpg,982150fe3bc49192,89b39cbc42d9bf93,negative,False,False,False,,,,,,,False,color,cluster,6882,20.651873,0,,,,False,holdout
J804769+1814094,8.047690308834408,18.14093771657493,jwst,,nonlens,truth_jwst,6882,,,no,,golden/kits_truth/J804769+1814094.jpg,golden/kits_truth_v2r/J804769+1814094.jpg,bf5f2e4ac81c24c4,4af34dfa7711cc50,negative,False,False,False,,,,,,,False,color,cluster,6882,18.773823,0,,,,False,design
J804801+1813123,8.048006157582916,18.13123061146315,jwst,,nonlens,truth_jwst,6882,,,no,,golden/kits_truth/J804801+1813123.jpg,golden/kits_truth_v2r/J804801+1813123.jpg,f346e0a6f4366b74,a3365e616d71972f,negative,False,False,False,,,,,,,False,color,cluster,6882,18.972267,0,,,,False,design
J806086+1813290,8.060860457679043,18.13290236941103,jwst,,nonlens,truth_jwst,6882,,,no,,golden/kits_truth/J806086+1813290.jpg,golden/kits_truth_v2r/J806086+1813290.jpg,e867594edfbcae41,68ef7e23999cfef0,negative,False,False,False,,,,,,,False,color,cluster,6882,19.774197,0,,,,False,design
J806401+1814734,8.064010586981825,18.14733503203635,jwst,,nonlens,truth_jwst,6882,,,no,,golden/kits_truth/J806401+1814734.jpg,golden/kits_truth_v2r/J806401+1814734.jpg,3d1acdc0cbed4d26,250fa86f4e95b72f,negative,False,False,False,,,,,,,False,color,cluster,6882,19.90502,0,,,,False,holdout
J8569263-2143082,85.69263320774331,-21.43081966189783,jwst,,nonlens,truth_jwst,6675,,,no,,golden/kits_truth/J8569263-2143082.jpg,golden/kits_truth_v2r/J8569263-2143082.jpg,4cb4adcfaa4df2d9,659d693392a34211,negative,False,False,False,,,,,,,False,gray_lw_only,cluster,6675,20.063063,0,,,,False,holdout
J8570749-2142357,85.70748805606112,-21.42356943847532,jwst,,nonlens,truth_jwst,6675,,,no,,golden/kits_truth/J8570749-2142357.jpg,golden/kits_truth_v2r/J8570749-2142357.jpg,58ac9ebd8503c326,271b417efe880b07,negative,False,False,False,,,,,,,False,gray_lw_only,cluster,6675,20.939013,0,,,,False,design
J859500+243201,8.594996886209083,2.432011540919833,jwst,,nonlens,truth_jwst,5594,,,no,,golden/kits_truth/J859500+243201.jpg,golden/kits_truth_v2r/J859500+243201.jpg,6cd639163400c8c6,625273ea866c9694,negative,False,False,False,,,,,,,False,color,cluster,5594,20.047863,0,,,,False,holdout
J8666584-5375505,86.66584292820423,-53.75504871358589,jwst,,nonlens,truth_jwst,5594,,,no,,golden/kits_truth/J8666584-5375505.jpg,golden/kits_truth_v2r/J8666584-5375505.jpg,ec9382a5923bf97d,5b6717702f908439,negative,False,False,False,,,,,,,False,color,cluster,5594,17.668451,0,,,,False,holdout
J8730044-6209360,87.3004379134483,-62.09360338432579,jwst,,nonlens,truth_jwst,5594,,,no,,golden/kits_truth/J8730044-6209360.jpg,golden/kits_truth_v2r/J8730044-6209360.jpg,397a9d1c5ccca36e,1dabd5ca8acb209d,negative,False,False,False,,,,,,,False,color,cluster,5594,20.425856,0,,,,False,holdout
J8731668-6207344,87.31668495777572,-62.07344012427006,jwst,,nonlens,truth_jwst,5594,,,no,,golden/kits_truth/J8731668-6207344.jpg,golden/kits_truth_v2r/J8731668-6207344.jpg,7693652ad9c206d6,1ce72210e19e7d5f,negative,False,False,False,,,,,,,False,color,cluster,5594,20.947878,0,,,,False,holdout
J8734971-6208053,87.3497121737563,-62.08052816077716,jwst,,nonlens,truth_jwst,5594,,,no,,golden/kits_truth/J8734971-6208053.jpg,golden/kits_truth_v2r/J8734971-6208053.jpg,40032889b0a0274c,edac17308d0c2507,negative,False,False,False,,,,,,,False,color,cluster,5594,20.947615,0,,,,False,design
J881166-2023687,8.811658095643486,-20.23686708269695,jwst,,nonlens,truth_jwst,6882,,,no,,golden/kits_truth/J881166-2023687.jpg,golden/kits_truth_v2r/J881166-2023687.jpg,dc5a0ddc02b34d81,02e1cc10bb1c63e3,negative,False,False,False,,,,,,,False,color,cluster,6882,20.295166,0,,,,False,holdout
J8826506-3369017,88.26506023796831,-33.69017159330593,jwst,,nonlens,truth_jwst,6882,,,no,,golden/kits_truth/J8826506-3369017.jpg,golden/kits_truth_v2r/J8826506-3369017.jpg,71ed3d2b9f6aa25d,7f99c2fc4a320ff8,negative,False,False,False,,,,,,,False,color,cluster,6882,19.424465,0,,,,False,holdout
J8832857-3370823,88.32856847698588,-33.70823359816635,jwst,,nonlens,truth_jwst,6882,,,no,,golden/kits_truth/J8832857-3370823.jpg,golden/kits_truth_v2r/J8832857-3370823.jpg,335a22d9ace1e56d,e4cbaa801961de75,negative,False,False,False,,,,,,,False,color,cluster,6882,19.578953,0,,,,False,holdout
J8834008-3368573,88.34008183834125,-33.68573412847822,jwst,,nonlens,truth_jwst,5594,,,no,,golden/kits_truth/J8834008-3368573.jpg,golden/kits_truth_v2r/J8834008-3368573.jpg,3b7a36f24bc159a3,27402c178b29e154,negative,False,False,False,,,,,,,False,color,cluster,5594,19.748785,0,,,,False,design
J886041-2024869,8.860412091984958,-20.2486857812017,jwst,,nonlens,truth_jwst,6882,,,no,,golden/kits_truth/J886041-2024869.jpg,golden/kits_truth_v2r/J886041-2024869.jpg,404f0776671dc7e4,46ea6a69ceaaabff,negative,False,False,False,,,,,,,False,color,cluster,6882,19.944645,0,,,,False,design
J9005029-4390718,90.05029317953344,-43.90718072372125,jwst,,nonlens,truth_jwst,5594,,,no,,golden/kits_truth/J9005029-4390718.jpg,golden/kits_truth_v2r/J9005029-4390718.jpg,8ff454afb1a5253e,394092e7c5be5107,negative,False,False,False,,,,,,,False,color,cluster,5594,20.55748,0,,,,False,design
J9005506-4389393,90.05506346545792,-43.89392502585731,jwst,,nonlens,truth_jwst,5594,,,no,,golden/kits_truth/J9005506-4389393.jpg,golden/kits_truth_v2r/J9005506-4389393.jpg,755c2c94e1e46f02,b6f234582cb743dc,negative,False,False,False,,,,,,,False,color,cluster,5594,20.301678,0,,,,False,holdout
J9005771-4388634,90.05771213127176,-43.88633916160988,jwst,,nonlens,truth_jwst,5594,,,no,,golden/kits_truth/J9005771-4388634.jpg,golden/kits_truth_v2r/J9005771-4388634.jpg,e5bd44e433852efe,0ab183db8cc5cb7e,negative,False,False,False,,,,,,,False,color,cluster,5594,20.873983,0,,,,False,holdout
J9009866-2012117,90.0986605528366,-20.12116579203328,jwst,,nonlens,truth_jwst,6882,,,no,,golden/kits_truth/J9009866-2012117.jpg,golden/kits_truth_v2r/J9009866-2012117.jpg,d9f6c54393550036,e3b44fc5499c99c6,negative,False,False,False,,,,,,,False,color,cluster,6882,19.27016,0,,,,False,holdout
J927121+915963,9.271214559549096,9.159625808559746,jwst,,nonlens,truth_jwst,6882,,,no,,golden/kits_truth/J927121+915963.jpg,golden/kits_truth_v2r/J927121+915963.jpg,987cd58375853c5f,65dc95136ebc7ece,negative,False,False,False,,,,,,,False,color,cluster,6882,19.829239,0,,,,False,holdout
J927964+916705,9.279636828642774,9.167053508541542,jwst,,nonlens,truth_jwst,6882,,,no,,golden/kits_truth/J927964+916705.jpg,golden/kits_truth_v2r/J927964+916705.jpg,c24d2fb7f3349b92,3aa32f02b681ba7f,negative,False,False,False,,,,,,,False,color,cluster,6882,19.156792,0,,,,False,holdout
J9395385-5771281,93.95385211884442,-57.712805842748,jwst,,nonlens,truth_jwst,6882,,,no,,golden/kits_truth/J9395385-5771281.jpg,golden/kits_truth_v2r/J9395385-5771281.jpg,af02827a9023c166,96db850fdb9d34ad,negative,False,False,False,,,,,,,False,color,cluster,6882,20.011122,0,,,,False,design
J9968089-5398857,99.68089011258218,-53.98856998217566,jwst,,nonlens,truth_jwst,5594,,,no,,golden/kits_truth/J9968089-5398857.jpg,golden/kits_truth_v2r/J9968089-5398857.jpg,866a9618da460ab5,ed2850896ab843c5,negative,False,False,False,,,,,,,False,color,cluster,5594,18.085415,0,,,,False,design
J9969222-5397414,99.6922241580126,-53.97414033170942,jwst,,nonlens,truth_jwst,5594,,,no,,golden/kits_truth/J9969222-5397414.jpg,golden/kits_truth_v2r/J9969222-5397414.jpg,bf4580cf04416dfb,829e7e75eac7792f,negative,False,False,False,,,,,,,False,color,cluster,5594,19.897442,0,,,,False,holdout
J9969294-5397094,99.69294157392056,-53.97094334110269,jwst,,nonlens,truth_jwst,5594,,,no,,golden/kits_truth/J9969294-5397094.jpg,golden/kits_truth_v2r/J9969294-5397094.jpg,3b505b81e64a1bad,17a46498d129ea3c,negative,False,False,False,,,,,,,False,color,cluster,5594,17.880772,0,,,,False,design
J076153-3300005,0.7615301469077966,-33.00004973841376,jwst,,,truth_jwst,3954,,,no,u0215,golden/kits_truth/J076153-3300005.jpg,golden/kits_truth_v2r/J076153-3300005.jpg,68084787e23b2bea,03dcdd4f96a374e9,stress_D,False,True,False,,,,,,,False,color,blank,3954,20.714708,0,D,30.0,0.2847108590660275,True,design
J11072970-7345689,110.7296992836254,-73.45689171127412,jwst,,,truth_jwst,4043,,,no,u0207,golden/kits_truth/J11072970-7345689.jpg,golden/kits_truth_v2r/J11072970-7345689.jpg,d3208a02eef49dfe,49de618a208b3933,stress_D,False,True,False,,,,,,,False,color,cluster,4043,19.377497,0,D,55.0,0.4704022868650798,True,holdout
J14989229+226437,149.8922937123496,2.264366905940402,jwst,,,truth_jwst,1727,,,no,u0245,golden/kits_truth/J14989229+226437.jpg,golden/kits_truth_v2r/J14989229+226437.jpg,dd26a3c0115c5764,a3e416c65dc28b57,stress_D,False,True,False,,,,,,,False,color,cosmos,1727,19.852398,0,D,35.0,0.3220197885426158,True,design
J15005718+220591,150.057182636042,2.205910619532069,jwst,,,truth_jwst,1727,,,no,u0213,golden/kits_truth/J15005718+220591.jpg,golden/kits_truth_v2r/J15005718+220591.jpg,40643e3259684107,d636b49d390aaf6b,stress_D,False,True,False,,,,,,,False,color,cosmos,1727,18.499466,0,D,38.0,0.3468066650754846,True,holdout
J15017971+211039,150.1797082694992,2.110389851547593,jwst,,,truth_jwst,1727,,,no,u0141,golden/kits_truth/J15017971+211039.jpg,golden/kits_truth_v2r/J15017971+211039.jpg,1a265f0d726f4ba7,5a1245df3514ed5f,stress_D,False,True,False,,,,,,,False,color,cosmos,1727,18.625668,0,D,30.0,0.2894946647857145,True,holdout
J15018209+211340,150.1820906501962,2.113400741736567,jwst,,,truth_jwst,1727,,,no,u0072,golden/kits_truth/J15018209+211340.jpg,golden/kits_truth_v2r/J15018209+211340.jpg,af7d26c137ce7a84,f379b250cb60f80d,stress_D,False,True,False,,,,,,,False,color,cosmos,1727,19.381273,0,D,30.0,0.2863516236800125,True,holdout
J15194704+2123478,151.947041888301,21.23478461642417,jwst,,,truth_jwst,2073,,,no,u0053,golden/kits_truth/J15194704+2123478.jpg,golden/kits_truth_v2r/J15194704+2123478.jpg,565ffa876ce3f011,a3d0c327ad7f45d6,stress_D,False,True,False,,,,,,,False,color,blank,2073,20.641567,0,D,32.0,0.2999044462338613,True,design
J15428066+3906060,154.28066190886346,39.06059643598755,jwst,,,truth_jwst,5594,,,no,u0132,golden/kits_truth/J15428066+3906060.jpg,golden/kits_truth_v2r/J15428066+3906060.jpg,40ec5220cfeae182,11197c8dfc2e571d,stress_D,False,True,False,,,,,,,False,color,cluster,5594,17.430508,0,D,45.0,0.4002614729325734,True,holdout
J16440195+5798696,164.40195382701228,57.98696260522162,jwst,,,truth_jwst,5594,,,no,u0028,golden/kits_truth/J16440195+5798696.jpg,golden/kits_truth_v2r/J16440195+5798696.jpg,7d45eafc46eed591,c0064aa0cbac2b52,stress_D,False,True,False,,,,,,,False,color,cluster,5594,20.94773,0,D,58.0,0.4970020768403697,True,design
J1655664+080458,16.55664125084313,0.8045813603910371,jwst,,,truth_jwst,6665,,,no,u0174,golden/kits_truth/J1655664+080458.jpg,golden/kits_truth_v2r/J1655664+080458.jpg,19c4a1fc4f156aba,0e289f91c837c3e8,stress_D,False,True,False,,,,,,,False,gray_sw_only,blank,6665,20.66838,0,D,30.0,0.2835449922103306,True,holdout
J16897851+148442,168.9785141015487,1.48441665580579,jwst,,,truth_jwst,6882,,,no,u0041,golden/kits_truth/J16897851+148442.jpg,golden/kits_truth_v2r/J16897851+148442.jpg,0981113dfe6439a4,0f57b01bb094748b,stress_D,False,True,False,,,,,,,False,color,cluster,6882,19.30091,0,D,72.0,0.6574567384205445,True,design
J17710747+5286937,177.10747083706843,52.869373748316306,jwst,,,truth_jwst,1243,,,no,u0006,golden/kits_truth/J17710747+5286937.jpg,golden/kits_truth_v2r/J17710747+5286937.jpg,c9c9a02598166fd7,05dc55f8be1999a1,stress_D,False,True,False,,,,,,,False,color,blank,1243,20.385763,0,D,35.0,0.3253219038995892,True,holdout
J17769198-2805240,177.6919798038281,-28.05239804281122,jwst,,,truth_jwst,6882,,,no,u0084,golden/kits_truth/J17769198-2805240.jpg,golden/kits_truth_v2r/J17769198-2805240.jpg,9ae3d10434fbdfc8,8ad3e876e2219571,stress_D,False,True,False,,,,,,,False,gray_sw_only,cluster,6882,20.306707,0,D,30.0,0.2881178589469268,True,design
J18031302+2310412,180.3130196653021,23.10411895106457,jwst,,,truth_jwst,5594,,,no,u0075,golden/kits_truth/J18031302+2310412.jpg,golden/kits_truth_v2r/J18031302+2310412.jpg,3cd268fc9e9121a7,dcc273a121c11692,stress_D,False,True,False,,,,,,,False,color,cluster,5594,20.01175,0,D,30.0,0.286958961285502,True,holdout
J18095026+476116,180.9502637588483,4.761163052776087,jwst,,,truth_jwst,9032,,,no,u0249,golden/kits_truth/J18095026+476116.jpg,golden/kits_truth_v2r/J18095026+476116.jpg,739134399050e2ca,80a8b67e1c4c9c3d,stress_D,False,True,False,,,,,,,False,color,blank,9032,18.518211,0,D,30.0,0.2852831142467321,True,design
J18908112+6221462,189.08112197601855,62.2146179577832,jwst,,,truth_jwst,3577,,,no,u0024,golden/kits_truth/J18908112+6221462.jpg,golden/kits_truth_v2r/J18908112+6221462.jpg,4d698075708355e9,d0cbf55c0d78e75d,stress_D,False,True,False,,,,,,,False,color,blank,3577,20.24776,0,D,30.0,0.2875725594600118,True,design
J18928393+6223963,189.2839338876115,62.23963129432797,jwst,,,truth_jwst,3577,,,no,u0197,golden/kits_truth/J18928393+6223963.jpg,golden/kits_truth_v2r/J18928393+6223963.jpg,701c39c6b91ca748,430677a66ecc7e12,stress_D,False,True,False,,,,,,,False,color,blank,3577,20.498848,0,D,30.0,0.2866700156899827,True,design
J18942061+6225477,189.42060828251465,62.25477300509512,jwst,,,truth_jwst,1181,,,no,u0211,golden/kits_truth/J18942061+6225477.jpg,golden/kits_truth_v2r/J18942061+6225477.jpg,5c70969f467ccf19,70145c8423173227,stress_D,False,True,False,,,,,,,False,color,blank,1181,18.665125,0,D,28.0,0.2691368786786062,True,design
J19449788+4704593,194.4978832049527,47.045930219879075,jwst,,,truth_jwst,5594,,,no,u0125,golden/kits_truth/J19449788+4704593.jpg,golden/kits_truth_v2r/J19449788+4704593.jpg,59d187525289484f,ef982af1a07f3871,stress_D,False,True,False,,,,,,,False,color,cluster,5594,18.279371,0,D,45.0,0.4027008787341636,True,holdout
J20853843+7726394,208.5384316675949,77.26393813059308,jwst,,,truth_jwst,5594,,,no,u0230,golden/kits_truth/J20853843+7726394.jpg,golden/kits_truth_v2r/J20853843+7726394.jpg,463ac5cd9c5c077e,b692caed43008098,stress_D,False,True,False,,,,,,,False,color,cluster,5594,19.71816,0,D,62.0,0.5875822273248552,True,holdout
J20940271-1094685,209.4027112041638,-10.94684714554484,jwst,,,truth_jwst,1568,,,no,u0156,golden/kits_truth/J20940271-1094685.jpg,golden/kits_truth_v2r/J20940271-1094685.jpg,75476b727dedf05f,4baa318e0f61e1a5,stress_D,False,True,False,,,,,,,False,color,blank,1568,20.288372,0,D,32.0,0.3020577955125247,True,holdout
J21060768-456160,210.6076811114065,-4.561601114012574,jwst,,,truth_jwst,1059,,,no,u0163,golden/kits_truth/J21060768-456160.jpg,golden/kits_truth_v2r/J21060768-456160.jpg,cc91cbd9777edbfa,d9cafe837a44e106,stress_D,False,True,False,,,,,,,False,gray_sw_only,blank,1059,18.885906,0,D,32.0,0.2517560817266967,True,design
J2295773-1360329,22.95773202824946,-13.60328566501609,jwst,,,truth_jwst,6882,,,desi_train,u0014,golden/kits_truth/J2295773-1360329.jpg,golden/kits_truth_v2r/J2295773-1360329.jpg,67c64da961e5ccd4,a33dfb06f5927ab2,stress_D,False,True,False,,,,,,,False,color,cluster,6882,19.437563,0,D,33.0,0.3101324136299035,True,design
J22963308-8151071,229.633076938451,-81.5107084244177,jwst,,,truth_jwst,5594,,,no,u0115,golden/kits_truth/J22963308-8151071.jpg,golden/kits_truth_v2r/J22963308-8151071.jpg,2884a4c1936eac31,4e4e14cc2dfea41e,stress_D,False,True,False,,,,,,,False,color,cluster,5594,20.82299,0,D,28.0,0.269581058644705,True,design
J24497103+5551791,244.97102631050308,55.51791274556012,jwst,,,truth_jwst,5398,,,no,u0193,golden/kits_truth/J24497103+5551791.jpg,golden/kits_truth_v2r/J24497103+5551791.jpg,3bf7bffcc746d021,eb0c60fb84b7c0d7,stress_D,False,True,False,,,,,,,False,color,blank,5398,19.347914,0,D,32.0,0.2999703753857291,True,design
J2501506-591919,25.01506049690999,-5.919189410672872,jwst,,,truth_jwst,5594,,,no,u0218,golden/kits_truth/J2501506-591919.jpg,golden/kits_truth_v2r/J2501506-591919.jpg,caab351512474298,ae67eac80e4ea123,stress_D,False,True,False,,,,,,,False,color,cluster,5594,20.098686,0,D,55.0,0.4733935900955288,True,design
J26828794+6516364,268.28794198824966,65.16363526749873,jwst,,,truth_jwst,9263,,,no,u0142,golden/kits_truth/J26828794+6516364.jpg,golden/kits_truth_v2r/J26828794+6516364.jpg,22fef9fee3d8a38d,2d9db1ed35a1580d,stress_D,False,True,False,,,,,,,False,color,blank,9263,20.461233,0,D,32.0,0.2971354009421817,True,holdout
J2994382-883235,29.9438192199651,-8.832354034072008,jwst,,,truth_jwst,6882,,,no,u0058,golden/kits_truth/J2994382-883235.jpg,golden/kits_truth_v2r/J2994382-883235.jpg,1233a1e3fdab3891,04bc28d6e2eb42d9,stress_D,False,True,False,,,,,,,False,color,cluster,6882,19.414347,0,D,40.0,0.3597321139350582,True,design
J30795372-4063256,307.9537178938298,-40.63255501232588,jwst,,,truth_jwst,6882,,,no,u0056,golden/kits_truth/J30795372-4063256.jpg,golden/kits_truth_v2r/J30795372-4063256.jpg,3ee62407794c3cb4,004f38875745feb4,stress_D,False,True,False,,,,,,,False,color,cluster,6882,20.10826,0,D,30.0,0.2858313659145994,True,holdout
J30798663-4063616,307.9866267768897,-40.6361610673881,jwst,,,truth_jwst,6882,,,no,u0103,golden/kits_truth/J30798663-4063616.jpg,golden/kits_truth_v2r/J30798663-4063616.jpg,11bc05623dcd3bd6,e65080d420dd95c0,stress_D,False,True,False,,,,,,,False,color,cluster,6882,19.799837,0,D,74.0,0.675415290323455,True,design
J32235757-764217,322.3575680001046,-7.642173905501461,jwst,,,truth_jwst,6882,,,no,u0011,golden/kits_truth/J32235757-764217.jpg,golden/kits_truth_v2r/J32235757-764217.jpg,5c8346ba37cf819f,a3d59587e07e68f7,stress_D,False,True,False,,,,,,,False,color,cluster,6882,19.323948,0,D,32.0,0.2998426949146827,True,design
J34710108-218831,347.1010785230895,-2.188307485875781,jwst,,,truth_jwst,6882,,,desi_train,u0032,golden/kits_truth/J34710108-218831.jpg,golden/kits_truth_v2r/J34710108-218831.jpg,377bb489dd2b07da,0b8a3a839d7250da,stress_D,False,True,False,,,,,,,False,color,cluster,6882,19.635942,0,D,55.0,0.4719573527610697,True,design
J35128930-4120369,351.2893005149217,-41.203690600515,jwst,,,truth_jwst,6882,,,no,u0034,golden/kits_truth/J35128930-4120369.jpg,golden/kits_truth_v2r/J35128930-4120369.jpg,8c09ec18318ea937,4648879d96333a42,stress_D,False,True,False,,,,,,,False,color,cluster,6882,20.878752,0,D,32.0,0.3009951949409347,True,holdout
J3996588-153959,39.96588351242713,-1.539594343203237,jwst,,,truth_jwst,3538,,,no,u0143,golden/kits_truth/J3996588-153959.jpg,golden/kits_truth_v2r/J3996588-153959.jpg,6a79a7a3faef3916,96c44f51f68210af,stress_D,False,True,False,,,,,,,False,color,cluster,3538,20.936033,0,D,30.0,0.2829295022075239,True,holdout
J6149425-4926794,61.49424628593054,-49.26794049787178,jwst,,,truth_jwst,5594,,,no,u0208,golden/kits_truth/J6149425-4926794.jpg,golden/kits_truth_v2r/J6149425-4926794.jpg,4180a651b5c0d480,bf9796de221eb40b,stress_D,False,True,False,,,,,,,False,color,cluster,5594,18.8417,0,D,30.0,0.2850062448522623,True,holdout
J803366+1819844,8.033656632162394,18.19844141510758,jwst,,,truth_jwst,6882,,,no,u0008,golden/kits_truth/J803366+1819844.jpg,golden/kits_truth_v2r/J803366+1819844.jpg,767f1714c6d5c7ba,c4d0a265120de141,stress_D,False,True,False,,,,,,,False,color,cluster,6882,19.141472,0,D,35.0,0.3188961667278506,True,holdout
J805529+1810939,8.055288832043948,18.10938915583444,jwst,,,truth_jwst,6882,,,no,u0236,golden/kits_truth/J805529+1810939.jpg,golden/kits_truth_v2r/J805529+1810939.jpg,f1acb20f40286ced,522b9b0a9c3c767b,stress_D,False,True,False,,,,,,,False,color,cluster,6882,19.869623,0,D,62.0,0.5239788093658834,True,holdout
J8730424-6207661,87.30424042109985,-62.07660865170828,jwst,,,truth_jwst,5594,,,no,u0065,golden/kits_truth/J8730424-6207661.jpg,golden/kits_truth_v2r/J8730424-6207661.jpg,b12a61400e6dcae3,cd64cc4710804dff,stress_D,False,True,False,,,,,,,False,color,cluster,5594,20.04042,0,D,65.0,0.6090888337210453,True,holdout
J8831663-3370788,88.31662990288756,-33.70788384163224,jwst,,,truth_jwst,6882,,,no,u0161,golden/kits_truth/J8831663-3370788.jpg,golden/kits_truth_v2r/J8831663-3370788.jpg,20460575b128f0d1,c5d2b3b3fedf7da1,stress_D,False,True,False,,,,,,,False,color,cluster,6882,20.213455,0,D,72.0,0.5985746649658422,True,holdout
J9940487-4849482,99.40486657738762,-48.49481753272372,jwst,,,truth_jwst,5594,,,no,u0168,golden/kits_truth/J9940487-4849482.jpg,golden/kits_truth_v2r/J9940487-4849482.jpg,410ef45e15cb813d,f92575e8b6636bbe,stress_D,False,True,False,,,,,,,False,color,cluster,5594,17.850342,0,D,35.0,0.3196300336568849,True,design
J10194892+7024985,101.9489224443353,70.24984753642752,jwst,,,truth_jwst,1433,,,no,u0172,golden/kits_truth/J10194892+7024985.jpg,golden/kits_truth_v2r/J10194892+7024985.jpg,997ce678688eabad,b8fd6e0631a058ab,stress_U,False,True,False,,,,,,,False,color,cluster,1433,20.968092,0,U,25.0,1.24746031418502,True,holdout
J11068178-7349847,110.6817754664031,-73.49847129196436,jwst,,,truth_jwst,2736,,,no,u0057,golden/kits_truth/J11068178-7349847.jpg,golden/kits_truth_v2r/J11068178-7349847.jpg,ca73f3ec7500472c,20bc67dc7de4ccd7,stress_U,False,True,False,,,,,,,False,color,cluster,2736,20.7148,0,U,24.0,1.2444571771136084,True,design
J11454711+6555180,114.54710586496464,65.55179987276509,jwst,,,truth_jwst,1638,,,no,u0001,golden/kits_truth/J11454711+6555180.jpg,golden/kits_truth_v2r/J11454711+6555180.jpg,1da0bbf65bccd3c5,0b8aaf99ffa9a66a,stress_U,False,True,False,,,,,,,False,color,blank,1638,20.263308,0,U,25.0,1.2475585498526425,True,design
J15019832+198630,150.1983201235683,1.986301866885497,jwst,,,truth_jwst,1727,,,no,u0178,golden/kits_truth/J15019832+198630.jpg,golden/kits_truth_v2r/J15019832+198630.jpg,0cb5c70ce1df3627,8d84b38d277fbb28,stress_U,False,True,False,,,,,,,False,color,cosmos,1727,18.90686,0,U,18.0,1.1956108663307887,True,design
J18309657+2753443,183.0965732285305,27.53443183929215,jwst,,,truth_jwst,1176,,,no,u0202,golden/kits_truth/J18309657+2753443.jpg,golden/kits_truth_v2r/J18309657+2753443.jpg,63e704807e231df7,f253e291f96df0aa,stress_U,False,True,False,,,,,,,False,gray_sw_only,cluster,1176,20.81019,0,U,25.0,1.2491365391895606,True,holdout
J18534294+1156810,185.3429354095285,11.56809535937842,jwst,,,truth_jwst,7763,,,no,u0089,golden/kits_truth/J18534294+1156810.jpg,golden/kits_truth_v2r/J18534294+1156810.jpg,723aa0c5e9e70e36,9765c0cf83bb936f,stress_U,False,True,False,,,,,,,False,color,blank,7763,18.695047,0,U,25.0,1.2462914172556658,True,holdout
J18716454+1177116,187.164542558494,11.77116313288197,jwst,,,truth_jwst,7763,,,no,u0184,golden/kits_truth/J18716454+1177116.jpg,golden/kits_truth_v2r/J18716454+1177116.jpg,477343b4c7868938,fb57f338e6a4485f,stress_U,False,True,False,,,,,,,False,color,blank,7763,20.957617,0,U,15.0,1.167432963034111,True,design
J18918368+6235757,189.18367679972633,62.35756629370671,jwst,,,truth_jwst,5398,,,no,u0017,golden/kits_truth/J18918368+6235757.jpg,golden/kits_truth_v2r/J18918368+6235757.jpg,9fd9dc9f0f0db45b,24cba17251f48719,stress_U,False,True,False,,,,,,,False,gray_sw_only,blank,5398,19.904165,0,U,15.0,1.176108793472762,True,holdout
J18929636+6214276,189.29635789932416,62.14275727829433,jwst,,,truth_jwst,1181,,,no,u0212,golden/kits_truth/J18929636+6214276.jpg,golden/kits_truth_v2r/J18929636+6214276.jpg,bc9e10653650d395,f090a2d61108461d,stress_U,False,True,False,,,,,,,False,color,blank,1181,20.887184,0,U,25.0,1.2481641150504326,True,design
J19047436+1159098,190.4743551764359,11.59098011929122,jwst,,,truth_jwst,3055,,,no,u0043,golden/kits_truth/J19047436+1159098.jpg,golden/kits_truth_v2r/J19047436+1159098.jpg,b5c6c7a2b913ca8f,1aeeb0d824905743,stress_U,False,True,False,,,,,,,False,color,blank,3055,20.443464,0,U,25.0,1.246086604650044,True,design
J20381042+4099544,203.8104227389562,40.99543980871396,jwst,,,truth_jwst,5594,,,no,u0222,golden/kits_truth/J20381042+4099544.jpg,golden/kits_truth_v2r/J20381042+4099544.jpg,0864fef60d27faa9,1ce296b3efe59af3,stress_U,False,True,False,,,,,,,False,color,cluster,5594,19.576195,0,U,25.0,1.2469208886993397,True,design
J21000126+1448989,210.0012638455192,14.48988513918662,jwst,,,truth_jwst,3849,,,no,u0012,golden/kits_truth/J21000126+1448989.jpg,golden/kits_truth_v2r/J21000126+1448989.jpg,bf7938a22f5f8de5,6de86472f21bcbb2,stress_U,False,True,False,,,,,,,False,gray_lw_only,blank,3849,19.92432,0,U,25.0,1.2456574217769298,True,holdout
J2238085-7354339,22.38084741342686,-73.54338976005498,jwst,,,truth_jwst,2662,,,no,u0052,golden/kits_truth/J2238085-7354339.jpg,golden/kits_truth_v2r/J2238085-7354339.jpg,afaa6655d13bd081,920b99e47b0480fb,stress_U,False,True,False,,,,,,,False,color,blank,2662,18.768734,0,U,15.0,1.1310174026725768,True,holdout
J2434723-845791,24.34723493541038,-8.457906156867514,jwst,,,truth_jwst,2282,,,no,u0130,golden/kits_truth/J2434723-845791.jpg,golden/kits_truth_v2r/J2434723-845791.jpg,1ff2fd8255df4da1,fa7c63b7d9dec300,stress_U,False,True,False,,,,,,,False,color,blank,2282,20.326002,0,U,22.0,1.224991231285338,True,design
J24396818-613860,243.9681769087254,-6.138601579186701,jwst,,,truth_jwst,5594,,,no,u0250,golden/kits_truth/J24396818-613860.jpg,golden/kits_truth_v2r/J24396818-613860.jpg,4ff3957f709e1e44,f8c1b219ae5a4d7b,stress_U,False,True,False,,,,,,,False,color,cluster,5594,20.005445,0,U,25.0,1.2492596093160897,True,holdout
J26292001+2286748,262.9200092249444,22.8674832374424,jwst,,,truth_jwst,5594,,,desi_train,u0167,golden/kits_truth/J26292001+2286748.jpg,golden/kits_truth_v2r/J26292001+2286748.jpg,384d61671f4f9fd7,bf36bd8a2328ec47,stress_U,False,True,False,,,,,,,False,color,cluster,5594,20.44423,0,U,25.0,1.242558063646097,True,holdout
J26842354+6529667,268.42353559767207,65.2966660044857,jwst,,,truth_jwst,9263,,,no,u0126,golden/kits_truth/J26842354+6529667.jpg,golden/kits_truth_v2r/J26842354+6529667.jpg,899bf2a1746519a0,ee47028fed891531,stress_U,False,True,False,,,,,,,False,color,blank,9263,18.601414,0,U,20.0,1.2129208699517673,True,design
J31173025-1285736,311.7302543305905,-12.85736402071604,jwst,,,truth_jwst,4783,,,no,u0182,golden/kits_truth/J31173025-1285736.jpg,golden/kits_truth_v2r/J31173025-1285736.jpg,7cc701885814bf4e,8f9caf37ea7f3b75,stress_U,False,True,False,,,,,,,False,color,blank,4783,20.28086,0,U,25.0,1.2484274416253305,True,design
J34161184-5841254,341.6118447100117,-58.4125361583837,jwst,,,truth_jwst,4748,,,no,u0199,golden/kits_truth/J34161184-5841254.jpg,golden/kits_truth_v2r/J34161184-5841254.jpg,d308b0b0cea60eca,ac8d232e5e66df3d,stress_U,False,True,False,,,,,,,False,color,blank,4748,20.58728,0,U,24.0,1.2418543596177285,True,holdout
J357894-3039410,3.57893652867098,-30.39409765585977,jwst,,,truth_jwst,2561,,,no,u0110,golden/kits_truth/J357894-3039410.jpg,golden/kits_truth_v2r/J357894-3039410.jpg,f11969e09af3d9e5,f22020472f503689,stress_U,False,True,False,,,,,,,False,color,cluster,2561,20.69765,0,U,25.0,1.2490686402759112,True,holdout
J3806901-4434926,38.06901192946397,-44.34926440168172,jwst,,,truth_jwst,6882,,,no,u0241,golden/kits_truth/J3806901-4434926.jpg,golden/kits_truth_v2r/J3806901-4434926.jpg,1768b7999b3260a6,bf09f9a0bd5277a6,stress_U,False,True,False,,,,,,,False,color,cluster,6882,18.788015,0,U,25.0,1.24492349176512,True,design
J3807769-4433463,38.07769031203738,-44.33463389813596,jwst,,,truth_jwst,6882,,,no,u0094,golden/kits_truth/J3807769-4433463.jpg,golden/kits_truth_v2r/J3807769-4433463.jpg,4a00a3ebf60fdcec,fd24f6ae39c706bb,stress_U,False,True,False,,,,,,,False,color,cluster,6882,19.95358,0,U,20.0,1.1695456397099464,True,holdout
J462970+1644463,4.629695684642538,16.44463485648482,jwst,,,truth_jwst,6882,,,no,u0225,golden/kits_truth/J462970+1644463.jpg,golden/kits_truth_v2r/J462970+1644463.jpg,5ec6d2fc93ba4bed,05c2e89279c4bf17,stress_U,False,True,False,,,,,,,False,color,cluster,6882,20.206373,0,U,25.0,1.2490408364237708,True,holdout
J6403185-2403539,64.0318455894184,-24.03538639049788,jwst,,,truth_jwst,3538,,,desi_train,u0025,golden/kits_truth/J6403185-2403539.jpg,golden/kits_truth_v2r/J6403185-2403539.jpg,69ff0e90943a9195,36fee88e518211aa,stress_U,False,True,False,,,,,,,False,color,cluster,3538,20.57965,0,U,22.0,1.1872765164694616,True,design
J6507435-5508786,65.07434849504668,-55.08786002627005,jwst,,,truth_jwst,5398,,,no,u0201,golden/kits_truth/J6507435-5508786.jpg,golden/kits_truth_v2r/J6507435-5508786.jpg,51616faec8744d59,00da398f4c15f9c2,stress_U,False,True,False,,,,,,,False,gray_lw_only,blank,5398,20.932924,0,U,25.0,1.24828425950535,True,holdout
J7298151+010446,72.98151334654189,0.1044618325698951,jwst,,,truth_jwst,6882,,,no,u0238,golden/kits_truth/J7298151+010446.jpg,golden/kits_truth_v2r/J7298151+010446.jpg,d1be1039621861e8,6c95c607b702da63,stress_U,False,True,False,,,,,,,False,color,cluster,6882,20.676947,0,U,25.0,1.2444118865173406,True,design
J805311+1812371,8.05311102745686,18.12371276909681,jwst,,,truth_jwst,6882,,,no,u0166,golden/kits_truth/J805311+1812371.jpg,golden/kits_truth_v2r/J805311+1812371.jpg,e4cd179d47465e6f,03cdd1a0498d0dc0,stress_U,False,True,False,,,,,,,False,color,cluster,6882,18.60969,0,U,18.0,1.1966545636116892,True,holdout
J8731758-6207720,87.31757933143248,-62.07719705807513,jwst,,,truth_jwst,5594,,,no,u0186,golden/kits_truth/J8731758-6207720.jpg,golden/kits_truth_v2r/J8731758-6207720.jpg,f2427af64a16e81f,a772977ebb7cf86c,stress_U,False,True,False,,,,,,,False,color,cluster,5594,20.951468,0,U,22.0,1.2291664337622197,True,design
J8831331-3369558,88.31330602376333,-33.6955816570575,jwst,,,truth_jwst,6882,,,no,u0191,golden/kits_truth/J8831331-3369558.jpg,golden/kits_truth_v2r/J8831331-3369558.jpg,06c0848ee724db42,1a8ac4119bc321d1,stress_U,False,True,False,,,,,,,False,color,cluster,6882,19.979467,0,U,15.0,1.1730572031599258,True,holdout
J18920594+6222970,189.20593702816063,62.229700519985435,jwst,,,truth_jwst,6434,,,no,,golden/kits_truth/J18920594+6222970.jpg,golden/kits_truth_v2r/J18920594+6222970.jpg,a73dac1dcf46c802,1007050d4767c63c,anomalymatch,False,True,False,,,,AnomalyMatch Class B JADES-GN_27128,anomalymatch,0.043,False,color,blank,6434,18.476881,0,,,,False,holdout
J3427601-522161,34.27600899154188,-5.221613071507042,jwst,,,truth_jwst,1837,,,no,,golden/kits_truth/J3427601-522161.jpg,golden/kits_truth_v2r/J3427601-522161.jpg,0fadf68975f3b717,38096a4efc0d9afa,anomalymatch,False,True,False,,,,AnomalyMatch Class A PRIMER-UDS_50243,anomalymatch,0.146,False,color,blank,1837,20.891336,0,D,45.0,0.3981736738179819,False,design
J353215-3036038,3.532152721692813,-30.36038396973,jwst,,,truth_jwst,2561,,,no,,golden/kits_truth/J353215-3036038.jpg,golden/kits_truth_v2r/J353215-3036038.jpg,a3db5ce0102ff460,3392da3eb34afa55,anomalymatch,False,True,False,,,,AnomalyMatch Class C ABELL2744_23664,anomalymatch,0.02,False,color,cluster,2561,20.054522,0,U,22.0,1.1888666315854708,False,holdout
J355421-3037629,3.55420516498327,-30.37629008652239,jwst,,,truth_jwst,2561,,,desi_train,,golden/kits_truth/J355421-3037629.jpg,golden/kits_truth_v2r/J355421-3037629.jpg,d2d8503ca1652102,fe2b9592f96bd62f,anomalymatch,False,True,False,,,,AnomalyMatch Class A ABELL2744_15500,anomalymatch,0.028,False,color,cluster,2561,17.275763,0,,,,False,holdout
J357816-3035939,3.578157357426687,-30.3593899147922,jwst,,,truth_jwst,2561,,,desi_train,,golden/kits_truth/J357816-3035939.jpg,golden/kits_truth_v2r/J357816-3035939.jpg,8abe9894320ec3ca,54871cc3b3fe812f,anomalymatch,False,True,False,,,,AnomalyMatch Class A ABELL2744_21147,anomalymatch,0.439,False,color,cluster,2561,20.56789,0,,,,False,design
J358306-3043352,3.583063411438905,-30.43351712868454,jwst,,,truth_jwst,2561,,,desi_train,,golden/kits_truth/J358306-3043352.jpg,golden/kits_truth_v2r/J358306-3043352.jpg,71db52a05eef7319,8c0d2ab0c1bfcd47,anomalymatch,False,True,False,,,,AnomalyMatch Class C ABELL2744_1148,anomalymatch,0.048,False,color,cluster,2561,18.895144,0,D,32.0,0.3010994675201344,False,holdout
J359549-3038866,3.595493056904562,-30.38866340439031,jwst,,,truth_jwst,2561,,,no,,golden/kits_truth/J359549-3038866.jpg,golden/kits_truth_v2r/J359549-3038866.jpg,bb72ab5f835a3a33,408851322a492829,anomalymatch,False,True,False,,,,AnomalyMatch Class C ABELL2744_13465,anomalymatch,0.024,False,color,cluster,2561,20.87743,0,,,,False,holdout
J359603-3035263,3.596030014853084,-30.3526335556061,jwst,,,truth_jwst,2561,,,no,,golden/kits_truth/J359603-3035263.jpg,golden/kits_truth_v2r/J359603-3035263.jpg,00fa037f699959f3,ae00c34ca58228ba,anomalymatch,False,True,False,,,,AnomalyMatch Class A ABELL2744_25433,anomalymatch,0.041,False,color,cluster,2561,19.144411,0,D,45.0,0.3974803244481212,False,design
J360954-3038210,3.609541150892564,-30.38210173031909,jwst,,,truth_jwst,2561,,,desi_train,,golden/kits_truth/J360954-3038210.jpg,golden/kits_truth_v2r/J360954-3038210.jpg,78a6c8eef5db0bc9,5420bfb2ae5b7825,anomalymatch,False,True,False,,,,AnomalyMatch Class A ABELL2744_13454,anomalymatch,0.015,False,color,cluster,2561,19.19409,0,,,,False,design
J362431-3036952,3.624313817905428,-30.36952461160176,jwst,,,truth_jwst,2561,,,no,,golden/kits_truth/J362431-3036952.jpg,golden/kits_truth_v2r/J362431-3036952.jpg,707b87d0e8d2d21d,4ee3c8cff2a38d50,anomalymatch,False,True,False,,,,AnomalyMatch Class C,anomalymatch,0.023,False,color,cluster,2561,18.877844,0,U,18.0,1.195431460946908,False,design
J18030075+2309921,180.3007486909241,23.09920988540223,jwst,,,truth_jwst,5594,,,no,u0042,golden/kits_truth/J18030075+2309921.jpg,golden/kits_truth_v2r/J18030075+2309921.jpg,fa02bb4d7b51a21d,b7c575f0010d195c,anchor,False,False,True,,,,,,,False,gray_sw_only,cluster,5594,18.213825,2,B,55.0,3.475757431932885,True,design
J18030108+2309932,180.3010806020534,23.09932237991127,jwst,,,truth_jwst,5594,,,no,,golden/kits_truth/J18030108+2309932.jpg,golden/kits_truth_v2r/J18030108+2309932.jpg,dd3c70bebe95226c,4b183d53ac96bb35,anchor,False,False,True,,,,,,,False,gray_sw_only,cluster,5594,18.047043,2,C,45.0,2.4018947334532403,False,design
J18805344+1121596,188.0534358564643,11.21595707352713,jwst,,,truth_jwst,7763,,,no,u0216,golden/kits_truth/J18805344+1121596.jpg,golden/kits_truth_v2r/J18805344+1121596.jpg,ea4f4e4c73eec900,4c6bbce6e5ba3103,anchor,False,False,True,,,,,,,False,color,blank,7763,20.13311,2,C,50.0,2.436722364183409,True,design
J20954380-1094330,209.5437973779677,-10.94329978087721,jwst,,,truth_jwst,1568,,,no,u0192,golden/kits_truth/J20954380-1094330.jpg,golden/kits_truth_v2r/J20954380-1094330.jpg,7d18945a23204458,139ae27c3817a3dc,anchor,False,False,True,,,,,,,False,color,blank,1568,18.854963,2,C,45.0,2.3933084867105405,True,design
