campaign,name,ra_deg,dec_deg,outcome,detail,candidate_provenance,source_ref
euclid_q1_modeling,102159189_2663231466659368059,266.32314660184653,65.93680598259884,confirmed_lens,"SLDE-B automated modelling (PyAutoLens SIE+shear) succeeded and experts confirmed lens based on the model (Model=Y/Y); theta_E=1.23 arcsec; confirmation is modelling+expert-inspection based, not spectroscopic; SLDE-B name EUCL J174517.55+655612.5 (matched Q1 catalog at 0.05 arcsec); also in Q1 release successful-model set: theta_E_eff=1.24 arcsec (median PDF)","Q1 catalog grade=A, expert_score=3.010 (15 votes); SLDE-B category A (VI score 2.9)",arXiv:2503.15325 Table 1 (cat A); Zenodo 10.5281/zenodo.15025832 modeling_lens_mass.csv
euclid_q1_modeling,102159773_2677079122669151496,267.70791227786816,66.91514966802278,confirmed_lens,SLDE-B automated modelling (PyAutoLens SIE+shear) succeeded and experts confirmed lens based on the model (Model=Y/Y); theta_E=1.39 arcsec; confirmation is modelling+expert-inspection based; Palomar spectroscopy: z_source=1.956 (quality A); SLDE-B name EUCL J175049.89+665454.5 (matched Q1 catalog at 0.02 arcsec); also in Q1 release successful-model set: theta_E_eff=1.39 arcsec (median PDF),"Q1 catalog grade=A, expert_score=3.011 (19 votes); SLDE-B category A (VI score 2.9)",arXiv:2503.15325 Table 1 (cat A); Zenodo 10.5281/zenodo.15025832 modeling_lens_mass.csv
euclid_q1_modeling,102158275_2709777393645726835,270.977739341077,64.57268354179256,confirmed_lens,"SLDE-B automated modelling (PyAutoLens SIE+shear) succeeded and experts confirmed lens based on the model (Model=Y/Y); theta_E=1.06 arcsec; confirmation is modelling+expert-inspection based; Palomar spectroscopy: z_lens=0.518, z_source=1.897 (quality A/A); SLDE-B name EUCL J180354.65+643421.6 (matched Q1 catalog at 0.06 arcsec); also in Q1 release successful-model set: theta_E_eff=1.07 arcsec (median PDF)","Q1 catalog grade=A, expert_score=3.017 (19 votes); SLDE-B category A (VI score 2.75)",arXiv:2503.15325 Table 1 (cat A); Zenodo 10.5281/zenodo.15025832 modeling_lens_mass.csv
euclid_q1_modeling,102157955_2689800257639551890,268.9800257836048,63.955189029991246,confirmed_lens,SLDE-B automated modelling (PyAutoLens SIE+shear) succeeded and experts confirmed lens based on the model (Model=Y/Y); theta_E=0.53 arcsec; confirmation is modelling+expert-inspection based; Palomar spectroscopy: z_source=2.011 (quality A; Lyman-break galaxy); SLDE-B name EUCL J175555.21+635718.7 (matched Q1 catalog at 0.05 arcsec); also in Q1 release successful-model set: theta_E_eff=0.52 arcsec (median PDF),"Q1 catalog grade=A, expert_score=2.258 (10 votes); SLDE-B category A (VI score 2.6)",arXiv:2503.15325 Table 1 (cat A); Zenodo 10.5281/zenodo.15025832 modeling_lens_mass.csv
euclid_q1_modeling,102158894_2730612507653143373,273.06125079548667,65.31433733285209,confirmed_lens,"SLDE-B automated modelling (PyAutoLens SIE+shear) succeeded and experts confirmed lens based on the model (Model=Y/Y); theta_E=1.73 arcsec; confirmation is modelling+expert-inspection based, not spectroscopic; SLDE-B name EUCL J181214.74+651851.5 (matched Q1 catalog at 0.26 arcsec); also in Q1 release successful-model set: theta_E_eff=1.65 arcsec (median PDF)","Q1 catalog grade=A, expert_score=2.832 (10 votes); SLDE-B category A (VI score 2.55)",arXiv:2503.15325 Table 1 (cat A); Zenodo 10.5281/zenodo.15025832 modeling_lens_mass.csv
euclid_q1_modeling,EUCL J175131.72+665425.2,267.882204,66.907018,confirmed_lens,"SLDE-B automated modelling (PyAutoLens SIE+shear) succeeded and experts confirmed lens based on the model (Model=Y/Y); theta_E=1.2 arcsec; confirmation is modelling+expert-inspection based, not spectroscopic",not in Q1 discovery-engine catalog; SLDE-B category A (VI score 2.55),arXiv:2503.15325 Table 1 (cat A)
euclid_q1_modeling,102158888_2667434443654461269,266.7434443925532,65.44612692321355,inconclusive,"SLDE-B automated modelling FAILED (Model=N/-); paper: modeller failure is not evidence of non-lens (can fail on true lenses due to group-scale halos or foreground contamination); Palomar spectroscopy: z_lens=0.812, z_source=2.316 (quality B/B); SLDE-B name EUCL J174658.82+652642.8 (matched Q1 catalog at 4.07 arcsec); Q1 release archive membership: unsuccess.zip","Q1 catalog grade=A, expert_score=3.061 (13 votes); SLDE-B category A (VI score 2.5)",arXiv:2503.15325 Table 1 (cat A); Zenodo 10.5281/zenodo.15025832
euclid_q1_modeling,102158583_2672803654649962203,267.280365471512,64.99622031604929,confirmed_lens,"SLDE-B automated modelling (PyAutoLens SIE+shear) succeeded and experts confirmed lens based on the model (Model=Y/Y); theta_E=0.91 arcsec; confirmation is modelling+expert-inspection based; Palomar spectroscopy: z_lens=0.481, z_source=1.839 (quality A/A; compound lens); SLDE-B name EUCL J174907.29+645946.3 (matched Q1 catalog at 0.03 arcsec); Q1 release archive membership: unsuccess.zip","Q1 catalog grade=B, expert_score=1.987 (10 votes); SLDE-B category A (VI score 2.4)",arXiv:2503.15325 Table 1 (cat A); Zenodo 10.5281/zenodo.15025832
euclid_q1_modeling,EUCL J175619.59+660944.9,269.081656,66.162488,confirmed_lens,"SLDE-B automated modelling (PyAutoLens SIE+shear) succeeded and experts confirmed lens based on the model (Model=Y/Y); theta_E=1.28 arcsec; confirmation is modelling+expert-inspection based, not spectroscopic",not in Q1 discovery-engine catalog; SLDE-B category A (VI score 2.35),arXiv:2503.15325 Table 1 (cat A)
euclid_q1_modeling,102159192_2695197869661844158,269.5197869860399,66.18441585056613,confirmed_lens,"SLDE-B automated modelling (PyAutoLens SIE+shear) succeeded and experts confirmed lens based on the model (Model=Y/Y); theta_E=0.99 arcsec; confirmation is modelling+expert-inspection based, not spectroscopic; SLDE-B name EUCL J175804.74+661103.9 (matched Q1 catalog at 0.05 arcsec); also in Q1 release successful-model set: theta_E_eff=1.02 arcsec (median PDF)","Q1 catalog grade=A, expert_score=2.023 (10 votes); SLDE-B category A (VI score 2.3)",arXiv:2503.15325 Table 1 (cat A); Zenodo 10.5281/zenodo.15025832 modeling_lens_mass.csv
euclid_q1_modeling,102158889_2677624236654538082,267.762423658248,65.45380829154423,confirmed_lens,"SLDE-B automated modelling (PyAutoLens SIE+shear) succeeded and experts confirmed lens based on the model (Model=Y/Y); theta_E=1.45 arcsec; confirmation is modelling+expert-inspection based, not spectroscopic; SLDE-B name EUCL J175102.98+652713.6 (matched Q1 catalog at 0.09 arcsec); also in Q1 release successful-model set: theta_E_eff=1.41 arcsec (median PDF)","Q1 catalog grade=A, expert_score=2.988 (17 votes); SLDE-B category A (VI score 1.9)",arXiv:2503.15325 Table 1 (cat A); Zenodo 10.5281/zenodo.15025832 modeling_lens_mass.csv
euclid_q1_modeling,102159776_2711220936669189145,271.12209364755324,66.91891459077462,inconclusive,SLDE-B automated modelling FAILED (Model=N/-); paper: modeller failure is not evidence of non-lens (can fail on true lenses due to group-scale halos or foreground contamination); SLDE-B name EUCL J180429.32+665508.1 (matched Q1 catalog at 0.14 arcsec); Q1 release archive membership: group.zip,"Q1 catalog grade=B, expert_score=1.701 (10 votes); SLDE-B category A (VI score 1.9)",arXiv:2503.15325 Table 1 (cat A); Zenodo 10.5281/zenodo.15025832
euclid_q1_modeling,EUCL J175255.67+672542.9,268.231987,67.428601,confirmed_lens,"SLDE-B automated modelling (PyAutoLens SIE+shear) succeeded and experts confirmed lens based on the model (Model=Y/Y); theta_E=1.47 arcsec; confirmation is modelling+expert-inspection based, not spectroscopic",not in Q1 discovery-engine catalog; SLDE-B category A (VI score 1.85),arXiv:2503.15325 Table 1 (cat A)
euclid_q1_modeling,EUCL J175358.41+670342.2,268.493385,67.061738,confirmed_lens,"SLDE-B automated modelling (PyAutoLens SIE+shear) succeeded and experts confirmed lens based on the model (Model=Y/Y); theta_E=1.7 arcsec; confirmation is modelling+expert-inspection based, not spectroscopic",not in Q1 discovery-engine catalog; SLDE-B category A (VI score 1.8),arXiv:2503.15325 Table 1 (cat A)
euclid_q1_modeling,102159487_2702648437664620342,270.264843798001,66.46203422228521,confirmed_lens,"SLDE-B automated modelling (PyAutoLens SIE+shear) succeeded and experts confirmed lens based on the model (Model=Y/Y); theta_E=1.8 arcsec; confirmation is modelling+expert-inspection based, not spectroscopic; SLDE-B name EUCL J180103.57+662743.2 (matched Q1 catalog at 0.07 arcsec); also in Q1 release successful-model set: theta_E_eff=1.73 arcsec (median PDF)","Q1 catalog grade=A, expert_score=2.383 (10 votes); SLDE-B category A (VI score 1.8)",arXiv:2503.15325 Table 1 (cat A); Zenodo 10.5281/zenodo.15025832 modeling_lens_mass.csv
euclid_q1_modeling,102159484_2665581065664778853,266.55810653587696,66.47788537074143,inconclusive,SLDE-B automated modelling FAILED (Model=N/-); paper: modeller failure is not evidence of non-lens (can fail on true lenses due to group-scale halos or foreground contamination); DESI archival spectrum: source emission line OII at z=1.303; SLDE-B name EUCL J174613.92+662840.2 (matched Q1 catalog at 0.18 arcsec); Q1 release archive membership: unsuccess.zip,"Q1 catalog grade=B, expert_score=1.779 (9 votes); SLDE-B category A (VI score 1.65)",arXiv:2503.15325 Table 1 (cat A); Zenodo 10.5281/zenodo.15025832
euclid_q1_modeling,102158586_2708339084650317253,270.8339084172371,65.03172533859782,confirmed_lens,"SLDE-B automated modelling (PyAutoLens SIE+shear) succeeded and experts confirmed lens based on the model (Model=Y/Y); theta_E=0.47 arcsec; confirmation is modelling+expert-inspection based, not spectroscopic; SLDE-B name EUCL J180320.15+650154.2 (matched Q1 catalog at 0.08 arcsec)","Q1 catalog grade=C, expert_score=1.189 (10 votes); SLDE-B category A (VI score 1.65)",arXiv:2503.15325 Table 1 (cat A)
euclid_q1_modeling,EUCL J175735.27+662105.8,269.396979,66.35162,confirmed_lens,"SLDE-B automated modelling (PyAutoLens SIE+shear) succeeded and experts confirmed lens based on the model (Model=Y/Y); theta_E=0.64 arcsec; confirmation is modelling+expert-inspection based, not spectroscopic",not in Q1 discovery-engine catalog; SLDE-B category A (VI score 1.55),arXiv:2503.15325 Table 1 (cat A)
euclid_q1_modeling,102158891_2698899135652599785,269.8899135840037,65.2599785081468,confirmed_lens,"SLDE-B automated modelling (PyAutoLens SIE+shear) succeeded and experts confirmed lens based on the model (Model=Y/Y); theta_E=1.18 arcsec; confirmation is modelling+expert-inspection based, not spectroscopic; SLDE-B name EUCL J175933.58+651535.8 (matched Q1 catalog at 0.05 arcsec); Q1 release archive membership: unsuccess.zip","Q1 catalog grade=A, expert_score=2.032 (9 votes); SLDE-B category A (VI score 1.5)",arXiv:2503.15325 Table 1 (cat A); Zenodo 10.5281/zenodo.15025832
euclid_q1_modeling,EUCL J180321.25+642828.2,270.83856,64.474516,confirmed_lens,"SLDE-B automated modelling (PyAutoLens SIE+shear) succeeded and experts confirmed lens based on the model (Model=Y/Y); theta_E=0.77 arcsec; confirmation is modelling+expert-inspection based, not spectroscopic",not in Q1 discovery-engine catalog; SLDE-B category A (VI score 1.45),arXiv:2503.15325 Table 1 (cat A)
euclid_q1_modeling,102159189_2670264740661969458,267.02647405860614,66.19694583301239,confirmed_lens,"SLDE-B automated modelling (PyAutoLens SIE+shear) succeeded and experts confirmed lens based on the model (Model=Y/Y); theta_E=0.31 arcsec; confirmation is modelling+expert-inspection based, not spectroscopic; SLDE-B name EUCL J174806.36+661149.0 (matched Q1 catalog at 0.06 arcsec)","Q1 catalog grade=C, expert_score=1.159 (10 votes); SLDE-B category A (VI score 1.4)",arXiv:2503.15325 Table 1 (cat A)
euclid_q1_modeling,EUCL J175032.01+633251.1,267.633377,63.547552,confirmed_lens,"SLDE-B automated modelling (PyAutoLens SIE+shear) succeeded and experts confirmed lens based on the model (Model=Y/Y); theta_E=1.49 arcsec; confirmation is modelling+expert-inspection based, not spectroscopic",not in Q1 discovery-engine catalog; SLDE-B category A (VI score 1.4),arXiv:2503.15325 Table 1 (cat A)
euclid_q1_modeling,102159189_2669674055661286334,266.9674055993545,66.12863341360313,confirmed_lens,"SLDE-B automated modelling (PyAutoLens SIE+shear) succeeded and experts confirmed lens based on the model (Model=Y/Y); theta_E=1.3 arcsec; confirmation is modelling+expert-inspection based, not spectroscopic; SLDE-B name EUCL J174752.17+660743.0 (matched Q1 catalog at 0.02 arcsec); also in Q1 release successful-model set: theta_E_eff=1.24 arcsec (median PDF)","Q1 catalog grade=A, expert_score=2.244 (10 votes); SLDE-B category A (VI score 1.3)",arXiv:2503.15325 Table 1 (cat A); Zenodo 10.5281/zenodo.15025832 modeling_lens_mass.csv
euclid_q1_modeling,outside_teymoor_saifollahi_2,273.645,65.702,inconclusive,SLDE-B automated modelling FAILED (Model=N/-); paper: modeller failure is not evidence of non-lens (can fail on true lenses due to group-scale halos or foreground contamination); SLDE-B name EUCL J181434.70+654207.1 (matched Q1 catalog at 0.61 arcsec),"Q1 catalog grade=A, expert_score=2.010 (10 votes), subset=q1_serendiptous; SLDE-B category A (VI score 1.25)",arXiv:2503.15325 Table 1 (cat A)
euclid_q1_modeling,EUCL J180723.52+650732.4,271.848021,65.125671,confirmed_lens,"SLDE-B automated modelling (PyAutoLens SIE+shear) succeeded and experts confirmed lens based on the model (Model=Y/Y); theta_E=1.08 arcsec; confirmation is modelling+expert-inspection based, not spectroscopic",not in Q1 discovery-engine catalog; SLDE-B category A (VI score 1.2),arXiv:2503.15325 Table 1 (cat A)
euclid_q1_modeling,102159189_2664883423659424440,266.48834238126096,65.94244402775118,inconclusive,SLDE-B automated modelling FAILED (Model=N/-); paper: modeller failure is not evidence of non-lens (can fail on true lenses due to group-scale halos or foreground contamination); SLDE-B name EUCL J174557.20+655632.7 (matched Q1 catalog at 0.05 arcsec),"Q1 catalog grade=C, expert_score=1.232 (17 votes); SLDE-B category B (VI score 1.15)",arXiv:2503.15325 Table 2 (cat B)
euclid_q1_modeling,EUCL J175605.62+635749.9,269.023418,63.963877,inconclusive,SLDE-B automated modelling FAILED (Model=N/-); paper: modeller failure is not evidence of non-lens (can fail on true lenses due to group-scale halos or foreground contamination),not in Q1 discovery-engine catalog; SLDE-B category B (VI score 1.1),arXiv:2503.15325 Table 2 (cat B)
euclid_q1_modeling,102157954_2679576312639125362,267.95763121804384,63.9125362457922,inconclusive,SLDE-B automated modelling FAILED (Model=N/-); paper: modeller failure is not evidence of non-lens (can fail on true lenses due to group-scale halos or foreground contamination); SLDE-B name EUCL J175149.82+635445.1 (matched Q1 catalog at 0.03 arcsec); Q1 release archive membership: unsuccess.zip,"Q1 catalog grade=A, expert_score=2.108 (10 votes); SLDE-B category B (VI score 1.05)",arXiv:2503.15325 Table 2 (cat B); Zenodo 10.5281/zenodo.15025832
euclid_q1_modeling,102159488_2715904729665064695,271.5904729815268,66.5064695088448,confirmed_lens,"SLDE-B automated modelling (PyAutoLens SIE+shear) succeeded and experts confirmed lens based on the model (Model=Y/Y); theta_E=1.43 arcsec; confirmation is modelling+expert-inspection based, not spectroscopic; SLDE-B name EUCL J180621.71+663023.3 (matched Q1 catalog at 0.06 arcsec); also in Q1 release successful-model set: theta_E_eff=1.39 arcsec (median PDF)","Q1 catalog grade=A, expert_score=2.055 (10 votes); SLDE-B category B (VI score 1)",arXiv:2503.15325 Table 2 (cat B); Zenodo 10.5281/zenodo.15025832 modeling_lens_mass.csv
euclid_q1_modeling,102159486_2691401316663846892,269.14013160547006,66.38468926649463,confirmed_lens,"SLDE-B automated modelling (PyAutoLens SIE+shear) succeeded and experts confirmed lens based on the model (Model=Y/Y); theta_E=0.99 arcsec; confirmation is modelling+expert-inspection based, not spectroscopic; SLDE-B name EUCL J175633.58+662304.9 (matched Q1 catalog at 0.27 arcsec)","Q1 catalog grade=C, expert_score=1.050 (11 votes); SLDE-B category B (VI score 1)",arXiv:2503.15325 Table 2 (cat B)
euclid_q1_modeling,EUCL J174704.75+655341.9,266.769824,65.894996,confirmed_lens,"SLDE-B automated modelling (PyAutoLens SIE+shear) succeeded and experts confirmed lens based on the model (Model=Y/Y); theta_E=0.54 arcsec; confirmation is modelling+expert-inspection based, not spectroscopic",not in Q1 discovery-engine catalog; SLDE-B category B (VI score 1),arXiv:2503.15325 Table 2 (cat B)
euclid_q1_modeling,EUCL J175943.34+642612.6,269.930605,64.436846,confirmed_lens,"SLDE-B automated modelling (PyAutoLens SIE+shear) succeeded and experts confirmed lens based on the model (Model=Y/Y); theta_E=0.75 arcsec; confirmation is modelling+expert-inspection based, not spectroscopic",not in Q1 discovery-engine catalog; SLDE-B category B (VI score 0.95),arXiv:2503.15325 Table 2 (cat B)
euclid_q1_modeling,EUCL J180843.14+660735.6,272.179785,66.126567,non_lens,SLDE-B automated modelling succeeded but experts determined the system is NOT a strong lens based on the model (Model=Y/N); one of 6 grade-B systems ruled out by modelling,not in Q1 discovery-engine catalog; SLDE-B category B (VI score 0.95),arXiv:2503.15325 Table 2 (cat B)
euclid_q1_modeling,EUCL J180216.86+652534.4,270.570265,65.426239,inconclusive,SLDE-B automated modelling FAILED (Model=N/-); paper: modeller failure is not evidence of non-lens (can fail on true lenses due to group-scale halos or foreground contamination),not in Q1 discovery-engine catalog; SLDE-B category B (VI score 0.95),arXiv:2503.15325 Table 2 (cat B)
euclid_q1_modeling,EUCL J180313.84+652307.4,270.807705,65.385405,confirmed_lens,"SLDE-B automated modelling (PyAutoLens SIE+shear) succeeded and experts confirmed lens based on the model (Model=Y/Y); theta_E=0.73 arcsec; confirmation is modelling+expert-inspection based, not spectroscopic",not in Q1 discovery-engine catalog; SLDE-B category B (VI score 0.95),arXiv:2503.15325 Table 2 (cat B)
euclid_q1_modeling,102159488_2711554470664543031,271.15544702340566,66.45430312562245,non_lens,SLDE-B automated modelling succeeded but experts determined the system is NOT a strong lens based on the model (Model=Y/N); one of 6 grade-B systems ruled out by modelling; SLDE-B name EUCL J180437.00+662706.1 (matched Q1 catalog at 9.54 arcsec),"Q1 catalog grade=C, expert_score=1.210 (10 votes); SLDE-B category B (VI score 0.9)",arXiv:2503.15325 Table 2 (cat B)
euclid_q1_modeling,EUCL J180612.19+645019.6,271.550799,64.838791,inconclusive,SLDE-B automated modelling FAILED (Model=N/-); paper: modeller failure is not evidence of non-lens (can fail on true lenses due to group-scale halos or foreground contamination),not in Q1 discovery-engine catalog; SLDE-B category B (VI score 0.9),arXiv:2503.15325 Table 2 (cat B)
euclid_q1_modeling,102158891_2701971872653035695,270.197187279649,65.30356956325488,confirmed_lens,"SLDE-B automated modelling (PyAutoLens SIE+shear) succeeded and experts confirmed lens based on the model (Model=Y/Y); theta_E=1.48 arcsec; confirmation is modelling+expert-inspection based, not spectroscopic; SLDE-B name EUCL J180047.32+651812.8 (matched Q1 catalog at 0.02 arcsec)","Q1 catalog grade=C, expert_score=0.944 (10 votes); SLDE-B category B (VI score 0.9)",arXiv:2503.15325 Table 2 (cat B)
euclid_q1_modeling,EUCL J174610.78+660738.9,266.544935,66.127475,inconclusive,SLDE-B automated modelling FAILED (Model=N/-); paper: modeller failure is not evidence of non-lens (can fail on true lenses due to group-scale halos or foreground contamination),not in Q1 discovery-engine catalog; SLDE-B category B (VI score 0.85),arXiv:2503.15325 Table 2 (cat B)
euclid_q1_modeling,EUCL J180820.52+653931.5,272.085531,65.658777,inconclusive,SLDE-B automated modelling FAILED (Model=N/-); paper: modeller failure is not evidence of non-lens (can fail on true lenses due to group-scale halos or foreground contamination),not in Q1 discovery-engine catalog; SLDE-B category B (VI score 0.85),arXiv:2503.15325 Table 2 (cat B)
euclid_q1_modeling,102159192_2704698077659154166,270.46980775235585,65.91541666896089,non_lens,"SLDE-B automated modelling succeeded but experts determined the system is NOT a strong lens based on the model (Model=Y/N); one of 6 grade-B systems ruled out by modelling; DESI archival spectrum: second galaxy at z~0.48 vs lens z=0.36, supporting the non-lens verdict; SLDE-B name EUCL J180152.75+655455.5 (matched Q1 catalog at 0.02 arcsec)","Q1 catalog grade=C, expert_score=1.114 (10 votes); SLDE-B category B (VI score 0.85)",arXiv:2503.15325 Table 2 (cat B)
euclid_q1_modeling,EUCL J174949.02+661347.5,267.454275,66.229872,non_lens,SLDE-B automated modelling succeeded but experts determined the system is NOT a strong lens based on the model (Model=Y/N); one of 6 grade-B systems ruled out by modelling,not in Q1 discovery-engine catalog; SLDE-B category B (VI score 0.85),arXiv:2503.15325 Table 2 (cat B)
euclid_q1_modeling,102159488_2721675492663841067,272.1675492168443,66.38410673982028,confirmed_lens,"SLDE-B automated modelling (PyAutoLens SIE+shear) succeeded and experts confirmed lens based on the model (Model=Y/Y); theta_E=0.92 arcsec; confirmation is modelling+expert-inspection based, not spectroscopic; SLDE-B name EUCL J180840.24+662302.8 (matched Q1 catalog at 0.21 arcsec)","Q1 catalog grade=C, expert_score=1.022 (10 votes); SLDE-B category B (VI score 0.8)",arXiv:2503.15325 Table 2 (cat B)
euclid_q1_modeling,EUCL J175614.34+644858.5,269.059778,64.816274,confirmed_lens,"SLDE-B automated modelling (PyAutoLens SIE+shear) succeeded and experts confirmed lens based on the model (Model=Y/Y); theta_E=0.92 arcsec; confirmation is modelling+expert-inspection based, not spectroscopic",not in Q1 discovery-engine catalog; SLDE-B category B (VI score 0.8),arXiv:2503.15325 Table 2 (cat B)
euclid_q1_modeling,EUCL J175935.63+663355.5,269.898476,66.56543,confirmed_lens,"SLDE-B automated modelling (PyAutoLens SIE+shear) succeeded and experts confirmed lens based on the model (Model=Y/Y); theta_E=0.87 arcsec; confirmation is modelling+expert-inspection based, not spectroscopic",not in Q1 discovery-engine catalog; SLDE-B category B (VI score 0.8),arXiv:2503.15325 Table 2 (cat B)
euclid_q1_modeling,EUCL J175408.25+651709.9,268.534402,65.286092,confirmed_lens,"SLDE-B automated modelling (PyAutoLens SIE+shear) succeeded and experts confirmed lens based on the model (Model=Y/Y); theta_E=0.95 arcsec; confirmation is modelling+expert-inspection based, not spectroscopic",not in Q1 discovery-engine catalog; SLDE-B category B (VI score 0.8),arXiv:2503.15325 Table 2 (cat B)
euclid_q1_modeling,EUCL J175141.40+643510.4,267.922538,64.586238,confirmed_lens,"SLDE-B automated modelling (PyAutoLens SIE+shear) succeeded and experts confirmed lens based on the model (Model=Y/Y); theta_E=1.1 arcsec; confirmation is modelling+expert-inspection based, not spectroscopic",not in Q1 discovery-engine catalog; SLDE-B category B (VI score 0.75),arXiv:2503.15325 Table 2 (cat B)
euclid_q1_modeling,102160058_2690177088672937227,269.01770880905895,67.29372273099628,confirmed_lens,"SLDE-B automated modelling (PyAutoLens SIE+shear) succeeded and experts confirmed lens based on the model (Model=Y/Y); theta_E=0.86 arcsec; confirmation is modelling+expert-inspection based, not spectroscopic; SLDE-B name EUCL J175604.25+671737.3 (matched Q1 catalog at 0.04 arcsec); also in Q1 release successful-model set: theta_E_eff=0.27 arcsec (median PDF)","Q1 catalog grade=B, expert_score=1.617 (9 votes); SLDE-B category B (VI score 0.7)",arXiv:2503.15325 Table 2 (cat B); Zenodo 10.5281/zenodo.15025832 modeling_lens_mass.csv
euclid_q1_modeling,EUCL J175811.62+664928.9,269.54844,66.824712,non_lens,SLDE-B automated modelling succeeded but experts determined the system is NOT a strong lens based on the model (Model=Y/N); one of 6 grade-B systems ruled out by modelling,not in Q1 discovery-engine catalog; SLDE-B category B (VI score 0.7),arXiv:2503.15325 Table 2 (cat B)
euclid_q1_modeling,EUCL J180931.75+654000.5,272.382329,65.666818,confirmed_lens,"SLDE-B automated modelling (PyAutoLens SIE+shear) succeeded and experts confirmed lens based on the model (Model=Y/Y); theta_E=1.14 arcsec; confirmation is modelling+expert-inspection based, not spectroscopic",not in Q1 discovery-engine catalog; SLDE-B category B (VI score 0.7),arXiv:2503.15325 Table 2 (cat B)
euclid_q1_modeling,102159487_2706682050664328480,270.66820502045954,66.43284801548677,non_lens,SLDE-B automated modelling succeeded but experts determined the system is NOT a strong lens based on the model (Model=Y/N); one of 6 grade-B systems ruled out by modelling; SLDE-B name EUCL J180240.36+662558.1 (matched Q1 catalog at 0.06 arcsec),"Q1 catalog grade=C, expert_score=0.802 (10 votes); SLDE-B category B (VI score 0.7)",arXiv:2503.15325 Table 2 (cat B)
euclid_q1_modeling,EUCL J175038.20+662519.9,267.659169,66.422196,confirmed_lens,"SLDE-B automated modelling (PyAutoLens SIE+shear) succeeded and experts confirmed lens based on the model (Model=Y/Y); theta_E=1.03 arcsec; confirmation is modelling+expert-inspection based, not spectroscopic",not in Q1 discovery-engine catalog; SLDE-B category B (VI score 0.7),arXiv:2503.15325 Table 2 (cat B)
euclid_q1_modeling,102159192_2700068627658889119,270.0068627720822,65.88891190927127,confirmed_lens,"SLDE-B automated modelling (PyAutoLens SIE+shear) succeeded and experts confirmed lens based on the model (Model=Y/Y); theta_E=0.94 arcsec; confirmation is modelling+expert-inspection based, not spectroscopic; SLDE-B name EUCL J180001.63+655320.1 (matched Q1 catalog at 0.09 arcsec)","Q1 catalog grade=C, expert_score=0.810 (10 votes); SLDE-B category B (VI score 0.7)",arXiv:2503.15325 Table 2 (cat B)
euclid_q1_modeling,EUCL J175549.29+655935.7,268.95538,65.993254,confirmed_lens,"SLDE-B automated modelling (PyAutoLens SIE+shear) succeeded and experts confirmed lens based on the model (Model=Y/Y); theta_E=2.38 arcsec; confirmation is modelling+expert-inspection based, not spectroscopic",not in Q1 discovery-engine catalog; SLDE-B category B (VI score 0.7),arXiv:2503.15325 Table 2 (cat B)
euclid_q1_modeling,102157634_2706632938634139885,270.6632938615214,63.41398851493622,confirmed_lens,"SLDE-B automated modelling (PyAutoLens SIE+shear) succeeded and experts confirmed lens based on the model (Model=Y/Y); theta_E=0.72 arcsec; confirmation is modelling+expert-inspection based, not spectroscopic; SLDE-B name EUCL J180239.20+632450.3 (matched Q1 catalog at 0.10 arcsec)","Q1 catalog grade=C, expert_score=1.444 (10 votes); SLDE-B category B (VI score 0.7)",arXiv:2503.15325 Table 2 (cat B)
euclid_q1_modeling,102018665_NEG570040238507752998,57.00402384909541,-50.77529982012066,inconclusive,"successfully modelled by Euclid Strong Lens Modelling Pipeline (SIE+shear): theta_E_eff=0.82 arcsec (1sigma 0.79-0.85); in Zenodo successful-model set (335 objects); release README: 'we hope that nearly all are strong lenses', but per-object lens/non-lens judgement is unpublished; SLDE-A aggregate: 488 A/B candidates modelled, 374 successful, 315 judged lenses, 59 judged non-lens; per-object judgements not published","Q1 catalog grade=A, expert_score=2.046 (10 votes)",arXiv:2503.15324 Sect. 7.2; Zenodo 10.5281/zenodo.15025832 modeling_lens_mass.csv+lens.zip
euclid_q1_modeling,102018665_NEG575758716509311713,57.57587163373043,-50.93117135678407,inconclusive,"cutout mis-centred, which broke lens modelling (Zenodo recenter.zip, 18 objects); no modelling verdict; SLDE-A aggregate: 488 A/B candidates modelled, 374 successful, 315 judged lenses, 59 judged non-lens; per-object judgements not published","Q1 catalog grade=B, expert_score=1.835 (10 votes)",arXiv:2503.15324 Sect. 7.2; Zenodo 10.5281/zenodo.15025832 recenter.zip
euclid_q1_modeling,102018665_NEG576731213511114485,57.673121347036805,-51.11144854158032,inconclusive,"successfully modelled by Euclid Strong Lens Modelling Pipeline (SIE+shear): theta_E_eff=0.99 arcsec (1sigma 0.98-0.99); in Zenodo successful-model set (335 objects); release README: 'we hope that nearly all are strong lenses', but per-object lens/non-lens judgement is unpublished; SLDE-A aggregate: 488 A/B candidates modelled, 374 successful, 315 judged lenses, 59 judged non-lens; per-object judgements not published","Q1 catalog grade=B, expert_score=1.600 (10 votes)",arXiv:2503.15324 Sect. 7.2; Zenodo 10.5281/zenodo.15025832 modeling_lens_mass.csv+lens.zip
euclid_q1_modeling,102018666_NEG579859279508531437,57.9859279150053,-50.8531437640506,inconclusive,"successfully modelled by Euclid Strong Lens Modelling Pipeline (SIE+shear): theta_E_eff=1.51 arcsec (1sigma 1.51-1.52); in Zenodo successful-model set (335 objects); release README: 'we hope that nearly all are strong lenses', but per-object lens/non-lens judgement is unpublished; SLDE-A aggregate: 488 A/B candidates modelled, 374 successful, 315 judged lenses, 59 judged non-lens; per-object judgements not published","Q1 catalog grade=A, expert_score=2.549 (8 votes)",arXiv:2503.15324 Sect. 7.2; Zenodo 10.5281/zenodo.15025832 modeling_lens_mass.csv+lens.zip
euclid_q1_modeling,102018667_NEG587746535508057234,58.77465354947828,-50.80572343047943,inconclusive,"successfully modelled by Euclid Strong Lens Modelling Pipeline (SIE+shear): theta_E_eff=0.88 arcsec (1sigma 0.87-0.89); in Zenodo successful-model set (335 objects); release README: 'we hope that nearly all are strong lenses', but per-object lens/non-lens judgement is unpublished; SLDE-A aggregate: 488 A/B candidates modelled, 374 successful, 315 judged lenses, 59 judged non-lens; per-object judgements not published","Q1 catalog grade=A, expert_score=2.244 (10 votes)",arXiv:2503.15324 Sect. 7.2; Zenodo 10.5281/zenodo.15025832 modeling_lens_mass.csv+lens.zip
euclid_q1_modeling,102018668_NEG595646727509469177,59.56467277951752,-50.94691775377698,inconclusive,"successfully modelled by Euclid Strong Lens Modelling Pipeline (SIE+shear): theta_E_eff=0.46 arcsec (1sigma 0.45-0.46); in Zenodo successful-model set (335 objects); release README: 'we hope that nearly all are strong lenses', but per-object lens/non-lens judgement is unpublished; SLDE-A aggregate: 488 A/B candidates modelled, 374 successful, 315 judged lenses, 59 judged non-lens; per-object judgements not published","Q1 catalog grade=A, expert_score=2.528 (11 votes)",arXiv:2503.15324 Sect. 7.2; Zenodo 10.5281/zenodo.15025832 modeling_lens_mass.csv+lens.zip
euclid_q1_modeling,102019123_NEG564667438505382529,56.46674380313999,-50.538252942693255,inconclusive,"successfully modelled by Euclid Strong Lens Modelling Pipeline (SIE+shear): theta_E_eff=1.64 arcsec (1sigma 1.64-1.65); in Zenodo successful-model set (335 objects); release README: 'we hope that nearly all are strong lenses', but per-object lens/non-lens judgement is unpublished; SLDE-A aggregate: 488 A/B candidates modelled, 374 successful, 315 judged lenses, 59 judged non-lens; per-object judgements not published","Q1 catalog grade=A, expert_score=2.804 (10 votes)",arXiv:2503.15324 Sect. 7.2; Zenodo 10.5281/zenodo.15025832 modeling_lens_mass.csv+lens.zip
euclid_q1_modeling,102019123_NEG567245233502945885,56.724523328272205,-50.294588554343285,inconclusive,"successfully modelled by Euclid Strong Lens Modelling Pipeline (SIE+shear): theta_E_eff=0.68 arcsec (1sigma 0.67-0.68); in Zenodo successful-model set (335 objects); release README: 'we hope that nearly all are strong lenses', but per-object lens/non-lens judgement is unpublished; SLDE-A aggregate: 488 A/B candidates modelled, 374 successful, 315 judged lenses, 59 judged non-lens; per-object judgements not published","Q1 catalog grade=A, expert_score=2.126 (10 votes)",arXiv:2503.15324 Sect. 7.2; Zenodo 10.5281/zenodo.15025832 modeling_lens_mass.csv+lens.zip
euclid_q1_modeling,102019124_NEG572893989502570421,57.28939899045425,-50.25704215991417,inconclusive,"modelling unsuccessful (Zenodo unsuccess.zip, 144 objects: 'modeling failures, non-lens status, or ambiguity'); per-object reason unpublished -- the ~59 modelling-rejected non-lenses are within this set but not individually identified; SLDE-A aggregate: 488 A/B candidates modelled, 374 successful, 315 judged lenses, 59 judged non-lens; per-object judgements not published","Q1 catalog grade=B, expert_score=1.951 (10 votes)",arXiv:2503.15324 Sect. 7.2; Zenodo 10.5281/zenodo.15025832 unsuccess.zip
euclid_q1_modeling,102019125_NEG583028233504223644,58.30282338830154,-50.422364440621735,inconclusive,"modelling unsuccessful (Zenodo unsuccess.zip, 144 objects: 'modeling failures, non-lens status, or ambiguity'); per-object reason unpublished -- the ~59 modelling-rejected non-lenses are within this set but not individually identified; SLDE-A aggregate: 488 A/B candidates modelled, 374 successful, 315 judged lenses, 59 judged non-lens; per-object judgements not published","Q1 catalog grade=A, expert_score=2.721 (10 votes)",arXiv:2503.15324 Sect. 7.2; Zenodo 10.5281/zenodo.15025832 unsuccess.zip
euclid_q1_modeling,102019125_NEG586359480506090347,58.635948080698455,-50.6090347691809,inconclusive,"successfully modelled by Euclid Strong Lens Modelling Pipeline (SIE+shear): theta_E_eff=nan arcsec (1sigma nan-nan); in Zenodo successful-model set (335 objects); release README: 'we hope that nearly all are strong lenses', but per-object lens/non-lens judgement is unpublished; SLDE-A aggregate: 488 A/B candidates modelled, 374 successful, 315 judged lenses, 59 judged non-lens; per-object judgements not published","Q1 catalog grade=B, expert_score=1.861 (10 votes)",arXiv:2503.15324 Sect. 7.2; Zenodo 10.5281/zenodo.15025832 modeling_lens_mass.csv+lens.zip
euclid_q1_modeling,102019126_NEG589597149505340169,58.95971490317726,-50.534016951929694,inconclusive,"modelling unsuccessful (Zenodo unsuccess.zip, 144 objects: 'modeling failures, non-lens status, or ambiguity'); per-object reason unpublished -- the ~59 modelling-rejected non-lenses are within this set but not individually identified; SLDE-A aggregate: 488 A/B candidates modelled, 374 successful, 315 judged lenses, 59 judged non-lens; per-object judgements not published","Q1 catalog grade=B, expert_score=1.558 (10 votes)",arXiv:2503.15324 Sect. 7.2; Zenodo 10.5281/zenodo.15025832 unsuccess.zip
euclid_q1_modeling,102019126_NEG589666030505609975,58.96660305543228,-50.56099752385071,inconclusive,"successfully modelled by Euclid Strong Lens Modelling Pipeline (SIE+shear): theta_E_eff=0.59 arcsec (1sigma 0.58-0.60); in Zenodo successful-model set (335 objects); release README: 'we hope that nearly all are strong lenses', but per-object lens/non-lens judgement is unpublished; SLDE-A aggregate: 488 A/B candidates modelled, 374 successful, 315 judged lenses, 59 judged non-lens; per-object judgements not published","Q1 catalog grade=B, expert_score=1.550 (10 votes)",arXiv:2503.15324 Sect. 7.2; Zenodo 10.5281/zenodo.15025832 modeling_lens_mass.csv+lens.zip
euclid_q1_modeling,102019127_NEG596525941504553950,59.65259418635493,-50.45539508343109,inconclusive,"successfully modelled by Euclid Strong Lens Modelling Pipeline (SIE+shear): theta_E_eff=0.68 arcsec (1sigma 0.65-0.69); in Zenodo successful-model set (335 objects); release README: 'we hope that nearly all are strong lenses', but per-object lens/non-lens judgement is unpublished; SLDE-A aggregate: 488 A/B candidates modelled, 374 successful, 315 judged lenses, 59 judged non-lens; per-object judgements not published","Q1 catalog grade=B, expert_score=1.544 (10 votes)",arXiv:2503.15324 Sect. 7.2; Zenodo 10.5281/zenodo.15025832 modeling_lens_mass.csv+lens.zip
euclid_q1_modeling,102019127_NEG598523367504401932,59.85233674701816,-50.44019327178667,inconclusive,"successfully modelled by Euclid Strong Lens Modelling Pipeline (SIE+shear): theta_E_eff=1.23 arcsec (1sigma 1.22-1.23); in Zenodo successful-model set (335 objects); release README: 'we hope that nearly all are strong lenses', but per-object lens/non-lens judgement is unpublished; SLDE-A aggregate: 488 A/B candidates modelled, 374 successful, 315 judged lenses, 59 judged non-lens; per-object judgements not published","Q1 catalog grade=A, expert_score=2.232 (10 votes)",arXiv:2503.15324 Sect. 7.2; Zenodo 10.5281/zenodo.15025832 modeling_lens_mass.csv+lens.zip
euclid_q1_modeling,102019127_NEG600585702506652323,60.05857024580175,-50.665232340817234,inconclusive,"modelling unsuccessful (Zenodo unsuccess.zip, 144 objects: 'modeling failures, non-lens status, or ambiguity'); per-object reason unpublished -- the ~59 modelling-rejected non-lenses are within this set but not individually identified; SLDE-A aggregate: 488 A/B candidates modelled, 374 successful, 315 judged lenses, 59 judged non-lens; per-object judgements not published","Q1 catalog grade=B, expert_score=1.658 (10 votes)",arXiv:2503.15324 Sect. 7.2; Zenodo 10.5281/zenodo.15025832 unsuccess.zip
euclid_q1_modeling,102019128_NEG607555025503027911,60.75550251121874,-50.30279115677251,inconclusive,"successfully modelled by Euclid Strong Lens Modelling Pipeline (SIE+shear): theta_E_eff=1.07 arcsec (1sigma 1.06-1.07); in Zenodo successful-model set (335 objects); release README: 'we hope that nearly all are strong lenses', but per-object lens/non-lens judgement is unpublished; SLDE-A aggregate: 488 A/B candidates modelled, 374 successful, 315 judged lenses, 59 judged non-lens; per-object judgements not published","Q1 catalog grade=A, expert_score=2.766 (10 votes)",arXiv:2503.15324 Sect. 7.2; Zenodo 10.5281/zenodo.15025832 modeling_lens_mass.csv+lens.zip
euclid_q1_modeling,102019128_NEG608928997504779012,60.892899780474096,-50.47790122954819,inconclusive,"successfully modelled by Euclid Strong Lens Modelling Pipeline (SIE+shear): theta_E_eff=0.70 arcsec (1sigma 0.69-0.70); in Zenodo successful-model set (335 objects); release README: 'we hope that nearly all are strong lenses', but per-object lens/non-lens judgement is unpublished; SLDE-A aggregate: 488 A/B candidates modelled, 374 successful, 315 judged lenses, 59 judged non-lens; per-object judgements not published","Q1 catalog grade=A, expert_score=2.063 (10 votes)",arXiv:2503.15324 Sect. 7.2; Zenodo 10.5281/zenodo.15025832 modeling_lens_mass.csv+lens.zip
euclid_q1_modeling,102019128_NEG609723701504645522,60.97237010457565,-50.46455227797104,inconclusive,"modelling unsuccessful (Zenodo unsuccess.zip, 144 objects: 'modeling failures, non-lens status, or ambiguity'); per-object reason unpublished -- the ~59 modelling-rejected non-lenses are within this set but not individually identified; SLDE-A aggregate: 488 A/B candidates modelled, 374 successful, 315 judged lenses, 59 judged non-lens; per-object judgements not published","Q1 catalog grade=B, expert_score=1.526 (10 votes)",arXiv:2503.15324 Sect. 7.2; Zenodo 10.5281/zenodo.15025832 unsuccess.zip
euclid_q1_modeling,102019129_NEG617672661504204895,61.767266142832256,-50.42048955522782,inconclusive,"successfully modelled by Euclid Strong Lens Modelling Pipeline (SIE+shear): theta_E_eff=0.83 arcsec (1sigma 0.81-0.85); in Zenodo successful-model set (335 objects); release README: 'we hope that nearly all are strong lenses', but per-object lens/non-lens judgement is unpublished; SLDE-A aggregate: 488 A/B candidates modelled, 374 successful, 315 judged lenses, 59 judged non-lens; per-object judgements not published","Q1 catalog grade=B, expert_score=1.925 (9 votes)",arXiv:2503.15324 Sect. 7.2; Zenodo 10.5281/zenodo.15025832 modeling_lens_mass.csv+lens.zip
euclid_q1_modeling,102019131_NEG626148898503257561,62.61488980991852,-50.32575613428242,inconclusive,"successfully modelled by Euclid Strong Lens Modelling Pipeline (SIE+shear): theta_E_eff=1.09 arcsec (1sigma 1.08-1.09); in Zenodo successful-model set (335 objects); release README: 'we hope that nearly all are strong lenses', but per-object lens/non-lens judgement is unpublished; SLDE-A aggregate: 488 A/B candidates modelled, 374 successful, 315 judged lenses, 59 judged non-lens; per-object judgements not published","Q1 catalog grade=B, expert_score=1.798 (11 votes)",arXiv:2503.15324 Sect. 7.2; Zenodo 10.5281/zenodo.15025832 modeling_lens_mass.csv+lens.zip
euclid_q1_modeling,102019586_NEG564463213499964061,56.446321381015146,-49.99640612068045,inconclusive,"successfully modelled by Euclid Strong Lens Modelling Pipeline (SIE+shear): theta_E_eff=1.14 arcsec (1sigma 1.13-1.15); in Zenodo successful-model set (335 objects); release README: 'we hope that nearly all are strong lenses', but per-object lens/non-lens judgement is unpublished; SLDE-A aggregate: 488 A/B candidates modelled, 374 successful, 315 judged lenses, 59 judged non-lens; per-object judgements not published","Q1 catalog grade=A, expert_score=2.317 (10 votes)",arXiv:2503.15324 Sect. 7.2; Zenodo 10.5281/zenodo.15025832 modeling_lens_mass.csv+lens.zip
euclid_q1_modeling,102019587_NEG569380954497924981,56.93809545828947,-49.79249811828738,inconclusive,"group-scale lens candidate requiring multiple mass components, beyond scope of the Q1 automated pipeline (Zenodo group.zip, 41 objects); no modelling verdict; SLDE-A aggregate: 488 A/B candidates modelled, 374 successful, 315 judged lenses, 59 judged non-lens; per-object judgements not published","Q1 catalog grade=B, expert_score=1.732 (9 votes)",arXiv:2503.15324 Sect. 7.2; Zenodo 10.5281/zenodo.15025832 group.zip
euclid_q1_modeling,102019588_NEG576940500501085311,57.69405005356776,-50.108531146574514,inconclusive,"successfully modelled by Euclid Strong Lens Modelling Pipeline (SIE+shear): theta_E_eff=0.69 arcsec (1sigma 0.68-0.70); in Zenodo successful-model set (335 objects); release README: 'we hope that nearly all are strong lenses', but per-object lens/non-lens judgement is unpublished; SLDE-A aggregate: 488 A/B candidates modelled, 374 successful, 315 judged lenses, 59 judged non-lens; per-object judgements not published","Q1 catalog grade=B, expert_score=1.522 (8 votes)",arXiv:2503.15324 Sect. 7.2; Zenodo 10.5281/zenodo.15025832 modeling_lens_mass.csv+lens.zip
euclid_q1_modeling,102019588_NEG579781735502176069,57.9781735251624,-50.21760698874812,inconclusive,"successfully modelled by Euclid Strong Lens Modelling Pipeline (SIE+shear): theta_E_eff=0.73 arcsec (1sigma 0.72-0.74); in Zenodo successful-model set (335 objects); release README: 'we hope that nearly all are strong lenses', but per-object lens/non-lens judgement is unpublished; SLDE-A aggregate: 488 A/B candidates modelled, 374 successful, 315 judged lenses, 59 judged non-lens; per-object judgements not published","Q1 catalog grade=A, expert_score=2.797 (10 votes)",arXiv:2503.15324 Sect. 7.2; Zenodo 10.5281/zenodo.15025832 modeling_lens_mass.csv+lens.zip
euclid_q1_modeling,102019588_NEG581189290502362418,58.11892905861379,-50.23624183385024,inconclusive,"successfully modelled by Euclid Strong Lens Modelling Pipeline (SIE+shear): theta_E_eff=0.67 arcsec (1sigma 0.67-0.67); in Zenodo successful-model set (335 objects); release README: 'we hope that nearly all are strong lenses', but per-object lens/non-lens judgement is unpublished; SLDE-A aggregate: 488 A/B candidates modelled, 374 successful, 315 judged lenses, 59 judged non-lens; per-object judgements not published","Q1 catalog grade=A, expert_score=2.618 (10 votes)",arXiv:2503.15324 Sect. 7.2; Zenodo 10.5281/zenodo.15025832 modeling_lens_mass.csv+lens.zip
euclid_q1_modeling,102019590_NEG590843564499562054,59.08435649176262,-49.956205403697886,inconclusive,"modelling unsuccessful (Zenodo unsuccess.zip, 144 objects: 'modeling failures, non-lens status, or ambiguity'); per-object reason unpublished -- the ~59 modelling-rejected non-lenses are within this set but not individually identified; SLDE-A aggregate: 488 A/B candidates modelled, 374 successful, 315 judged lenses, 59 judged non-lens; per-object judgements not published","Q1 catalog grade=B, expert_score=1.800 (10 votes)",arXiv:2503.15324 Sect. 7.2; Zenodo 10.5281/zenodo.15025832 unsuccess.zip
euclid_q1_modeling,102019591_NEG601417531499600002,60.14175313788287,-49.96000027775544,inconclusive,"successfully modelled by Euclid Strong Lens Modelling Pipeline (SIE+shear): theta_E_eff=2.16 arcsec (1sigma 2.14-2.17); in Zenodo successful-model set (335 objects); release README: 'we hope that nearly all are strong lenses', but per-object lens/non-lens judgement is unpublished; SLDE-A aggregate: 488 A/B candidates modelled, 374 successful, 315 judged lenses, 59 judged non-lens; per-object judgements not published","Q1 catalog grade=B, expert_score=1.895 (10 votes)",arXiv:2503.15324 Sect. 7.2; Zenodo 10.5281/zenodo.15025832 modeling_lens_mass.csv+lens.zip
euclid_q1_modeling,102019591_NEG602036095501183123,60.20360950811847,-50.11831236625129,inconclusive,"group-scale lens candidate requiring multiple mass components, beyond scope of the Q1 automated pipeline (Zenodo group.zip, 41 objects); no modelling verdict; SLDE-A aggregate: 488 A/B candidates modelled, 374 successful, 315 judged lenses, 59 judged non-lens; per-object judgements not published","Q1 catalog grade=C, expert_score=1.495 (10 votes)",arXiv:2503.15324 Sect. 7.2; Zenodo 10.5281/zenodo.15025832 group.zip
euclid_q1_modeling,102019592_NEG606434619500983922,60.64346193262833,-50.09839222917177,inconclusive,"successfully modelled by Euclid Strong Lens Modelling Pipeline (SIE+shear): theta_E_eff=0.64 arcsec (1sigma 0.63-0.64); in Zenodo successful-model set (335 objects); release README: 'we hope that nearly all are strong lenses', but per-object lens/non-lens judgement is unpublished; SLDE-A aggregate: 488 A/B candidates modelled, 374 successful, 315 judged lenses, 59 judged non-lens; per-object judgements not published","Q1 catalog grade=A, expert_score=2.922 (12 votes)",arXiv:2503.15324 Sect. 7.2; Zenodo 10.5281/zenodo.15025832 modeling_lens_mass.csv+lens.zip
euclid_q1_modeling,102019593_NEG612269334502356628,61.2269334375336,-50.23566282725229,inconclusive,"successfully modelled by Euclid Strong Lens Modelling Pipeline (SIE+shear): theta_E_eff=0.74 arcsec (1sigma 0.74-0.74); in Zenodo successful-model set (335 objects); release README: 'we hope that nearly all are strong lenses', but per-object lens/non-lens judgement is unpublished; SLDE-A aggregate: 488 A/B candidates modelled, 374 successful, 315 judged lenses, 59 judged non-lens; per-object judgements not published","Q1 catalog grade=B, expert_score=1.837 (10 votes)",arXiv:2503.15324 Sect. 7.2; Zenodo 10.5281/zenodo.15025832 modeling_lens_mass.csv+lens.zip
euclid_q1_modeling,102019594_NEG620978815501656388,62.09788156139889,-50.16563882716289,inconclusive,"successfully modelled by Euclid Strong Lens Modelling Pipeline (SIE+shear): theta_E_eff=0.77 arcsec (1sigma 0.77-0.77); in Zenodo successful-model set (335 objects); release README: 'we hope that nearly all are strong lenses', but per-object lens/non-lens judgement is unpublished; SLDE-A aggregate: 488 A/B candidates modelled, 374 successful, 315 judged lenses, 59 judged non-lens; per-object judgements not published","Q1 catalog grade=A, expert_score=2.363 (10 votes)",arXiv:2503.15324 Sect. 7.2; Zenodo 10.5281/zenodo.15025832 modeling_lens_mass.csv+lens.zip
euclid_q1_modeling,102019595_NEG630246532498667881,63.02465323974107,-49.8667881732315,inconclusive,"successfully modelled by Euclid Strong Lens Modelling Pipeline (SIE+shear): theta_E_eff=0.91 arcsec (1sigma 0.90-0.92); in Zenodo successful-model set (335 objects); release README: 'we hope that nearly all are strong lenses', but per-object lens/non-lens judgement is unpublished; SLDE-A aggregate: 488 A/B candidates modelled, 374 successful, 315 judged lenses, 59 judged non-lens; per-object judgements not published","Q1 catalog grade=A, expert_score=2.077 (10 votes)",arXiv:2503.15324 Sect. 7.2; Zenodo 10.5281/zenodo.15025832 modeling_lens_mass.csv+lens.zip
euclid_q1_modeling,102019596_NEG637748088500119037,63.77480885130131,-50.01190374108312,inconclusive,"group-scale lens candidate requiring multiple mass components, beyond scope of the Q1 automated pipeline (Zenodo group.zip, 41 objects); no modelling verdict; SLDE-A aggregate: 488 A/B candidates modelled, 374 successful, 315 judged lenses, 59 judged non-lens; per-object judgements not published","Q1 catalog grade=B, expert_score=1.908 (10 votes)",arXiv:2503.15324 Sect. 7.2; Zenodo 10.5281/zenodo.15025832 group.zip
euclid_q1_modeling,102020054_NEG554364696495554940,55.43646960793195,-49.55549405557734,inconclusive,"cutout mis-centred, which broke lens modelling (Zenodo recenter.zip, 18 objects); no modelling verdict; SLDE-A aggregate: 488 A/B candidates modelled, 374 successful, 315 judged lenses, 59 judged non-lens; per-object judgements not published","Q1 catalog grade=B, expert_score=1.523 (10 votes)",arXiv:2503.15324 Sect. 7.2; Zenodo 10.5281/zenodo.15025832 recenter.zip
euclid_q1_modeling,102020054_NEG556215936492901652,55.62159369817304,-49.290165222546975,inconclusive,"successfully modelled by Euclid Strong Lens Modelling Pipeline (SIE+shear): theta_E_eff=0.65 arcsec (1sigma 0.64-0.66); in Zenodo successful-model set (335 objects); release README: 'we hope that nearly all are strong lenses', but per-object lens/non-lens judgement is unpublished; SLDE-A aggregate: 488 A/B candidates modelled, 374 successful, 315 judged lenses, 59 judged non-lens; per-object judgements not published","Q1 catalog grade=B, expert_score=1.818 (9 votes)",arXiv:2503.15324 Sect. 7.2; Zenodo 10.5281/zenodo.15025832 modeling_lens_mass.csv+lens.zip
euclid_q1_modeling,102020054_NEG556581375495426520,55.65813750448219,-49.54265202217622,inconclusive,"modelling unsuccessful (Zenodo unsuccess.zip, 144 objects: 'modeling failures, non-lens status, or ambiguity'); per-object reason unpublished -- the ~59 modelling-rejected non-lenses are within this set but not individually identified; SLDE-A aggregate: 488 A/B candidates modelled, 374 successful, 315 judged lenses, 59 judged non-lens; per-object judgements not published","Q1 catalog grade=C, expert_score=1.445 (9 votes)",arXiv:2503.15324 Sect. 7.2; Zenodo 10.5281/zenodo.15025832 unsuccess.zip
euclid_q1_modeling,102020055_NEG563894315496088157,56.38943151491934,-49.60881575787721,inconclusive,"successfully modelled by Euclid Strong Lens Modelling Pipeline (SIE+shear): theta_E_eff=0.83 arcsec (1sigma 0.83-0.85); in Zenodo successful-model set (335 objects); release README: 'we hope that nearly all are strong lenses', but per-object lens/non-lens judgement is unpublished; SLDE-A aggregate: 488 A/B candidates modelled, 374 successful, 315 judged lenses, 59 judged non-lens; per-object judgements not published","Q1 catalog grade=A, expert_score=2.105 (10 votes)",arXiv:2503.15324 Sect. 7.2; Zenodo 10.5281/zenodo.15025832 modeling_lens_mass.csv+lens.zip
euclid_q1_modeling,102020055_NEG564676209494509344,56.46762095259402,-49.45093443791871,inconclusive,"successfully modelled by Euclid Strong Lens Modelling Pipeline (SIE+shear): theta_E_eff=1.27 arcsec (1sigma 1.26-1.29); in Zenodo successful-model set (335 objects); release README: 'we hope that nearly all are strong lenses', but per-object lens/non-lens judgement is unpublished; SLDE-A aggregate: 488 A/B candidates modelled, 374 successful, 315 judged lenses, 59 judged non-lens; per-object judgements not published","Q1 catalog grade=A, expert_score=2.359 (9 votes)",arXiv:2503.15324 Sect. 7.2; Zenodo 10.5281/zenodo.15025832 modeling_lens_mass.csv+lens.zip
euclid_q1_modeling,102020056_NEG568919155497446978,56.89191554837005,-49.74469783990281,inconclusive,"successfully modelled by Euclid Strong Lens Modelling Pipeline (SIE+shear): theta_E_eff=0.95 arcsec (1sigma 0.94-0.96); in Zenodo successful-model set (335 objects); release README: 'we hope that nearly all are strong lenses', but per-object lens/non-lens judgement is unpublished; SLDE-A aggregate: 488 A/B candidates modelled, 374 successful, 315 judged lenses, 59 judged non-lens; per-object judgements not published","Q1 catalog grade=A, expert_score=2.663 (10 votes)",arXiv:2503.15324 Sect. 7.2; Zenodo 10.5281/zenodo.15025832 modeling_lens_mass.csv+lens.zip
euclid_q1_modeling,102020056_NEG569381219495998178,56.93812190358718,-49.599817875364536,inconclusive,"successfully modelled by Euclid Strong Lens Modelling Pipeline (SIE+shear): theta_E_eff=0.62 arcsec (1sigma 0.62-0.62); in Zenodo successful-model set (335 objects); release README: 'we hope that nearly all are strong lenses', but per-object lens/non-lens judgement is unpublished; SLDE-A aggregate: 488 A/B candidates modelled, 374 successful, 315 judged lenses, 59 judged non-lens; per-object judgements not published","Q1 catalog grade=A, expert_score=2.694 (9 votes)",arXiv:2503.15324 Sect. 7.2; Zenodo 10.5281/zenodo.15025832 modeling_lens_mass.csv+lens.zip
euclid_q1_modeling,102020056_NEG570002701495855213,57.00027019393232,-49.58552134143774,inconclusive,"modelling unsuccessful (Zenodo unsuccess.zip, 144 objects: 'modeling failures, non-lens status, or ambiguity'); per-object reason unpublished -- the ~59 modelling-rejected non-lenses are within this set but not individually identified; SLDE-A aggregate: 488 A/B candidates modelled, 374 successful, 315 judged lenses, 59 judged non-lens; per-object judgements not published","Q1 catalog grade=B, expert_score=1.734 (9 votes)",arXiv:2503.15324 Sect. 7.2; Zenodo 10.5281/zenodo.15025832 unsuccess.zip
euclid_q1_modeling,102020056_NEG571928631495947554,57.19286316195864,-49.594755430177614,inconclusive,"successfully modelled by Euclid Strong Lens Modelling Pipeline (SIE+shear): theta_E_eff=0.76 arcsec (1sigma 0.76-0.77); in Zenodo successful-model set (335 objects); release README: 'we hope that nearly all are strong lenses', but per-object lens/non-lens judgement is unpublished; SLDE-A aggregate: 488 A/B candidates modelled, 374 successful, 315 judged lenses, 59 judged non-lens; per-object judgements not published","Q1 catalog grade=B, expert_score=1.976 (10 votes)",arXiv:2503.15324 Sect. 7.2; Zenodo 10.5281/zenodo.15025832 modeling_lens_mass.csv+lens.zip
euclid_q1_modeling,102020056_NEG572366304493015831,57.2366304007054,-49.30158314012709,inconclusive,"modelling unsuccessful (Zenodo unsuccess.zip, 144 objects: 'modeling failures, non-lens status, or ambiguity'); per-object reason unpublished -- the ~59 modelling-rejected non-lenses are within this set but not individually identified; SLDE-A aggregate: 488 A/B candidates modelled, 374 successful, 315 judged lenses, 59 judged non-lens; per-object judgements not published","Q1 catalog grade=B, expert_score=1.563 (10 votes)",arXiv:2503.15324 Sect. 7.2; Zenodo 10.5281/zenodo.15025832 unsuccess.zip
euclid_q1_modeling,102020056_NEG573379534495223440,57.337953416835866,-49.52234409795684,inconclusive,"successfully modelled by Euclid Strong Lens Modelling Pipeline (SIE+shear): theta_E_eff=0.80 arcsec (1sigma 0.80-0.80); in Zenodo successful-model set (335 objects); release README: 'we hope that nearly all are strong lenses', but per-object lens/non-lens judgement is unpublished; SLDE-A aggregate: 488 A/B candidates modelled, 374 successful, 315 judged lenses, 59 judged non-lens; per-object judgements not published","Q1 catalog grade=B, expert_score=1.565 (10 votes)",arXiv:2503.15324 Sect. 7.2; Zenodo 10.5281/zenodo.15025832 modeling_lens_mass.csv+lens.zip
euclid_q1_modeling,102020057_NEG582019329494705421,58.20193296550151,-49.470542185359534,inconclusive,"group-scale lens candidate requiring multiple mass components, beyond scope of the Q1 automated pipeline (Zenodo group.zip, 41 objects); no modelling verdict; also listed in unsuccess.zip; SLDE-A aggregate: 488 A/B candidates modelled, 374 successful, 315 judged lenses, 59 judged non-lens; per-object judgements not published","Q1 catalog grade=A, expert_score=2.786 (9 votes)",arXiv:2503.15324 Sect. 7.2; Zenodo 10.5281/zenodo.15025832 group.zip
euclid_q1_modeling,102020059_NEG590814898493650143,59.08148989976037,-49.36501436418274,inconclusive,"successfully modelled by Euclid Strong Lens Modelling Pipeline (SIE+shear): theta_E_eff=1.12 arcsec (1sigma 1.11-1.13); in Zenodo successful-model set (335 objects); release README: 'we hope that nearly all are strong lenses', but per-object lens/non-lens judgement is unpublished; SLDE-A aggregate: 488 A/B candidates modelled, 374 successful, 315 judged lenses, 59 judged non-lens; per-object judgements not published","Q1 catalog grade=B, expert_score=1.535 (10 votes)",arXiv:2503.15324 Sect. 7.2; Zenodo 10.5281/zenodo.15025832 modeling_lens_mass.csv+lens.zip
euclid_q1_modeling,102020059_NEG591341887496138046,59.134188703264506,-49.613804666867175,inconclusive,"successfully modelled by Euclid Strong Lens Modelling Pipeline (SIE+shear): theta_E_eff=0.60 arcsec (1sigma 0.60-0.61); in Zenodo successful-model set (335 objects); release README: 'we hope that nearly all are strong lenses', but per-object lens/non-lens judgement is unpublished; SLDE-A aggregate: 488 A/B candidates modelled, 374 successful, 315 judged lenses, 59 judged non-lens; per-object judgements not published","Q1 catalog grade=C, expert_score=1.495 (10 votes)",arXiv:2503.15324 Sect. 7.2; Zenodo 10.5281/zenodo.15025832 modeling_lens_mass.csv+lens.zip
euclid_q1_modeling,102020059_NEG595972740496354540,59.597274098977714,-49.63545403109507,inconclusive,"successfully modelled by Euclid Strong Lens Modelling Pipeline (SIE+shear): theta_E_eff=1.12 arcsec (1sigma 1.12-1.12); in Zenodo successful-model set (335 objects); release README: 'we hope that nearly all are strong lenses', but per-object lens/non-lens judgement is unpublished; SLDE-A aggregate: 488 A/B candidates modelled, 374 successful, 315 judged lenses, 59 judged non-lens; per-object judgements not published","Q1 catalog grade=A, expert_score=2.533 (9 votes)",arXiv:2503.15324 Sect. 7.2; Zenodo 10.5281/zenodo.15025832 modeling_lens_mass.csv+lens.zip
euclid_q1_modeling,102020060_NEG598920538496078263,59.89205385113966,-49.607826345265366,inconclusive,"successfully modelled by Euclid Strong Lens Modelling Pipeline (SIE+shear): theta_E_eff=0.86 arcsec (1sigma 0.85-0.87); in Zenodo successful-model set (335 objects); release README: 'we hope that nearly all are strong lenses', but per-object lens/non-lens judgement is unpublished; SLDE-A aggregate: 488 A/B candidates modelled, 374 successful, 315 judged lenses, 59 judged non-lens; per-object judgements not published","Q1 catalog grade=A, expert_score=2.540 (10 votes)",arXiv:2503.15324 Sect. 7.2; Zenodo 10.5281/zenodo.15025832 modeling_lens_mass.csv+lens.zip
euclid_q1_modeling,102020060_NEG604835509496532268,60.48355094189029,-49.65322683738035,inconclusive,"successfully modelled by Euclid Strong Lens Modelling Pipeline (SIE+shear): theta_E_eff=0.94 arcsec (1sigma 0.93-0.94); in Zenodo successful-model set (335 objects); release README: 'we hope that nearly all are strong lenses', but per-object lens/non-lens judgement is unpublished; SLDE-A aggregate: 488 A/B candidates modelled, 374 successful, 315 judged lenses, 59 judged non-lens; per-object judgements not published","Q1 catalog grade=C, expert_score=1.498 (10 votes)",arXiv:2503.15324 Sect. 7.2; Zenodo 10.5281/zenodo.15025832 modeling_lens_mass.csv+lens.zip
euclid_q1_modeling,102020061_NEG607087127495633316,60.70871278898007,-49.56333168622921,inconclusive,"successfully modelled by Euclid Strong Lens Modelling Pipeline (SIE+shear): theta_E_eff=1.24 arcsec (1sigma 1.23-1.25); in Zenodo successful-model set (335 objects); release README: 'we hope that nearly all are strong lenses', but per-object lens/non-lens judgement is unpublished; SLDE-A aggregate: 488 A/B candidates modelled, 374 successful, 315 judged lenses, 59 judged non-lens; per-object judgements not published","Q1 catalog grade=A, expert_score=2.886 (10 votes)",arXiv:2503.15324 Sect. 7.2; Zenodo 10.5281/zenodo.15025832 modeling_lens_mass.csv+lens.zip
euclid_q1_modeling,102020061_NEG608203827493491303,60.82038274569893,-49.34913030126828,inconclusive,"successfully modelled by Euclid Strong Lens Modelling Pipeline (SIE+shear): theta_E_eff=1.02 arcsec (1sigma 1.01-1.03); in Zenodo successful-model set (335 objects); release README: 'we hope that nearly all are strong lenses', but per-object lens/non-lens judgement is unpublished; SLDE-A aggregate: 488 A/B candidates modelled, 374 successful, 315 judged lenses, 59 judged non-lens; per-object judgements not published","Q1 catalog grade=B, expert_score=1.844 (10 votes)",arXiv:2503.15324 Sect. 7.2; Zenodo 10.5281/zenodo.15025832 modeling_lens_mass.csv+lens.zip
euclid_q1_modeling,102020061_NEG612388468493726389,61.23884687469332,-49.37263896690335,inconclusive,"successfully modelled by Euclid Strong Lens Modelling Pipeline (SIE+shear): theta_E_eff=1.16 arcsec (1sigma 1.16-1.16); in Zenodo successful-model set (335 objects); release README: 'we hope that nearly all are strong lenses', but per-object lens/non-lens judgement is unpublished; SLDE-A aggregate: 488 A/B candidates modelled, 374 successful, 315 judged lenses, 59 judged non-lens; per-object judgements not published","Q1 catalog grade=A, expert_score=2.118 (11 votes)",arXiv:2503.15324 Sect. 7.2; Zenodo 10.5281/zenodo.15025832 modeling_lens_mass.csv+lens.zip
euclid_q1_modeling,102020062_NEG617330086494647877,61.73300862196033,-49.46478776977762,inconclusive,"successfully modelled by Euclid Strong Lens Modelling Pipeline (SIE+shear): theta_E_eff=1.86 arcsec (1sigma 1.83-1.89); in Zenodo successful-model set (335 objects); release README: 'we hope that nearly all are strong lenses', but per-object lens/non-lens judgement is unpublished; SLDE-A aggregate: 488 A/B candidates modelled, 374 successful, 315 judged lenses, 59 judged non-lens; per-object judgements not published","Q1 catalog grade=A, expert_score=2.087 (9 votes)",arXiv:2503.15324 Sect. 7.2; Zenodo 10.5281/zenodo.15025832 modeling_lens_mass.csv+lens.zip
euclid_q1_modeling,102020062_NEG618346672492559568,61.834667299199765,-49.25595680573238,inconclusive,"modelling unsuccessful (Zenodo unsuccess.zip, 144 objects: 'modeling failures, non-lens status, or ambiguity'); per-object reason unpublished -- the ~59 modelling-rejected non-lenses are within this set but not individually identified; SLDE-A aggregate: 488 A/B candidates modelled, 374 successful, 315 judged lenses, 59 judged non-lens; per-object judgements not published","Q1 catalog grade=B, expert_score=1.623 (10 votes)",arXiv:2503.15324 Sect. 7.2; Zenodo 10.5281/zenodo.15025832 unsuccess.zip
euclid_q1_modeling,102020063_NEG625857431494380658,62.585743181309965,-49.43806588628296,inconclusive,"successfully modelled by Euclid Strong Lens Modelling Pipeline (SIE+shear): theta_E_eff=0.51 arcsec (1sigma 0.51-0.51); in Zenodo successful-model set (335 objects); release README: 'we hope that nearly all are strong lenses', but per-object lens/non-lens judgement is unpublished; SLDE-A aggregate: 488 A/B candidates modelled, 374 successful, 315 judged lenses, 59 judged non-lens; per-object judgements not published","Q1 catalog grade=B, expert_score=1.580 (9 votes)",arXiv:2503.15324 Sect. 7.2; Zenodo 10.5281/zenodo.15025832 modeling_lens_mass.csv+lens.zip
euclid_q1_modeling,102020063_NEG626156743494681651,62.615674305347206,-49.46816512016682,inconclusive,"successfully modelled by Euclid Strong Lens Modelling Pipeline (SIE+shear): theta_E_eff=0.81 arcsec (1sigma 0.78-0.82); in Zenodo successful-model set (335 objects); release README: 'we hope that nearly all are strong lenses', but per-object lens/non-lens judgement is unpublished; SLDE-A aggregate: 488 A/B candidates modelled, 374 successful, 315 judged lenses, 59 judged non-lens; per-object judgements not published","Q1 catalog grade=B, expert_score=1.672 (9 votes)",arXiv:2503.15324 Sect. 7.2; Zenodo 10.5281/zenodo.15025832 modeling_lens_mass.csv+lens.zip
euclid_q1_modeling,102020064_NEG630441470494718517,63.04414702952862,-49.4718517641365,inconclusive,"successfully modelled by Euclid Strong Lens Modelling Pipeline (SIE+shear): theta_E_eff=1.18 arcsec (1sigma 1.16-1.20); in Zenodo successful-model set (335 objects); release README: 'we hope that nearly all are strong lenses', but per-object lens/non-lens judgement is unpublished; SLDE-A aggregate: 488 A/B candidates modelled, 374 successful, 315 judged lenses, 59 judged non-lens; per-object judgements not published","Q1 catalog grade=A, expert_score=2.904 (10 votes)",arXiv:2503.15324 Sect. 7.2; Zenodo 10.5281/zenodo.15025832 modeling_lens_mass.csv+lens.zip
euclid_q1_modeling,102020064_NEG635823575494037615,63.5823575504392,-49.40376153048183,inconclusive,"modelling unsuccessful (Zenodo unsuccess.zip, 144 objects: 'modeling failures, non-lens status, or ambiguity'); per-object reason unpublished -- the ~59 modelling-rejected non-lenses are within this set but not individually identified; SLDE-A aggregate: 488 A/B candidates modelled, 374 successful, 315 judged lenses, 59 judged non-lens; per-object judgements not published","Q1 catalog grade=B, expert_score=1.980 (10 votes)",arXiv:2503.15324 Sect. 7.2; Zenodo 10.5281/zenodo.15025832 unsuccess.zip
euclid_q1_modeling,102020064_NEG635872258496841682,63.58722583981298,-49.68416823937899,inconclusive,"successfully modelled by Euclid Strong Lens Modelling Pipeline (SIE+shear): theta_E_eff=0.76 arcsec (1sigma 0.75-0.76); in Zenodo successful-model set (335 objects); release README: 'we hope that nearly all are strong lenses', but per-object lens/non-lens judgement is unpublished; SLDE-A aggregate: 488 A/B candidates modelled, 374 successful, 315 judged lenses, 59 judged non-lens; per-object judgements not published","Q1 catalog grade=A, expert_score=2.846 (10 votes)",arXiv:2503.15324 Sect. 7.2; Zenodo 10.5281/zenodo.15025832 modeling_lens_mass.csv+lens.zip
euclid_q1_modeling,102020065_NEG639706305497277844,63.97063058883589,-49.727784447975104,inconclusive,"successfully modelled by Euclid Strong Lens Modelling Pipeline (SIE+shear): theta_E_eff=0.00 arcsec (1sigma 0.00-0.00); in Zenodo successful-model set (335 objects); release README: 'we hope that nearly all are strong lenses', but per-object lens/non-lens judgement is unpublished; also listed in group.zip; SLDE-A aggregate: 488 A/B candidates modelled, 374 successful, 315 judged lenses, 59 judged non-lens; per-object judgements not published","Q1 catalog grade=B, expert_score=1.792 (10 votes)",arXiv:2503.15324 Sect. 7.2; Zenodo 10.5281/zenodo.15025832 modeling_lens_mass.csv+lens.zip
euclid_q1_modeling,102020066_NEG645419324493086283,64.54193243783828,-49.30862837005427,inconclusive,"successfully modelled by Euclid Strong Lens Modelling Pipeline (SIE+shear): theta_E_eff=2.26 arcsec (1sigma 2.24-2.27); in Zenodo successful-model set (335 objects); release README: 'we hope that nearly all are strong lenses', but per-object lens/non-lens judgement is unpublished; SLDE-A aggregate: 488 A/B candidates modelled, 374 successful, 315 judged lenses, 59 judged non-lens; per-object judgements not published","Q1 catalog grade=A, expert_score=3.022 (10 votes)",arXiv:2503.15324 Sect. 7.2; Zenodo 10.5281/zenodo.15025832 modeling_lens_mass.csv+lens.zip
euclid_q1_modeling,102020528_NEG554976975487853956,55.497697503788665,-48.785395695423865,inconclusive,"successfully modelled by Euclid Strong Lens Modelling Pipeline (SIE+shear): theta_E_eff=0.96 arcsec (1sigma 0.95-0.96); in Zenodo successful-model set (335 objects); release README: 'we hope that nearly all are strong lenses', but per-object lens/non-lens judgement is unpublished; SLDE-A aggregate: 488 A/B candidates modelled, 374 successful, 315 judged lenses, 59 judged non-lens; per-object judgements not published","Q1 catalog grade=A, expert_score=2.941 (11 votes)",arXiv:2503.15324 Sect. 7.2; Zenodo 10.5281/zenodo.15025832 modeling_lens_mass.csv+lens.zip
euclid_q1_modeling,102020528_NEG557594873487530963,55.75948739301225,-48.753096396542105,inconclusive,"successfully modelled by Euclid Strong Lens Modelling Pipeline (SIE+shear): theta_E_eff=nan arcsec (1sigma nan-nan); in Zenodo successful-model set (335 objects); release README: 'we hope that nearly all are strong lenses', but per-object lens/non-lens judgement is unpublished; also listed in recenter.zip; SLDE-A aggregate: 488 A/B candidates modelled, 374 successful, 315 judged lenses, 59 judged non-lens; per-object judgements not published","Q1 catalog grade=A, expert_score=2.163 (10 votes)",arXiv:2503.15324 Sect. 7.2; Zenodo 10.5281/zenodo.15025832 modeling_lens_mass.csv+lens.zip
euclid_q1_modeling,102020528_NEG557780503491374019,55.77805038496869,-49.13740190644816,inconclusive,"successfully modelled by Euclid Strong Lens Modelling Pipeline (SIE+shear): theta_E_eff=nan arcsec (1sigma nan-nan); in Zenodo successful-model set (335 objects); release README: 'we hope that nearly all are strong lenses', but per-object lens/non-lens judgement is unpublished; SLDE-A aggregate: 488 A/B candidates modelled, 374 successful, 315 judged lenses, 59 judged non-lens; per-object judgements not published","Q1 catalog grade=B, expert_score=1.629 (10 votes)",arXiv:2503.15324 Sect. 7.2; Zenodo 10.5281/zenodo.15025832 modeling_lens_mass.csv+lens.zip
euclid_q1_modeling,102020528_NEG558800896491551043,55.880089681433006,-49.15510438781556,inconclusive,"modelling unsuccessful (Zenodo unsuccess.zip, 144 objects: 'modeling failures, non-lens status, or ambiguity'); per-object reason unpublished -- the ~59 modelling-rejected non-lenses are within this set but not individually identified; SLDE-A aggregate: 488 A/B candidates modelled, 374 successful, 315 judged lenses, 59 judged non-lens; per-object judgements not published","Q1 catalog grade=B, expert_score=1.973 (10 votes)",arXiv:2503.15324 Sect. 7.2; Zenodo 10.5281/zenodo.15025832 unsuccess.zip
euclid_q1_modeling,102020528_NEG561683562487885174,56.16835627448652,-48.7885174830928,inconclusive,"modelling unsuccessful (Zenodo unsuccess.zip, 144 objects: 'modeling failures, non-lens status, or ambiguity'); per-object reason unpublished -- the ~59 modelling-rejected non-lenses are within this set but not individually identified; SLDE-A aggregate: 488 A/B candidates modelled, 374 successful, 315 judged lenses, 59 judged non-lens; per-object judgements not published","Q1 catalog grade=A, expert_score=2.737 (10 votes)",arXiv:2503.15324 Sect. 7.2; Zenodo 10.5281/zenodo.15025832 unsuccess.zip
euclid_q1_modeling,102020528_NEG562073760492316605,56.20737601280353,-49.23166055034346,inconclusive,"modelling unsuccessful (Zenodo unsuccess.zip, 144 objects: 'modeling failures, non-lens status, or ambiguity'); per-object reason unpublished -- the ~59 modelling-rejected non-lenses are within this set but not individually identified; SLDE-A aggregate: 488 A/B candidates modelled, 374 successful, 315 judged lenses, 59 judged non-lens; per-object judgements not published","Q1 catalog grade=B, expert_score=1.930 (11 votes)",arXiv:2503.15324 Sect. 7.2; Zenodo 10.5281/zenodo.15025832 unsuccess.zip
euclid_q1_modeling,102020529_NEG564427129491602014,56.442712921370415,-49.16020146642965,inconclusive,"successfully modelled by Euclid Strong Lens Modelling Pipeline (SIE+shear): theta_E_eff=0.70 arcsec (1sigma 0.70-0.71); in Zenodo successful-model set (335 objects); release README: 'we hope that nearly all are strong lenses', but per-object lens/non-lens judgement is unpublished; SLDE-A aggregate: 488 A/B candidates modelled, 374 successful, 315 judged lenses, 59 judged non-lens; per-object judgements not published","Q1 catalog grade=B, expert_score=1.827 (10 votes)",arXiv:2503.15324 Sect. 7.2; Zenodo 10.5281/zenodo.15025832 modeling_lens_mass.csv+lens.zip
euclid_q1_modeling,102020529_NEG566452754492393104,56.64527541741643,-49.23931044272282,inconclusive,"modelling unsuccessful (Zenodo unsuccess.zip, 144 objects: 'modeling failures, non-lens status, or ambiguity'); per-object reason unpublished -- the ~59 modelling-rejected non-lenses are within this set but not individually identified; SLDE-A aggregate: 488 A/B candidates modelled, 374 successful, 315 judged lenses, 59 judged non-lens; per-object judgements not published","Q1 catalog grade=A, expert_score=2.158 (10 votes)",arXiv:2503.15324 Sect. 7.2; Zenodo 10.5281/zenodo.15025832 unsuccess.zip
euclid_q1_modeling,102020530_NEG571638103490331545,57.16381035568261,-49.03315451807532,inconclusive,"modelling unsuccessful (Zenodo unsuccess.zip, 144 objects: 'modeling failures, non-lens status, or ambiguity'); per-object reason unpublished -- the ~59 modelling-rejected non-lenses are within this set but not individually identified; SLDE-A aggregate: 488 A/B candidates modelled, 374 successful, 315 judged lenses, 59 judged non-lens; per-object judgements not published","Q1 catalog grade=B, expert_score=1.603 (9 votes)",arXiv:2503.15324 Sect. 7.2; Zenodo 10.5281/zenodo.15025832 unsuccess.zip
euclid_q1_modeling,102020530_NEG572303674490459976,57.230367495986805,-49.04599764138084,inconclusive,"successfully modelled by Euclid Strong Lens Modelling Pipeline (SIE+shear): theta_E_eff=1.72 arcsec (1sigma 1.71-1.73); in Zenodo successful-model set (335 objects); release README: 'we hope that nearly all are strong lenses', but per-object lens/non-lens judgement is unpublished; SLDE-A aggregate: 488 A/B candidates modelled, 374 successful, 315 judged lenses, 59 judged non-lens; per-object judgements not published","Q1 catalog grade=B, expert_score=1.948 (10 votes)",arXiv:2503.15324 Sect. 7.2; Zenodo 10.5281/zenodo.15025832 modeling_lens_mass.csv+lens.zip
euclid_q1_modeling,102020530_NEG572378924491097026,57.23789245830907,-49.10970265313149,inconclusive,"successfully modelled by Euclid Strong Lens Modelling Pipeline (SIE+shear): theta_E_eff=nan arcsec (1sigma nan-nan); in Zenodo successful-model set (335 objects); release README: 'we hope that nearly all are strong lenses', but per-object lens/non-lens judgement is unpublished; SLDE-A aggregate: 488 A/B candidates modelled, 374 successful, 315 judged lenses, 59 judged non-lens; per-object judgements not published","Q1 catalog grade=B, expert_score=1.789 (9 votes)",arXiv:2503.15324 Sect. 7.2; Zenodo 10.5281/zenodo.15025832 modeling_lens_mass.csv+lens.zip
euclid_q1_modeling,102020530_NEG575336420489680805,57.53364206673457,-48.96808058090636,inconclusive,"modelling unsuccessful (Zenodo unsuccess.zip, 144 objects: 'modeling failures, non-lens status, or ambiguity'); per-object reason unpublished -- the ~59 modelling-rejected non-lenses are within this set but not individually identified; SLDE-A aggregate: 488 A/B candidates modelled, 374 successful, 315 judged lenses, 59 judged non-lens; per-object judgements not published","Q1 catalog grade=B, expert_score=1.752 (10 votes)",arXiv:2503.15324 Sect. 7.2; Zenodo 10.5281/zenodo.15025832 unsuccess.zip
euclid_q1_modeling,102020531_NEG579471354491627648,57.9471354749442,-49.16276485789378,inconclusive,"modelling unsuccessful (Zenodo unsuccess.zip, 144 objects: 'modeling failures, non-lens status, or ambiguity'); per-object reason unpublished -- the ~59 modelling-rejected non-lenses are within this set but not individually identified; SLDE-A aggregate: 488 A/B candidates modelled, 374 successful, 315 judged lenses, 59 judged non-lens; per-object judgements not published","Q1 catalog grade=A, expert_score=2.063 (10 votes)",arXiv:2503.15324 Sect. 7.2; Zenodo 10.5281/zenodo.15025832 unsuccess.zip
euclid_q1_modeling,102020532_NEG584961967491933103,58.49619670592336,-49.19331030851976,inconclusive,"successfully modelled by Euclid Strong Lens Modelling Pipeline (SIE+shear): theta_E_eff=0.59 arcsec (1sigma 0.58-0.59); in Zenodo successful-model set (335 objects); release README: 'we hope that nearly all are strong lenses', but per-object lens/non-lens judgement is unpublished; SLDE-A aggregate: 488 A/B candidates modelled, 374 successful, 315 judged lenses, 59 judged non-lens; per-object judgements not published","Q1 catalog grade=A, expert_score=2.127 (9 votes)",arXiv:2503.15324 Sect. 7.2; Zenodo 10.5281/zenodo.15025832 modeling_lens_mass.csv+lens.zip
euclid_q1_modeling,102020532_NEG585131565488109327,58.51315652251934,-48.81093274345079,inconclusive,"modelling unsuccessful (Zenodo unsuccess.zip, 144 objects: 'modeling failures, non-lens status, or ambiguity'); per-object reason unpublished -- the ~59 modelling-rejected non-lenses are within this set but not individually identified; SLDE-A aggregate: 488 A/B candidates modelled, 374 successful, 315 judged lenses, 59 judged non-lens; per-object judgements not published","Q1 catalog grade=B, expert_score=1.510 (9 votes)",arXiv:2503.15324 Sect. 7.2; Zenodo 10.5281/zenodo.15025832 unsuccess.zip
euclid_q1_modeling,102020532_NEG589257492489565961,58.92574921328832,-48.95659616705754,inconclusive,"successfully modelled by Euclid Strong Lens Modelling Pipeline (SIE+shear): theta_E_eff=1.24 arcsec (1sigma 1.23-1.25); in Zenodo successful-model set (335 objects); release README: 'we hope that nearly all are strong lenses', but per-object lens/non-lens judgement is unpublished; SLDE-A aggregate: 488 A/B candidates modelled, 374 successful, 315 judged lenses, 59 judged non-lens; per-object judgements not published","Q1 catalog grade=A, expert_score=2.911 (11 votes)",arXiv:2503.15324 Sect. 7.2; Zenodo 10.5281/zenodo.15025832 modeling_lens_mass.csv+lens.zip
euclid_q1_modeling,102020532_NEG591117402487550021,59.11174027572756,-48.75500215813452,inconclusive,"successfully modelled by Euclid Strong Lens Modelling Pipeline (SIE+shear): theta_E_eff=1.06 arcsec (1sigma 1.05-1.07); in Zenodo successful-model set (335 objects); release README: 'we hope that nearly all are strong lenses', but per-object lens/non-lens judgement is unpublished; SLDE-A aggregate: 488 A/B candidates modelled, 374 successful, 315 judged lenses, 59 judged non-lens; per-object judgements not published","Q1 catalog grade=A, expert_score=2.891 (10 votes)",arXiv:2503.15324 Sect. 7.2; Zenodo 10.5281/zenodo.15025832 modeling_lens_mass.csv+lens.zip
euclid_q1_modeling,102020532_NEG592320863488461402,59.23208639600032,-48.84614020430707,inconclusive,"successfully modelled by Euclid Strong Lens Modelling Pipeline (SIE+shear): theta_E_eff=0.66 arcsec (1sigma 0.66-0.66); in Zenodo successful-model set (335 objects); release README: 'we hope that nearly all are strong lenses', but per-object lens/non-lens judgement is unpublished; SLDE-A aggregate: 488 A/B candidates modelled, 374 successful, 315 judged lenses, 59 judged non-lens; per-object judgements not published","Q1 catalog grade=B, expert_score=1.818 (9 votes)",arXiv:2503.15324 Sect. 7.2; Zenodo 10.5281/zenodo.15025832 modeling_lens_mass.csv+lens.zip
euclid_q1_modeling,102020533_NEG596261344490617547,59.62613444089271,-49.06175479865302,inconclusive,"successfully modelled by Euclid Strong Lens Modelling Pipeline (SIE+shear): theta_E_eff=1.03 arcsec (1sigma 1.03-1.04); in Zenodo successful-model set (335 objects); release README: 'we hope that nearly all are strong lenses', but per-object lens/non-lens judgement is unpublished; SLDE-A aggregate: 488 A/B candidates modelled, 374 successful, 315 judged lenses, 59 judged non-lens; per-object judgements not published","Q1 catalog grade=A, expert_score=2.878 (10 votes)",arXiv:2503.15324 Sect. 7.2; Zenodo 10.5281/zenodo.15025832 modeling_lens_mass.csv+lens.zip
euclid_q1_modeling,102020534_NEG600985388487893328,60.09853883829494,-48.78933287381373,inconclusive,"successfully modelled by Euclid Strong Lens Modelling Pipeline (SIE+shear): theta_E_eff=0.55 arcsec (1sigma 0.55-0.55); in Zenodo successful-model set (335 objects); release README: 'we hope that nearly all are strong lenses', but per-object lens/non-lens judgement is unpublished; SLDE-A aggregate: 488 A/B candidates modelled, 374 successful, 315 judged lenses, 59 judged non-lens; per-object judgements not published","Q1 catalog grade=A, expert_score=2.132 (9 votes)",arXiv:2503.15324 Sect. 7.2; Zenodo 10.5281/zenodo.15025832 modeling_lens_mass.csv+lens.zip
euclid_q1_modeling,102020534_NEG604836154490669092,60.48361548429967,-49.066909219608,inconclusive,"successfully modelled by Euclid Strong Lens Modelling Pipeline (SIE+shear): theta_E_eff=1.42 arcsec (1sigma 1.42-1.43); in Zenodo successful-model set (335 objects); release README: 'we hope that nearly all are strong lenses', but per-object lens/non-lens judgement is unpublished; SLDE-A aggregate: 488 A/B candidates modelled, 374 successful, 315 judged lenses, 59 judged non-lens; per-object judgements not published","Q1 catalog grade=A, expert_score=2.795 (10 votes)",arXiv:2503.15324 Sect. 7.2; Zenodo 10.5281/zenodo.15025832 modeling_lens_mass.csv+lens.zip
euclid_q1_modeling,102020534_NEG604929086489066527,60.49290865450189,-48.9066527916342,inconclusive,"successfully modelled by Euclid Strong Lens Modelling Pipeline (SIE+shear): theta_E_eff=1.01 arcsec (1sigma 1.01-1.02); in Zenodo successful-model set (335 objects); release README: 'we hope that nearly all are strong lenses', but per-object lens/non-lens judgement is unpublished; SLDE-A aggregate: 488 A/B candidates modelled, 374 successful, 315 judged lenses, 59 judged non-lens; per-object judgements not published","Q1 catalog grade=B, expert_score=1.532 (9 votes)",arXiv:2503.15324 Sect. 7.2; Zenodo 10.5281/zenodo.15025832 modeling_lens_mass.csv+lens.zip
euclid_q1_modeling,102020535_NEG608150353491434608,60.81503538394456,-49.143460836132256,inconclusive,"successfully modelled by Euclid Strong Lens Modelling Pipeline (SIE+shear): theta_E_eff=0.36 arcsec (1sigma 0.34-0.37); in Zenodo successful-model set (335 objects); release README: 'we hope that nearly all are strong lenses', but per-object lens/non-lens judgement is unpublished; SLDE-A aggregate: 488 A/B candidates modelled, 374 successful, 315 judged lenses, 59 judged non-lens; per-object judgements not published","Q1 catalog grade=B, expert_score=1.576 (9 votes)",arXiv:2503.15324 Sect. 7.2; Zenodo 10.5281/zenodo.15025832 modeling_lens_mass.csv+lens.zip
euclid_q1_modeling,102020536_NEG621645331488224037,62.1645331458563,-48.82240372116829,inconclusive,"successfully modelled by Euclid Strong Lens Modelling Pipeline (SIE+shear): theta_E_eff=1.03 arcsec (1sigma 1.01-1.04); in Zenodo successful-model set (335 objects); release README: 'we hope that nearly all are strong lenses', but per-object lens/non-lens judgement is unpublished; SLDE-A aggregate: 488 A/B candidates modelled, 374 successful, 315 judged lenses, 59 judged non-lens; per-object judgements not published","Q1 catalog grade=A, expert_score=2.544 (10 votes)",arXiv:2503.15324 Sect. 7.2; Zenodo 10.5281/zenodo.15025832 modeling_lens_mass.csv+lens.zip
euclid_q1_modeling,102020537_NEG623663816492513043,62.36638161121404,-49.251304338614574,inconclusive,"modelling unsuccessful (Zenodo unsuccess.zip, 144 objects: 'modeling failures, non-lens status, or ambiguity'); per-object reason unpublished -- the ~59 modelling-rejected non-lenses are within this set but not individually identified; SLDE-A aggregate: 488 A/B candidates modelled, 374 successful, 315 judged lenses, 59 judged non-lens; per-object judgements not published","Q1 catalog grade=A, expert_score=2.010 (9 votes)",arXiv:2503.15324 Sect. 7.2; Zenodo 10.5281/zenodo.15025832 unsuccess.zip
euclid_q1_modeling,102020537_NEG626913533487999205,62.69135336338961,-48.79992054178796,inconclusive,"modelling unsuccessful (Zenodo unsuccess.zip, 144 objects: 'modeling failures, non-lens status, or ambiguity'); per-object reason unpublished -- the ~59 modelling-rejected non-lenses are within this set but not individually identified; SLDE-A aggregate: 488 A/B candidates modelled, 374 successful, 315 judged lenses, 59 judged non-lens; per-object judgements not published","Q1 catalog grade=B, expert_score=1.523 (10 votes)",arXiv:2503.15324 Sect. 7.2; Zenodo 10.5281/zenodo.15025832 unsuccess.zip
euclid_q1_modeling,102020538_NEG631689440492354239,63.16894406176176,-49.23542398043353,inconclusive,"successfully modelled by Euclid Strong Lens Modelling Pipeline (SIE+shear): theta_E_eff=0.90 arcsec (1sigma 0.89-0.91); in Zenodo successful-model set (335 objects); release README: 'we hope that nearly all are strong lenses', but per-object lens/non-lens judgement is unpublished; SLDE-A aggregate: 488 A/B candidates modelled, 374 successful, 315 judged lenses, 59 judged non-lens; per-object judgements not published","Q1 catalog grade=A, expert_score=2.767 (10 votes)",arXiv:2503.15324 Sect. 7.2; Zenodo 10.5281/zenodo.15025832 modeling_lens_mass.csv+lens.zip
euclid_q1_modeling,102020538_NEG637045736489835935,63.704573695260834,-48.983593566794056,inconclusive,"successfully modelled by Euclid Strong Lens Modelling Pipeline (SIE+shear): theta_E_eff=0.59 arcsec (1sigma 0.59-0.59); in Zenodo successful-model set (335 objects); release README: 'we hope that nearly all are strong lenses', but per-object lens/non-lens judgement is unpublished; SLDE-A aggregate: 488 A/B candidates modelled, 374 successful, 315 judged lenses, 59 judged non-lens; per-object judgements not published","Q1 catalog grade=A, expert_score=2.632 (10 votes)",arXiv:2503.15324 Sect. 7.2; Zenodo 10.5281/zenodo.15025832 modeling_lens_mass.csv+lens.zip
euclid_q1_modeling,102020539_NEG639239120489296299,63.92391201757077,-48.92962998662928,inconclusive,"successfully modelled by Euclid Strong Lens Modelling Pipeline (SIE+shear): theta_E_eff=1.42 arcsec (1sigma 1.42-1.43); in Zenodo successful-model set (335 objects); release README: 'we hope that nearly all are strong lenses', but per-object lens/non-lens judgement is unpublished; SLDE-A aggregate: 488 A/B candidates modelled, 374 successful, 315 judged lenses, 59 judged non-lens; per-object judgements not published","Q1 catalog grade=A, expert_score=2.879 (10 votes)",arXiv:2503.15324 Sect. 7.2; Zenodo 10.5281/zenodo.15025832 modeling_lens_mass.csv+lens.zip
euclid_q1_modeling,102020539_NEG640534948489252606,64.05349482739716,-48.9252606890651,inconclusive,"successfully modelled by Euclid Strong Lens Modelling Pipeline (SIE+shear): theta_E_eff=0.82 arcsec (1sigma 0.80-0.84); in Zenodo successful-model set (335 objects); release README: 'we hope that nearly all are strong lenses', but per-object lens/non-lens judgement is unpublished; SLDE-A aggregate: 488 A/B candidates modelled, 374 successful, 315 judged lenses, 59 judged non-lens; per-object judgements not published","Q1 catalog grade=B, expert_score=1.601 (10 votes)",arXiv:2503.15324 Sect. 7.2; Zenodo 10.5281/zenodo.15025832 modeling_lens_mass.csv+lens.zip
euclid_q1_modeling,102020539_NEG641383802490968352,64.13838028821728,-49.09683520382191,inconclusive,"successfully modelled by Euclid Strong Lens Modelling Pipeline (SIE+shear): theta_E_eff=0.68 arcsec (1sigma 0.68-0.69); in Zenodo successful-model set (335 objects); release README: 'we hope that nearly all are strong lenses', but per-object lens/non-lens judgement is unpublished; SLDE-A aggregate: 488 A/B candidates modelled, 374 successful, 315 judged lenses, 59 judged non-lens; per-object judgements not published","Q1 catalog grade=A, expert_score=2.637 (10 votes)",arXiv:2503.15324 Sect. 7.2; Zenodo 10.5281/zenodo.15025832 modeling_lens_mass.csv+lens.zip
euclid_q1_modeling,102020539_NEG642885250488814700,64.28852506159132,-48.88147008679599,inconclusive,"cutout mis-centred, which broke lens modelling (Zenodo recenter.zip, 18 objects); no modelling verdict; SLDE-A aggregate: 488 A/B candidates modelled, 374 successful, 315 judged lenses, 59 judged non-lens; per-object judgements not published","Q1 catalog grade=A, expert_score=2.899 (10 votes)",arXiv:2503.15324 Sect. 7.2; Zenodo 10.5281/zenodo.15025832 recenter.zip
euclid_q1_modeling,102021006_NEG554672577486973111,55.46725774971254,-48.69731117993872,inconclusive,"successfully modelled by Euclid Strong Lens Modelling Pipeline (SIE+shear): theta_E_eff=0.82 arcsec (1sigma 0.82-0.83); in Zenodo successful-model set (335 objects); release README: 'we hope that nearly all are strong lenses', but per-object lens/non-lens judgement is unpublished; SLDE-A aggregate: 488 A/B candidates modelled, 374 successful, 315 judged lenses, 59 judged non-lens; per-object judgements not published","Q1 catalog grade=A, expert_score=2.440 (10 votes)",arXiv:2503.15324 Sect. 7.2; Zenodo 10.5281/zenodo.15025832 modeling_lens_mass.csv+lens.zip
euclid_q1_modeling,102021008_NEG569571426487440793,56.95714260917783,-48.74407934750487,inconclusive,"successfully modelled by Euclid Strong Lens Modelling Pipeline (SIE+shear): theta_E_eff=0.58 arcsec (1sigma 0.57-0.59); in Zenodo successful-model set (335 objects); release README: 'we hope that nearly all are strong lenses', but per-object lens/non-lens judgement is unpublished; SLDE-A aggregate: 488 A/B candidates modelled, 374 successful, 315 judged lenses, 59 judged non-lens; per-object judgements not published","Q1 catalog grade=A, expert_score=2.393 (10 votes)",arXiv:2503.15324 Sect. 7.2; Zenodo 10.5281/zenodo.15025832 modeling_lens_mass.csv+lens.zip
euclid_q1_modeling,102021009_NEG577024787484062221,57.70247875982041,-48.40622214909423,inconclusive,"successfully modelled by Euclid Strong Lens Modelling Pipeline (SIE+shear): theta_E_eff=2.32 arcsec (1sigma 2.32-2.32); in Zenodo successful-model set (335 objects); release README: 'we hope that nearly all are strong lenses', but per-object lens/non-lens judgement is unpublished; SLDE-A aggregate: 488 A/B candidates modelled, 374 successful, 315 judged lenses, 59 judged non-lens; per-object judgements not published","Q1 catalog grade=A, expert_score=2.506 (10 votes)",arXiv:2503.15324 Sect. 7.2; Zenodo 10.5281/zenodo.15025832 modeling_lens_mass.csv+lens.zip
euclid_q1_modeling,102021010_NEG581199679484613010,58.119967906294704,-48.46130106505595,inconclusive,"successfully modelled by Euclid Strong Lens Modelling Pipeline (SIE+shear): theta_E_eff=1.19 arcsec (1sigma 1.18-1.20); in Zenodo successful-model set (335 objects); release README: 'we hope that nearly all are strong lenses', but per-object lens/non-lens judgement is unpublished; SLDE-A aggregate: 488 A/B candidates modelled, 374 successful, 315 judged lenses, 59 judged non-lens; per-object judgements not published","Q1 catalog grade=B, expert_score=1.842 (10 votes)",arXiv:2503.15324 Sect. 7.2; Zenodo 10.5281/zenodo.15025832 modeling_lens_mass.csv+lens.zip
euclid_q1_modeling,102021011_NEG589107956487132598,58.910795606897146,-48.71325980955586,inconclusive,"modelling unsuccessful (Zenodo unsuccess.zip, 144 objects: 'modeling failures, non-lens status, or ambiguity'); per-object reason unpublished -- the ~59 modelling-rejected non-lenses are within this set but not individually identified; SLDE-A aggregate: 488 A/B candidates modelled, 374 successful, 315 judged lenses, 59 judged non-lens; per-object judgements not published","Q1 catalog grade=C, expert_score=1.495 (10 votes)",arXiv:2503.15324 Sect. 7.2; Zenodo 10.5281/zenodo.15025832 unsuccess.zip
euclid_q1_modeling,102021012_NEG594963796484947260,59.49637969470766,-48.494726093546255,inconclusive,"successfully modelled by Euclid Strong Lens Modelling Pipeline (SIE+shear): theta_E_eff=1.73 arcsec (1sigma 1.71-1.75); in Zenodo successful-model set (335 objects); release README: 'we hope that nearly all are strong lenses', but per-object lens/non-lens judgement is unpublished; SLDE-A aggregate: 488 A/B candidates modelled, 374 successful, 315 judged lenses, 59 judged non-lens; per-object judgements not published","Q1 catalog grade=A, expert_score=2.551 (10 votes)",arXiv:2503.15324 Sect. 7.2; Zenodo 10.5281/zenodo.15025832 modeling_lens_mass.csv+lens.zip
euclid_q1_modeling,102021012_NEG595807815483116843,59.58078150513329,-48.31168430485456,inconclusive,"modelling unsuccessful (Zenodo unsuccess.zip, 144 objects: 'modeling failures, non-lens status, or ambiguity'); per-object reason unpublished -- the ~59 modelling-rejected non-lenses are within this set but not individually identified; SLDE-A aggregate: 488 A/B candidates modelled, 374 successful, 315 judged lenses, 59 judged non-lens; per-object judgements not published","Q1 catalog grade=B, expert_score=1.503 (10 votes)",arXiv:2503.15324 Sect. 7.2; Zenodo 10.5281/zenodo.15025832 unsuccess.zip
euclid_q1_modeling,102021013_NEG602940269483238112,60.29402695508576,-48.32381123584299,inconclusive,"successfully modelled by Euclid Strong Lens Modelling Pipeline (SIE+shear): theta_E_eff=1.19 arcsec (1sigma 1.16-1.21); in Zenodo successful-model set (335 objects); release README: 'we hope that nearly all are strong lenses', but per-object lens/non-lens judgement is unpublished; SLDE-A aggregate: 488 A/B candidates modelled, 374 successful, 315 judged lenses, 59 judged non-lens; per-object judgements not published","Q1 catalog grade=B, expert_score=1.636 (10 votes)",arXiv:2503.15324 Sect. 7.2; Zenodo 10.5281/zenodo.15025832 modeling_lens_mass.csv+lens.zip
euclid_q1_modeling,102021013_NEG606090281487314103,60.60902818000293,-48.73141034503661,inconclusive,"successfully modelled by Euclid Strong Lens Modelling Pipeline (SIE+shear): theta_E_eff=0.89 arcsec (1sigma 0.83-0.94); in Zenodo successful-model set (335 objects); release README: 'we hope that nearly all are strong lenses', but per-object lens/non-lens judgement is unpublished; SLDE-A aggregate: 488 A/B candidates modelled, 374 successful, 315 judged lenses, 59 judged non-lens; per-object judgements not published","Q1 catalog grade=B, expert_score=1.550 (9 votes)",arXiv:2503.15324 Sect. 7.2; Zenodo 10.5281/zenodo.15025832 modeling_lens_mass.csv+lens.zip
euclid_q1_modeling,102021014_NEG610047486487275523,61.0047486834014,-48.72755230023029,inconclusive,"successfully modelled by Euclid Strong Lens Modelling Pipeline (SIE+shear): theta_E_eff=0.68 arcsec (1sigma 0.67-0.70); in Zenodo successful-model set (335 objects); release README: 'we hope that nearly all are strong lenses', but per-object lens/non-lens judgement is unpublished; SLDE-A aggregate: 488 A/B candidates modelled, 374 successful, 315 judged lenses, 59 judged non-lens; per-object judgements not published","Q1 catalog grade=A, expert_score=2.009 (10 votes)",arXiv:2503.15324 Sect. 7.2; Zenodo 10.5281/zenodo.15025832 modeling_lens_mass.csv+lens.zip
euclid_q1_modeling,102021014_NEG612545150486042170,61.25451503132635,-48.60421707977,inconclusive,"successfully modelled by Euclid Strong Lens Modelling Pipeline (SIE+shear): theta_E_eff=0.94 arcsec (1sigma 0.94-0.95); in Zenodo successful-model set (335 objects); release README: 'we hope that nearly all are strong lenses', but per-object lens/non-lens judgement is unpublished; SLDE-A aggregate: 488 A/B candidates modelled, 374 successful, 315 judged lenses, 59 judged non-lens; per-object judgements not published","Q1 catalog grade=A, expert_score=2.591 (9 votes)",arXiv:2503.15324 Sect. 7.2; Zenodo 10.5281/zenodo.15025832 modeling_lens_mass.csv+lens.zip
euclid_q1_modeling,102021014_NEG613552795482722691,61.35527953096157,-48.272269146205225,inconclusive,"modelling unsuccessful (Zenodo unsuccess.zip, 144 objects: 'modeling failures, non-lens status, or ambiguity'); per-object reason unpublished -- the ~59 modelling-rejected non-lenses are within this set but not individually identified; SLDE-A aggregate: 488 A/B candidates modelled, 374 successful, 315 judged lenses, 59 judged non-lens; per-object judgements not published","Q1 catalog grade=B, expert_score=1.518 (10 votes)",arXiv:2503.15324 Sect. 7.2; Zenodo 10.5281/zenodo.15025832 unsuccess.zip
euclid_q1_modeling,102021014_NEG614981615482506340,61.49816157729836,-48.25063403193359,inconclusive,"successfully modelled by Euclid Strong Lens Modelling Pipeline (SIE+shear): theta_E_eff=0.61 arcsec (1sigma 0.61-0.61); in Zenodo successful-model set (335 objects); release README: 'we hope that nearly all are strong lenses', but per-object lens/non-lens judgement is unpublished; SLDE-A aggregate: 488 A/B candidates modelled, 374 successful, 315 judged lenses, 59 judged non-lens; per-object judgements not published","Q1 catalog grade=B, expert_score=1.716 (10 votes)",arXiv:2503.15324 Sect. 7.2; Zenodo 10.5281/zenodo.15025832 modeling_lens_mass.csv+lens.zip
euclid_q1_modeling,102021014_NEG616133820483754774,61.61338207712614,-48.37547746153754,inconclusive,"successfully modelled by Euclid Strong Lens Modelling Pipeline (SIE+shear): theta_E_eff=2.03 arcsec (1sigma 2.02-2.03); in Zenodo successful-model set (335 objects); release README: 'we hope that nearly all are strong lenses', but per-object lens/non-lens judgement is unpublished; SLDE-A aggregate: 488 A/B candidates modelled, 374 successful, 315 judged lenses, 59 judged non-lens; per-object judgements not published","Q1 catalog grade=A, expert_score=2.295 (10 votes)",arXiv:2503.15324 Sect. 7.2; Zenodo 10.5281/zenodo.15025832 modeling_lens_mass.csv+lens.zip
euclid_q1_modeling,102021015_NEG616932997484302318,61.69329975421426,-48.430231815488426,inconclusive,"modelling unsuccessful (Zenodo unsuccess.zip, 144 objects: 'modeling failures, non-lens status, or ambiguity'); per-object reason unpublished -- the ~59 modelling-rejected non-lenses are within this set but not individually identified; SLDE-A aggregate: 488 A/B candidates modelled, 374 successful, 315 judged lenses, 59 judged non-lens; per-object judgements not published","Q1 catalog grade=B, expert_score=1.724 (10 votes)",arXiv:2503.15324 Sect. 7.2; Zenodo 10.5281/zenodo.15025832 unsuccess.zip
euclid_q1_modeling,102021016_NEG626678160486839020,62.66781600751191,-48.68390205226024,inconclusive,"group-scale lens candidate requiring multiple mass components, beyond scope of the Q1 automated pipeline (Zenodo group.zip, 41 objects); no modelling verdict; also listed in unsuccess.zip; SLDE-A aggregate: 488 A/B candidates modelled, 374 successful, 315 judged lenses, 59 judged non-lens; per-object judgements not published","Q1 catalog grade=A, expert_score=2.189 (11 votes)",arXiv:2503.15324 Sect. 7.2; Zenodo 10.5281/zenodo.15025832 group.zip
euclid_q1_modeling,102021016_NEG627891706482718950,62.78917068450788,-48.27189506638918,inconclusive,"successfully modelled by Euclid Strong Lens Modelling Pipeline (SIE+shear): theta_E_eff=0.73 arcsec (1sigma 0.73-0.73); in Zenodo successful-model set (335 objects); release README: 'we hope that nearly all are strong lenses', but per-object lens/non-lens judgement is unpublished; SLDE-A aggregate: 488 A/B candidates modelled, 374 successful, 315 judged lenses, 59 judged non-lens; per-object judgements not published","Q1 catalog grade=A, expert_score=2.213 (10 votes)",arXiv:2503.15324 Sect. 7.2; Zenodo 10.5281/zenodo.15025832 modeling_lens_mass.csv+lens.zip
euclid_q1_modeling,102021016_NEG627937046483290884,62.793704662662094,-48.32908846893992,inconclusive,"group-scale lens candidate requiring multiple mass components, beyond scope of the Q1 automated pipeline (Zenodo group.zip, 41 objects); no modelling verdict; also listed in unsuccess.zip; SLDE-A aggregate: 488 A/B candidates modelled, 374 successful, 315 judged lenses, 59 judged non-lens; per-object judgements not published","Q1 catalog grade=A, expert_score=2.388 (10 votes)",arXiv:2503.15324 Sect. 7.2; Zenodo 10.5281/zenodo.15025832 group.zip
euclid_q1_modeling,102021016_NEG629139696484887212,62.91396966118239,-48.48872120604349,inconclusive,"modelling unsuccessful (Zenodo unsuccess.zip, 144 objects: 'modeling failures, non-lens status, or ambiguity'); per-object reason unpublished -- the ~59 modelling-rejected non-lenses are within this set but not individually identified; SLDE-A aggregate: 488 A/B candidates modelled, 374 successful, 315 judged lenses, 59 judged non-lens; per-object judgements not published","Q1 catalog grade=A, expert_score=2.104 (10 votes)",arXiv:2503.15324 Sect. 7.2; Zenodo 10.5281/zenodo.15025832 unsuccess.zip
euclid_q1_modeling,102021016_NEG629685198482852633,62.96851985754328,-48.285263348191855,inconclusive,"successfully modelled by Euclid Strong Lens Modelling Pipeline (SIE+shear): theta_E_eff=2.44 arcsec (1sigma 2.44-2.44); in Zenodo successful-model set (335 objects); release README: 'we hope that nearly all are strong lenses', but per-object lens/non-lens judgement is unpublished; also listed in group.zip; SLDE-A aggregate: 488 A/B candidates modelled, 374 successful, 315 judged lenses, 59 judged non-lens; per-object judgements not published","Q1 catalog grade=B, expert_score=1.532 (10 votes)",arXiv:2503.15324 Sect. 7.2; Zenodo 10.5281/zenodo.15025832 modeling_lens_mass.csv+lens.zip
euclid_q1_modeling,102021017_NEG633207820486535571,63.32078207823651,-48.6535571859489,inconclusive,"successfully modelled by Euclid Strong Lens Modelling Pipeline (SIE+shear): theta_E_eff=0.59 arcsec (1sigma 0.57-0.61); in Zenodo successful-model set (335 objects); release README: 'we hope that nearly all are strong lenses', but per-object lens/non-lens judgement is unpublished; SLDE-A aggregate: 488 A/B candidates modelled, 374 successful, 315 judged lenses, 59 judged non-lens; per-object judgements not published","Q1 catalog grade=B, expert_score=1.802 (10 votes)",arXiv:2503.15324 Sect. 7.2; Zenodo 10.5281/zenodo.15025832 modeling_lens_mass.csv+lens.zip
euclid_q1_modeling,102021017_NEG634146279486865014,63.41462793838686,-48.6865014442007,inconclusive,"successfully modelled by Euclid Strong Lens Modelling Pipeline (SIE+shear): theta_E_eff=nan arcsec (1sigma nan-nan); in Zenodo successful-model set (335 objects); release README: 'we hope that nearly all are strong lenses', but per-object lens/non-lens judgement is unpublished; SLDE-A aggregate: 488 A/B candidates modelled, 374 successful, 315 judged lenses, 59 judged non-lens; per-object judgements not published","Q1 catalog grade=A, expert_score=3.039 (11 votes)",arXiv:2503.15324 Sect. 7.2; Zenodo 10.5281/zenodo.15025832 modeling_lens_mass.csv+lens.zip
euclid_q1_modeling,102021017_NEG637928660482715254,63.79286609060805,-48.27152549809416,inconclusive,"successfully modelled by Euclid Strong Lens Modelling Pipeline (SIE+shear): theta_E_eff=1.32 arcsec (1sigma 1.32-1.33); in Zenodo successful-model set (335 objects); release README: 'we hope that nearly all are strong lenses', but per-object lens/non-lens judgement is unpublished; SLDE-A aggregate: 488 A/B candidates modelled, 374 successful, 315 judged lenses, 59 judged non-lens; per-object judgements not published","Q1 catalog grade=A, expert_score=2.076 (10 votes)",arXiv:2503.15324 Sect. 7.2; Zenodo 10.5281/zenodo.15025832 modeling_lens_mass.csv+lens.zip
euclid_q1_modeling,102021018_NEG640120110483854165,64.01201105416371,-48.385416518032095,inconclusive,"successfully modelled by Euclid Strong Lens Modelling Pipeline (SIE+shear): theta_E_eff=0.84 arcsec (1sigma 0.83-0.85); in Zenodo successful-model set (335 objects); release README: 'we hope that nearly all are strong lenses', but per-object lens/non-lens judgement is unpublished; SLDE-A aggregate: 488 A/B candidates modelled, 374 successful, 315 judged lenses, 59 judged non-lens; per-object judgements not published","Q1 catalog grade=A, expert_score=2.608 (10 votes)",arXiv:2503.15324 Sect. 7.2; Zenodo 10.5281/zenodo.15025832 modeling_lens_mass.csv+lens.zip
euclid_q1_modeling,102021019_NEG651956451483599583,65.1956451002235,-48.35995837358245,inconclusive,"successfully modelled by Euclid Strong Lens Modelling Pipeline (SIE+shear): theta_E_eff=0.94 arcsec (1sigma 0.93-0.95); in Zenodo successful-model set (335 objects); release README: 'we hope that nearly all are strong lenses', but per-object lens/non-lens judgement is unpublished; SLDE-A aggregate: 488 A/B candidates modelled, 374 successful, 315 judged lenses, 59 judged non-lens; per-object judgements not published","Q1 catalog grade=A, expert_score=2.943 (8 votes)",arXiv:2503.15324 Sect. 7.2; Zenodo 10.5281/zenodo.15025832 modeling_lens_mass.csv+lens.zip
euclid_q1_modeling,102021020_NEG656951229482999258,65.69512293447303,-48.29992584867339,inconclusive,"successfully modelled by Euclid Strong Lens Modelling Pipeline (SIE+shear): theta_E_eff=0.75 arcsec (1sigma 0.75-0.76); in Zenodo successful-model set (335 objects); release README: 'we hope that nearly all are strong lenses', but per-object lens/non-lens judgement is unpublished; SLDE-A aggregate: 488 A/B candidates modelled, 374 successful, 315 judged lenses, 59 judged non-lens; per-object judgements not published","Q1 catalog grade=B, expert_score=1.803 (9 votes)",arXiv:2503.15324 Sect. 7.2; Zenodo 10.5281/zenodo.15025832 modeling_lens_mass.csv+lens.zip
euclid_q1_modeling,102021020_NEG657545464483151702,65.7545464958331,-48.31517021319289,inconclusive,"cutout mis-centred, which broke lens modelling (Zenodo recenter.zip, 18 objects); no modelling verdict; SLDE-A aggregate: 488 A/B candidates modelled, 374 successful, 315 judged lenses, 59 judged non-lens; per-object judgements not published","Q1 catalog grade=A, expert_score=2.201 (10 votes)",arXiv:2503.15324 Sect. 7.2; Zenodo 10.5281/zenodo.15025832 recenter.zip
euclid_q1_modeling,102021491_NEG571345829477653406,57.13458292532511,-47.76534068188999,inconclusive,"modelling unsuccessful (Zenodo unsuccess.zip, 144 objects: 'modeling failures, non-lens status, or ambiguity'); per-object reason unpublished -- the ~59 modelling-rejected non-lenses are within this set but not individually identified; SLDE-A aggregate: 488 A/B candidates modelled, 374 successful, 315 judged lenses, 59 judged non-lens; per-object judgements not published","Q1 catalog grade=B, expert_score=1.642 (10 votes)",arXiv:2503.15324 Sect. 7.2; Zenodo 10.5281/zenodo.15025832 unsuccess.zip
euclid_q1_modeling,102021492_NEG575201344482287786,57.52013446409377,-48.228778611310375,inconclusive,"modelling unsuccessful (Zenodo unsuccess.zip, 144 objects: 'modeling failures, non-lens status, or ambiguity'); per-object reason unpublished -- the ~59 modelling-rejected non-lenses are within this set but not individually identified; SLDE-A aggregate: 488 A/B candidates modelled, 374 successful, 315 judged lenses, 59 judged non-lens; per-object judgements not published","Q1 catalog grade=A, expert_score=2.310 (9 votes)",arXiv:2503.15324 Sect. 7.2; Zenodo 10.5281/zenodo.15025832 unsuccess.zip
euclid_q1_modeling,102021492_NEG579460447477747720,57.94604475103274,-47.77477209107829,inconclusive,"successfully modelled by Euclid Strong Lens Modelling Pipeline (SIE+shear): theta_E_eff=1.37 arcsec (1sigma 1.31-1.39); in Zenodo successful-model set (335 objects); release README: 'we hope that nearly all are strong lenses', but per-object lens/non-lens judgement is unpublished; SLDE-A aggregate: 488 A/B candidates modelled, 374 successful, 315 judged lenses, 59 judged non-lens; per-object judgements not published","Q1 catalog grade=B, expert_score=1.793 (10 votes)",arXiv:2503.15324 Sect. 7.2; Zenodo 10.5281/zenodo.15025832 modeling_lens_mass.csv+lens.zip
euclid_q1_modeling,102021492_NEG580553783482399812,58.05537835500126,-48.2399812580102,inconclusive,"successfully modelled by Euclid Strong Lens Modelling Pipeline (SIE+shear): theta_E_eff=0.95 arcsec (1sigma 0.95-0.95); in Zenodo successful-model set (335 objects); release README: 'we hope that nearly all are strong lenses', but per-object lens/non-lens judgement is unpublished; SLDE-A aggregate: 488 A/B candidates modelled, 374 successful, 315 judged lenses, 59 judged non-lens; per-object judgements not published","Q1 catalog grade=A, expert_score=2.483 (9 votes)",arXiv:2503.15324 Sect. 7.2; Zenodo 10.5281/zenodo.15025832 modeling_lens_mass.csv+lens.zip
euclid_q1_modeling,102021493_NEG583380599480841946,58.33805998902349,-48.08419465949512,inconclusive,"successfully modelled by Euclid Strong Lens Modelling Pipeline (SIE+shear): theta_E_eff=0.76 arcsec (1sigma 0.74-0.78); in Zenodo successful-model set (335 objects); release README: 'we hope that nearly all are strong lenses', but per-object lens/non-lens judgement is unpublished; SLDE-A aggregate: 488 A/B candidates modelled, 374 successful, 315 judged lenses, 59 judged non-lens; per-object judgements not published","Q1 catalog grade=B, expert_score=1.553 (10 votes)",arXiv:2503.15324 Sect. 7.2; Zenodo 10.5281/zenodo.15025832 modeling_lens_mass.csv+lens.zip
euclid_q1_modeling,102021493_NEG584317889477816598,58.43178892264506,-47.781659836956656,inconclusive,"successfully modelled by Euclid Strong Lens Modelling Pipeline (SIE+shear): theta_E_eff=0.92 arcsec (1sigma 0.92-0.92); in Zenodo successful-model set (335 objects); release README: 'we hope that nearly all are strong lenses', but per-object lens/non-lens judgement is unpublished; SLDE-A aggregate: 488 A/B candidates modelled, 374 successful, 315 judged lenses, 59 judged non-lens; per-object judgements not published","Q1 catalog grade=B, expert_score=1.501 (10 votes)",arXiv:2503.15324 Sect. 7.2; Zenodo 10.5281/zenodo.15025832 modeling_lens_mass.csv+lens.zip
euclid_q1_modeling,102021493_NEG584908045481892408,58.49080454415064,-48.18924082046728,inconclusive,"modelling unsuccessful (Zenodo unsuccess.zip, 144 objects: 'modeling failures, non-lens status, or ambiguity'); per-object reason unpublished -- the ~59 modelling-rejected non-lenses are within this set but not individually identified; SLDE-A aggregate: 488 A/B candidates modelled, 374 successful, 315 judged lenses, 59 judged non-lens; per-object judgements not published","Q1 catalog grade=B, expert_score=1.596 (9 votes)",arXiv:2503.15324 Sect. 7.2; Zenodo 10.5281/zenodo.15025832 unsuccess.zip
euclid_q1_modeling,102021493_NEG586398445479765591,58.6398445644672,-47.97655913222404,inconclusive,"successfully modelled by Euclid Strong Lens Modelling Pipeline (SIE+shear): theta_E_eff=0.86 arcsec (1sigma 0.85-0.86); in Zenodo successful-model set (335 objects); release README: 'we hope that nearly all are strong lenses', but per-object lens/non-lens judgement is unpublished; SLDE-A aggregate: 488 A/B candidates modelled, 374 successful, 315 judged lenses, 59 judged non-lens; per-object judgements not published","Q1 catalog grade=A, expert_score=2.704 (10 votes)",arXiv:2503.15324 Sect. 7.2; Zenodo 10.5281/zenodo.15025832 modeling_lens_mass.csv+lens.zip
euclid_q1_modeling,102021493_NEG587807121477852004,58.78071211885828,-47.78520044646224,inconclusive,"successfully modelled by Euclid Strong Lens Modelling Pipeline (SIE+shear): theta_E_eff=0.70 arcsec (1sigma 0.70-0.70); in Zenodo successful-model set (335 objects); release README: 'we hope that nearly all are strong lenses', but per-object lens/non-lens judgement is unpublished; SLDE-A aggregate: 488 A/B candidates modelled, 374 successful, 315 judged lenses, 59 judged non-lens; per-object judgements not published","Q1 catalog grade=A, expert_score=2.344 (10 votes)",arXiv:2503.15324 Sect. 7.2; Zenodo 10.5281/zenodo.15025832 modeling_lens_mass.csv+lens.zip
euclid_q1_modeling,102021495_NEG596705787481338553,59.67057874004436,-48.13385535539454,inconclusive,"group-scale lens candidate requiring multiple mass components, beyond scope of the Q1 automated pipeline (Zenodo group.zip, 41 objects); no modelling verdict; SLDE-A aggregate: 488 A/B candidates modelled, 374 successful, 315 judged lenses, 59 judged non-lens; per-object judgements not published","Q1 catalog grade=B, expert_score=1.810 (9 votes)",arXiv:2503.15324 Sect. 7.2; Zenodo 10.5281/zenodo.15025832 group.zip
euclid_q1_modeling,102021496_NEG603335199478099381,60.33351994539934,-47.80993814195615,inconclusive,"successfully modelled by Euclid Strong Lens Modelling Pipeline (SIE+shear): theta_E_eff=0.45 arcsec (1sigma 0.43-0.46); in Zenodo successful-model set (335 objects); release README: 'we hope that nearly all are strong lenses', but per-object lens/non-lens judgement is unpublished; SLDE-A aggregate: 488 A/B candidates modelled, 374 successful, 315 judged lenses, 59 judged non-lens; per-object judgements not published","Q1 catalog grade=B, expert_score=1.927 (10 votes)",arXiv:2503.15324 Sect. 7.2; Zenodo 10.5281/zenodo.15025832 modeling_lens_mass.csv+lens.zip
euclid_q1_modeling,102021497_NEG611694459481354870,61.16944594252457,-48.13548704773953,inconclusive,"successfully modelled by Euclid Strong Lens Modelling Pipeline (SIE+shear): theta_E_eff=0.89 arcsec (1sigma 0.87-0.90); in Zenodo successful-model set (335 objects); release README: 'we hope that nearly all are strong lenses', but per-object lens/non-lens judgement is unpublished; SLDE-A aggregate: 488 A/B candidates modelled, 374 successful, 315 judged lenses, 59 judged non-lens; per-object judgements not published","Q1 catalog grade=B, expert_score=1.942 (10 votes)",arXiv:2503.15324 Sect. 7.2; Zenodo 10.5281/zenodo.15025832 modeling_lens_mass.csv+lens.zip
euclid_q1_modeling,102021497_NEG615658160478755691,61.56581602527029,-47.875569126860064,inconclusive,"successfully modelled by Euclid Strong Lens Modelling Pipeline (SIE+shear): theta_E_eff=0.44 arcsec (1sigma 0.44-0.45); in Zenodo successful-model set (335 objects); release README: 'we hope that nearly all are strong lenses', but per-object lens/non-lens judgement is unpublished; SLDE-A aggregate: 488 A/B candidates modelled, 374 successful, 315 judged lenses, 59 judged non-lens; per-object judgements not published","Q1 catalog grade=A, expert_score=2.075 (8 votes)",arXiv:2503.15324 Sect. 7.2; Zenodo 10.5281/zenodo.15025832 modeling_lens_mass.csv+lens.zip
euclid_q1_modeling,102021498_NEG620710751479897662,62.07107515139318,-47.98976626518308,inconclusive,"successfully modelled by Euclid Strong Lens Modelling Pipeline (SIE+shear): theta_E_eff=0.90 arcsec (1sigma 0.88-0.92); in Zenodo successful-model set (335 objects); release README: 'we hope that nearly all are strong lenses', but per-object lens/non-lens judgement is unpublished; SLDE-A aggregate: 488 A/B candidates modelled, 374 successful, 315 judged lenses, 59 judged non-lens; per-object judgements not published","Q1 catalog grade=B, expert_score=1.558 (10 votes)",arXiv:2503.15324 Sect. 7.2; Zenodo 10.5281/zenodo.15025832 modeling_lens_mass.csv+lens.zip
euclid_q1_modeling,102021498_NEG622697531480704134,62.26975319129441,-48.07041343601949,inconclusive,"modelling unsuccessful (Zenodo unsuccess.zip, 144 objects: 'modeling failures, non-lens status, or ambiguity'); per-object reason unpublished -- the ~59 modelling-rejected non-lenses are within this set but not individually identified; SLDE-A aggregate: 488 A/B candidates modelled, 374 successful, 315 judged lenses, 59 judged non-lens; per-object judgements not published","Q1 catalog grade=A, expert_score=2.580 (10 votes)",arXiv:2503.15324 Sect. 7.2; Zenodo 10.5281/zenodo.15025832 unsuccess.zip
euclid_q1_modeling,102021499_NEG628042951482285714,62.80429513652352,-48.228571450804566,inconclusive,"successfully modelled by Euclid Strong Lens Modelling Pipeline (SIE+shear): theta_E_eff=1.35 arcsec (1sigma 1.33-1.35); in Zenodo successful-model set (335 objects); release README: 'we hope that nearly all are strong lenses', but per-object lens/non-lens judgement is unpublished; SLDE-A aggregate: 488 A/B candidates modelled, 374 successful, 315 judged lenses, 59 judged non-lens; per-object judgements not published","Q1 catalog grade=B, expert_score=1.873 (10 votes)",arXiv:2503.15324 Sect. 7.2; Zenodo 10.5281/zenodo.15025832 modeling_lens_mass.csv+lens.zip
euclid_q1_modeling,102021499_NEG630283151478334717,63.028315136446025,-47.8334717012344,inconclusive,"successfully modelled by Euclid Strong Lens Modelling Pipeline (SIE+shear): theta_E_eff=0.65 arcsec (1sigma 0.65-0.66); in Zenodo successful-model set (335 objects); release README: 'we hope that nearly all are strong lenses', but per-object lens/non-lens judgement is unpublished; SLDE-A aggregate: 488 A/B candidates modelled, 374 successful, 315 judged lenses, 59 judged non-lens; per-object judgements not published","Q1 catalog grade=A, expert_score=2.426 (10 votes)",arXiv:2503.15324 Sect. 7.2; Zenodo 10.5281/zenodo.15025832 modeling_lens_mass.csv+lens.zip
euclid_q1_modeling,102021499_NEG631323422479949628,63.13234225032457,-47.994962855931306,inconclusive,"successfully modelled by Euclid Strong Lens Modelling Pipeline (SIE+shear): theta_E_eff=1.08 arcsec (1sigma 1.08-1.08); in Zenodo successful-model set (335 objects); release README: 'we hope that nearly all are strong lenses', but per-object lens/non-lens judgement is unpublished; SLDE-A aggregate: 488 A/B candidates modelled, 374 successful, 315 judged lenses, 59 judged non-lens; per-object judgements not published","Q1 catalog grade=A, expert_score=2.763 (10 votes)",arXiv:2503.15324 Sect. 7.2; Zenodo 10.5281/zenodo.15025832 modeling_lens_mass.csv+lens.zip
euclid_q1_modeling,102021499_NEG632503018480736583,63.25030187037567,-48.073658352372775,inconclusive,"modelling unsuccessful (Zenodo unsuccess.zip, 144 objects: 'modeling failures, non-lens status, or ambiguity'); per-object reason unpublished -- the ~59 modelling-rejected non-lenses are within this set but not individually identified; SLDE-A aggregate: 488 A/B candidates modelled, 374 successful, 315 judged lenses, 59 judged non-lens; per-object judgements not published","Q1 catalog grade=B, expert_score=1.618 (11 votes)",arXiv:2503.15324 Sect. 7.2; Zenodo 10.5281/zenodo.15025832 unsuccess.zip
euclid_q1_modeling,102021500_NEG636294430480333264,63.629443096530274,-48.03332641580719,inconclusive,"successfully modelled by Euclid Strong Lens Modelling Pipeline (SIE+shear): theta_E_eff=1.59 arcsec (1sigma 1.59-1.59); in Zenodo successful-model set (335 objects); release README: 'we hope that nearly all are strong lenses', but per-object lens/non-lens judgement is unpublished; SLDE-A aggregate: 488 A/B candidates modelled, 374 successful, 315 judged lenses, 59 judged non-lens; per-object judgements not published","Q1 catalog grade=A, expert_score=2.459 (10 votes)",arXiv:2503.15324 Sect. 7.2; Zenodo 10.5281/zenodo.15025832 modeling_lens_mass.csv+lens.zip
euclid_q1_modeling,102021500_NEG636862073478549953,63.68620732648826,-47.854995308359584,inconclusive,"modelling unsuccessful (Zenodo unsuccess.zip, 144 objects: 'modeling failures, non-lens status, or ambiguity'); per-object reason unpublished -- the ~59 modelling-rejected non-lenses are within this set but not individually identified; SLDE-A aggregate: 488 A/B candidates modelled, 374 successful, 315 judged lenses, 59 judged non-lens; per-object judgements not published","Q1 catalog grade=B, expert_score=1.533 (9 votes)",arXiv:2503.15324 Sect. 7.2; Zenodo 10.5281/zenodo.15025832 unsuccess.zip
euclid_q1_modeling,102021500_NEG636868197478599642,63.68681976408576,-47.859964256094365,inconclusive,"successfully modelled by Euclid Strong Lens Modelling Pipeline (SIE+shear): theta_E_eff=0.68 arcsec (1sigma 0.66-0.69); in Zenodo successful-model set (335 objects); release README: 'we hope that nearly all are strong lenses', but per-object lens/non-lens judgement is unpublished; SLDE-A aggregate: 488 A/B candidates modelled, 374 successful, 315 judged lenses, 59 judged non-lens; per-object judgements not published","Q1 catalog grade=C, expert_score=1.495 (10 votes)",arXiv:2503.15324 Sect. 7.2; Zenodo 10.5281/zenodo.15025832 modeling_lens_mass.csv+lens.zip
euclid_q1_modeling,102021501_NEG641175215482169059,64.1175215624337,-48.21690592299746,inconclusive,"successfully modelled by Euclid Strong Lens Modelling Pipeline (SIE+shear): theta_E_eff=0.58 arcsec (1sigma 0.55-0.61); in Zenodo successful-model set (335 objects); release README: 'we hope that nearly all are strong lenses', but per-object lens/non-lens judgement is unpublished; SLDE-A aggregate: 488 A/B candidates modelled, 374 successful, 315 judged lenses, 59 judged non-lens; per-object judgements not published","Q1 catalog grade=C, expert_score=1.485 (9 votes)",arXiv:2503.15324 Sect. 7.2; Zenodo 10.5281/zenodo.15025832 modeling_lens_mass.csv+lens.zip
euclid_q1_modeling,102021501_NEG642870048480955813,64.2870048302998,-48.09558136723311,inconclusive,"successfully modelled by Euclid Strong Lens Modelling Pipeline (SIE+shear): theta_E_eff=0.88 arcsec (1sigma 0.87-0.89); in Zenodo successful-model set (335 objects); release README: 'we hope that nearly all are strong lenses', but per-object lens/non-lens judgement is unpublished; SLDE-A aggregate: 488 A/B candidates modelled, 374 successful, 315 judged lenses, 59 judged non-lens; per-object judgements not published","Q1 catalog grade=A, expert_score=2.437 (10 votes)",arXiv:2503.15324 Sect. 7.2; Zenodo 10.5281/zenodo.15025832 modeling_lens_mass.csv+lens.zip
euclid_q1_modeling,102021502_NEG651338380481989567,65.1338380431143,-48.19895674114229,inconclusive,"modelling unsuccessful (Zenodo unsuccess.zip, 144 objects: 'modeling failures, non-lens status, or ambiguity'); per-object reason unpublished -- the ~59 modelling-rejected non-lenses are within this set but not individually identified; SLDE-A aggregate: 488 A/B candidates modelled, 374 successful, 315 judged lenses, 59 judged non-lens; per-object judgements not published","Q1 catalog grade=B, expert_score=1.557 (10 votes)",arXiv:2503.15324 Sect. 7.2; Zenodo 10.5281/zenodo.15025832 unsuccess.zip
euclid_q1_modeling,102021502_NEG653108030479223468,65.31080305209322,-47.922346850015,inconclusive,"modelling unsuccessful (Zenodo unsuccess.zip, 144 objects: 'modeling failures, non-lens status, or ambiguity'); per-object reason unpublished -- the ~59 modelling-rejected non-lenses are within this set but not individually identified; SLDE-A aggregate: 488 A/B candidates modelled, 374 successful, 315 judged lenses, 59 judged non-lens; per-object judgements not published","Q1 catalog grade=B, expert_score=1.560 (10 votes)",arXiv:2503.15324 Sect. 7.2; Zenodo 10.5281/zenodo.15025832 unsuccess.zip
euclid_q1_modeling,102021503_NEG655073934479995542,65.50739347435011,-47.999554233282666,inconclusive,"successfully modelled by Euclid Strong Lens Modelling Pipeline (SIE+shear): theta_E_eff=0.52 arcsec (1sigma 0.51-0.52); in Zenodo successful-model set (335 objects); release README: 'we hope that nearly all are strong lenses', but per-object lens/non-lens judgement is unpublished; SLDE-A aggregate: 488 A/B candidates modelled, 374 successful, 315 judged lenses, 59 judged non-lens; per-object judgements not published","Q1 catalog grade=A, expert_score=2.150 (9 votes)",arXiv:2503.15324 Sect. 7.2; Zenodo 10.5281/zenodo.15025832 modeling_lens_mass.csv+lens.zip
euclid_q1_modeling,102021503_NEG656130209478570072,65.61302094240996,-47.85700724338475,inconclusive,"modelling unsuccessful (Zenodo unsuccess.zip, 144 objects: 'modeling failures, non-lens status, or ambiguity'); per-object reason unpublished -- the ~59 modelling-rejected non-lenses are within this set but not individually identified; SLDE-A aggregate: 488 A/B candidates modelled, 374 successful, 315 judged lenses, 59 judged non-lens; per-object judgements not published","Q1 catalog grade=B, expert_score=1.793 (10 votes)",arXiv:2503.15324 Sect. 7.2; Zenodo 10.5281/zenodo.15025832 unsuccess.zip
euclid_q1_modeling,102021504_NEG663164014479278882,66.31640147748985,-47.92788825569146,inconclusive,"successfully modelled by Euclid Strong Lens Modelling Pipeline (SIE+shear): theta_E_eff=0.70 arcsec (1sigma 0.70-0.72); in Zenodo successful-model set (335 objects); release README: 'we hope that nearly all are strong lenses', but per-object lens/non-lens judgement is unpublished; SLDE-A aggregate: 488 A/B candidates modelled, 374 successful, 315 judged lenses, 59 judged non-lens; per-object judgements not published","Q1 catalog grade=A, expert_score=2.048 (10 votes)",arXiv:2503.15324 Sect. 7.2; Zenodo 10.5281/zenodo.15025832 modeling_lens_mass.csv+lens.zip
euclid_q1_modeling,102021504_NEG664151473481313012,66.41514731280975,-48.1313012839126,inconclusive,"group-scale lens candidate requiring multiple mass components, beyond scope of the Q1 automated pipeline (Zenodo group.zip, 41 objects); no modelling verdict; SLDE-A aggregate: 488 A/B candidates modelled, 374 successful, 315 judged lenses, 59 judged non-lens; per-object judgements not published","Q1 catalog grade=A, expert_score=2.395 (10 votes)",arXiv:2503.15324 Sect. 7.2; Zenodo 10.5281/zenodo.15025832 group.zip
euclid_q1_modeling,102021504_NEG664270221479670737,66.42702212332838,-47.96707373847487,inconclusive,"successfully modelled by Euclid Strong Lens Modelling Pipeline (SIE+shear): theta_E_eff=0.86 arcsec (1sigma 0.85-0.87); in Zenodo successful-model set (335 objects); release README: 'we hope that nearly all are strong lenses', but per-object lens/non-lens judgement is unpublished; SLDE-A aggregate: 488 A/B candidates modelled, 374 successful, 315 judged lenses, 59 judged non-lens; per-object judgements not published","Q1 catalog grade=B, expert_score=1.744 (10 votes)",arXiv:2503.15324 Sect. 7.2; Zenodo 10.5281/zenodo.15025832 modeling_lens_mass.csv+lens.zip
euclid_q1_modeling,102021504_NEG666846889481107505,66.6846889176653,-48.11075055876625,inconclusive,"successfully modelled by Euclid Strong Lens Modelling Pipeline (SIE+shear): theta_E_eff=1.09 arcsec (1sigma 1.09-1.09); in Zenodo successful-model set (335 objects); release README: 'we hope that nearly all are strong lenses', but per-object lens/non-lens judgement is unpublished; SLDE-A aggregate: 488 A/B candidates modelled, 374 successful, 315 judged lenses, 59 judged non-lens; per-object judgements not published","Q1 catalog grade=A, expert_score=2.913 (10 votes)",arXiv:2503.15324 Sect. 7.2; Zenodo 10.5281/zenodo.15025832 modeling_lens_mass.csv+lens.zip
euclid_q1_modeling,102021504_NEG667954670479292514,66.79546707520412,-47.92925147815606,inconclusive,"group-scale lens candidate requiring multiple mass components, beyond scope of the Q1 automated pipeline (Zenodo group.zip, 41 objects); no modelling verdict; SLDE-A aggregate: 488 A/B candidates modelled, 374 successful, 315 judged lenses, 59 judged non-lens; per-object judgements not published","Q1 catalog grade=B, expert_score=1.610 (9 votes)",arXiv:2503.15324 Sect. 7.2; Zenodo 10.5281/zenodo.15025832 group.zip
euclid_q1_modeling,102021504_NEG669028748480810029,66.90287483290972,-48.081002932370325,inconclusive,"successfully modelled by Euclid Strong Lens Modelling Pipeline (SIE+shear): theta_E_eff=0.55 arcsec (1sigma 0.54-0.56); in Zenodo successful-model set (335 objects); release README: 'we hope that nearly all are strong lenses', but per-object lens/non-lens judgement is unpublished; SLDE-A aggregate: 488 A/B candidates modelled, 374 successful, 315 judged lenses, 59 judged non-lens; per-object judgements not published","Q1 catalog grade=B, expert_score=1.823 (10 votes)",arXiv:2503.15324 Sect. 7.2; Zenodo 10.5281/zenodo.15025832 modeling_lens_mass.csv+lens.zip
euclid_q1_modeling,102021978_NEG565786336477092595,56.57863366543075,-47.70925955973561,inconclusive,"successfully modelled by Euclid Strong Lens Modelling Pipeline (SIE+shear): theta_E_eff=0.42 arcsec (1sigma 0.42-0.43); in Zenodo successful-model set (335 objects); release README: 'we hope that nearly all are strong lenses', but per-object lens/non-lens judgement is unpublished; SLDE-A aggregate: 488 A/B candidates modelled, 374 successful, 315 judged lenses, 59 judged non-lens; per-object judgements not published","Q1 catalog grade=B, expert_score=1.610 (9 votes)",arXiv:2503.15324 Sect. 7.2; Zenodo 10.5281/zenodo.15025832 modeling_lens_mass.csv+lens.zip
euclid_q1_modeling,102021980_NEG576667803474825283,57.66678036613653,-47.48252837001076,inconclusive,"successfully modelled by Euclid Strong Lens Modelling Pipeline (SIE+shear): theta_E_eff=1.06 arcsec (1sigma 1.06-1.07); in Zenodo successful-model set (335 objects); release README: 'we hope that nearly all are strong lenses', but per-object lens/non-lens judgement is unpublished; SLDE-A aggregate: 488 A/B candidates modelled, 374 successful, 315 judged lenses, 59 judged non-lens; per-object judgements not published","Q1 catalog grade=A, expert_score=2.681 (11 votes)",arXiv:2503.15324 Sect. 7.2; Zenodo 10.5281/zenodo.15025832 modeling_lens_mass.csv+lens.zip
euclid_q1_modeling,102021980_NEG577646036477033395,57.76460363684858,-47.703339537723664,inconclusive,"successfully modelled by Euclid Strong Lens Modelling Pipeline (SIE+shear): theta_E_eff=0.70 arcsec (1sigma 0.69-0.72); in Zenodo successful-model set (335 objects); release README: 'we hope that nearly all are strong lenses', but per-object lens/non-lens judgement is unpublished; SLDE-A aggregate: 488 A/B candidates modelled, 374 successful, 315 judged lenses, 59 judged non-lens; per-object judgements not published","Q1 catalog grade=A, expert_score=2.096 (9 votes)",arXiv:2503.15324 Sect. 7.2; Zenodo 10.5281/zenodo.15025832 modeling_lens_mass.csv+lens.zip
euclid_q1_modeling,102021980_NEG580387113476956642,58.03871130646088,-47.695664261641575,inconclusive,"modelling unsuccessful (Zenodo unsuccess.zip, 144 objects: 'modeling failures, non-lens status, or ambiguity'); per-object reason unpublished -- the ~59 modelling-rejected non-lenses are within this set but not individually identified; SLDE-A aggregate: 488 A/B candidates modelled, 374 successful, 315 judged lenses, 59 judged non-lens; per-object judgements not published","Q1 catalog grade=A, expert_score=2.389 (9 votes)",arXiv:2503.15324 Sect. 7.2; Zenodo 10.5281/zenodo.15025832 unsuccess.zip
euclid_q1_modeling,102021981_NEG583343318473770500,58.33433186316805,-47.37705009545618,inconclusive,"successfully modelled by Euclid Strong Lens Modelling Pipeline (SIE+shear): theta_E_eff=0.74 arcsec (1sigma 0.74-0.75); in Zenodo successful-model set (335 objects); release README: 'we hope that nearly all are strong lenses', but per-object lens/non-lens judgement is unpublished; SLDE-A aggregate: 488 A/B candidates modelled, 374 successful, 315 judged lenses, 59 judged non-lens; per-object judgements not published","Q1 catalog grade=B, expert_score=1.721 (10 votes)",arXiv:2503.15324 Sect. 7.2; Zenodo 10.5281/zenodo.15025832 modeling_lens_mass.csv+lens.zip
euclid_q1_modeling,102021981_NEG586493481476452509,58.64934816918978,-47.64525099288048,inconclusive,"successfully modelled by Euclid Strong Lens Modelling Pipeline (SIE+shear): theta_E_eff=1.04 arcsec (1sigma 1.04-1.05); in Zenodo successful-model set (335 objects); release README: 'we hope that nearly all are strong lenses', but per-object lens/non-lens judgement is unpublished; SLDE-A aggregate: 488 A/B candidates modelled, 374 successful, 315 judged lenses, 59 judged non-lens; per-object judgements not published","Q1 catalog grade=A, expert_score=2.401 (10 votes)",arXiv:2503.15324 Sect. 7.2; Zenodo 10.5281/zenodo.15025832 modeling_lens_mass.csv+lens.zip
euclid_q1_modeling,102021982_NEG590483847476549202,59.04838472769886,-47.65492024159551,inconclusive,"modelling unsuccessful (Zenodo unsuccess.zip, 144 objects: 'modeling failures, non-lens status, or ambiguity'); per-object reason unpublished -- the ~59 modelling-rejected non-lenses are within this set but not individually identified; SLDE-A aggregate: 488 A/B candidates modelled, 374 successful, 315 judged lenses, 59 judged non-lens; per-object judgements not published","Q1 catalog grade=B, expert_score=1.618 (9 votes)",arXiv:2503.15324 Sect. 7.2; Zenodo 10.5281/zenodo.15025832 unsuccess.zip
euclid_q1_modeling,102021982_NEG593574657477168830,59.35746571253708,-47.71688303229656,inconclusive,"successfully modelled by Euclid Strong Lens Modelling Pipeline (SIE+shear): theta_E_eff=0.45 arcsec (1sigma 0.44-0.45); in Zenodo successful-model set (335 objects); release README: 'we hope that nearly all are strong lenses', but per-object lens/non-lens judgement is unpublished; SLDE-A aggregate: 488 A/B candidates modelled, 374 successful, 315 judged lenses, 59 judged non-lens; per-object judgements not published","Q1 catalog grade=B, expert_score=1.595 (10 votes)",arXiv:2503.15324 Sect. 7.2; Zenodo 10.5281/zenodo.15025832 modeling_lens_mass.csv+lens.zip
euclid_q1_modeling,102021982_NEG594322234473727139,59.43222341809382,-47.372713987877226,inconclusive,"successfully modelled by Euclid Strong Lens Modelling Pipeline (SIE+shear): theta_E_eff=0.82 arcsec (1sigma 0.82-0.82); in Zenodo successful-model set (335 objects); release README: 'we hope that nearly all are strong lenses', but per-object lens/non-lens judgement is unpublished; SLDE-A aggregate: 488 A/B candidates modelled, 374 successful, 315 judged lenses, 59 judged non-lens; per-object judgements not published","Q1 catalog grade=B, expert_score=1.787 (10 votes)",arXiv:2503.15324 Sect. 7.2; Zenodo 10.5281/zenodo.15025832 modeling_lens_mass.csv+lens.zip
euclid_q1_modeling,102021982_NEG594333174476368664,59.43331745903771,-47.63686642414596,inconclusive,"successfully modelled by Euclid Strong Lens Modelling Pipeline (SIE+shear): theta_E_eff=1.48 arcsec (1sigma 1.48-1.48); in Zenodo successful-model set (335 objects); release README: 'we hope that nearly all are strong lenses', but per-object lens/non-lens judgement is unpublished; SLDE-A aggregate: 488 A/B candidates modelled, 374 successful, 315 judged lenses, 59 judged non-lens; per-object judgements not published","Q1 catalog grade=B, expert_score=1.725 (10 votes)",arXiv:2503.15324 Sect. 7.2; Zenodo 10.5281/zenodo.15025832 modeling_lens_mass.csv+lens.zip
euclid_q1_modeling,102021982_NEG597271535474325465,59.7271535701174,-47.43254656415838,inconclusive,"modelling unsuccessful (Zenodo unsuccess.zip, 144 objects: 'modeling failures, non-lens status, or ambiguity'); per-object reason unpublished -- the ~59 modelling-rejected non-lenses are within this set but not individually identified; SLDE-A aggregate: 488 A/B candidates modelled, 374 successful, 315 judged lenses, 59 judged non-lens; per-object judgements not published","Q1 catalog grade=B, expert_score=1.548 (10 votes)",arXiv:2503.15324 Sect. 7.2; Zenodo 10.5281/zenodo.15025832 unsuccess.zip
euclid_q1_modeling,102021984_NEG605671540476154903,60.56715403848347,-47.615490394669344,inconclusive,"successfully modelled by Euclid Strong Lens Modelling Pipeline (SIE+shear): theta_E_eff=1.10 arcsec (1sigma 1.09-1.12); in Zenodo successful-model set (335 objects); release README: 'we hope that nearly all are strong lenses', but per-object lens/non-lens judgement is unpublished; SLDE-A aggregate: 488 A/B candidates modelled, 374 successful, 315 judged lenses, 59 judged non-lens; per-object judgements not published","Q1 catalog grade=B, expert_score=1.960 (10 votes)",arXiv:2503.15324 Sect. 7.2; Zenodo 10.5281/zenodo.15025832 modeling_lens_mass.csv+lens.zip
euclid_q1_modeling,102021984_NEG609678648473892045,60.96786484901045,-47.38920450452581,inconclusive,"successfully modelled by Euclid Strong Lens Modelling Pipeline (SIE+shear): theta_E_eff=0.63 arcsec (1sigma 0.62-0.65); in Zenodo successful-model set (335 objects); release README: 'we hope that nearly all are strong lenses', but per-object lens/non-lens judgement is unpublished; SLDE-A aggregate: 488 A/B candidates modelled, 374 successful, 315 judged lenses, 59 judged non-lens; per-object judgements not published","Q1 catalog grade=A, expert_score=2.588 (10 votes)",arXiv:2503.15324 Sect. 7.2; Zenodo 10.5281/zenodo.15025832 modeling_lens_mass.csv+lens.zip
euclid_q1_modeling,102021984_NEG610367881474644147,61.03678813026211,-47.46441472398151,inconclusive,"successfully modelled by Euclid Strong Lens Modelling Pipeline (SIE+shear): theta_E_eff=0.99 arcsec (1sigma 0.99-1.00); in Zenodo successful-model set (335 objects); release README: 'we hope that nearly all are strong lenses', but per-object lens/non-lens judgement is unpublished; SLDE-A aggregate: 488 A/B candidates modelled, 374 successful, 315 judged lenses, 59 judged non-lens; per-object judgements not published","Q1 catalog grade=A, expert_score=2.909 (11 votes)",arXiv:2503.15324 Sect. 7.2; Zenodo 10.5281/zenodo.15025832 modeling_lens_mass.csv+lens.zip
euclid_q1_modeling,102021985_NEG615462575476067577,61.54625759294912,-47.60675777390789,inconclusive,"successfully modelled by Euclid Strong Lens Modelling Pipeline (SIE+shear): theta_E_eff=0.90 arcsec (1sigma 0.88-0.91); in Zenodo successful-model set (335 objects); release README: 'we hope that nearly all are strong lenses', but per-object lens/non-lens judgement is unpublished; SLDE-A aggregate: 488 A/B candidates modelled, 374 successful, 315 judged lenses, 59 judged non-lens; per-object judgements not published","Q1 catalog grade=B, expert_score=1.921 (10 votes)",arXiv:2503.15324 Sect. 7.2; Zenodo 10.5281/zenodo.15025832 modeling_lens_mass.csv+lens.zip
euclid_q1_modeling,102021985_NEG616063813472801324,61.606381326933146,-47.28013242538863,inconclusive,"successfully modelled by Euclid Strong Lens Modelling Pipeline (SIE+shear): theta_E_eff=0.41 arcsec (1sigma 0.40-0.42); in Zenodo successful-model set (335 objects); release README: 'we hope that nearly all are strong lenses', but per-object lens/non-lens judgement is unpublished; SLDE-A aggregate: 488 A/B candidates modelled, 374 successful, 315 judged lenses, 59 judged non-lens; per-object judgements not published","Q1 catalog grade=B, expert_score=1.523 (10 votes)",arXiv:2503.15324 Sect. 7.2; Zenodo 10.5281/zenodo.15025832 modeling_lens_mass.csv+lens.zip
euclid_q1_modeling,102021986_NEG619535738476339304,61.9535738292272,-47.63393044312661,inconclusive,"successfully modelled by Euclid Strong Lens Modelling Pipeline (SIE+shear): theta_E_eff=0.71 arcsec (1sigma 0.70-0.72); in Zenodo successful-model set (335 objects); release README: 'we hope that nearly all are strong lenses', but per-object lens/non-lens judgement is unpublished; SLDE-A aggregate: 488 A/B candidates modelled, 374 successful, 315 judged lenses, 59 judged non-lens; per-object judgements not published","Q1 catalog grade=A, expert_score=2.200 (9 votes)",arXiv:2503.15324 Sect. 7.2; Zenodo 10.5281/zenodo.15025832 modeling_lens_mass.csv+lens.zip
euclid_q1_modeling,102021986_NEG621796804473410288,62.179680491291656,-47.34102886093636,inconclusive,"successfully modelled by Euclid Strong Lens Modelling Pipeline (SIE+shear): theta_E_eff=0.68 arcsec (1sigma 0.67-0.69); in Zenodo successful-model set (335 objects); release README: 'we hope that nearly all are strong lenses', but per-object lens/non-lens judgement is unpublished; SLDE-A aggregate: 488 A/B candidates modelled, 374 successful, 315 judged lenses, 59 judged non-lens; per-object judgements not published","Q1 catalog grade=B, expert_score=1.737 (10 votes)",arXiv:2503.15324 Sect. 7.2; Zenodo 10.5281/zenodo.15025832 modeling_lens_mass.csv+lens.zip
euclid_q1_modeling,102021986_NEG622189376472948583,62.21893769144855,-47.29485831343858,inconclusive,"group-scale lens candidate requiring multiple mass components, beyond scope of the Q1 automated pipeline (Zenodo group.zip, 41 objects); no modelling verdict; also listed in unsuccess.zip; SLDE-A aggregate: 488 A/B candidates modelled, 374 successful, 315 judged lenses, 59 judged non-lens; per-object judgements not published","Q1 catalog grade=B, expert_score=1.922 (9 votes)",arXiv:2503.15324 Sect. 7.2; Zenodo 10.5281/zenodo.15025832 group.zip
euclid_q1_modeling,102021986_NEG622483671477358161,62.24836718683294,-47.73581613037174,inconclusive,"modelling unsuccessful (Zenodo unsuccess.zip, 144 objects: 'modeling failures, non-lens status, or ambiguity'); per-object reason unpublished -- the ~59 modelling-rejected non-lenses are within this set but not individually identified; SLDE-A aggregate: 488 A/B candidates modelled, 374 successful, 315 judged lenses, 59 judged non-lens; per-object judgements not published","Q1 catalog grade=B, expert_score=1.556 (9 votes)",arXiv:2503.15324 Sect. 7.2; Zenodo 10.5281/zenodo.15025832 unsuccess.zip
euclid_q1_modeling,102021986_NEG624049517477067447,62.40495179198199,-47.70674479492207,inconclusive,"modelling unsuccessful (Zenodo unsuccess.zip, 144 objects: 'modeling failures, non-lens status, or ambiguity'); per-object reason unpublished -- the ~59 modelling-rejected non-lenses are within this set but not individually identified; SLDE-A aggregate: 488 A/B candidates modelled, 374 successful, 315 judged lenses, 59 judged non-lens; per-object judgements not published","Q1 catalog grade=B, expert_score=1.632 (10 votes)",arXiv:2503.15324 Sect. 7.2; Zenodo 10.5281/zenodo.15025832 unsuccess.zip
euclid_q1_modeling,102021987_NEG632575884473969454,63.25758842582554,-47.396945472706,inconclusive,"successfully modelled by Euclid Strong Lens Modelling Pipeline (SIE+shear): theta_E_eff=1.09 arcsec (1sigma 1.08-1.10); in Zenodo successful-model set (335 objects); release README: 'we hope that nearly all are strong lenses', but per-object lens/non-lens judgement is unpublished; SLDE-A aggregate: 488 A/B candidates modelled, 374 successful, 315 judged lenses, 59 judged non-lens; per-object judgements not published","Q1 catalog grade=A, expert_score=2.010 (10 votes)",arXiv:2503.15324 Sect. 7.2; Zenodo 10.5281/zenodo.15025832 modeling_lens_mass.csv+lens.zip
euclid_q1_modeling,102021988_NEG636381546474267847,63.63815462617454,-47.42678472523166,inconclusive,"successfully modelled by Euclid Strong Lens Modelling Pipeline (SIE+shear): theta_E_eff=0.60 arcsec (1sigma 0.59-0.61); in Zenodo successful-model set (335 objects); release README: 'we hope that nearly all are strong lenses', but per-object lens/non-lens judgement is unpublished; SLDE-A aggregate: 488 A/B candidates modelled, 374 successful, 315 judged lenses, 59 judged non-lens; per-object judgements not published","Q1 catalog grade=B, expert_score=1.821 (10 votes)",arXiv:2503.15324 Sect. 7.2; Zenodo 10.5281/zenodo.15025832 modeling_lens_mass.csv+lens.zip
euclid_q1_modeling,102021988_NEG637841878475955814,63.7841878,-47.5955814,inconclusive,"successfully modelled by Euclid Strong Lens Modelling Pipeline (SIE+shear): theta_E_eff=nan arcsec (1sigma nan-nan); in Zenodo successful-model set (335 objects); release README: 'we hope that nearly all are strong lenses', but per-object lens/non-lens judgement is unpublished; also listed in recenter.zip; SLDE-A aggregate: 488 A/B candidates modelled, 374 successful, 315 judged lenses, 59 judged non-lens; per-object judgements not published",not in released Q1 catalog (coordinates decoded from object_id),arXiv:2503.15324 Sect. 7.2; Zenodo 10.5281/zenodo.15025832 modeling_lens_mass.csv+lens.zip
euclid_q1_modeling,102021988_NEG640289253474412348,64.0289253232282,-47.44123483439196,inconclusive,"successfully modelled by Euclid Strong Lens Modelling Pipeline (SIE+shear): theta_E_eff=1.16 arcsec (1sigma 1.16-1.17); in Zenodo successful-model set (335 objects); release README: 'we hope that nearly all are strong lenses', but per-object lens/non-lens judgement is unpublished; SLDE-A aggregate: 488 A/B candidates modelled, 374 successful, 315 judged lenses, 59 judged non-lens; per-object judgements not published","Q1 catalog grade=A, expert_score=2.713 (11 votes)",arXiv:2503.15324 Sect. 7.2; Zenodo 10.5281/zenodo.15025832 modeling_lens_mass.csv+lens.zip
euclid_q1_modeling,102021989_NEG644172618476134973,64.41726186763333,-47.61349731436477,inconclusive,"successfully modelled by Euclid Strong Lens Modelling Pipeline (SIE+shear): theta_E_eff=0.76 arcsec (1sigma 0.72-0.76); in Zenodo successful-model set (335 objects); release README: 'we hope that nearly all are strong lenses', but per-object lens/non-lens judgement is unpublished; SLDE-A aggregate: 488 A/B candidates modelled, 374 successful, 315 judged lenses, 59 judged non-lens; per-object judgements not published","Q1 catalog grade=A, expert_score=2.764 (10 votes)",arXiv:2503.15324 Sect. 7.2; Zenodo 10.5281/zenodo.15025832 modeling_lens_mass.csv+lens.zip
euclid_q1_modeling,102021990_NEG650312660474055399,65.03126603454716,-47.40553996348327,inconclusive,"group-scale lens candidate requiring multiple mass components, beyond scope of the Q1 automated pipeline (Zenodo group.zip, 41 objects); no modelling verdict; SLDE-A aggregate: 488 A/B candidates modelled, 374 successful, 315 judged lenses, 59 judged non-lens; per-object judgements not published","Q1 catalog grade=A, expert_score=2.836 (10 votes)",arXiv:2503.15324 Sect. 7.2; Zenodo 10.5281/zenodo.15025832 group.zip
euclid_q1_modeling,102021990_NEG651246796473086761,65.12467967083242,-47.30867614502389,inconclusive,"successfully modelled by Euclid Strong Lens Modelling Pipeline (SIE+shear): theta_E_eff=1.60 arcsec (1sigma 1.59-1.62); in Zenodo successful-model set (335 objects); release README: 'we hope that nearly all are strong lenses', but per-object lens/non-lens judgement is unpublished; SLDE-A aggregate: 488 A/B candidates modelled, 374 successful, 315 judged lenses, 59 judged non-lens; per-object judgements not published","Q1 catalog grade=A, expert_score=2.078 (10 votes)",arXiv:2503.15324 Sect. 7.2; Zenodo 10.5281/zenodo.15025832 modeling_lens_mass.csv+lens.zip
euclid_q1_modeling,102022474_NEG590266584471556814,59.02665840481892,-47.15568145118306,inconclusive,"group-scale lens candidate requiring multiple mass components, beyond scope of the Q1 automated pipeline (Zenodo group.zip, 41 objects); no modelling verdict; also listed in unsuccess.zip; SLDE-A aggregate: 488 A/B candidates modelled, 374 successful, 315 judged lenses, 59 judged non-lens; per-object judgements not published","Q1 catalog grade=A, expert_score=2.286 (10 votes)",arXiv:2503.15324 Sect. 7.2; Zenodo 10.5281/zenodo.15025832 group.zip
euclid_q1_modeling,102022474_NEG591186165469192016,59.1186165209685,-46.91920162927952,inconclusive,"successfully modelled by Euclid Strong Lens Modelling Pipeline (SIE+shear): theta_E_eff=0.45 arcsec (1sigma 0.45-0.46); in Zenodo successful-model set (335 objects); release README: 'we hope that nearly all are strong lenses', but per-object lens/non-lens judgement is unpublished; SLDE-A aggregate: 488 A/B candidates modelled, 374 successful, 315 judged lenses, 59 judged non-lens; per-object judgements not published","Q1 catalog grade=A, expert_score=2.374 (9 votes)",arXiv:2503.15324 Sect. 7.2; Zenodo 10.5281/zenodo.15025832 modeling_lens_mass.csv+lens.zip
euclid_q1_modeling,102022476_NEG601657296470027378,60.165729654101575,-47.002737869545705,inconclusive,"modelling unsuccessful (Zenodo unsuccess.zip, 144 objects: 'modeling failures, non-lens status, or ambiguity'); per-object reason unpublished -- the ~59 modelling-rejected non-lenses are within this set but not individually identified; SLDE-A aggregate: 488 A/B candidates modelled, 374 successful, 315 judged lenses, 59 judged non-lens; per-object judgements not published","Q1 catalog grade=B, expert_score=1.671 (10 votes)",arXiv:2503.15324 Sect. 7.2; Zenodo 10.5281/zenodo.15025832 unsuccess.zip
euclid_q1_modeling,102022477_NEG611759342471748630,61.17593429956104,-47.17486301277761,inconclusive,"successfully modelled by Euclid Strong Lens Modelling Pipeline (SIE+shear): theta_E_eff=0.66 arcsec (1sigma 0.66-0.66); in Zenodo successful-model set (335 objects); release README: 'we hope that nearly all are strong lenses', but per-object lens/non-lens judgement is unpublished; SLDE-A aggregate: 488 A/B candidates modelled, 374 successful, 315 judged lenses, 59 judged non-lens; per-object judgements not published","Q1 catalog grade=B, expert_score=1.744 (10 votes)",arXiv:2503.15324 Sect. 7.2; Zenodo 10.5281/zenodo.15025832 modeling_lens_mass.csv+lens.zip
euclid_q1_modeling,102022477_NEG612993633468010321,61.29936330935708,-46.80103217199372,inconclusive,"successfully modelled by Euclid Strong Lens Modelling Pipeline (SIE+shear): theta_E_eff=0.94 arcsec (1sigma 0.94-0.98); in Zenodo successful-model set (335 objects); release README: 'we hope that nearly all are strong lenses', but per-object lens/non-lens judgement is unpublished; SLDE-A aggregate: 488 A/B candidates modelled, 374 successful, 315 judged lenses, 59 judged non-lens; per-object judgements not published","Q1 catalog grade=B, expert_score=1.788 (9 votes)",arXiv:2503.15324 Sect. 7.2; Zenodo 10.5281/zenodo.15025832 modeling_lens_mass.csv+lens.zip
euclid_q1_modeling,102022477_NEG613081088467583327,61.30810882911898,-46.758332721325424,inconclusive,"modelling unsuccessful (Zenodo unsuccess.zip, 144 objects: 'modeling failures, non-lens status, or ambiguity'); per-object reason unpublished -- the ~59 modelling-rejected non-lenses are within this set but not individually identified; SLDE-A aggregate: 488 A/B candidates modelled, 374 successful, 315 judged lenses, 59 judged non-lens; per-object judgements not published","Q1 catalog grade=B, expert_score=1.917 (10 votes)",arXiv:2503.15324 Sect. 7.2; Zenodo 10.5281/zenodo.15025832 unsuccess.zip
euclid_q1_modeling,102022478_NEG615325075470840323,61.53250755299951,-47.08403232533755,inconclusive,"modelling unsuccessful (Zenodo unsuccess.zip, 144 objects: 'modeling failures, non-lens status, or ambiguity'); per-object reason unpublished -- the ~59 modelling-rejected non-lenses are within this set but not individually identified; SLDE-A aggregate: 488 A/B candidates modelled, 374 successful, 315 judged lenses, 59 judged non-lens; per-object judgements not published","Q1 catalog grade=B, expert_score=1.549 (10 votes)",arXiv:2503.15324 Sect. 7.2; Zenodo 10.5281/zenodo.15025832 unsuccess.zip
euclid_q1_modeling,102022479_NEG621145334471255869,62.11453340376329,-47.12558698760536,inconclusive,"successfully modelled by Euclid Strong Lens Modelling Pipeline (SIE+shear): theta_E_eff=0.92 arcsec (1sigma 0.92-0.93); in Zenodo successful-model set (335 objects); release README: 'we hope that nearly all are strong lenses', but per-object lens/non-lens judgement is unpublished; SLDE-A aggregate: 488 A/B candidates modelled, 374 successful, 315 judged lenses, 59 judged non-lens; per-object judgements not published","Q1 catalog grade=B, expert_score=1.663 (9 votes)",arXiv:2503.15324 Sect. 7.2; Zenodo 10.5281/zenodo.15025832 modeling_lens_mass.csv+lens.zip
euclid_q1_modeling,102022479_NEG623150693471748758,62.315069322771095,-47.17487589182628,inconclusive,"successfully modelled by Euclid Strong Lens Modelling Pipeline (SIE+shear): theta_E_eff=0.44 arcsec (1sigma 0.43-0.44); in Zenodo successful-model set (335 objects); release README: 'we hope that nearly all are strong lenses', but per-object lens/non-lens judgement is unpublished; SLDE-A aggregate: 488 A/B candidates modelled, 374 successful, 315 judged lenses, 59 judged non-lens; per-object judgements not published","Q1 catalog grade=B, expert_score=1.758 (10 votes)",arXiv:2503.15324 Sect. 7.2; Zenodo 10.5281/zenodo.15025832 modeling_lens_mass.csv+lens.zip
euclid_q1_modeling,102022479_NEG623367075470669448,62.33670758594723,-47.06694489009498,inconclusive,"modelling unsuccessful (Zenodo unsuccess.zip, 144 objects: 'modeling failures, non-lens status, or ambiguity'); per-object reason unpublished -- the ~59 modelling-rejected non-lenses are within this set but not individually identified; SLDE-A aggregate: 488 A/B candidates modelled, 374 successful, 315 judged lenses, 59 judged non-lens; per-object judgements not published","Q1 catalog grade=A, expert_score=2.237 (10 votes)",arXiv:2503.15324 Sect. 7.2; Zenodo 10.5281/zenodo.15025832 unsuccess.zip
euclid_q1_modeling,102022480_NEG630160205470193218,63.01602051543424,-47.01932185662968,inconclusive,"successfully modelled by Euclid Strong Lens Modelling Pipeline (SIE+shear): theta_E_eff=0.79 arcsec (1sigma 0.78-0.81); in Zenodo successful-model set (335 objects); release README: 'we hope that nearly all are strong lenses', but per-object lens/non-lens judgement is unpublished; SLDE-A aggregate: 488 A/B candidates modelled, 374 successful, 315 judged lenses, 59 judged non-lens; per-object judgements not published","Q1 catalog grade=B, expert_score=1.934 (10 votes)",arXiv:2503.15324 Sect. 7.2; Zenodo 10.5281/zenodo.15025832 modeling_lens_mass.csv+lens.zip
euclid_q1_modeling,102022481_NEG640261052470604135,64.02610523083732,-47.06041352139383,inconclusive,"modelling unsuccessful (Zenodo unsuccess.zip, 144 objects: 'modeling failures, non-lens status, or ambiguity'); per-object reason unpublished -- the ~59 modelling-rejected non-lenses are within this set but not individually identified; SLDE-A aggregate: 488 A/B candidates modelled, 374 successful, 315 judged lenses, 59 judged non-lens; per-object judgements not published","Q1 catalog grade=B, expert_score=1.570 (10 votes)",arXiv:2503.15324 Sect. 7.2; Zenodo 10.5281/zenodo.15025832 unsuccess.zip
euclid_q1_modeling,102022481_NEG641874067471349140,64.18740679417816,-47.1349140790585,inconclusive,"successfully modelled by Euclid Strong Lens Modelling Pipeline (SIE+shear): theta_E_eff=0.74 arcsec (1sigma 0.74-0.77); in Zenodo successful-model set (335 objects); release README: 'we hope that nearly all are strong lenses', but per-object lens/non-lens judgement is unpublished; SLDE-A aggregate: 488 A/B candidates modelled, 374 successful, 315 judged lenses, 59 judged non-lens; per-object judgements not published","Q1 catalog grade=B, expert_score=1.533 (10 votes)",arXiv:2503.15324 Sect. 7.2; Zenodo 10.5281/zenodo.15025832 modeling_lens_mass.csv+lens.zip
euclid_q1_modeling,102022482_NEG644534872469264836,64.4534872752285,-46.92648360348397,inconclusive,"modelling unsuccessful (Zenodo unsuccess.zip, 144 objects: 'modeling failures, non-lens status, or ambiguity'); per-object reason unpublished -- the ~59 modelling-rejected non-lenses are within this set but not individually identified; SLDE-A aggregate: 488 A/B candidates modelled, 374 successful, 315 judged lenses, 59 judged non-lens; per-object judgements not published","Q1 catalog grade=A, expert_score=2.577 (10 votes)",arXiv:2503.15324 Sect. 7.2; Zenodo 10.5281/zenodo.15025832 unsuccess.zip
euclid_q1_modeling,102022482_NEG647287168468367807,64.72871684880818,-46.836780720130186,inconclusive,"cutout mis-centred, which broke lens modelling (Zenodo recenter.zip, 18 objects); no modelling verdict; SLDE-A aggregate: 488 A/B candidates modelled, 374 successful, 315 judged lenses, 59 judged non-lens; per-object judgements not published","Q1 catalog grade=B, expert_score=1.744 (10 votes)",arXiv:2503.15324 Sect. 7.2; Zenodo 10.5281/zenodo.15025832 recenter.zip
euclid_q1_modeling,102022483_NEG650705793470600869,65.07057938390258,-47.060086929961074,inconclusive,"group-scale lens candidate requiring multiple mass components, beyond scope of the Q1 automated pipeline (Zenodo group.zip, 41 objects); no modelling verdict; SLDE-A aggregate: 488 A/B candidates modelled, 374 successful, 315 judged lenses, 59 judged non-lens; per-object judgements not published","Q1 catalog grade=B, expert_score=1.691 (10 votes)",arXiv:2503.15324 Sect. 7.2; Zenodo 10.5281/zenodo.15025832 group.zip
euclid_q1_modeling,102022483_NEG653290299470260264,65.32902999175099,-47.02602645865221,inconclusive,"successfully modelled by Euclid Strong Lens Modelling Pipeline (SIE+shear): theta_E_eff=0.68 arcsec (1sigma 0.68-0.69); in Zenodo successful-model set (335 objects); release README: 'we hope that nearly all are strong lenses', but per-object lens/non-lens judgement is unpublished; SLDE-A aggregate: 488 A/B candidates modelled, 374 successful, 315 judged lenses, 59 judged non-lens; per-object judgements not published","Q1 catalog grade=A, expert_score=2.580 (9 votes)",arXiv:2503.15324 Sect. 7.2; Zenodo 10.5281/zenodo.15025832 modeling_lens_mass.csv+lens.zip
euclid_q1_modeling,102022483_NEG653649683470250799,65.36496839836326,-47.02507994136218,inconclusive,"group-scale lens candidate requiring multiple mass components, beyond scope of the Q1 automated pipeline (Zenodo group.zip, 41 objects); no modelling verdict; SLDE-A aggregate: 488 A/B candidates modelled, 374 successful, 315 judged lenses, 59 judged non-lens; per-object judgements not published","Q1 catalog grade=B, expert_score=1.807 (10 votes)",arXiv:2503.15324 Sect. 7.2; Zenodo 10.5281/zenodo.15025832 group.zip
euclid_q1_modeling,102022484_NEG657584203469449092,65.75842037046594,-46.94490921493867,inconclusive,"successfully modelled by Euclid Strong Lens Modelling Pipeline (SIE+shear): theta_E_eff=1.21 arcsec (1sigma 1.20-1.22); in Zenodo successful-model set (335 objects); release README: 'we hope that nearly all are strong lenses', but per-object lens/non-lens judgement is unpublished; SLDE-A aggregate: 488 A/B candidates modelled, 374 successful, 315 judged lenses, 59 judged non-lens; per-object judgements not published","Q1 catalog grade=A, expert_score=2.144 (10 votes)",arXiv:2503.15324 Sect. 7.2; Zenodo 10.5281/zenodo.15025832 modeling_lens_mass.csv+lens.zip
euclid_q1_modeling,102022972_NEG597052478465695317,59.70524784467164,-46.56953177707104,inconclusive,"group-scale lens candidate requiring multiple mass components, beyond scope of the Q1 automated pipeline (Zenodo group.zip, 41 objects); no modelling verdict; SLDE-A aggregate: 488 A/B candidates modelled, 374 successful, 315 judged lenses, 59 judged non-lens; per-object judgements not published","Q1 catalog grade=A, expert_score=2.014 (10 votes)",arXiv:2503.15324 Sect. 7.2; Zenodo 10.5281/zenodo.15025832 group.zip
euclid_q1_modeling,102022972_NEG599491896465629208,59.949189604347374,-46.56292082434012,inconclusive,"modelling unsuccessful (Zenodo unsuccess.zip, 144 objects: 'modeling failures, non-lens status, or ambiguity'); per-object reason unpublished -- the ~59 modelling-rejected non-lenses are within this set but not individually identified; SLDE-A aggregate: 488 A/B candidates modelled, 374 successful, 315 judged lenses, 59 judged non-lens; per-object judgements not published","Q1 catalog grade=C, expert_score=1.422 (9 votes)",arXiv:2503.15324 Sect. 7.2; Zenodo 10.5281/zenodo.15025832 unsuccess.zip
euclid_q1_modeling,102022973_NEG606454307466806991,60.64543078160698,-46.68069910195588,inconclusive,"modelling unsuccessful (Zenodo unsuccess.zip, 144 objects: 'modeling failures, non-lens status, or ambiguity'); per-object reason unpublished -- the ~59 modelling-rejected non-lenses are within this set but not individually identified; SLDE-A aggregate: 488 A/B candidates modelled, 374 successful, 315 judged lenses, 59 judged non-lens; per-object judgements not published","Q1 catalog grade=A, expert_score=2.144 (10 votes)",arXiv:2503.15324 Sect. 7.2; Zenodo 10.5281/zenodo.15025832 unsuccess.zip
euclid_q1_modeling,102022974_NEG610978759464405134,61.09787596659113,-46.44051347581706,inconclusive,"successfully modelled by Euclid Strong Lens Modelling Pipeline (SIE+shear): theta_E_eff=0.78 arcsec (1sigma 0.76-0.80); in Zenodo successful-model set (335 objects); release README: 'we hope that nearly all are strong lenses', but per-object lens/non-lens judgement is unpublished; SLDE-A aggregate: 488 A/B candidates modelled, 374 successful, 315 judged lenses, 59 judged non-lens; per-object judgements not published","Q1 catalog grade=B, expert_score=1.556 (10 votes)",arXiv:2503.15324 Sect. 7.2; Zenodo 10.5281/zenodo.15025832 modeling_lens_mass.csv+lens.zip
euclid_q1_modeling,102022975_NEG617890913466103850,61.78909134803828,-46.61038501355464,inconclusive,"successfully modelled by Euclid Strong Lens Modelling Pipeline (SIE+shear): theta_E_eff=nan arcsec (1sigma nan-nan); in Zenodo successful-model set (335 objects); release README: 'we hope that nearly all are strong lenses', but per-object lens/non-lens judgement is unpublished; SLDE-A aggregate: 488 A/B candidates modelled, 374 successful, 315 judged lenses, 59 judged non-lens; per-object judgements not published","Q1 catalog grade=A, expert_score=2.272 (8 votes)",arXiv:2503.15324 Sect. 7.2; Zenodo 10.5281/zenodo.15025832 modeling_lens_mass.csv+lens.zip
euclid_q1_modeling,102022977_NEG631763965463618343,63.176396555414215,-46.36183434674613,inconclusive,"successfully modelled by Euclid Strong Lens Modelling Pipeline (SIE+shear): theta_E_eff=0.54 arcsec (1sigma 0.53-0.56); in Zenodo successful-model set (335 objects); release README: 'we hope that nearly all are strong lenses', but per-object lens/non-lens judgement is unpublished; SLDE-A aggregate: 488 A/B candidates modelled, 374 successful, 315 judged lenses, 59 judged non-lens; per-object judgements not published","Q1 catalog grade=B, expert_score=1.810 (10 votes)",arXiv:2503.15324 Sect. 7.2; Zenodo 10.5281/zenodo.15025832 modeling_lens_mass.csv+lens.zip
euclid_q1_modeling,102022978_NEG639856435467273842,63.9856435425629,-46.72738424488188,inconclusive,"successfully modelled by Euclid Strong Lens Modelling Pipeline (SIE+shear): theta_E_eff=1.31 arcsec (1sigma 1.30-1.31); in Zenodo successful-model set (335 objects); release README: 'we hope that nearly all are strong lenses', but per-object lens/non-lens judgement is unpublished; SLDE-A aggregate: 488 A/B candidates modelled, 374 successful, 315 judged lenses, 59 judged non-lens; per-object judgements not published","Q1 catalog grade=A, expert_score=2.395 (10 votes)",arXiv:2503.15324 Sect. 7.2; Zenodo 10.5281/zenodo.15025832 modeling_lens_mass.csv+lens.zip
euclid_q1_modeling,102022980_NEG653069109465982282,65.30691092767607,-46.59822823435719,inconclusive,"modelling unsuccessful (Zenodo unsuccess.zip, 144 objects: 'modeling failures, non-lens status, or ambiguity'); per-object reason unpublished -- the ~59 modelling-rejected non-lenses are within this set but not individually identified; SLDE-A aggregate: 488 A/B candidates modelled, 374 successful, 315 judged lenses, 59 judged non-lens; per-object judgements not published","Q1 catalog grade=A, expert_score=2.276 (10 votes)",arXiv:2503.15324 Sect. 7.2; Zenodo 10.5281/zenodo.15025832 unsuccess.zip
euclid_q1_modeling,102022980_NEG657082285467450951,65.70822852262235,-46.74509511325952,inconclusive,"successfully modelled by Euclid Strong Lens Modelling Pipeline (SIE+shear): theta_E_eff=0.91 arcsec (1sigma 0.89-0.93); in Zenodo successful-model set (335 objects); release README: 'we hope that nearly all are strong lenses', but per-object lens/non-lens judgement is unpublished; SLDE-A aggregate: 488 A/B candidates modelled, 374 successful, 315 judged lenses, 59 judged non-lens; per-object judgements not published","Q1 catalog grade=B, expert_score=1.765 (8 votes)",arXiv:2503.15324 Sect. 7.2; Zenodo 10.5281/zenodo.15025832 modeling_lens_mass.csv+lens.zip
euclid_q1_modeling,102022980_NEG657553777465731159,65.75537771041878,-46.57311597346415,inconclusive,"successfully modelled by Euclid Strong Lens Modelling Pipeline (SIE+shear): theta_E_eff=0.57 arcsec (1sigma 0.57-0.57); in Zenodo successful-model set (335 objects); release README: 'we hope that nearly all are strong lenses', but per-object lens/non-lens judgement is unpublished; SLDE-A aggregate: 488 A/B candidates modelled, 374 successful, 315 judged lenses, 59 judged non-lens; per-object judgements not published","Q1 catalog grade=A, expert_score=2.757 (10 votes)",arXiv:2503.15324 Sect. 7.2; Zenodo 10.5281/zenodo.15025832 modeling_lens_mass.csv+lens.zip
euclid_q1_modeling,102023476_NEG610025395461180513,61.00253957732884,-46.11805137162271,inconclusive,"successfully modelled by Euclid Strong Lens Modelling Pipeline (SIE+shear): theta_E_eff=1.49 arcsec (1sigma 1.49-1.49); in Zenodo successful-model set (335 objects); release README: 'we hope that nearly all are strong lenses', but per-object lens/non-lens judgement is unpublished; SLDE-A aggregate: 488 A/B candidates modelled, 374 successful, 315 judged lenses, 59 judged non-lens; per-object judgements not published","Q1 catalog grade=A, expert_score=3.018 (10 votes)",arXiv:2503.15324 Sect. 7.2; Zenodo 10.5281/zenodo.15025832 modeling_lens_mass.csv+lens.zip
euclid_q1_modeling,102023478_NEG628457640459296313,62.84576401449824,-45.92963139466405,inconclusive,"successfully modelled by Euclid Strong Lens Modelling Pipeline (SIE+shear): theta_E_eff=1.20 arcsec (1sigma 1.19-1.20); in Zenodo successful-model set (335 objects); release README: 'we hope that nearly all are strong lenses', but per-object lens/non-lens judgement is unpublished; SLDE-A aggregate: 488 A/B candidates modelled, 374 successful, 315 judged lenses, 59 judged non-lens; per-object judgements not published","Q1 catalog grade=A, expert_score=3.109 (10 votes)",arXiv:2503.15324 Sect. 7.2; Zenodo 10.5281/zenodo.15025832 modeling_lens_mass.csv+lens.zip
euclid_q1_modeling,102023479_NEG631968882458727056,63.196888272888046,-45.87270566524282,inconclusive,"successfully modelled by Euclid Strong Lens Modelling Pipeline (SIE+shear): theta_E_eff=0.69 arcsec (1sigma 0.68-0.70); in Zenodo successful-model set (335 objects); release README: 'we hope that nearly all are strong lenses', but per-object lens/non-lens judgement is unpublished; SLDE-A aggregate: 488 A/B candidates modelled, 374 successful, 315 judged lenses, 59 judged non-lens; per-object judgements not published","Q1 catalog grade=A, expert_score=2.507 (10 votes)",arXiv:2503.15324 Sect. 7.2; Zenodo 10.5281/zenodo.15025832 modeling_lens_mass.csv+lens.zip
euclid_q1_modeling,102023479_NEG633382827461467539,63.33828270800054,-46.14675398144309,inconclusive,"successfully modelled by Euclid Strong Lens Modelling Pipeline (SIE+shear): theta_E_eff=0.70 arcsec (1sigma 0.70-0.72); in Zenodo successful-model set (335 objects); release README: 'we hope that nearly all are strong lenses', but per-object lens/non-lens judgement is unpublished; SLDE-A aggregate: 488 A/B candidates modelled, 374 successful, 315 judged lenses, 59 judged non-lens; per-object judgements not published","Q1 catalog grade=A, expert_score=2.144 (10 votes)",arXiv:2503.15324 Sect. 7.2; Zenodo 10.5281/zenodo.15025832 modeling_lens_mass.csv+lens.zip
euclid_q1_modeling,102023479_NEG633491501461458871,63.34915010836785,-46.14588710558657,inconclusive,"modelling unsuccessful (Zenodo unsuccess.zip, 144 objects: 'modeling failures, non-lens status, or ambiguity'); per-object reason unpublished -- the ~59 modelling-rejected non-lenses are within this set but not individually identified; SLDE-A aggregate: 488 A/B candidates modelled, 374 successful, 315 judged lenses, 59 judged non-lens; per-object judgements not published","Q1 catalog grade=B, expert_score=1.706 (9 votes)",arXiv:2503.15324 Sect. 7.2; Zenodo 10.5281/zenodo.15025832 unsuccess.zip
euclid_q1_modeling,102023480_NEG640021734460830824,64.00217342456871,-46.08308249206795,inconclusive,"successfully modelled by Euclid Strong Lens Modelling Pipeline (SIE+shear): theta_E_eff=0.50 arcsec (1sigma 0.49-0.50); in Zenodo successful-model set (335 objects); release README: 'we hope that nearly all are strong lenses', but per-object lens/non-lens judgement is unpublished; SLDE-A aggregate: 488 A/B candidates modelled, 374 successful, 315 judged lenses, 59 judged non-lens; per-object judgements not published","Q1 catalog grade=B, expert_score=1.744 (10 votes)",arXiv:2503.15324 Sect. 7.2; Zenodo 10.5281/zenodo.15025832 modeling_lens_mass.csv+lens.zip
euclid_q1_modeling,102023480_NEG640270096460844048,64.02700969109169,-46.08440488708592,inconclusive,"successfully modelled by Euclid Strong Lens Modelling Pipeline (SIE+shear): theta_E_eff=1.25 arcsec (1sigma 1.22-1.26); in Zenodo successful-model set (335 objects); release README: 'we hope that nearly all are strong lenses', but per-object lens/non-lens judgement is unpublished; SLDE-A aggregate: 488 A/B candidates modelled, 374 successful, 315 judged lenses, 59 judged non-lens; per-object judgements not published","Q1 catalog grade=B, expert_score=1.956 (9 votes)",arXiv:2503.15324 Sect. 7.2; Zenodo 10.5281/zenodo.15025832 modeling_lens_mass.csv+lens.zip
euclid_q1_modeling,102023480_NEG642201006461096820,64.22010069763697,-46.10968203057439,inconclusive,"successfully modelled by Euclid Strong Lens Modelling Pipeline (SIE+shear): theta_E_eff=0.85 arcsec (1sigma 0.83-0.88); in Zenodo successful-model set (335 objects); release README: 'we hope that nearly all are strong lenses', but per-object lens/non-lens judgement is unpublished; SLDE-A aggregate: 488 A/B candidates modelled, 374 successful, 315 judged lenses, 59 judged non-lens; per-object judgements not published","Q1 catalog grade=B, expert_score=1.560 (10 votes)",arXiv:2503.15324 Sect. 7.2; Zenodo 10.5281/zenodo.15025832 modeling_lens_mass.csv+lens.zip
euclid_q1_modeling,102023481_NEG647245161459048846,64.72451612348969,-45.90488464671768,inconclusive,"successfully modelled by Euclid Strong Lens Modelling Pipeline (SIE+shear): theta_E_eff=0.51 arcsec (1sigma 0.50-0.52); in Zenodo successful-model set (335 objects); release README: 'we hope that nearly all are strong lenses', but per-object lens/non-lens judgement is unpublished; SLDE-A aggregate: 488 A/B candidates modelled, 374 successful, 315 judged lenses, 59 judged non-lens; per-object judgements not published","Q1 catalog grade=A, expert_score=2.215 (9 votes)",arXiv:2503.15324 Sect. 7.2; Zenodo 10.5281/zenodo.15025832 modeling_lens_mass.csv+lens.zip
euclid_q1_modeling,102023482_NEG655179432459165110,65.51794326392798,-45.91651107756741,inconclusive,"successfully modelled by Euclid Strong Lens Modelling Pipeline (SIE+shear): theta_E_eff=0.58 arcsec (1sigma 0.57-0.59); in Zenodo successful-model set (335 objects); release README: 'we hope that nearly all are strong lenses', but per-object lens/non-lens judgement is unpublished; SLDE-A aggregate: 488 A/B candidates modelled, 374 successful, 315 judged lenses, 59 judged non-lens; per-object judgements not published","Q1 catalog grade=B, expert_score=1.647 (8 votes)",arXiv:2503.15324 Sect. 7.2; Zenodo 10.5281/zenodo.15025832 modeling_lens_mass.csv+lens.zip
euclid_q1_modeling,102023482_NEG657383017460972594,65.73830175052379,-46.09725944968683,inconclusive,"successfully modelled by Euclid Strong Lens Modelling Pipeline (SIE+shear): theta_E_eff=0.88 arcsec (1sigma 0.84-0.88); in Zenodo successful-model set (335 objects); release README: 'we hope that nearly all are strong lenses', but per-object lens/non-lens judgement is unpublished; SLDE-A aggregate: 488 A/B candidates modelled, 374 successful, 315 judged lenses, 59 judged non-lens; per-object judgements not published","Q1 catalog grade=B, expert_score=1.523 (10 votes)",arXiv:2503.15324 Sect. 7.2; Zenodo 10.5281/zenodo.15025832 modeling_lens_mass.csv+lens.zip
euclid_q1_modeling,102023984_NEG627804838454213106,62.78048386794535,-45.4213106327194,inconclusive,"successfully modelled by Euclid Strong Lens Modelling Pipeline (SIE+shear): theta_E_eff=0.74 arcsec (1sigma 0.73-0.74); in Zenodo successful-model set (335 objects); release README: 'we hope that nearly all are strong lenses', but per-object lens/non-lens judgement is unpublished; SLDE-A aggregate: 488 A/B candidates modelled, 374 successful, 315 judged lenses, 59 judged non-lens; per-object judgements not published","Q1 catalog grade=A, expert_score=2.358 (10 votes)",arXiv:2503.15324 Sect. 7.2; Zenodo 10.5281/zenodo.15025832 modeling_lens_mass.csv+lens.zip
euclid_q1_modeling,102023984_NEG628683592457046709,62.8683592745232,-45.704670979868624,inconclusive,"modelling unsuccessful (Zenodo unsuccess.zip, 144 objects: 'modeling failures, non-lens status, or ambiguity'); per-object reason unpublished -- the ~59 modelling-rejected non-lenses are within this set but not individually identified; SLDE-A aggregate: 488 A/B candidates modelled, 374 successful, 315 judged lenses, 59 judged non-lens; per-object judgements not published","Q1 catalog grade=A, expert_score=2.117 (10 votes)",arXiv:2503.15324 Sect. 7.2; Zenodo 10.5281/zenodo.15025832 unsuccess.zip
euclid_q1_modeling,102023984_NEG631043463457052623,63.10434637855938,-45.70526232957247,inconclusive,"modelling unsuccessful (Zenodo unsuccess.zip, 144 objects: 'modeling failures, non-lens status, or ambiguity'); per-object reason unpublished -- the ~59 modelling-rejected non-lenses are within this set but not individually identified; SLDE-A aggregate: 488 A/B candidates modelled, 374 successful, 315 judged lenses, 59 judged non-lens; per-object judgements not published","Q1 catalog grade=B, expert_score=1.750 (9 votes)",arXiv:2503.15324 Sect. 7.2; Zenodo 10.5281/zenodo.15025832 unsuccess.zip
euclid_q1_modeling,102023986_NEG643189719456460589,64.31897196009866,-45.64605890044793,inconclusive,"successfully modelled by Euclid Strong Lens Modelling Pipeline (SIE+shear): theta_E_eff=0.78 arcsec (1sigma 0.78-0.79); in Zenodo successful-model set (335 objects); release README: 'we hope that nearly all are strong lenses', but per-object lens/non-lens judgement is unpublished; SLDE-A aggregate: 488 A/B candidates modelled, 374 successful, 315 judged lenses, 59 judged non-lens; per-object judgements not published","Q1 catalog grade=B, expert_score=1.744 (10 votes)",arXiv:2503.15324 Sect. 7.2; Zenodo 10.5281/zenodo.15025832 modeling_lens_mass.csv+lens.zip
euclid_q1_modeling,102041656_NEG523359673301396466,52.33596739170452,-30.139646609274138,inconclusive,"successfully modelled by Euclid Strong Lens Modelling Pipeline (SIE+shear): theta_E_eff=0.63 arcsec (1sigma 0.63-0.64); in Zenodo successful-model set (335 objects); release README: 'we hope that nearly all are strong lenses', but per-object lens/non-lens judgement is unpublished; SLDE-A aggregate: 488 A/B candidates modelled, 374 successful, 315 judged lenses, 59 judged non-lens; per-object judgements not published","Q1 catalog grade=B, expert_score=1.564 (10 votes)",arXiv:2503.15324 Sect. 7.2; Zenodo 10.5281/zenodo.15025832 modeling_lens_mass.csv+lens.zip
euclid_q1_modeling,102041657_NEG527330118300603942,52.73301189004299,-30.060394203188203,inconclusive,"successfully modelled by Euclid Strong Lens Modelling Pipeline (SIE+shear): theta_E_eff=1.25 arcsec (1sigma 1.25-1.26); in Zenodo successful-model set (335 objects); release README: 'we hope that nearly all are strong lenses', but per-object lens/non-lens judgement is unpublished; SLDE-A aggregate: 488 A/B candidates modelled, 374 successful, 315 judged lenses, 59 judged non-lens; per-object judgements not published","Q1 catalog grade=B, expert_score=1.868 (10 votes)",arXiv:2503.15324 Sect. 7.2; Zenodo 10.5281/zenodo.15025832 modeling_lens_mass.csv+lens.zip
euclid_q1_modeling,102041657_NEG527925237298894414,52.79252379595951,-29.88944147404416,inconclusive,"successfully modelled by Euclid Strong Lens Modelling Pipeline (SIE+shear): theta_E_eff=0.88 arcsec (1sigma 0.88-0.88); in Zenodo successful-model set (335 objects); release README: 'we hope that nearly all are strong lenses', but per-object lens/non-lens judgement is unpublished; SLDE-A aggregate: 488 A/B candidates modelled, 374 successful, 315 judged lenses, 59 judged non-lens; per-object judgements not published","Q1 catalog grade=A, expert_score=2.392 (9 votes)",arXiv:2503.15324 Sect. 7.2; Zenodo 10.5281/zenodo.15025832 modeling_lens_mass.csv+lens.zip
euclid_q1_modeling,102041657_NEG528301123298298693,52.8301123322179,-29.82986934888345,inconclusive,"modelling unsuccessful (Zenodo unsuccess.zip, 144 objects: 'modeling failures, non-lens status, or ambiguity'); per-object reason unpublished -- the ~59 modelling-rejected non-lenses are within this set but not individually identified; SLDE-A aggregate: 488 A/B candidates modelled, 374 successful, 315 judged lenses, 59 judged non-lens; per-object judgements not published","Q1 catalog grade=A, expert_score=2.306 (10 votes)",arXiv:2503.15324 Sect. 7.2; Zenodo 10.5281/zenodo.15025832 unsuccess.zip
euclid_q1_modeling,102041657_NEG529209996299100136,52.92099965374398,-29.91001367205823,inconclusive,"successfully modelled by Euclid Strong Lens Modelling Pipeline (SIE+shear): theta_E_eff=1.78 arcsec (1sigma 1.76-1.79); in Zenodo successful-model set (335 objects); release README: 'we hope that nearly all are strong lenses', but per-object lens/non-lens judgement is unpublished; SLDE-A aggregate: 488 A/B candidates modelled, 374 successful, 315 judged lenses, 59 judged non-lens; per-object judgements not published","Q1 catalog grade=A, expert_score=2.367 (10 votes)",arXiv:2503.15324 Sect. 7.2; Zenodo 10.5281/zenodo.15025832 modeling_lens_mass.csv+lens.zip
euclid_q1_modeling,102042282_NEG517070963297124785,51.707096352182745,-29.712478588163005,inconclusive,"modelling unsuccessful (Zenodo unsuccess.zip, 144 objects: 'modeling failures, non-lens status, or ambiguity'); per-object reason unpublished -- the ~59 modelling-rejected non-lenses are within this set but not individually identified; SLDE-A aggregate: 488 A/B candidates modelled, 374 successful, 315 judged lenses, 59 judged non-lens; per-object judgements not published","Q1 catalog grade=B, expert_score=1.692 (11 votes)",arXiv:2503.15324 Sect. 7.2; Zenodo 10.5281/zenodo.15025832 unsuccess.zip
euclid_q1_modeling,102042283_NEG518770667295125494,51.87706671211459,-29.512549467386364,inconclusive,"successfully modelled by Euclid Strong Lens Modelling Pipeline (SIE+shear): theta_E_eff=0.79 arcsec (1sigma 0.79-0.80); in Zenodo successful-model set (335 objects); release README: 'we hope that nearly all are strong lenses', but per-object lens/non-lens judgement is unpublished; SLDE-A aggregate: 488 A/B candidates modelled, 374 successful, 315 judged lenses, 59 judged non-lens; per-object judgements not published","Q1 catalog grade=A, expert_score=2.358 (10 votes)",arXiv:2503.15324 Sect. 7.2; Zenodo 10.5281/zenodo.15025832 modeling_lens_mass.csv+lens.zip
euclid_q1_modeling,102042283_NEG520608563295081214,52.0608563513396,-29.50812141969979,inconclusive,"successfully modelled by Euclid Strong Lens Modelling Pipeline (SIE+shear): theta_E_eff=0.85 arcsec (1sigma 0.85-0.86); in Zenodo successful-model set (335 objects); release README: 'we hope that nearly all are strong lenses', but per-object lens/non-lens judgement is unpublished; SLDE-A aggregate: 488 A/B candidates modelled, 374 successful, 315 judged lenses, 59 judged non-lens; per-object judgements not published","Q1 catalog grade=B, expert_score=1.536 (10 votes)",arXiv:2503.15324 Sect. 7.2; Zenodo 10.5281/zenodo.15025832 modeling_lens_mass.csv+lens.zip
euclid_q1_modeling,102042283_NEG521070591294671601,52.10705916602482,-29.467160198695264,inconclusive,"modelling unsuccessful (Zenodo unsuccess.zip, 144 objects: 'modeling failures, non-lens status, or ambiguity'); per-object reason unpublished -- the ~59 modelling-rejected non-lenses are within this set but not individually identified; SLDE-A aggregate: 488 A/B candidates modelled, 374 successful, 315 judged lenses, 59 judged non-lens; per-object judgements not published","Q1 catalog grade=B, expert_score=1.623 (10 votes)",arXiv:2503.15324 Sect. 7.2; Zenodo 10.5281/zenodo.15025832 unsuccess.zip
euclid_q1_modeling,102042284_NEG523902104295926900,52.39021042684189,-29.592690005903176,inconclusive,"successfully modelled by Euclid Strong Lens Modelling Pipeline (SIE+shear): theta_E_eff=2.14 arcsec (1sigma 2.12-2.17); in Zenodo successful-model set (335 objects); release README: 'we hope that nearly all are strong lenses', but per-object lens/non-lens judgement is unpublished; SLDE-A aggregate: 488 A/B candidates modelled, 374 successful, 315 judged lenses, 59 judged non-lens; per-object judgements not published","Q1 catalog grade=B, expert_score=1.958 (10 votes)",arXiv:2503.15324 Sect. 7.2; Zenodo 10.5281/zenodo.15025832 modeling_lens_mass.csv+lens.zip
euclid_q1_modeling,102042284_NEG526888815294982643,52.68888150861861,-29.498264398459888,inconclusive,"group-scale lens candidate requiring multiple mass components, beyond scope of the Q1 automated pipeline (Zenodo group.zip, 41 objects); no modelling verdict; also listed in unsuccess.zip; SLDE-A aggregate: 488 A/B candidates modelled, 374 successful, 315 judged lenses, 59 judged non-lens; per-object judgements not published","Q1 catalog grade=A, expert_score=2.511 (10 votes)",arXiv:2503.15324 Sect. 7.2; Zenodo 10.5281/zenodo.15025832 group.zip
euclid_q1_modeling,102042284_NEG528356577292866317,52.83565776408496,-29.28663177075172,inconclusive,"modelling unsuccessful (Zenodo unsuccess.zip, 144 objects: 'modeling failures, non-lens status, or ambiguity'); per-object reason unpublished -- the ~59 modelling-rejected non-lenses are within this set but not individually identified; SLDE-A aggregate: 488 A/B candidates modelled, 374 successful, 315 judged lenses, 59 judged non-lens; per-object judgements not published","Q1 catalog grade=B, expert_score=1.561 (9 votes)",arXiv:2503.15324 Sect. 7.2; Zenodo 10.5281/zenodo.15025832 unsuccess.zip
euclid_q1_modeling,102042287_NEG540365671293205439,54.03656715287476,-29.32054393414841,inconclusive,"modelling unsuccessful (Zenodo unsuccess.zip, 144 objects: 'modeling failures, non-lens status, or ambiguity'); per-object reason unpublished -- the ~59 modelling-rejected non-lenses are within this set but not individually identified; SLDE-A aggregate: 488 A/B candidates modelled, 374 successful, 315 judged lenses, 59 judged non-lens; per-object judgements not published","Q1 catalog grade=B, expert_score=1.682 (9 votes)",arXiv:2503.15324 Sect. 7.2; Zenodo 10.5281/zenodo.15025832 unsuccess.zip
euclid_q1_modeling,102042287_NEG543727111293847771,54.37271115161365,-29.384777131349484,inconclusive,"modelling unsuccessful (Zenodo unsuccess.zip, 144 objects: 'modeling failures, non-lens status, or ambiguity'); per-object reason unpublished -- the ~59 modelling-rejected non-lenses are within this set but not individually identified; SLDE-A aggregate: 488 A/B candidates modelled, 374 successful, 315 judged lenses, 59 judged non-lens; per-object judgements not published","Q1 catalog grade=B, expert_score=1.717 (9 votes)",arXiv:2503.15324 Sect. 7.2; Zenodo 10.5281/zenodo.15025832 unsuccess.zip
euclid_q1_modeling,102042913_NEG515596854290228591,51.55968541095926,-29.022859166356096,inconclusive,"successfully modelled by Euclid Strong Lens Modelling Pipeline (SIE+shear): theta_E_eff=1.12 arcsec (1sigma 1.09-1.14); in Zenodo successful-model set (335 objects); release README: 'we hope that nearly all are strong lenses', but per-object lens/non-lens judgement is unpublished; SLDE-A aggregate: 488 A/B candidates modelled, 374 successful, 315 judged lenses, 59 judged non-lens; per-object judgements not published","Q1 catalog grade=B, expert_score=1.546 (8 votes)",arXiv:2503.15324 Sect. 7.2; Zenodo 10.5281/zenodo.15025832 modeling_lens_mass.csv+lens.zip
euclid_q1_modeling,102042913_NEG515847139291141021,51.58471391404591,-29.114102191323457,inconclusive,"successfully modelled by Euclid Strong Lens Modelling Pipeline (SIE+shear): theta_E_eff=0.61 arcsec (1sigma 0.61-0.62); in Zenodo successful-model set (335 objects); release README: 'we hope that nearly all are strong lenses', but per-object lens/non-lens judgement is unpublished; SLDE-A aggregate: 488 A/B candidates modelled, 374 successful, 315 judged lenses, 59 judged non-lens; per-object judgements not published","Q1 catalog grade=A, expert_score=2.056 (9 votes)",arXiv:2503.15324 Sect. 7.2; Zenodo 10.5281/zenodo.15025832 modeling_lens_mass.csv+lens.zip
euclid_q1_modeling,102042913_NEG516249178292373011,51.62491780564062,-29.23730114505462,inconclusive,"modelling unsuccessful (Zenodo unsuccess.zip, 144 objects: 'modeling failures, non-lens status, or ambiguity'); per-object reason unpublished -- the ~59 modelling-rejected non-lenses are within this set but not individually identified; SLDE-A aggregate: 488 A/B candidates modelled, 374 successful, 315 judged lenses, 59 judged non-lens; per-object judgements not published","Q1 catalog grade=B, expert_score=1.683 (10 votes)",arXiv:2503.15324 Sect. 7.2; Zenodo 10.5281/zenodo.15025832 unsuccess.zip
euclid_q1_modeling,102042913_NEG518198793288220397,51.81987931988373,-28.82203972762372,inconclusive,"modelling unsuccessful (Zenodo unsuccess.zip, 144 objects: 'modeling failures, non-lens status, or ambiguity'); per-object reason unpublished -- the ~59 modelling-rejected non-lenses are within this set but not individually identified; SLDE-A aggregate: 488 A/B candidates modelled, 374 successful, 315 judged lenses, 59 judged non-lens; per-object judgements not published","Q1 catalog grade=B, expert_score=1.841 (10 votes)",arXiv:2503.15324 Sect. 7.2; Zenodo 10.5281/zenodo.15025832 unsuccess.zip
euclid_q1_modeling,102042913_NEG520471782290867053,52.04717824679261,-29.08670539117257,inconclusive,"group-scale lens candidate requiring multiple mass components, beyond scope of the Q1 automated pipeline (Zenodo group.zip, 41 objects); no modelling verdict; SLDE-A aggregate: 488 A/B candidates modelled, 374 successful, 315 judged lenses, 59 judged non-lens; per-object judgements not published","Q1 catalog grade=A, expert_score=2.390 (10 votes)",arXiv:2503.15324 Sect. 7.2; Zenodo 10.5281/zenodo.15025832 group.zip
euclid_q1_modeling,102042914_NEG520791097292457766,52.07910976293189,-29.24577660750816,inconclusive,"cutout mis-centred, which broke lens modelling (Zenodo recenter.zip, 18 objects); no modelling verdict; SLDE-A aggregate: 488 A/B candidates modelled, 374 successful, 315 judged lenses, 59 judged non-lens; per-object judgements not published","Q1 catalog grade=A, expert_score=2.348 (10 votes)",arXiv:2503.15324 Sect. 7.2; Zenodo 10.5281/zenodo.15025832 recenter.zip
euclid_q1_modeling,102042914_NEG522625262291125533,52.262526273501,-29.11255338608705,inconclusive,"successfully modelled by Euclid Strong Lens Modelling Pipeline (SIE+shear): theta_E_eff=0.70 arcsec (1sigma 0.69-0.70); in Zenodo successful-model set (335 objects); release README: 'we hope that nearly all are strong lenses', but per-object lens/non-lens judgement is unpublished; SLDE-A aggregate: 488 A/B candidates modelled, 374 successful, 315 judged lenses, 59 judged non-lens; per-object judgements not published","Q1 catalog grade=A, expert_score=2.252 (7 votes)",arXiv:2503.15324 Sect. 7.2; Zenodo 10.5281/zenodo.15025832 modeling_lens_mass.csv+lens.zip
euclid_q1_modeling,102042914_NEG523479785291521247,52.34797854483788,-29.15212478307529,inconclusive,"successfully modelled by Euclid Strong Lens Modelling Pipeline (SIE+shear): theta_E_eff=0.82 arcsec (1sigma 0.81-0.84); in Zenodo successful-model set (335 objects); release README: 'we hope that nearly all are strong lenses', but per-object lens/non-lens judgement is unpublished; SLDE-A aggregate: 488 A/B candidates modelled, 374 successful, 315 judged lenses, 59 judged non-lens; per-object judgements not published","Q1 catalog grade=A, expert_score=2.170 (10 votes)",arXiv:2503.15324 Sect. 7.2; Zenodo 10.5281/zenodo.15025832 modeling_lens_mass.csv+lens.zip
euclid_q1_modeling,102042915_NEG527574180288799276,52.75741809343428,-28.87992760661953,inconclusive,"successfully modelled by Euclid Strong Lens Modelling Pipeline (SIE+shear): theta_E_eff=0.80 arcsec (1sigma 0.79-0.80); in Zenodo successful-model set (335 objects); release README: 'we hope that nearly all are strong lenses', but per-object lens/non-lens judgement is unpublished; SLDE-A aggregate: 488 A/B candidates modelled, 374 successful, 315 judged lenses, 59 judged non-lens; per-object judgements not published","Q1 catalog grade=A, expert_score=2.244 (11 votes)",arXiv:2503.15324 Sect. 7.2; Zenodo 10.5281/zenodo.15025832 modeling_lens_mass.csv+lens.zip
euclid_q1_modeling,102042915_NEG528545016288651034,52.85450169543065,-28.865103458157133,inconclusive,"successfully modelled by Euclid Strong Lens Modelling Pipeline (SIE+shear): theta_E_eff=0.00 arcsec (1sigma 0.00-0.00); in Zenodo successful-model set (335 objects); release README: 'we hope that nearly all are strong lenses', but per-object lens/non-lens judgement is unpublished; SLDE-A aggregate: 488 A/B candidates modelled, 374 successful, 315 judged lenses, 59 judged non-lens; per-object judgements not published","Q1 catalog grade=B, expert_score=1.685 (10 votes)",arXiv:2503.15324 Sect. 7.2; Zenodo 10.5281/zenodo.15025832 modeling_lens_mass.csv+lens.zip
euclid_q1_modeling,102042915_NEG529823788292531675,52.98237884657878,-29.253167568876144,inconclusive,"cutout mis-centred, which broke lens modelling (Zenodo recenter.zip, 18 objects); no modelling verdict; SLDE-A aggregate: 488 A/B candidates modelled, 374 successful, 315 judged lenses, 59 judged non-lens; per-object judgements not published","Q1 catalog grade=B, expert_score=1.663 (10 votes)",arXiv:2503.15324 Sect. 7.2; Zenodo 10.5281/zenodo.15025832 recenter.zip
euclid_q1_modeling,102042915_NEG531310919292142818,53.131091993387386,-29.214281899776903,inconclusive,"modelling unsuccessful (Zenodo unsuccess.zip, 144 objects: 'modeling failures, non-lens status, or ambiguity'); per-object reason unpublished -- the ~59 modelling-rejected non-lenses are within this set but not individually identified; SLDE-A aggregate: 488 A/B candidates modelled, 374 successful, 315 judged lenses, 59 judged non-lens; per-object judgements not published","Q1 catalog grade=B, expert_score=1.963 (9 votes)",arXiv:2503.15324 Sect. 7.2; Zenodo 10.5281/zenodo.15025832 unsuccess.zip
euclid_q1_modeling,102042916_NEG533251142291509670,53.3251142778574,-29.15096706182251,inconclusive,"successfully modelled by Euclid Strong Lens Modelling Pipeline (SIE+shear): theta_E_eff=2.03 arcsec (1sigma 2.01-2.04); in Zenodo successful-model set (335 objects); release README: 'we hope that nearly all are strong lenses', but per-object lens/non-lens judgement is unpublished; SLDE-A aggregate: 488 A/B candidates modelled, 374 successful, 315 judged lenses, 59 judged non-lens; per-object judgements not published","Q1 catalog grade=A, expert_score=2.590 (10 votes)",arXiv:2503.15324 Sect. 7.2; Zenodo 10.5281/zenodo.15025832 modeling_lens_mass.csv+lens.zip
euclid_q1_modeling,102042917_NEG539279061291936993,53.92790616393022,-29.19369935009748,inconclusive,"successfully modelled by Euclid Strong Lens Modelling Pipeline (SIE+shear): theta_E_eff=1.08 arcsec (1sigma 1.08-1.09); in Zenodo successful-model set (335 objects); release README: 'we hope that nearly all are strong lenses', but per-object lens/non-lens judgement is unpublished; SLDE-A aggregate: 488 A/B candidates modelled, 374 successful, 315 judged lenses, 59 judged non-lens; per-object judgements not published","Q1 catalog grade=A, expert_score=2.657 (10 votes)",arXiv:2503.15324 Sect. 7.2; Zenodo 10.5281/zenodo.15025832 modeling_lens_mass.csv+lens.zip
euclid_q1_modeling,102042917_NEG540132584291926297,54.013258430324896,-29.192629748914623,inconclusive,"successfully modelled by Euclid Strong Lens Modelling Pipeline (SIE+shear): theta_E_eff=0.53 arcsec (1sigma 0.53-0.53); in Zenodo successful-model set (335 objects); release README: 'we hope that nearly all are strong lenses', but per-object lens/non-lens judgement is unpublished; SLDE-A aggregate: 488 A/B candidates modelled, 374 successful, 315 judged lenses, 59 judged non-lens; per-object judgements not published","Q1 catalog grade=A, expert_score=2.168 (10 votes)",arXiv:2503.15324 Sect. 7.2; Zenodo 10.5281/zenodo.15025832 modeling_lens_mass.csv+lens.zip
euclid_q1_modeling,102042917_NEG540926519290733004,54.09265196528655,-29.073300402181623,inconclusive,"successfully modelled by Euclid Strong Lens Modelling Pipeline (SIE+shear): theta_E_eff=0.75 arcsec (1sigma 0.75-0.75); in Zenodo successful-model set (335 objects); release README: 'we hope that nearly all are strong lenses', but per-object lens/non-lens judgement is unpublished; SLDE-A aggregate: 488 A/B candidates modelled, 374 successful, 315 judged lenses, 59 judged non-lens; per-object judgements not published","Q1 catalog grade=B, expert_score=1.665 (10 votes)",arXiv:2503.15324 Sect. 7.2; Zenodo 10.5281/zenodo.15025832 modeling_lens_mass.csv+lens.zip
euclid_q1_modeling,102042918_NEG544805259289548872,54.480525954294606,-28.954887264503345,inconclusive,"successfully modelled by Euclid Strong Lens Modelling Pipeline (SIE+shear): theta_E_eff=1.26 arcsec (1sigma 1.23-1.27); in Zenodo successful-model set (335 objects); release README: 'we hope that nearly all are strong lenses', but per-object lens/non-lens judgement is unpublished; SLDE-A aggregate: 488 A/B candidates modelled, 374 successful, 315 judged lenses, 59 judged non-lens; per-object judgements not published","Q1 catalog grade=A, expert_score=2.422 (10 votes)",arXiv:2503.15324 Sect. 7.2; Zenodo 10.5281/zenodo.15025832 modeling_lens_mass.csv+lens.zip
euclid_q1_modeling,102042919_NEG549525883291619345,54.95258837432254,-29.16193451041988,inconclusive,"successfully modelled by Euclid Strong Lens Modelling Pipeline (SIE+shear): theta_E_eff=1.00 arcsec (1sigma 0.99-1.00); in Zenodo successful-model set (335 objects); release README: 'we hope that nearly all are strong lenses', but per-object lens/non-lens judgement is unpublished; SLDE-A aggregate: 488 A/B candidates modelled, 374 successful, 315 judged lenses, 59 judged non-lens; per-object judgements not published","Q1 catalog grade=A, expert_score=2.300 (10 votes)",arXiv:2503.15324 Sect. 7.2; Zenodo 10.5281/zenodo.15025832 modeling_lens_mass.csv+lens.zip
euclid_q1_modeling,102042919_NEG549725555290756868,54.97255557552779,-29.07568680536772,inconclusive,"cutout mis-centred, which broke lens modelling (Zenodo recenter.zip, 18 objects); no modelling verdict; SLDE-A aggregate: 488 A/B candidates modelled, 374 successful, 315 judged lenses, 59 judged non-lens; per-object judgements not published","Q1 catalog grade=A, expert_score=2.801 (10 votes)",arXiv:2503.15324 Sect. 7.2; Zenodo 10.5281/zenodo.15025832 recenter.zip
euclid_q1_modeling,102042919_NEG550105155291238806,55.01051552373555,-29.12388069970221,inconclusive,"successfully modelled by Euclid Strong Lens Modelling Pipeline (SIE+shear): theta_E_eff=0.89 arcsec (1sigma 0.89-0.90); in Zenodo successful-model set (335 objects); release README: 'we hope that nearly all are strong lenses', but per-object lens/non-lens judgement is unpublished; SLDE-A aggregate: 488 A/B candidates modelled, 374 successful, 315 judged lenses, 59 judged non-lens; per-object judgements not published","Q1 catalog grade=B, expert_score=1.875 (9 votes)",arXiv:2503.15324 Sect. 7.2; Zenodo 10.5281/zenodo.15025832 modeling_lens_mass.csv+lens.zip
euclid_q1_modeling,102042919_NEG550298555288445169,55.02985559221574,-28.844516977045007,inconclusive,"group-scale lens candidate requiring multiple mass components, beyond scope of the Q1 automated pipeline (Zenodo group.zip, 41 objects); no modelling verdict; SLDE-A aggregate: 488 A/B candidates modelled, 374 successful, 315 judged lenses, 59 judged non-lens; per-object judgements not published","Q1 catalog grade=B, expert_score=1.593 (10 votes)",arXiv:2503.15324 Sect. 7.2; Zenodo 10.5281/zenodo.15025832 group.zip
euclid_q1_modeling,102042919_NEG550683279289700727,55.06832793157976,-28.9700727133312,inconclusive,"successfully modelled by Euclid Strong Lens Modelling Pipeline (SIE+shear): theta_E_eff=0.88 arcsec (1sigma 0.88-0.88); in Zenodo successful-model set (335 objects); release README: 'we hope that nearly all are strong lenses', but per-object lens/non-lens judgement is unpublished; SLDE-A aggregate: 488 A/B candidates modelled, 374 successful, 315 judged lenses, 59 judged non-lens; per-object judgements not published","Q1 catalog grade=A, expert_score=2.372 (10 votes)",arXiv:2503.15324 Sect. 7.2; Zenodo 10.5281/zenodo.15025832 modeling_lens_mass.csv+lens.zip
euclid_q1_modeling,102043546_NEG516559001286493665,51.65590011467211,-28.6493665056946,inconclusive,"modelling unsuccessful (Zenodo unsuccess.zip, 144 objects: 'modeling failures, non-lens status, or ambiguity'); per-object reason unpublished -- the ~59 modelling-rejected non-lenses are within this set but not individually identified; SLDE-A aggregate: 488 A/B candidates modelled, 374 successful, 315 judged lenses, 59 judged non-lens; per-object judgements not published","Q1 catalog grade=B, expert_score=1.590 (10 votes)",arXiv:2503.15324 Sect. 7.2; Zenodo 10.5281/zenodo.15025832 unsuccess.zip
euclid_q1_modeling,102043549_NEG530257443283430270,53.02574434762016,-28.34302702586864,inconclusive,"successfully modelled by Euclid Strong Lens Modelling Pipeline (SIE+shear): theta_E_eff=0.47 arcsec (1sigma 0.46-0.47); in Zenodo successful-model set (335 objects); release README: 'we hope that nearly all are strong lenses', but per-object lens/non-lens judgement is unpublished; SLDE-A aggregate: 488 A/B candidates modelled, 374 successful, 315 judged lenses, 59 judged non-lens; per-object judgements not published","Q1 catalog grade=A, expert_score=2.455 (9 votes)",arXiv:2503.15324 Sect. 7.2; Zenodo 10.5281/zenodo.15025832 modeling_lens_mass.csv+lens.zip
euclid_q1_modeling,102043551_NEG542774461286906112,54.27744618379619,-28.690611214572936,inconclusive,"successfully modelled by Euclid Strong Lens Modelling Pipeline (SIE+shear): theta_E_eff=1.24 arcsec (1sigma 1.22-1.25); in Zenodo successful-model set (335 objects); release README: 'we hope that nearly all are strong lenses', but per-object lens/non-lens judgement is unpublished; SLDE-A aggregate: 488 A/B candidates modelled, 374 successful, 315 judged lenses, 59 judged non-lens; per-object judgements not published","Q1 catalog grade=B, expert_score=1.683 (10 votes)",arXiv:2503.15324 Sect. 7.2; Zenodo 10.5281/zenodo.15025832 modeling_lens_mass.csv+lens.zip
euclid_q1_modeling,102043551_NEG544735665285502399,54.47356655650909,-28.55023993346261,inconclusive,"successfully modelled by Euclid Strong Lens Modelling Pipeline (SIE+shear): theta_E_eff=0.71 arcsec (1sigma 0.70-0.72); in Zenodo successful-model set (335 objects); release README: 'we hope that nearly all are strong lenses', but per-object lens/non-lens judgement is unpublished; SLDE-A aggregate: 488 A/B candidates modelled, 374 successful, 315 judged lenses, 59 judged non-lens; per-object judgements not published","Q1 catalog grade=B, expert_score=1.647 (11 votes)",arXiv:2503.15324 Sect. 7.2; Zenodo 10.5281/zenodo.15025832 modeling_lens_mass.csv+lens.zip
euclid_q1_modeling,102043551_NEG546245791286829440,54.6245791585433,-28.682944069298216,inconclusive,"successfully modelled by Euclid Strong Lens Modelling Pipeline (SIE+shear): theta_E_eff=0.93 arcsec (1sigma 0.91-0.96); in Zenodo successful-model set (335 objects); release README: 'we hope that nearly all are strong lenses', but per-object lens/non-lens judgement is unpublished; SLDE-A aggregate: 488 A/B candidates modelled, 374 successful, 315 judged lenses, 59 judged non-lens; per-object judgements not published","Q1 catalog grade=A, expert_score=2.168 (10 votes)",arXiv:2503.15324 Sect. 7.2; Zenodo 10.5281/zenodo.15025832 modeling_lens_mass.csv+lens.zip
euclid_q1_modeling,102043552_NEG547756940286644821,54.77569408152624,-28.66448211695416,inconclusive,"modelling unsuccessful (Zenodo unsuccess.zip, 144 objects: 'modeling failures, non-lens status, or ambiguity'); per-object reason unpublished -- the ~59 modelling-rejected non-lenses are within this set but not individually identified; SLDE-A aggregate: 488 A/B candidates modelled, 374 successful, 315 judged lenses, 59 judged non-lens; per-object judgements not published","Q1 catalog grade=A, expert_score=2.494 (10 votes)",arXiv:2503.15324 Sect. 7.2; Zenodo 10.5281/zenodo.15025832 unsuccess.zip
euclid_q1_modeling,102043552_NEG548209510282510524,54.82095104672501,-28.25105243240389,inconclusive,"successfully modelled by Euclid Strong Lens Modelling Pipeline (SIE+shear): theta_E_eff=0.61 arcsec (1sigma 0.61-0.61); in Zenodo successful-model set (335 objects); release README: 'we hope that nearly all are strong lenses', but per-object lens/non-lens judgement is unpublished; SLDE-A aggregate: 488 A/B candidates modelled, 374 successful, 315 judged lenses, 59 judged non-lens; per-object judgements not published","Q1 catalog grade=A, expert_score=2.299 (10 votes)",arXiv:2503.15324 Sect. 7.2; Zenodo 10.5281/zenodo.15025832 modeling_lens_mass.csv+lens.zip
euclid_q1_modeling,102044182_NEG510181483277803809,51.01814831639855,-27.78038095373029,inconclusive,"modelling unsuccessful (Zenodo unsuccess.zip, 144 objects: 'modeling failures, non-lens status, or ambiguity'); per-object reason unpublished -- the ~59 modelling-rejected non-lenses are within this set but not individually identified; SLDE-A aggregate: 488 A/B candidates modelled, 374 successful, 315 judged lenses, 59 judged non-lens; per-object judgements not published","Q1 catalog grade=B, expert_score=1.643 (10 votes)",arXiv:2503.15324 Sect. 7.2; Zenodo 10.5281/zenodo.15025832 unsuccess.zip
euclid_q1_modeling,102044182_NEG512061540278527911,51.20615401023922,-27.85279118357624,inconclusive,"successfully modelled by Euclid Strong Lens Modelling Pipeline (SIE+shear): theta_E_eff=0.79 arcsec (1sigma 0.79-0.79); in Zenodo successful-model set (335 objects); release README: 'we hope that nearly all are strong lenses', but per-object lens/non-lens judgement is unpublished; SLDE-A aggregate: 488 A/B candidates modelled, 374 successful, 315 judged lenses, 59 judged non-lens; per-object judgements not published","Q1 catalog grade=A, expert_score=2.032 (10 votes)",arXiv:2503.15324 Sect. 7.2; Zenodo 10.5281/zenodo.15025832 modeling_lens_mass.csv+lens.zip
euclid_q1_modeling,102044182_NEG514435270280350833,51.44352700531004,-28.0350833479322,inconclusive,"successfully modelled by Euclid Strong Lens Modelling Pipeline (SIE+shear): theta_E_eff=0.55 arcsec (1sigma 0.54-0.55); in Zenodo successful-model set (335 objects); release README: 'we hope that nearly all are strong lenses', but per-object lens/non-lens judgement is unpublished; SLDE-A aggregate: 488 A/B candidates modelled, 374 successful, 315 judged lenses, 59 judged non-lens; per-object judgements not published","Q1 catalog grade=A, expert_score=2.423 (10 votes)",arXiv:2503.15324 Sect. 7.2; Zenodo 10.5281/zenodo.15025832 modeling_lens_mass.csv+lens.zip
euclid_q1_modeling,102044183_NEG515787441281897369,51.57874416555804,-28.189736933084728,inconclusive,"successfully modelled by Euclid Strong Lens Modelling Pipeline (SIE+shear): theta_E_eff=0.77 arcsec (1sigma 0.76-0.78); in Zenodo successful-model set (335 objects); release README: 'we hope that nearly all are strong lenses', but per-object lens/non-lens judgement is unpublished; SLDE-A aggregate: 488 A/B candidates modelled, 374 successful, 315 judged lenses, 59 judged non-lens; per-object judgements not published","Q1 catalog grade=A, expert_score=2.802 (10 votes)",arXiv:2503.15324 Sect. 7.2; Zenodo 10.5281/zenodo.15025832 modeling_lens_mass.csv+lens.zip
euclid_q1_modeling,102044185_NEG527087067278561642,52.70870673939618,-27.856164261538,inconclusive,"modelling unsuccessful (Zenodo unsuccess.zip, 144 objects: 'modeling failures, non-lens status, or ambiguity'); per-object reason unpublished -- the ~59 modelling-rejected non-lenses are within this set but not individually identified; SLDE-A aggregate: 488 A/B candidates modelled, 374 successful, 315 judged lenses, 59 judged non-lens; per-object judgements not published","Q1 catalog grade=B, expert_score=1.586 (10 votes)",arXiv:2503.15324 Sect. 7.2; Zenodo 10.5281/zenodo.15025832 unsuccess.zip
euclid_q1_modeling,102044185_NEG528176967277992842,52.81769675690601,-27.799284255737305,inconclusive,"group-scale lens candidate requiring multiple mass components, beyond scope of the Q1 automated pipeline (Zenodo group.zip, 41 objects); no modelling verdict; SLDE-A aggregate: 488 A/B candidates modelled, 374 successful, 315 judged lenses, 59 judged non-lens; per-object judgements not published","Q1 catalog grade=B, expert_score=1.722 (9 votes)",arXiv:2503.15324 Sect. 7.2; Zenodo 10.5281/zenodo.15025832 group.zip
euclid_q1_modeling,102044185_NEG529514172281460834,52.95141727381891,-28.14608341271236,inconclusive,"successfully modelled by Euclid Strong Lens Modelling Pipeline (SIE+shear): theta_E_eff=0.60 arcsec (1sigma 0.58-0.61); in Zenodo successful-model set (335 objects); release README: 'we hope that nearly all are strong lenses', but per-object lens/non-lens judgement is unpublished; SLDE-A aggregate: 488 A/B candidates modelled, 374 successful, 315 judged lenses, 59 judged non-lens; per-object judgements not published","Q1 catalog grade=A, expert_score=2.112 (9 votes)",arXiv:2503.15324 Sect. 7.2; Zenodo 10.5281/zenodo.15025832 modeling_lens_mass.csv+lens.zip
euclid_q1_modeling,102044186_NEG535621262280129063,53.56212625889032,-28.01290638406208,inconclusive,"successfully modelled by Euclid Strong Lens Modelling Pipeline (SIE+shear): theta_E_eff=0.89 arcsec (1sigma 0.89-0.89); in Zenodo successful-model set (335 objects); release README: 'we hope that nearly all are strong lenses', but per-object lens/non-lens judgement is unpublished; SLDE-A aggregate: 488 A/B candidates modelled, 374 successful, 315 judged lenses, 59 judged non-lens; per-object judgements not published","Q1 catalog grade=A, expert_score=2.869 (10 votes)",arXiv:2503.15324 Sect. 7.2; Zenodo 10.5281/zenodo.15025832 modeling_lens_mass.csv+lens.zip
euclid_q1_modeling,102044186_NEG536764250280439031,53.676425099151245,-28.043903187455896,inconclusive,"modelling unsuccessful (Zenodo unsuccess.zip, 144 objects: 'modeling failures, non-lens status, or ambiguity'); per-object reason unpublished -- the ~59 modelling-rejected non-lenses are within this set but not individually identified; SLDE-A aggregate: 488 A/B candidates modelled, 374 successful, 315 judged lenses, 59 judged non-lens; per-object judgements not published","Q1 catalog grade=B, expert_score=1.588 (10 votes)",arXiv:2503.15324 Sect. 7.2; Zenodo 10.5281/zenodo.15025832 unsuccess.zip
euclid_q1_modeling,102044186_NEG537484692277631702,53.74846927381223,-27.763170217402745,inconclusive,"modelling unsuccessful (Zenodo unsuccess.zip, 144 objects: 'modeling failures, non-lens status, or ambiguity'); per-object reason unpublished -- the ~59 modelling-rejected non-lenses are within this set but not individually identified; SLDE-A aggregate: 488 A/B candidates modelled, 374 successful, 315 judged lenses, 59 judged non-lens; per-object judgements not published","Q1 catalog grade=B, expert_score=1.753 (10 votes)",arXiv:2503.15324 Sect. 7.2; Zenodo 10.5281/zenodo.15025832 unsuccess.zip
euclid_q1_modeling,102044187_NEG538533000282255459,53.85330005751175,-28.22554594493343,inconclusive,"successfully modelled by Euclid Strong Lens Modelling Pipeline (SIE+shear): theta_E_eff=0.59 arcsec (1sigma 0.59-0.59); in Zenodo successful-model set (335 objects); release README: 'we hope that nearly all are strong lenses', but per-object lens/non-lens judgement is unpublished; SLDE-A aggregate: 488 A/B candidates modelled, 374 successful, 315 judged lenses, 59 judged non-lens; per-object judgements not published","Q1 catalog grade=B, expert_score=1.575 (10 votes)",arXiv:2503.15324 Sect. 7.2; Zenodo 10.5281/zenodo.15025832 modeling_lens_mass.csv+lens.zip
euclid_q1_modeling,102044187_NEG538575988280255664,53.85759887222229,-28.02556642635688,inconclusive,"successfully modelled by Euclid Strong Lens Modelling Pipeline (SIE+shear): theta_E_eff=1.01 arcsec (1sigma 0.99-1.03); in Zenodo successful-model set (335 objects); release README: 'we hope that nearly all are strong lenses', but per-object lens/non-lens judgement is unpublished; SLDE-A aggregate: 488 A/B candidates modelled, 374 successful, 315 judged lenses, 59 judged non-lens; per-object judgements not published","Q1 catalog grade=A, expert_score=2.298 (10 votes)",arXiv:2503.15324 Sect. 7.2; Zenodo 10.5281/zenodo.15025832 modeling_lens_mass.csv+lens.zip
euclid_q1_modeling,102044187_NEG542891812279697972,54.289181214003854,-27.96979729520765,inconclusive,"modelling unsuccessful (Zenodo unsuccess.zip, 144 objects: 'modeling failures, non-lens status, or ambiguity'); per-object reason unpublished -- the ~59 modelling-rejected non-lenses are within this set but not individually identified; SLDE-A aggregate: 488 A/B candidates modelled, 374 successful, 315 judged lenses, 59 judged non-lens; per-object judgements not published","Q1 catalog grade=B, expert_score=1.527 (10 votes)",arXiv:2503.15324 Sect. 7.2; Zenodo 10.5281/zenodo.15025832 unsuccess.zip
euclid_q1_modeling,102044188_NEG544517310278613198,54.45173100879106,-27.86131985279404,inconclusive,"successfully modelled by Euclid Strong Lens Modelling Pipeline (SIE+shear): theta_E_eff=1.99 arcsec (1sigma 1.99-1.99); in Zenodo successful-model set (335 objects); release README: 'we hope that nearly all are strong lenses', but per-object lens/non-lens judgement is unpublished; SLDE-A aggregate: 488 A/B candidates modelled, 374 successful, 315 judged lenses, 59 judged non-lens; per-object judgements not published","Q1 catalog grade=C, expert_score=1.499 (10 votes)",arXiv:2503.15324 Sect. 7.2; Zenodo 10.5281/zenodo.15025832 modeling_lens_mass.csv+lens.zip
euclid_q1_modeling,102044188_NEG546373168281614642,54.63731680049939,-28.1614642137824,inconclusive,"modelling unsuccessful (Zenodo unsuccess.zip, 144 objects: 'modeling failures, non-lens status, or ambiguity'); per-object reason unpublished -- the ~59 modelling-rejected non-lenses are within this set but not individually identified; SLDE-A aggregate: 488 A/B candidates modelled, 374 successful, 315 judged lenses, 59 judged non-lens; per-object judgements not published","Q1 catalog grade=C, expert_score=1.465 (10 votes)",arXiv:2503.15324 Sect. 7.2; Zenodo 10.5281/zenodo.15025832 unsuccess.zip
euclid_q1_modeling,102044188_NEG548070624278595332,54.807062463478985,-27.85953328459572,inconclusive,"successfully modelled by Euclid Strong Lens Modelling Pipeline (SIE+shear): theta_E_eff=0.86 arcsec (1sigma 0.84-0.87); in Zenodo successful-model set (335 objects); release README: 'we hope that nearly all are strong lenses', but per-object lens/non-lens judgement is unpublished; SLDE-A aggregate: 488 A/B candidates modelled, 374 successful, 315 judged lenses, 59 judged non-lens; per-object judgements not published","Q1 catalog grade=A, expert_score=2.138 (9 votes)",arXiv:2503.15324 Sect. 7.2; Zenodo 10.5281/zenodo.15025832 modeling_lens_mass.csv+lens.zip
euclid_q1_modeling,102044821_NEG508798294276486404,50.87982942615197,-27.64864043281615,inconclusive,"modelling unsuccessful (Zenodo unsuccess.zip, 144 objects: 'modeling failures, non-lens status, or ambiguity'); per-object reason unpublished -- the ~59 modelling-rejected non-lenses are within this set but not individually identified; SLDE-A aggregate: 488 A/B candidates modelled, 374 successful, 315 judged lenses, 59 judged non-lens; per-object judgements not published","Q1 catalog grade=A, expert_score=2.179 (10 votes)",arXiv:2503.15324 Sect. 7.2; Zenodo 10.5281/zenodo.15025832 unsuccess.zip
euclid_q1_modeling,102044821_NEG509449559274572380,50.94495595239306,-27.4572380334476,inconclusive,"successfully modelled by Euclid Strong Lens Modelling Pipeline (SIE+shear): theta_E_eff=1.05 arcsec (1sigma 1.04-1.05); in Zenodo successful-model set (335 objects); release README: 'we hope that nearly all are strong lenses', but per-object lens/non-lens judgement is unpublished; SLDE-A aggregate: 488 A/B candidates modelled, 374 successful, 315 judged lenses, 59 judged non-lens; per-object judgements not published","Q1 catalog grade=A, expert_score=2.197 (10 votes)",arXiv:2503.15324 Sect. 7.2; Zenodo 10.5281/zenodo.15025832 modeling_lens_mass.csv+lens.zip
euclid_q1_modeling,102044823_NEG519310575275844311,51.9310575405421,-27.584431114234448,inconclusive,"successfully modelled by Euclid Strong Lens Modelling Pipeline (SIE+shear): theta_E_eff=1.04 arcsec (1sigma 1.01-1.08); in Zenodo successful-model set (335 objects); release README: 'we hope that nearly all are strong lenses', but per-object lens/non-lens judgement is unpublished; SLDE-A aggregate: 488 A/B candidates modelled, 374 successful, 315 judged lenses, 59 judged non-lens; per-object judgements not published","Q1 catalog grade=C, expert_score=1.495 (9 votes)",arXiv:2503.15324 Sect. 7.2; Zenodo 10.5281/zenodo.15025832 modeling_lens_mass.csv+lens.zip
euclid_q1_modeling,102044823_NEG519633334274259646,51.963333406311975,-27.425964645733604,inconclusive,"successfully modelled by Euclid Strong Lens Modelling Pipeline (SIE+shear): theta_E_eff=0.82 arcsec (1sigma 0.82-0.82); in Zenodo successful-model set (335 objects); release README: 'we hope that nearly all are strong lenses', but per-object lens/non-lens judgement is unpublished; SLDE-A aggregate: 488 A/B candidates modelled, 374 successful, 315 judged lenses, 59 judged non-lens; per-object judgements not published","Q1 catalog grade=A, expert_score=2.959 (10 votes)",arXiv:2503.15324 Sect. 7.2; Zenodo 10.5281/zenodo.15025832 modeling_lens_mass.csv+lens.zip
euclid_q1_modeling,102044823_NEG523091195273907574,52.309119513753465,-27.390757480741296,inconclusive,"modelling unsuccessful (Zenodo unsuccess.zip, 144 objects: 'modeling failures, non-lens status, or ambiguity'); per-object reason unpublished -- the ~59 modelling-rejected non-lenses are within this set but not individually identified; SLDE-A aggregate: 488 A/B candidates modelled, 374 successful, 315 judged lenses, 59 judged non-lens; per-object judgements not published","Q1 catalog grade=B, expert_score=1.514 (10 votes)",arXiv:2503.15324 Sect. 7.2; Zenodo 10.5281/zenodo.15025832 unsuccess.zip
euclid_q1_modeling,102044824_NEG525230483273308137,52.5230483017954,-27.33081373157524,inconclusive,"successfully modelled by Euclid Strong Lens Modelling Pipeline (SIE+shear): theta_E_eff=0.82 arcsec (1sigma 0.81-0.84); in Zenodo successful-model set (335 objects); release README: 'we hope that nearly all are strong lenses', but per-object lens/non-lens judgement is unpublished; SLDE-A aggregate: 488 A/B candidates modelled, 374 successful, 315 judged lenses, 59 judged non-lens; per-object judgements not published","Q1 catalog grade=B, expert_score=1.563 (9 votes)",arXiv:2503.15324 Sect. 7.2; Zenodo 10.5281/zenodo.15025832 modeling_lens_mass.csv+lens.zip
euclid_q1_modeling,102044824_NEG528789191276364582,52.87891913064314,-27.636458287943867,inconclusive,"successfully modelled by Euclid Strong Lens Modelling Pipeline (SIE+shear): theta_E_eff=0.85 arcsec (1sigma 0.84-0.86); in Zenodo successful-model set (335 objects); release README: 'we hope that nearly all are strong lenses', but per-object lens/non-lens judgement is unpublished; SLDE-A aggregate: 488 A/B candidates modelled, 374 successful, 315 judged lenses, 59 judged non-lens; per-object judgements not published","Q1 catalog grade=A, expert_score=2.756 (10 votes)",arXiv:2503.15324 Sect. 7.2; Zenodo 10.5281/zenodo.15025832 modeling_lens_mass.csv+lens.zip
euclid_q1_modeling,102044825_NEG534081174272937149,53.408117445209946,-27.2937149013282,inconclusive,"successfully modelled by Euclid Strong Lens Modelling Pipeline (SIE+shear): theta_E_eff=1.08 arcsec (1sigma 1.08-1.09); in Zenodo successful-model set (335 objects); release README: 'we hope that nearly all are strong lenses', but per-object lens/non-lens judgement is unpublished; SLDE-A aggregate: 488 A/B candidates modelled, 374 successful, 315 judged lenses, 59 judged non-lens; per-object judgements not published","Q1 catalog grade=A, expert_score=2.538 (7 votes)",arXiv:2503.15324 Sect. 7.2; Zenodo 10.5281/zenodo.15025832 modeling_lens_mass.csv+lens.zip
euclid_q1_modeling,102044826_NEG537879168275630474,53.78791682486845,-27.5630474248287,inconclusive,"successfully modelled by Euclid Strong Lens Modelling Pipeline (SIE+shear): theta_E_eff=0.89 arcsec (1sigma 0.88-0.89); in Zenodo successful-model set (335 objects); release README: 'we hope that nearly all are strong lenses', but per-object lens/non-lens judgement is unpublished; SLDE-A aggregate: 488 A/B candidates modelled, 374 successful, 315 judged lenses, 59 judged non-lens; per-object judgements not published","Q1 catalog grade=A, expert_score=2.147 (9 votes)",arXiv:2503.15324 Sect. 7.2; Zenodo 10.5281/zenodo.15025832 modeling_lens_mass.csv+lens.zip
euclid_q1_modeling,102044826_NEG537893681272621987,53.78936818611787,-27.26219875128607,inconclusive,"successfully modelled by Euclid Strong Lens Modelling Pipeline (SIE+shear): theta_E_eff=1.59 arcsec (1sigma 1.57-1.61); in Zenodo successful-model set (335 objects); release README: 'we hope that nearly all are strong lenses', but per-object lens/non-lens judgement is unpublished; SLDE-A aggregate: 488 A/B candidates modelled, 374 successful, 315 judged lenses, 59 judged non-lens; per-object judgements not published","Q1 catalog grade=A, expert_score=2.036 (9 votes)",arXiv:2503.15324 Sect. 7.2; Zenodo 10.5281/zenodo.15025832 modeling_lens_mass.csv+lens.zip
euclid_q1_modeling,102044827_NEG542909292272696454,54.2909292678002,-27.269645476267584,inconclusive,"group-scale lens candidate requiring multiple mass components, beyond scope of the Q1 automated pipeline (Zenodo group.zip, 41 objects); no modelling verdict; SLDE-A aggregate: 488 A/B candidates modelled, 374 successful, 315 judged lenses, 59 judged non-lens; per-object judgements not published","Q1 catalog grade=B, expert_score=1.645 (10 votes)",arXiv:2503.15324 Sect. 7.2; Zenodo 10.5281/zenodo.15025832 group.zip
euclid_q1_modeling,102044827_NEG544423614276266111,54.44236143563962,-27.626611167335145,inconclusive,"group-scale lens candidate requiring multiple mass components, beyond scope of the Q1 automated pipeline (Zenodo group.zip, 41 objects); no modelling verdict; SLDE-A aggregate: 488 A/B candidates modelled, 374 successful, 315 judged lenses, 59 judged non-lens; per-object judgements not published","Q1 catalog grade=B, expert_score=1.670 (10 votes)",arXiv:2503.15324 Sect. 7.2; Zenodo 10.5281/zenodo.15025832 group.zip
euclid_q1_modeling,102045463_NEG510020362271915172,51.0020362232379,-27.191517292522285,inconclusive,"group-scale lens candidate requiring multiple mass components, beyond scope of the Q1 automated pipeline (Zenodo group.zip, 41 objects); no modelling verdict; SLDE-A aggregate: 488 A/B candidates modelled, 374 successful, 315 judged lenses, 59 judged non-lens; per-object judgements not published","Q1 catalog grade=B, expert_score=1.605 (10 votes)",arXiv:2503.15324 Sect. 7.2; Zenodo 10.5281/zenodo.15025832 group.zip
euclid_q1_modeling,102045463_NEG510363299272415391,51.036329986304246,-27.24153910410949,inconclusive,"successfully modelled by Euclid Strong Lens Modelling Pipeline (SIE+shear): theta_E_eff=0.76 arcsec (1sigma 0.75-0.76); in Zenodo successful-model set (335 objects); release README: 'we hope that nearly all are strong lenses', but per-object lens/non-lens judgement is unpublished; SLDE-A aggregate: 488 A/B candidates modelled, 374 successful, 315 judged lenses, 59 judged non-lens; per-object judgements not published","Q1 catalog grade=A, expert_score=2.973 (10 votes)",arXiv:2503.15324 Sect. 7.2; Zenodo 10.5281/zenodo.15025832 modeling_lens_mass.csv+lens.zip
euclid_q1_modeling,102045464_NEG512422645270221464,51.24226454312596,-27.02214645082399,inconclusive,"modelling unsuccessful (Zenodo unsuccess.zip, 144 objects: 'modeling failures, non-lens status, or ambiguity'); per-object reason unpublished -- the ~59 modelling-rejected non-lenses are within this set but not individually identified; SLDE-A aggregate: 488 A/B candidates modelled, 374 successful, 315 judged lenses, 59 judged non-lens; per-object judgements not published","Q1 catalog grade=B, expert_score=1.648 (10 votes)",arXiv:2503.15324 Sect. 7.2; Zenodo 10.5281/zenodo.15025832 unsuccess.zip
euclid_q1_modeling,102045464_NEG514418387268262939,51.44183879061816,-26.82629397895439,inconclusive,"successfully modelled by Euclid Strong Lens Modelling Pipeline (SIE+shear): theta_E_eff=0.82 arcsec (1sigma 0.82-0.82); in Zenodo successful-model set (335 objects); release README: 'we hope that nearly all are strong lenses', but per-object lens/non-lens judgement is unpublished; SLDE-A aggregate: 488 A/B candidates modelled, 374 successful, 315 judged lenses, 59 judged non-lens; per-object judgements not published","Q1 catalog grade=B, expert_score=1.975 (10 votes)",arXiv:2503.15324 Sect. 7.2; Zenodo 10.5281/zenodo.15025832 modeling_lens_mass.csv+lens.zip
euclid_q1_modeling,102045464_NEG515803462270682480,51.58034629682901,-27.06824809575101,inconclusive,"successfully modelled by Euclid Strong Lens Modelling Pipeline (SIE+shear): theta_E_eff=0.44 arcsec (1sigma 0.43-0.44); in Zenodo successful-model set (335 objects); release README: 'we hope that nearly all are strong lenses', but per-object lens/non-lens judgement is unpublished; SLDE-A aggregate: 488 A/B candidates modelled, 374 successful, 315 judged lenses, 59 judged non-lens; per-object judgements not published","Q1 catalog grade=B, expert_score=1.510 (9 votes)",arXiv:2503.15324 Sect. 7.2; Zenodo 10.5281/zenodo.15025832 modeling_lens_mass.csv+lens.zip
euclid_q1_modeling,102045466_NEG522784531269221616,52.27845319092136,-26.922161677633607,inconclusive,"modelling unsuccessful (Zenodo unsuccess.zip, 144 objects: 'modeling failures, non-lens status, or ambiguity'); per-object reason unpublished -- the ~59 modelling-rejected non-lenses are within this set but not individually identified; SLDE-A aggregate: 488 A/B candidates modelled, 374 successful, 315 judged lenses, 59 judged non-lens; per-object judgements not published","Q1 catalog grade=A, expert_score=2.522 (8 votes)",arXiv:2503.15324 Sect. 7.2; Zenodo 10.5281/zenodo.15025832 unsuccess.zip
euclid_q1_modeling,102045466_NEG526398502270513535,52.639850230005855,-27.05135350205716,inconclusive,"modelling unsuccessful (Zenodo unsuccess.zip, 144 objects: 'modeling failures, non-lens status, or ambiguity'); per-object reason unpublished -- the ~59 modelling-rejected non-lenses are within this set but not individually identified; SLDE-A aggregate: 488 A/B candidates modelled, 374 successful, 315 judged lenses, 59 judged non-lens; per-object judgements not published","Q1 catalog grade=A, expert_score=2.503 (10 votes)",arXiv:2503.15324 Sect. 7.2; Zenodo 10.5281/zenodo.15025832 unsuccess.zip
euclid_q1_modeling,102045466_NEG526735767268568130,52.67357673662208,-26.8568130346764,inconclusive,"modelling unsuccessful (Zenodo unsuccess.zip, 144 objects: 'modeling failures, non-lens status, or ambiguity'); per-object reason unpublished -- the ~59 modelling-rejected non-lenses are within this set but not individually identified; SLDE-A aggregate: 488 A/B candidates modelled, 374 successful, 315 judged lenses, 59 judged non-lens; per-object judgements not published","Q1 catalog grade=B, expert_score=1.637 (10 votes)",arXiv:2503.15324 Sect. 7.2; Zenodo 10.5281/zenodo.15025832 unsuccess.zip
euclid_q1_modeling,102045467_NEG529760884271850076,52.97608846859429,-27.18500763947275,inconclusive,"successfully modelled by Euclid Strong Lens Modelling Pipeline (SIE+shear): theta_E_eff=0.93 arcsec (1sigma 0.92-0.93); in Zenodo successful-model set (335 objects); release README: 'we hope that nearly all are strong lenses', but per-object lens/non-lens judgement is unpublished; SLDE-A aggregate: 488 A/B candidates modelled, 374 successful, 315 judged lenses, 59 judged non-lens; per-object judgements not published","Q1 catalog grade=B, expert_score=1.970 (10 votes)",arXiv:2503.15324 Sect. 7.2; Zenodo 10.5281/zenodo.15025832 modeling_lens_mass.csv+lens.zip
euclid_q1_modeling,102045468_NEG534525411271636586,53.45254118345938,-27.16365862400199,inconclusive,"successfully modelled by Euclid Strong Lens Modelling Pipeline (SIE+shear): theta_E_eff=0.74 arcsec (1sigma 0.73-0.75); in Zenodo successful-model set (335 objects); release README: 'we hope that nearly all are strong lenses', but per-object lens/non-lens judgement is unpublished; SLDE-A aggregate: 488 A/B candidates modelled, 374 successful, 315 judged lenses, 59 judged non-lens; per-object judgements not published","Q1 catalog grade=A, expert_score=2.295 (10 votes)",arXiv:2503.15324 Sect. 7.2; Zenodo 10.5281/zenodo.15025832 modeling_lens_mass.csv+lens.zip
euclid_q1_modeling,102045468_NEG535850797268396974,53.585079752047086,-26.83969741339551,inconclusive,"successfully modelled by Euclid Strong Lens Modelling Pipeline (SIE+shear): theta_E_eff=nan arcsec (1sigma nan-nan); in Zenodo successful-model set (335 objects); release README: 'we hope that nearly all are strong lenses', but per-object lens/non-lens judgement is unpublished; SLDE-A aggregate: 488 A/B candidates modelled, 374 successful, 315 judged lenses, 59 judged non-lens; per-object judgements not published","Q1 catalog grade=B, expert_score=1.695 (10 votes)",arXiv:2503.15324 Sect. 7.2; Zenodo 10.5281/zenodo.15025832 modeling_lens_mass.csv+lens.zip
euclid_q1_modeling,102045468_NEG536440857272232644,53.644085783516914,-27.223264429173245,inconclusive,"modelling unsuccessful (Zenodo unsuccess.zip, 144 objects: 'modeling failures, non-lens status, or ambiguity'); per-object reason unpublished -- the ~59 modelling-rejected non-lenses are within this set but not individually identified; SLDE-A aggregate: 488 A/B candidates modelled, 374 successful, 315 judged lenses, 59 judged non-lens; per-object judgements not published","Q1 catalog grade=B, expert_score=1.513 (10 votes)",arXiv:2503.15324 Sect. 7.2; Zenodo 10.5281/zenodo.15025832 unsuccess.zip
euclid_q1_modeling,102045468_NEG537581789271144818,53.75817891108607,-27.114481825241555,inconclusive,"successfully modelled by Euclid Strong Lens Modelling Pipeline (SIE+shear): theta_E_eff=1.17 arcsec (1sigma 1.17-1.17); in Zenodo successful-model set (335 objects); release README: 'we hope that nearly all are strong lenses', but per-object lens/non-lens judgement is unpublished; SLDE-A aggregate: 488 A/B candidates modelled, 374 successful, 315 judged lenses, 59 judged non-lens; per-object judgements not published","Q1 catalog grade=B, expert_score=1.722 (10 votes)",arXiv:2503.15324 Sect. 7.2; Zenodo 10.5281/zenodo.15025832 modeling_lens_mass.csv+lens.zip
euclid_q1_modeling,102045468_NEG537583612271140672,53.7583612,-27.1140672,inconclusive,"modelling unsuccessful (Zenodo unsuccess.zip, 144 objects: 'modeling failures, non-lens status, or ambiguity'); per-object reason unpublished -- the ~59 modelling-rejected non-lenses are within this set but not individually identified; SLDE-A aggregate: 488 A/B candidates modelled, 374 successful, 315 judged lenses, 59 judged non-lens; per-object judgements not published",not in released Q1 catalog (coordinates decoded from object_id),arXiv:2503.15324 Sect. 7.2; Zenodo 10.5281/zenodo.15025832 unsuccess.zip
euclid_q1_modeling,102045470_NEG546481364271947360,54.64813642542638,-27.19473600162915,inconclusive,"successfully modelled by Euclid Strong Lens Modelling Pipeline (SIE+shear): theta_E_eff=0.78 arcsec (1sigma 0.77-0.79); in Zenodo successful-model set (335 objects); release README: 'we hope that nearly all are strong lenses', but per-object lens/non-lens judgement is unpublished; SLDE-A aggregate: 488 A/B candidates modelled, 374 successful, 315 judged lenses, 59 judged non-lens; per-object judgements not published","Q1 catalog grade=B, expert_score=1.889 (10 votes)",arXiv:2503.15324 Sect. 7.2; Zenodo 10.5281/zenodo.15025832 modeling_lens_mass.csv+lens.zip
euclid_q1_modeling,102046110_NEG518495362266147268,51.84953628065392,-26.614726818475344,inconclusive,"modelling unsuccessful (Zenodo unsuccess.zip, 144 objects: 'modeling failures, non-lens status, or ambiguity'); per-object reason unpublished -- the ~59 modelling-rejected non-lenses are within this set but not individually identified; SLDE-A aggregate: 488 A/B candidates modelled, 374 successful, 315 judged lenses, 59 judged non-lens; per-object judgements not published","Q1 catalog grade=B, expert_score=1.529 (9 votes)",arXiv:2503.15324 Sect. 7.2; Zenodo 10.5281/zenodo.15025832 unsuccess.zip
euclid_q1_modeling,102046111_NEG522631915266742195,52.26319153218572,-26.674219571254035,inconclusive,"successfully modelled by Euclid Strong Lens Modelling Pipeline (SIE+shear): theta_E_eff=0.67 arcsec (1sigma 0.65-0.68); in Zenodo successful-model set (335 objects); release README: 'we hope that nearly all are strong lenses', but per-object lens/non-lens judgement is unpublished; SLDE-A aggregate: 488 A/B candidates modelled, 374 successful, 315 judged lenses, 59 judged non-lens; per-object judgements not published","Q1 catalog grade=B, expert_score=1.844 (10 votes)",arXiv:2503.15324 Sect. 7.2; Zenodo 10.5281/zenodo.15025832 modeling_lens_mass.csv+lens.zip
euclid_q1_modeling,102046111_NEG524535231263409554,52.453523130156384,-26.34095544998652,inconclusive,"successfully modelled by Euclid Strong Lens Modelling Pipeline (SIE+shear): theta_E_eff=0.85 arcsec (1sigma 0.83-0.88); in Zenodo successful-model set (335 objects); release README: 'we hope that nearly all are strong lenses', but per-object lens/non-lens judgement is unpublished; SLDE-A aggregate: 488 A/B candidates modelled, 374 successful, 315 judged lenses, 59 judged non-lens; per-object judgements not published","Q1 catalog grade=B, expert_score=1.969 (10 votes)",arXiv:2503.15324 Sect. 7.2; Zenodo 10.5281/zenodo.15025832 modeling_lens_mass.csv+lens.zip
euclid_q1_modeling,102046111_NEG525445060265211534,52.54450604134525,-26.521153444380623,inconclusive,"modelling unsuccessful (Zenodo unsuccess.zip, 144 objects: 'modeling failures, non-lens status, or ambiguity'); per-object reason unpublished -- the ~59 modelling-rejected non-lenses are within this set but not individually identified; SLDE-A aggregate: 488 A/B candidates modelled, 374 successful, 315 judged lenses, 59 judged non-lens; per-object judgements not published","Q1 catalog grade=B, expert_score=1.670 (10 votes)",arXiv:2503.15324 Sect. 7.2; Zenodo 10.5281/zenodo.15025832 unsuccess.zip
euclid_q1_modeling,102046111_NEG525674252262710433,52.56742527162064,-26.27104331001816,inconclusive,"successfully modelled by Euclid Strong Lens Modelling Pipeline (SIE+shear): theta_E_eff=1.14 arcsec (1sigma 1.13-1.14); in Zenodo successful-model set (335 objects); release README: 'we hope that nearly all are strong lenses', but per-object lens/non-lens judgement is unpublished; SLDE-A aggregate: 488 A/B candidates modelled, 374 successful, 315 judged lenses, 59 judged non-lens; per-object judgements not published","Q1 catalog grade=B, expert_score=1.909 (10 votes)",arXiv:2503.15324 Sect. 7.2; Zenodo 10.5281/zenodo.15025832 modeling_lens_mass.csv+lens.zip
euclid_q1_modeling,102046114_NEG537084154267015431,53.70841543605162,-26.70154319440072,inconclusive,"group-scale lens candidate requiring multiple mass components, beyond scope of the Q1 automated pipeline (Zenodo group.zip, 41 objects); no modelling verdict; SLDE-A aggregate: 488 A/B candidates modelled, 374 successful, 315 judged lenses, 59 judged non-lens; per-object judgements not published","Q1 catalog grade=A, expert_score=2.647 (8 votes)",arXiv:2503.15324 Sect. 7.2; Zenodo 10.5281/zenodo.15025832 group.zip
euclid_q1_modeling,102046114_NEG537352034266671160,53.73520340274464,-26.667116031154272,inconclusive,"successfully modelled by Euclid Strong Lens Modelling Pipeline (SIE+shear): theta_E_eff=1.24 arcsec (1sigma 1.24-1.25); in Zenodo successful-model set (335 objects); release README: 'we hope that nearly all are strong lenses', but per-object lens/non-lens judgement is unpublished; SLDE-A aggregate: 488 A/B candidates modelled, 374 successful, 315 judged lenses, 59 judged non-lens; per-object judgements not published","Q1 catalog grade=B, expert_score=1.834 (10 votes)",arXiv:2503.15324 Sect. 7.2; Zenodo 10.5281/zenodo.15025832 modeling_lens_mass.csv+lens.zip
euclid_q1_modeling,102046114_NEG540908760267374976,54.09087606219873,-26.73749766724749,inconclusive,"modelling unsuccessful (Zenodo unsuccess.zip, 144 objects: 'modeling failures, non-lens status, or ambiguity'); per-object reason unpublished -- the ~59 modelling-rejected non-lenses are within this set but not individually identified; SLDE-A aggregate: 488 A/B candidates modelled, 374 successful, 315 judged lenses, 59 judged non-lens; per-object judgements not published","Q1 catalog grade=B, expert_score=1.850 (9 votes)",arXiv:2503.15324 Sect. 7.2; Zenodo 10.5281/zenodo.15025832 unsuccess.zip
euclid_q1_modeling,102046759_NEG522096295262136465,52.20962951125225,-26.21364656116373,inconclusive,"successfully modelled by Euclid Strong Lens Modelling Pipeline (SIE+shear): theta_E_eff=1.27 arcsec (1sigma 1.27-1.28); in Zenodo successful-model set (335 objects); release README: 'we hope that nearly all are strong lenses', but per-object lens/non-lens judgement is unpublished; SLDE-A aggregate: 488 A/B candidates modelled, 374 successful, 315 judged lenses, 59 judged non-lens; per-object judgements not published","Q1 catalog grade=A, expert_score=2.151 (10 votes)",arXiv:2503.15324 Sect. 7.2; Zenodo 10.5281/zenodo.15025832 modeling_lens_mass.csv+lens.zip
euclid_q1_modeling,102046761_NEG530547438262401689,53.05474384470475,-26.24016899451642,inconclusive,"modelling unsuccessful (Zenodo unsuccess.zip, 144 objects: 'modeling failures, non-lens status, or ambiguity'); per-object reason unpublished -- the ~59 modelling-rejected non-lenses are within this set but not individually identified; SLDE-A aggregate: 488 A/B candidates modelled, 374 successful, 315 judged lenses, 59 judged non-lens; per-object judgements not published","Q1 catalog grade=C, expert_score=1.411 (10 votes)",arXiv:2503.15324 Sect. 7.2; Zenodo 10.5281/zenodo.15025832 unsuccess.zip
euclid_q1_modeling,102046761_NEG531782867262094267,53.17828670361266,-26.2094267877214,inconclusive,"modelling unsuccessful (Zenodo unsuccess.zip, 144 objects: 'modeling failures, non-lens status, or ambiguity'); per-object reason unpublished -- the ~59 modelling-rejected non-lenses are within this set but not individually identified; SLDE-A aggregate: 488 A/B candidates modelled, 374 successful, 315 judged lenses, 59 judged non-lens; per-object judgements not published","Q1 catalog grade=A, expert_score=2.397 (10 votes)",arXiv:2503.15324 Sect. 7.2; Zenodo 10.5281/zenodo.15025832 unsuccess.zip
euclid_q1_modeling,102046761_NEG532020950261969455,53.20209508963684,-26.19694558334184,inconclusive,"modelling unsuccessful (Zenodo unsuccess.zip, 144 objects: 'modeling failures, non-lens status, or ambiguity'); per-object reason unpublished -- the ~59 modelling-rejected non-lenses are within this set but not individually identified; SLDE-A aggregate: 488 A/B candidates modelled, 374 successful, 315 judged lenses, 59 judged non-lens; per-object judgements not published","Q1 catalog grade=A, expert_score=2.461 (10 votes)",arXiv:2503.15324 Sect. 7.2; Zenodo 10.5281/zenodo.15025832 unsuccess.zip
euclid_q1_modeling,102046761_NEG534264558260612632,53.42645580108414,-26.06126322516176,inconclusive,"modelling unsuccessful (Zenodo unsuccess.zip, 144 objects: 'modeling failures, non-lens status, or ambiguity'); per-object reason unpublished -- the ~59 modelling-rejected non-lenses are within this set but not individually identified; SLDE-A aggregate: 488 A/B candidates modelled, 374 successful, 315 judged lenses, 59 judged non-lens; per-object judgements not published","Q1 catalog grade=B, expert_score=1.989 (10 votes)",arXiv:2503.15324 Sect. 7.2; Zenodo 10.5281/zenodo.15025832 unsuccess.zip
euclid_q1_modeling,102157629_2659727733636823810,265.9727733948663,63.68238103492873,inconclusive,"successfully modelled by Euclid Strong Lens Modelling Pipeline (SIE+shear): theta_E_eff=1.05 arcsec (1sigma 1.05-1.05); in Zenodo successful-model set (335 objects); release README: 'we hope that nearly all are strong lenses', but per-object lens/non-lens judgement is unpublished; SLDE-A aggregate: 488 A/B candidates modelled, 374 successful, 315 judged lenses, 59 judged non-lens; per-object judgements not published","Q1 catalog grade=B, expert_score=1.961 (10 votes)",arXiv:2503.15324 Sect. 7.2; Zenodo 10.5281/zenodo.15025832 modeling_lens_mass.csv+lens.zip
euclid_q1_modeling,102157630_2665772836637102014,266.57728361767727,63.710201464734894,inconclusive,"successfully modelled by Euclid Strong Lens Modelling Pipeline (SIE+shear): theta_E_eff=1.93 arcsec (1sigma 1.93-1.93); in Zenodo successful-model set (335 objects); release README: 'we hope that nearly all are strong lenses', but per-object lens/non-lens judgement is unpublished; SLDE-A aggregate: 488 A/B candidates modelled, 374 successful, 315 judged lenses, 59 judged non-lens; per-object judgements not published","Q1 catalog grade=A, expert_score=2.206 (11 votes)",arXiv:2503.15324 Sect. 7.2; Zenodo 10.5281/zenodo.15025832 modeling_lens_mass.csv+lens.zip
euclid_q1_modeling,102157632_2691754663635937458,269.1754663378086,63.59374584927868,inconclusive,"modelling unsuccessful (Zenodo unsuccess.zip, 144 objects: 'modeling failures, non-lens status, or ambiguity'); per-object reason unpublished -- the ~59 modelling-rejected non-lenses are within this set but not individually identified; SLDE-A aggregate: 488 A/B candidates modelled, 374 successful, 315 judged lenses, 59 judged non-lens; per-object judgements not published","Q1 catalog grade=B, expert_score=1.819 (10 votes)",arXiv:2503.15324 Sect. 7.2; Zenodo 10.5281/zenodo.15025832 unsuccess.zip
euclid_q1_modeling,102157633_2702499990636559109,270.2499990023647,63.655910974510576,inconclusive,"modelling unsuccessful (Zenodo unsuccess.zip, 144 objects: 'modeling failures, non-lens status, or ambiguity'); per-object reason unpublished -- the ~59 modelling-rejected non-lenses are within this set but not individually identified; SLDE-A aggregate: 488 A/B candidates modelled, 374 successful, 315 judged lenses, 59 judged non-lens; per-object judgements not published","Q1 catalog grade=B, expert_score=1.510 (9 votes)",arXiv:2503.15324 Sect. 7.2; Zenodo 10.5281/zenodo.15025832 unsuccess.zip
euclid_q1_modeling,102157952_2658211530641487553,265.8211530815124,64.14875539666241,inconclusive,"successfully modelled by Euclid Strong Lens Modelling Pipeline (SIE+shear): theta_E_eff=1.11 arcsec (1sigma 1.10-1.14); in Zenodo successful-model set (335 objects); release README: 'we hope that nearly all are strong lenses', but per-object lens/non-lens judgement is unpublished; SLDE-A aggregate: 488 A/B candidates modelled, 374 successful, 315 judged lenses, 59 judged non-lens; per-object judgements not published","Q1 catalog grade=A, expert_score=2.815 (10 votes)",arXiv:2503.15324 Sect. 7.2; Zenodo 10.5281/zenodo.15025832 modeling_lens_mass.csv+lens.zip
euclid_q1_modeling,102157952_2658616879639330994,265.861687959614,63.93309942153464,inconclusive,"successfully modelled by Euclid Strong Lens Modelling Pipeline (SIE+shear): theta_E_eff=0.80 arcsec (1sigma 0.79-0.80); in Zenodo successful-model set (335 objects); release README: 'we hope that nearly all are strong lenses', but per-object lens/non-lens judgement is unpublished; SLDE-A aggregate: 488 A/B candidates modelled, 374 successful, 315 judged lenses, 59 judged non-lens; per-object judgements not published","Q1 catalog grade=B, expert_score=1.600 (10 votes)",arXiv:2503.15324 Sect. 7.2; Zenodo 10.5281/zenodo.15025832 modeling_lens_mass.csv+lens.zip
euclid_q1_modeling,102157953_2668203348640973901,266.8203348265631,64.09739011616426,inconclusive,"successfully modelled by Euclid Strong Lens Modelling Pipeline (SIE+shear): theta_E_eff=1.10 arcsec (1sigma 1.09-1.10); in Zenodo successful-model set (335 objects); release README: 'we hope that nearly all are strong lenses', but per-object lens/non-lens judgement is unpublished; SLDE-A aggregate: 488 A/B candidates modelled, 374 successful, 315 judged lenses, 59 judged non-lens; per-object judgements not published","Q1 catalog grade=B, expert_score=1.853 (10 votes)",arXiv:2503.15324 Sect. 7.2; Zenodo 10.5281/zenodo.15025832 modeling_lens_mass.csv+lens.zip
euclid_q1_modeling,102157953_2668288172639391107,266.82881722844246,63.93911077986698,inconclusive,"successfully modelled by Euclid Strong Lens Modelling Pipeline (SIE+shear): theta_E_eff=0.73 arcsec (1sigma 0.71-0.73); in Zenodo successful-model set (335 objects); release README: 'we hope that nearly all are strong lenses', but per-object lens/non-lens judgement is unpublished; SLDE-A aggregate: 488 A/B candidates modelled, 374 successful, 315 judged lenses, 59 judged non-lens; per-object judgements not published","Q1 catalog grade=A, expert_score=2.085 (10 votes)",arXiv:2503.15324 Sect. 7.2; Zenodo 10.5281/zenodo.15025832 modeling_lens_mass.csv+lens.zip
euclid_q1_modeling,102157953_2669397021640472384,266.9397021862729,64.04723848691526,inconclusive,"successfully modelled by Euclid Strong Lens Modelling Pipeline (SIE+shear): theta_E_eff=2.11 arcsec (1sigma 2.10-2.12); in Zenodo successful-model set (335 objects); release README: 'we hope that nearly all are strong lenses', but per-object lens/non-lens judgement is unpublished; SLDE-A aggregate: 488 A/B candidates modelled, 374 successful, 315 judged lenses, 59 judged non-lens; per-object judgements not published","Q1 catalog grade=A, expert_score=2.998 (10 votes)",arXiv:2503.15324 Sect. 7.2; Zenodo 10.5281/zenodo.15025832 modeling_lens_mass.csv+lens.zip
euclid_q1_modeling,102157953_2670994480641865653,267.0994480956625,64.18656538062261,inconclusive,"successfully modelled by Euclid Strong Lens Modelling Pipeline (SIE+shear): theta_E_eff=1.58 arcsec (1sigma 1.55-1.58); in Zenodo successful-model set (335 objects); release README: 'we hope that nearly all are strong lenses', but per-object lens/non-lens judgement is unpublished; SLDE-A aggregate: 488 A/B candidates modelled, 374 successful, 315 judged lenses, 59 judged non-lens; per-object judgements not published","Q1 catalog grade=A, expert_score=2.484 (15 votes)",arXiv:2503.15324 Sect. 7.2; Zenodo 10.5281/zenodo.15025832 modeling_lens_mass.csv+lens.zip
euclid_q1_modeling,102157954_2677725526640039676,267.7725526627888,64.00396761991807,inconclusive,"successfully modelled by Euclid Strong Lens Modelling Pipeline (SIE+shear): theta_E_eff=1.18 arcsec (1sigma 1.17-1.20); in Zenodo successful-model set (335 objects); release README: 'we hope that nearly all are strong lenses', but per-object lens/non-lens judgement is unpublished; SLDE-A aggregate: 488 A/B candidates modelled, 374 successful, 315 judged lenses, 59 judged non-lens; per-object judgements not published","Q1 catalog grade=B, expert_score=1.558 (10 votes)",arXiv:2503.15324 Sect. 7.2; Zenodo 10.5281/zenodo.15025832 modeling_lens_mass.csv+lens.zip
euclid_q1_modeling,102157954_2678629431639725549,267.86294315834544,63.972554932473166,inconclusive,"modelling unsuccessful (Zenodo unsuccess.zip, 144 objects: 'modeling failures, non-lens status, or ambiguity'); per-object reason unpublished -- the ~59 modelling-rejected non-lenses are within this set but not individually identified; SLDE-A aggregate: 488 A/B candidates modelled, 374 successful, 315 judged lenses, 59 judged non-lens; per-object judgements not published","Q1 catalog grade=A, expert_score=2.032 (10 votes)",arXiv:2503.15324 Sect. 7.2; Zenodo 10.5281/zenodo.15025832 unsuccess.zip
euclid_q1_modeling,102157955_2685490710638126805,268.54907109955803,63.81268052480853,inconclusive,"successfully modelled by Euclid Strong Lens Modelling Pipeline (SIE+shear): theta_E_eff=0.89 arcsec (1sigma 0.87-0.91); in Zenodo successful-model set (335 objects); release README: 'we hope that nearly all are strong lenses', but per-object lens/non-lens judgement is unpublished; SLDE-A aggregate: 488 A/B candidates modelled, 374 successful, 315 judged lenses, 59 judged non-lens; per-object judgements not published","Q1 catalog grade=A, expert_score=2.172 (17 votes)",arXiv:2503.15324 Sect. 7.2; Zenodo 10.5281/zenodo.15025832 modeling_lens_mass.csv+lens.zip
euclid_q1_modeling,102157956_2695046853638479184,269.50468537766204,63.84791845246926,inconclusive,"successfully modelled by Euclid Strong Lens Modelling Pipeline (SIE+shear): theta_E_eff=1.50 arcsec (1sigma 1.46-1.54); in Zenodo successful-model set (335 objects); release README: 'we hope that nearly all are strong lenses', but per-object lens/non-lens judgement is unpublished; SLDE-A aggregate: 488 A/B candidates modelled, 374 successful, 315 judged lenses, 59 judged non-lens; per-object judgements not published","Q1 catalog grade=B, expert_score=1.576 (10 votes)",arXiv:2503.15324 Sect. 7.2; Zenodo 10.5281/zenodo.15025832 modeling_lens_mass.csv+lens.zip
euclid_q1_modeling,102157956_2700546205640397835,270.0546205082691,64.0397835666413,inconclusive,"successfully modelled by Euclid Strong Lens Modelling Pipeline (SIE+shear): theta_E_eff=0.63 arcsec (1sigma 0.54-0.71); in Zenodo successful-model set (335 objects); release README: 'we hope that nearly all are strong lenses', but per-object lens/non-lens judgement is unpublished; SLDE-A aggregate: 488 A/B candidates modelled, 374 successful, 315 judged lenses, 59 judged non-lens; per-object judgements not published","Q1 catalog grade=A, expert_score=2.342 (9 votes)",arXiv:2503.15324 Sect. 7.2; Zenodo 10.5281/zenodo.15025832 modeling_lens_mass.csv+lens.zip
euclid_q1_modeling,102157956_2704655017641535458,270.4655017057284,64.15354585385174,inconclusive,"group-scale lens candidate requiring multiple mass components, beyond scope of the Q1 automated pipeline (Zenodo group.zip, 41 objects); no modelling verdict; SLDE-A aggregate: 488 A/B candidates modelled, 374 successful, 315 judged lenses, 59 judged non-lens; per-object judgements not published","Q1 catalog grade=B, expert_score=1.530 (10 votes)",arXiv:2503.15324 Sect. 7.2; Zenodo 10.5281/zenodo.15025832 group.zip
euclid_q1_modeling,102157957_2711813162637737494,271.1813162216756,63.773749419215626,inconclusive,"successfully modelled by Euclid Strong Lens Modelling Pipeline (SIE+shear): theta_E_eff=4.31 arcsec (1sigma 4.18-4.43); in Zenodo successful-model set (335 objects); release README: 'we hope that nearly all are strong lenses', but per-object lens/non-lens judgement is unpublished; SLDE-A aggregate: 488 A/B candidates modelled, 374 successful, 315 judged lenses, 59 judged non-lens; per-object judgements not published","Q1 catalog grade=B, expert_score=1.572 (10 votes)",arXiv:2503.15324 Sect. 7.2; Zenodo 10.5281/zenodo.15025832 modeling_lens_mass.csv+lens.zip
euclid_q1_modeling,102157958_2719195933641972975,271.919593396224,64.1972975435358,inconclusive,"successfully modelled by Euclid Strong Lens Modelling Pipeline (SIE+shear): theta_E_eff=0.85 arcsec (1sigma 0.85-0.85); in Zenodo successful-model set (335 objects); release README: 'we hope that nearly all are strong lenses', but per-object lens/non-lens judgement is unpublished; SLDE-A aggregate: 488 A/B candidates modelled, 374 successful, 315 judged lenses, 59 judged non-lens; per-object judgements not published","Q1 catalog grade=A, expert_score=2.723 (10 votes)",arXiv:2503.15324 Sect. 7.2; Zenodo 10.5281/zenodo.15025832 modeling_lens_mass.csv+lens.zip
euclid_q1_modeling,102157958_2722285786638229999,272.22857861828805,63.822999916812485,inconclusive,"modelling unsuccessful (Zenodo unsuccess.zip, 144 objects: 'modeling failures, non-lens status, or ambiguity'); per-object reason unpublished -- the ~59 modelling-rejected non-lenses are within this set but not individually identified; SLDE-A aggregate: 488 A/B candidates modelled, 374 successful, 315 judged lenses, 59 judged non-lens; per-object judgements not published","Q1 catalog grade=B, expert_score=1.790 (10 votes)",arXiv:2503.15324 Sect. 7.2; Zenodo 10.5281/zenodo.15025832 unsuccess.zip
euclid_q1_modeling,102157958_2727137773639721420,272.713777307259,63.97214203825033,inconclusive,"successfully modelled by Euclid Strong Lens Modelling Pipeline (SIE+shear): theta_E_eff=0.78 arcsec (1sigma 0.78-0.78); in Zenodo successful-model set (335 objects); release README: 'we hope that nearly all are strong lenses', but per-object lens/non-lens judgement is unpublished; SLDE-A aggregate: 488 A/B candidates modelled, 374 successful, 315 judged lenses, 59 judged non-lens; per-object judgements not published","Q1 catalog grade=A, expert_score=2.155 (15 votes)",arXiv:2503.15324 Sect. 7.2; Zenodo 10.5281/zenodo.15025832 modeling_lens_mass.csv+lens.zip
euclid_q1_modeling,102158270_2654337786643538414,265.43377860339933,64.35384146804655,inconclusive,"successfully modelled by Euclid Strong Lens Modelling Pipeline (SIE+shear): theta_E_eff=0.83 arcsec (1sigma 0.82-0.85); in Zenodo successful-model set (335 objects); release README: 'we hope that nearly all are strong lenses', but per-object lens/non-lens judgement is unpublished; SLDE-A aggregate: 488 A/B candidates modelled, 374 successful, 315 judged lenses, 59 judged non-lens; per-object judgements not published","Q1 catalog grade=A, expert_score=2.614 (10 votes)",arXiv:2503.15324 Sect. 7.2; Zenodo 10.5281/zenodo.15025832 modeling_lens_mass.csv+lens.zip
euclid_q1_modeling,102158270_2656382386643695481,265.6382386693545,64.36954818386313,inconclusive,"successfully modelled by Euclid Strong Lens Modelling Pipeline (SIE+shear): theta_E_eff=0.50 arcsec (1sigma 0.49-0.51); in Zenodo successful-model set (335 objects); release README: 'we hope that nearly all are strong lenses', but per-object lens/non-lens judgement is unpublished; SLDE-A aggregate: 488 A/B candidates modelled, 374 successful, 315 judged lenses, 59 judged non-lens; per-object judgements not published","Q1 catalog grade=B, expert_score=1.791 (10 votes)",arXiv:2503.15324 Sect. 7.2; Zenodo 10.5281/zenodo.15025832 modeling_lens_mass.csv+lens.zip
euclid_q1_modeling,102158270_2656815066646473630,265.681506630342,64.64736309077054,inconclusive,"successfully modelled by Euclid Strong Lens Modelling Pipeline (SIE+shear): theta_E_eff=0.77 arcsec (1sigma 0.77-0.78); in Zenodo successful-model set (335 objects); release README: 'we hope that nearly all are strong lenses', but per-object lens/non-lens judgement is unpublished; SLDE-A aggregate: 488 A/B candidates modelled, 374 successful, 315 judged lenses, 59 judged non-lens; per-object judgements not published","Q1 catalog grade=A, expert_score=2.395 (10 votes)",arXiv:2503.15324 Sect. 7.2; Zenodo 10.5281/zenodo.15025832 modeling_lens_mass.csv+lens.zip
euclid_q1_modeling,102158270_2659458922642761404,265.94589223705503,64.27614042248885,inconclusive,"modelling unsuccessful (Zenodo unsuccess.zip, 144 objects: 'modeling failures, non-lens status, or ambiguity'); per-object reason unpublished -- the ~59 modelling-rejected non-lenses are within this set but not individually identified; SLDE-A aggregate: 488 A/B candidates modelled, 374 successful, 315 judged lenses, 59 judged non-lens; per-object judgements not published","Q1 catalog grade=C, expert_score=1.389 (10 votes)",arXiv:2503.15324 Sect. 7.2; Zenodo 10.5281/zenodo.15025832 unsuccess.zip
euclid_q1_modeling,102158270_2660101090644460436,266.0101090586714,64.44604369485799,inconclusive,"modelling unsuccessful (Zenodo unsuccess.zip, 144 objects: 'modeling failures, non-lens status, or ambiguity'); per-object reason unpublished -- the ~59 modelling-rejected non-lenses are within this set but not individually identified; SLDE-A aggregate: 488 A/B candidates modelled, 374 successful, 315 judged lenses, 59 judged non-lens; per-object judgements not published","Q1 catalog grade=B, expert_score=1.798 (9 votes)",arXiv:2503.15324 Sect. 7.2; Zenodo 10.5281/zenodo.15025832 unsuccess.zip
euclid_q1_modeling,102158270_2662527621645054682,266.25276217727634,64.5054682940064,inconclusive,"successfully modelled by Euclid Strong Lens Modelling Pipeline (SIE+shear): theta_E_eff=1.37 arcsec (1sigma 1.36-1.39); in Zenodo successful-model set (335 objects); release README: 'we hope that nearly all are strong lenses', but per-object lens/non-lens judgement is unpublished; SLDE-A aggregate: 488 A/B candidates modelled, 374 successful, 315 judged lenses, 59 judged non-lens; per-object judgements not published","Q1 catalog grade=B, expert_score=1.518 (9 votes)",arXiv:2503.15324 Sect. 7.2; Zenodo 10.5281/zenodo.15025832 modeling_lens_mass.csv+lens.zip
euclid_q1_modeling,102158271_2672343829643151429,267.23438291261016,64.31514299489444,inconclusive,"successfully modelled by Euclid Strong Lens Modelling Pipeline (SIE+shear): theta_E_eff=0.61 arcsec (1sigma 0.60-0.62); in Zenodo successful-model set (335 objects); release README: 'we hope that nearly all are strong lenses', but per-object lens/non-lens judgement is unpublished; SLDE-A aggregate: 488 A/B candidates modelled, 374 successful, 315 judged lenses, 59 judged non-lens; per-object judgements not published","Q1 catalog grade=A, expert_score=2.022 (9 votes)",arXiv:2503.15324 Sect. 7.2; Zenodo 10.5281/zenodo.15025832 modeling_lens_mass.csv+lens.zip
euclid_q1_modeling,102158272_2678087036644598709,267.8087036964251,64.45987091477285,inconclusive,"successfully modelled by Euclid Strong Lens Modelling Pipeline (SIE+shear): theta_E_eff=0.50 arcsec (1sigma 0.50-0.50); in Zenodo successful-model set (335 objects); release README: 'we hope that nearly all are strong lenses', but per-object lens/non-lens judgement is unpublished; SLDE-A aggregate: 488 A/B candidates modelled, 374 successful, 315 judged lenses, 59 judged non-lens; per-object judgements not published","Q1 catalog grade=A, expert_score=2.158 (10 votes)",arXiv:2503.15324 Sect. 7.2; Zenodo 10.5281/zenodo.15025832 modeling_lens_mass.csv+lens.zip
euclid_q1_modeling,102158272_2683555203642954376,268.3555203318142,64.29543764195286,inconclusive,"successfully modelled by Euclid Strong Lens Modelling Pipeline (SIE+shear): theta_E_eff=1.81 arcsec (1sigma 1.80-1.81); in Zenodo successful-model set (335 objects); release README: 'we hope that nearly all are strong lenses', but per-object lens/non-lens judgement is unpublished; SLDE-A aggregate: 488 A/B candidates modelled, 374 successful, 315 judged lenses, 59 judged non-lens; per-object judgements not published","Q1 catalog grade=A, expert_score=2.244 (10 votes)",arXiv:2503.15324 Sect. 7.2; Zenodo 10.5281/zenodo.15025832 modeling_lens_mass.csv+lens.zip
euclid_q1_modeling,102158272_2685730342643470690,268.5730342815341,64.34706905219893,inconclusive,"successfully modelled by Euclid Strong Lens Modelling Pipeline (SIE+shear): theta_E_eff=0.76 arcsec (1sigma 0.75-0.77); in Zenodo successful-model set (335 objects); release README: 'we hope that nearly all are strong lenses', but per-object lens/non-lens judgement is unpublished; SLDE-A aggregate: 488 A/B candidates modelled, 374 successful, 315 judged lenses, 59 judged non-lens; per-object judgements not published","Q1 catalog grade=B, expert_score=1.610 (9 votes)",arXiv:2503.15324 Sect. 7.2; Zenodo 10.5281/zenodo.15025832 modeling_lens_mass.csv+lens.zip
euclid_q1_modeling,102158273_2697192667642722765,269.7192667017294,64.27227651525557,inconclusive,"successfully modelled by Euclid Strong Lens Modelling Pipeline (SIE+shear): theta_E_eff=0.58 arcsec (1sigma 0.58-0.58); in Zenodo successful-model set (335 objects); release README: 'we hope that nearly all are strong lenses', but per-object lens/non-lens judgement is unpublished; SLDE-A aggregate: 488 A/B candidates modelled, 374 successful, 315 judged lenses, 59 judged non-lens; per-object judgements not published","Q1 catalog grade=A, expert_score=2.118 (9 votes)",arXiv:2503.15324 Sect. 7.2; Zenodo 10.5281/zenodo.15025832 modeling_lens_mass.csv+lens.zip
euclid_q1_modeling,102158274_2704723597642696271,270.4723597403578,64.26962718083168,inconclusive,"successfully modelled by Euclid Strong Lens Modelling Pipeline (SIE+shear): theta_E_eff=0.85 arcsec (1sigma 0.82-0.86); in Zenodo successful-model set (335 objects); release README: 'we hope that nearly all are strong lenses', but per-object lens/non-lens judgement is unpublished; SLDE-A aggregate: 488 A/B candidates modelled, 374 successful, 315 judged lenses, 59 judged non-lens; per-object judgements not published","Q1 catalog grade=A, expert_score=2.072 (10 votes)",arXiv:2503.15324 Sect. 7.2; Zenodo 10.5281/zenodo.15025832 modeling_lens_mass.csv+lens.zip
euclid_q1_modeling,102158274_2706060111645234144,270.6060111075193,64.52341440180304,inconclusive,"successfully modelled by Euclid Strong Lens Modelling Pipeline (SIE+shear): theta_E_eff=0.48 arcsec (1sigma 0.48-0.49); in Zenodo successful-model set (335 objects); release README: 'we hope that nearly all are strong lenses', but per-object lens/non-lens judgement is unpublished; SLDE-A aggregate: 488 A/B candidates modelled, 374 successful, 315 judged lenses, 59 judged non-lens; per-object judgements not published","Q1 catalog grade=B, expert_score=1.539 (10 votes)",arXiv:2503.15324 Sect. 7.2; Zenodo 10.5281/zenodo.15025832 modeling_lens_mass.csv+lens.zip
euclid_q1_modeling,102158275_2713231622643632503,271.3231622601812,64.36325033443039,inconclusive,"successfully modelled by Euclid Strong Lens Modelling Pipeline (SIE+shear): theta_E_eff=0.61 arcsec (1sigma 0.59-0.62); in Zenodo successful-model set (335 objects); release README: 'we hope that nearly all are strong lenses', but per-object lens/non-lens judgement is unpublished; SLDE-A aggregate: 488 A/B candidates modelled, 374 successful, 315 judged lenses, 59 judged non-lens; per-object judgements not published","Q1 catalog grade=B, expert_score=1.836 (9 votes)",arXiv:2503.15324 Sect. 7.2; Zenodo 10.5281/zenodo.15025832 modeling_lens_mass.csv+lens.zip
euclid_q1_modeling,102158276_2722561985645255526,272.25619852909443,64.5255526391153,inconclusive,"modelling unsuccessful (Zenodo unsuccess.zip, 144 objects: 'modeling failures, non-lens status, or ambiguity'); per-object reason unpublished -- the ~59 modelling-rejected non-lenses are within this set but not individually identified; SLDE-A aggregate: 488 A/B candidates modelled, 374 successful, 315 judged lenses, 59 judged non-lens; per-object judgements not published","Q1 catalog grade=B, expert_score=1.589 (9 votes)",arXiv:2503.15324 Sect. 7.2; Zenodo 10.5281/zenodo.15025832 unsuccess.zip
euclid_q1_modeling,102158276_2727435595645547639,272.7435595161034,64.55476393577682,inconclusive,"successfully modelled by Euclid Strong Lens Modelling Pipeline (SIE+shear): theta_E_eff=0.83 arcsec (1sigma 0.82-0.84); in Zenodo successful-model set (335 objects); release README: 'we hope that nearly all are strong lenses', but per-object lens/non-lens judgement is unpublished; SLDE-A aggregate: 488 A/B candidates modelled, 374 successful, 315 judged lenses, 59 judged non-lens; per-object judgements not published","Q1 catalog grade=B, expert_score=1.644 (10 votes)",arXiv:2503.15324 Sect. 7.2; Zenodo 10.5281/zenodo.15025832 modeling_lens_mass.csv+lens.zip
euclid_q1_modeling,102158276_2727570223645896962,272.7570223673387,64.58969626327753,inconclusive,"successfully modelled by Euclid Strong Lens Modelling Pipeline (SIE+shear): theta_E_eff=1.00 arcsec (1sigma 0.99-1.00); in Zenodo successful-model set (335 objects); release README: 'we hope that nearly all are strong lenses', but per-object lens/non-lens judgement is unpublished; SLDE-A aggregate: 488 A/B candidates modelled, 374 successful, 315 judged lenses, 59 judged non-lens; per-object judgements not published","Q1 catalog grade=A, expert_score=2.917 (10 votes)",arXiv:2503.15324 Sect. 7.2; Zenodo 10.5281/zenodo.15025832 modeling_lens_mass.csv+lens.zip
euclid_q1_modeling,102158277_2733524648645511387,273.3524648265846,64.55113873843047,inconclusive,"successfully modelled by Euclid Strong Lens Modelling Pipeline (SIE+shear): theta_E_eff=0.54 arcsec (1sigma 0.53-0.54); in Zenodo successful-model set (335 objects); release README: 'we hope that nearly all are strong lenses', but per-object lens/non-lens judgement is unpublished; SLDE-A aggregate: 488 A/B candidates modelled, 374 successful, 315 judged lenses, 59 judged non-lens; per-object judgements not published","Q1 catalog grade=B, expert_score=1.966 (10 votes)",arXiv:2503.15324 Sect. 7.2; Zenodo 10.5281/zenodo.15025832 modeling_lens_mass.csv+lens.zip
euclid_q1_modeling,102158277_2738945549646397299,273.8945549705793,64.63972990931421,inconclusive,"successfully modelled by Euclid Strong Lens Modelling Pipeline (SIE+shear): theta_E_eff=1.17 arcsec (1sigma 1.17-1.18); in Zenodo successful-model set (335 objects); release README: 'we hope that nearly all are strong lenses', but per-object lens/non-lens judgement is unpublished; SLDE-A aggregate: 488 A/B candidates modelled, 374 successful, 315 judged lenses, 59 judged non-lens; per-object judgements not published","Q1 catalog grade=A, expert_score=2.538 (10 votes)",arXiv:2503.15324 Sect. 7.2; Zenodo 10.5281/zenodo.15025832 modeling_lens_mass.csv+lens.zip
euclid_q1_modeling,102158580_2631644629651693582,263.16446299769245,65.16935824161169,inconclusive,"modelling unsuccessful (Zenodo unsuccess.zip, 144 objects: 'modeling failures, non-lens status, or ambiguity'); per-object reason unpublished -- the ~59 modelling-rejected non-lenses are within this set but not individually identified; SLDE-A aggregate: 488 A/B candidates modelled, 374 successful, 315 judged lenses, 59 judged non-lens; per-object judgements not published","Q1 catalog grade=B, expert_score=1.563 (10 votes)",arXiv:2503.15324 Sect. 7.2; Zenodo 10.5281/zenodo.15025832 unsuccess.zip
euclid_q1_modeling,102158582_2655753387652324244,265.57533878130045,65.23242440822226,inconclusive,"successfully modelled by Euclid Strong Lens Modelling Pipeline (SIE+shear): theta_E_eff=0.71 arcsec (1sigma 0.70-0.72); in Zenodo successful-model set (335 objects); release README: 'we hope that nearly all are strong lenses', but per-object lens/non-lens judgement is unpublished; SLDE-A aggregate: 488 A/B candidates modelled, 374 successful, 315 judged lenses, 59 judged non-lens; per-object judgements not published","Q1 catalog grade=B, expert_score=1.570 (9 votes)",arXiv:2503.15324 Sect. 7.2; Zenodo 10.5281/zenodo.15025832 modeling_lens_mass.csv+lens.zip
euclid_q1_modeling,102158584_2687900321650859511,268.79003210743605,65.08595110358115,inconclusive,"successfully modelled by Euclid Strong Lens Modelling Pipeline (SIE+shear): theta_E_eff=0.80 arcsec (1sigma 0.80-0.80); in Zenodo successful-model set (335 objects); release README: 'we hope that nearly all are strong lenses', but per-object lens/non-lens judgement is unpublished; SLDE-A aggregate: 488 A/B candidates modelled, 374 successful, 315 judged lenses, 59 judged non-lens; per-object judgements not published","Q1 catalog grade=A, expert_score=3.158 (17 votes)",arXiv:2503.15324 Sect. 7.2; Zenodo 10.5281/zenodo.15025832 modeling_lens_mass.csv+lens.zip
euclid_q1_modeling,102158584_2687970439648743491,268.797043967054,64.87434919733515,inconclusive,"modelling unsuccessful (Zenodo unsuccess.zip, 144 objects: 'modeling failures, non-lens status, or ambiguity'); per-object reason unpublished -- the ~59 modelling-rejected non-lenses are within this set but not individually identified; SLDE-A aggregate: 488 A/B candidates modelled, 374 successful, 315 judged lenses, 59 judged non-lens; per-object judgements not published","Q1 catalog grade=B, expert_score=1.573 (10 votes)",arXiv:2503.15324 Sect. 7.2; Zenodo 10.5281/zenodo.15025832 unsuccess.zip
euclid_q1_modeling,102158584_2688054361648826754,268.80543613154765,64.88267549138783,inconclusive,"successfully modelled by Euclid Strong Lens Modelling Pipeline (SIE+shear): theta_E_eff=0.58 arcsec (1sigma 0.58-0.58); in Zenodo successful-model set (335 objects); release README: 'we hope that nearly all are strong lenses', but per-object lens/non-lens judgement is unpublished; SLDE-A aggregate: 488 A/B candidates modelled, 374 successful, 315 judged lenses, 59 judged non-lens; per-object judgements not published","Q1 catalog grade=B, expert_score=1.710 (9 votes)",arXiv:2503.15324 Sect. 7.2; Zenodo 10.5281/zenodo.15025832 modeling_lens_mass.csv+lens.zip
euclid_q1_modeling,102158584_2688149271647967093,268.8149271987569,64.79670930779008,inconclusive,"successfully modelled by Euclid Strong Lens Modelling Pipeline (SIE+shear): theta_E_eff=0.83 arcsec (1sigma 0.82-0.83); in Zenodo successful-model set (335 objects); release README: 'we hope that nearly all are strong lenses', but per-object lens/non-lens judgement is unpublished; SLDE-A aggregate: 488 A/B candidates modelled, 374 successful, 315 judged lenses, 59 judged non-lens; per-object judgements not published","Q1 catalog grade=A, expert_score=2.216 (9 votes)",arXiv:2503.15324 Sect. 7.2; Zenodo 10.5281/zenodo.15025832 modeling_lens_mass.csv+lens.zip
euclid_q1_modeling,102158585_2690666515648268601,269.0666515554563,64.82686014026385,inconclusive,"successfully modelled by Euclid Strong Lens Modelling Pipeline (SIE+shear): theta_E_eff=0.82 arcsec (1sigma 0.81-0.83); in Zenodo successful-model set (335 objects); release README: 'we hope that nearly all are strong lenses', but per-object lens/non-lens judgement is unpublished; SLDE-A aggregate: 488 A/B candidates modelled, 374 successful, 315 judged lenses, 59 judged non-lens; per-object judgements not published","Q1 catalog grade=A, expert_score=2.010 (9 votes)",arXiv:2503.15324 Sect. 7.2; Zenodo 10.5281/zenodo.15025832 modeling_lens_mass.csv+lens.zip
euclid_q1_modeling,102158585_2694958058650832108,269.4958058244813,65.083210840253,inconclusive,"group-scale lens candidate requiring multiple mass components, beyond scope of the Q1 automated pipeline (Zenodo group.zip, 41 objects); no modelling verdict; SLDE-A aggregate: 488 A/B candidates modelled, 374 successful, 315 judged lenses, 59 judged non-lens; per-object judgements not published","Q1 catalog grade=B, expert_score=1.950 (8 votes)",arXiv:2503.15324 Sect. 7.2; Zenodo 10.5281/zenodo.15025832 group.zip
euclid_q1_modeling,102158586_2702895131649963474,270.2895131158823,64.99634745716763,inconclusive,"modelling unsuccessful (Zenodo unsuccess.zip, 144 objects: 'modeling failures, non-lens status, or ambiguity'); per-object reason unpublished -- the ~59 modelling-rejected non-lenses are within this set but not individually identified; SLDE-A aggregate: 488 A/B candidates modelled, 374 successful, 315 judged lenses, 59 judged non-lens; per-object judgements not published","Q1 catalog grade=C, expert_score=1.480 (8 votes)",arXiv:2503.15324 Sect. 7.2; Zenodo 10.5281/zenodo.15025832 unsuccess.zip
euclid_q1_modeling,102158586_2707908112649845702,270.7908112363319,64.9845702769772,inconclusive,"successfully modelled by Euclid Strong Lens Modelling Pipeline (SIE+shear): theta_E_eff=nan arcsec (1sigma nan-nan); in Zenodo successful-model set (335 objects); release README: 'we hope that nearly all are strong lenses', but per-object lens/non-lens judgement is unpublished; also listed in recenter.zip; SLDE-A aggregate: 488 A/B candidates modelled, 374 successful, 315 judged lenses, 59 judged non-lens; per-object judgements not published","Q1 catalog grade=A, expert_score=2.426 (10 votes)",arXiv:2503.15324 Sect. 7.2; Zenodo 10.5281/zenodo.15025832 modeling_lens_mass.csv+lens.zip
euclid_q1_modeling,102158586_2710017972652457457,271.0017972222676,65.24574575577422,inconclusive,"modelling unsuccessful (Zenodo unsuccess.zip, 144 objects: 'modeling failures, non-lens status, or ambiguity'); per-object reason unpublished -- the ~59 modelling-rejected non-lenses are within this set but not individually identified; SLDE-A aggregate: 488 A/B candidates modelled, 374 successful, 315 judged lenses, 59 judged non-lens; per-object judgements not published","Q1 catalog grade=B, expert_score=1.736 (10 votes)",arXiv:2503.15324 Sect. 7.2; Zenodo 10.5281/zenodo.15025832 unsuccess.zip
euclid_q1_modeling,102158586_2710834800648486342,271.08348004173496,64.84863421733759,inconclusive,"successfully modelled by Euclid Strong Lens Modelling Pipeline (SIE+shear): theta_E_eff=0.59 arcsec (1sigma 0.58-0.59); in Zenodo successful-model set (335 objects); release README: 'we hope that nearly all are strong lenses', but per-object lens/non-lens judgement is unpublished; SLDE-A aggregate: 488 A/B candidates modelled, 374 successful, 315 judged lenses, 59 judged non-lens; per-object judgements not published","Q1 catalog grade=A, expert_score=2.147 (8 votes)",arXiv:2503.15324 Sect. 7.2; Zenodo 10.5281/zenodo.15025832 modeling_lens_mass.csv+lens.zip
euclid_q1_modeling,102158587_2711988261648357583,271.1988261717693,64.8357583216835,inconclusive,"group-scale lens candidate requiring multiple mass components, beyond scope of the Q1 automated pipeline (Zenodo group.zip, 41 objects); no modelling verdict; SLDE-A aggregate: 488 A/B candidates modelled, 374 successful, 315 judged lenses, 59 judged non-lens; per-object judgements not published","Q1 catalog grade=B, expert_score=1.749 (9 votes)",arXiv:2503.15324 Sect. 7.2; Zenodo 10.5281/zenodo.15025832 group.zip
euclid_q1_modeling,102158589_2738592709648339236,273.8592709214204,64.8339236692911,inconclusive,"successfully modelled by Euclid Strong Lens Modelling Pipeline (SIE+shear): theta_E_eff=1.09 arcsec (1sigma 1.09-1.10); in Zenodo successful-model set (335 objects); release README: 'we hope that nearly all are strong lenses', but per-object lens/non-lens judgement is unpublished; SLDE-A aggregate: 488 A/B candidates modelled, 374 successful, 315 judged lenses, 59 judged non-lens; per-object judgements not published","Q1 catalog grade=A, expert_score=2.018 (10 votes)",arXiv:2503.15324 Sect. 7.2; Zenodo 10.5281/zenodo.15025832 modeling_lens_mass.csv+lens.zip
euclid_q1_modeling,102158589_2744568849651754043,274.45688499444947,65.17540439711732,inconclusive,"group-scale lens candidate requiring multiple mass components, beyond scope of the Q1 automated pipeline (Zenodo group.zip, 41 objects); no modelling verdict; also listed in recenter.zip; SLDE-A aggregate: 488 A/B candidates modelled, 374 successful, 315 judged lenses, 59 judged non-lens; per-object judgements not published","Q1 catalog grade=A, expert_score=2.398 (10 votes)",arXiv:2503.15324 Sect. 7.2; Zenodo 10.5281/zenodo.15025832 group.zip
euclid_q1_modeling,102158589_2744607815651760624,274.46078151981294,65.17606245864386,inconclusive,"successfully modelled by Euclid Strong Lens Modelling Pipeline (SIE+shear): theta_E_eff=nan arcsec (1sigma nan-nan); in Zenodo successful-model set (335 objects); release README: 'we hope that nearly all are strong lenses', but per-object lens/non-lens judgement is unpublished; also listed in recenter.zip; SLDE-A aggregate: 488 A/B candidates modelled, 374 successful, 315 judged lenses, 59 judged non-lens; per-object judgements not published","Q1 catalog grade=A, expert_score=2.332 (9 votes)",arXiv:2503.15324 Sect. 7.2; Zenodo 10.5281/zenodo.15025832 modeling_lens_mass.csv+lens.zip
euclid_q1_modeling,102158590_2749972211650622428,274.99722117943384,65.06224281149053,inconclusive,"successfully modelled by Euclid Strong Lens Modelling Pipeline (SIE+shear): theta_E_eff=0.65 arcsec (1sigma 0.64-0.66); in Zenodo successful-model set (335 objects); release README: 'we hope that nearly all are strong lenses', but per-object lens/non-lens judgement is unpublished; SLDE-A aggregate: 488 A/B candidates modelled, 374 successful, 315 judged lenses, 59 judged non-lens; per-object judgements not published","Q1 catalog grade=C, expert_score=1.365 (10 votes)",arXiv:2503.15324 Sect. 7.2; Zenodo 10.5281/zenodo.15025832 modeling_lens_mass.csv+lens.zip
euclid_q1_modeling,102158590_2751102237648287695,275.1102237524699,64.8287695823032,inconclusive,"modelling unsuccessful (Zenodo unsuccess.zip, 144 objects: 'modeling failures, non-lens status, or ambiguity'); per-object reason unpublished -- the ~59 modelling-rejected non-lenses are within this set but not individually identified; SLDE-A aggregate: 488 A/B candidates modelled, 374 successful, 315 judged lenses, 59 judged non-lens; per-object judgements not published","Q1 catalog grade=B, expert_score=1.647 (8 votes)",arXiv:2503.15324 Sect. 7.2; Zenodo 10.5281/zenodo.15025832 unsuccess.zip
euclid_q1_modeling,102158885_2631975188656022964,263.19751881131816,65.60229648001264,inconclusive,"group-scale lens candidate requiring multiple mass components, beyond scope of the Q1 automated pipeline (Zenodo group.zip, 41 objects); no modelling verdict; SLDE-A aggregate: 488 A/B candidates modelled, 374 successful, 315 judged lenses, 59 judged non-lens; per-object judgements not published","Q1 catalog grade=B, expert_score=1.697 (10 votes)",arXiv:2503.15324 Sect. 7.2; Zenodo 10.5281/zenodo.15025832 group.zip
euclid_q1_modeling,102158886_2639435536653600933,263.94355360158056,65.3600933406733,inconclusive,"successfully modelled by Euclid Strong Lens Modelling Pipeline (SIE+shear): theta_E_eff=0.49 arcsec (1sigma 0.49-0.50); in Zenodo successful-model set (335 objects); release README: 'we hope that nearly all are strong lenses', but per-object lens/non-lens judgement is unpublished; SLDE-A aggregate: 488 A/B candidates modelled, 374 successful, 315 judged lenses, 59 judged non-lens; per-object judgements not published","Q1 catalog grade=B, expert_score=1.990 (10 votes)",arXiv:2503.15324 Sect. 7.2; Zenodo 10.5281/zenodo.15025832 modeling_lens_mass.csv+lens.zip
euclid_q1_modeling,102158886_2641867744653343162,264.1867744091848,65.33431624987132,inconclusive,"successfully modelled by Euclid Strong Lens Modelling Pipeline (SIE+shear): theta_E_eff=1.09 arcsec (1sigma 1.08-1.10); in Zenodo successful-model set (335 objects); release README: 'we hope that nearly all are strong lenses', but per-object lens/non-lens judgement is unpublished; SLDE-A aggregate: 488 A/B candidates modelled, 374 successful, 315 judged lenses, 59 judged non-lens; per-object judgements not published","Q1 catalog grade=A, expert_score=2.139 (10 votes)",arXiv:2503.15324 Sect. 7.2; Zenodo 10.5281/zenodo.15025832 modeling_lens_mass.csv+lens.zip
euclid_q1_modeling,102158887_2646461630654930628,264.64616303287295,65.49306284930077,inconclusive,"successfully modelled by Euclid Strong Lens Modelling Pipeline (SIE+shear): theta_E_eff=1.45 arcsec (1sigma 1.43-1.46); in Zenodo successful-model set (335 objects); release README: 'we hope that nearly all are strong lenses', but per-object lens/non-lens judgement is unpublished; SLDE-A aggregate: 488 A/B candidates modelled, 374 successful, 315 judged lenses, 59 judged non-lens; per-object judgements not published","Q1 catalog grade=A, expert_score=3.121 (20 votes)",arXiv:2503.15324 Sect. 7.2; Zenodo 10.5281/zenodo.15025832 modeling_lens_mass.csv+lens.zip
euclid_q1_modeling,102158887_2648223419654261880,264.8223419828193,65.42618803638058,inconclusive,"modelling unsuccessful (Zenodo unsuccess.zip, 144 objects: 'modeling failures, non-lens status, or ambiguity'); per-object reason unpublished -- the ~59 modelling-rejected non-lenses are within this set but not individually identified; SLDE-A aggregate: 488 A/B candidates modelled, 374 successful, 315 judged lenses, 59 judged non-lens; per-object judgements not published","Q1 catalog grade=A, expert_score=2.371 (10 votes)",arXiv:2503.15324 Sect. 7.2; Zenodo 10.5281/zenodo.15025832 unsuccess.zip
euclid_q1_modeling,102158887_2651714354654861084,265.17143541344655,65.48610840340662,inconclusive,"modelling unsuccessful (Zenodo unsuccess.zip, 144 objects: 'modeling failures, non-lens status, or ambiguity'); per-object reason unpublished -- the ~59 modelling-rejected non-lenses are within this set but not individually identified; SLDE-A aggregate: 488 A/B candidates modelled, 374 successful, 315 judged lenses, 59 judged non-lens; per-object judgements not published","Q1 catalog grade=A, expert_score=2.691 (9 votes)",arXiv:2503.15324 Sect. 7.2; Zenodo 10.5281/zenodo.15025832 unsuccess.zip
euclid_q1_modeling,102158887_2654129070655512593,265.41290700547484,65.55125935194354,inconclusive,"successfully modelled by Euclid Strong Lens Modelling Pipeline (SIE+shear): theta_E_eff=0.90 arcsec (1sigma 0.89-0.91); in Zenodo successful-model set (335 objects); release README: 'we hope that nearly all are strong lenses', but per-object lens/non-lens judgement is unpublished; SLDE-A aggregate: 488 A/B candidates modelled, 374 successful, 315 judged lenses, 59 judged non-lens; per-object judgements not published","Q1 catalog grade=A, expert_score=2.241 (10 votes)",arXiv:2503.15324 Sect. 7.2; Zenodo 10.5281/zenodo.15025832 modeling_lens_mass.csv+lens.zip
euclid_q1_modeling,102158887_2655306065654633189,265.5306065631984,65.46331893363914,inconclusive,"successfully modelled by Euclid Strong Lens Modelling Pipeline (SIE+shear): theta_E_eff=0.61 arcsec (1sigma 0.61-0.61); in Zenodo successful-model set (335 objects); release README: 'we hope that nearly all are strong lenses', but per-object lens/non-lens judgement is unpublished; SLDE-A aggregate: 488 A/B candidates modelled, 374 successful, 315 judged lenses, 59 judged non-lens; per-object judgements not published","Q1 catalog grade=A, expert_score=2.814 (10 votes)",arXiv:2503.15324 Sect. 7.2; Zenodo 10.5281/zenodo.15025832 modeling_lens_mass.csv+lens.zip
euclid_q1_modeling,102158887_2655528906655835262,265.55289065640727,65.5835262260394,inconclusive,"successfully modelled by Euclid Strong Lens Modelling Pipeline (SIE+shear): theta_E_eff=1.00 arcsec (1sigma 1.00-1.00); in Zenodo successful-model set (335 objects); release README: 'we hope that nearly all are strong lenses', but per-object lens/non-lens judgement is unpublished; SLDE-A aggregate: 488 A/B candidates modelled, 374 successful, 315 judged lenses, 59 judged non-lens; per-object judgements not published","Q1 catalog grade=A, expert_score=2.242 (10 votes)",arXiv:2503.15324 Sect. 7.2; Zenodo 10.5281/zenodo.15025832 modeling_lens_mass.csv+lens.zip
euclid_q1_modeling,102158888_2657819747657129186,265.78197471779185,65.71291865956003,inconclusive,"successfully modelled by Euclid Strong Lens Modelling Pipeline (SIE+shear): theta_E_eff=1.35 arcsec (1sigma 1.32-1.37); in Zenodo successful-model set (335 objects); release README: 'we hope that nearly all are strong lenses', but per-object lens/non-lens judgement is unpublished; SLDE-A aggregate: 488 A/B candidates modelled, 374 successful, 315 judged lenses, 59 judged non-lens; per-object judgements not published","Q1 catalog grade=B, expert_score=1.744 (10 votes)",arXiv:2503.15324 Sect. 7.2; Zenodo 10.5281/zenodo.15025832 modeling_lens_mass.csv+lens.zip
euclid_q1_modeling,102158888_2659467460657407372,265.9467460193917,65.7407372719755,inconclusive,"successfully modelled by Euclid Strong Lens Modelling Pipeline (SIE+shear): theta_E_eff=1.01 arcsec (1sigma 1.00-1.02); in Zenodo successful-model set (335 objects); release README: 'we hope that nearly all are strong lenses', but per-object lens/non-lens judgement is unpublished; SLDE-A aggregate: 488 A/B candidates modelled, 374 successful, 315 judged lenses, 59 judged non-lens; per-object judgements not published","Q1 catalog grade=B, expert_score=1.645 (10 votes)",arXiv:2503.15324 Sect. 7.2; Zenodo 10.5281/zenodo.15025832 modeling_lens_mass.csv+lens.zip
euclid_q1_modeling,102158888_2659753895653871052,265.9753895280555,65.38710523882253,inconclusive,"successfully modelled by Euclid Strong Lens Modelling Pipeline (SIE+shear): theta_E_eff=0.94 arcsec (1sigma 0.92-0.96); in Zenodo successful-model set (335 objects); release README: 'we hope that nearly all are strong lenses', but per-object lens/non-lens judgement is unpublished; SLDE-A aggregate: 488 A/B candidates modelled, 374 successful, 315 judged lenses, 59 judged non-lens; per-object judgements not published","Q1 catalog grade=B, expert_score=1.518 (10 votes)",arXiv:2503.15324 Sect. 7.2; Zenodo 10.5281/zenodo.15025832 modeling_lens_mass.csv+lens.zip
euclid_q1_modeling,102158889_2668443415653707960,266.8443415141928,65.37079608035918,inconclusive,"modelling unsuccessful (Zenodo unsuccess.zip, 144 objects: 'modeling failures, non-lens status, or ambiguity'); per-object reason unpublished -- the ~59 modelling-rejected non-lenses are within this set but not individually identified; SLDE-A aggregate: 488 A/B candidates modelled, 374 successful, 315 judged lenses, 59 judged non-lens; per-object judgements not published","Q1 catalog grade=B, expert_score=1.858 (8 votes)",arXiv:2503.15324 Sect. 7.2; Zenodo 10.5281/zenodo.15025832 unsuccess.zip
euclid_q1_modeling,102158889_2674118174654422285,267.4118174099874,65.44222856535436,inconclusive,"modelling unsuccessful (Zenodo unsuccess.zip, 144 objects: 'modeling failures, non-lens status, or ambiguity'); per-object reason unpublished -- the ~59 modelling-rejected non-lenses are within this set but not individually identified; SLDE-A aggregate: 488 A/B candidates modelled, 374 successful, 315 judged lenses, 59 judged non-lens; per-object judgements not published","Q1 catalog grade=A, expert_score=2.226 (10 votes)",arXiv:2503.15324 Sect. 7.2; Zenodo 10.5281/zenodo.15025832 unsuccess.zip
euclid_q1_modeling,102158890_2680242082656735280,268.024208255704,65.6735280308199,inconclusive,"successfully modelled by Euclid Strong Lens Modelling Pipeline (SIE+shear): theta_E_eff=0.89 arcsec (1sigma 0.88-0.92); in Zenodo successful-model set (335 objects); release README: 'we hope that nearly all are strong lenses', but per-object lens/non-lens judgement is unpublished; SLDE-A aggregate: 488 A/B candidates modelled, 374 successful, 315 judged lenses, 59 judged non-lens; per-object judgements not published","Q1 catalog grade=B, expert_score=1.631 (9 votes)",arXiv:2503.15324 Sect. 7.2; Zenodo 10.5281/zenodo.15025832 modeling_lens_mass.csv+lens.zip
euclid_q1_modeling,102158890_2683357136652678772,268.3357136809144,65.26787725606941,inconclusive,"successfully modelled by Euclid Strong Lens Modelling Pipeline (SIE+shear): theta_E_eff=0.64 arcsec (1sigma 0.64-0.65); in Zenodo successful-model set (335 objects); release README: 'we hope that nearly all are strong lenses', but per-object lens/non-lens judgement is unpublished; SLDE-A aggregate: 488 A/B candidates modelled, 374 successful, 315 judged lenses, 59 judged non-lens; per-object judgements not published","Q1 catalog grade=A, expert_score=2.521 (10 votes)",arXiv:2503.15324 Sect. 7.2; Zenodo 10.5281/zenodo.15025832 modeling_lens_mass.csv+lens.zip
euclid_q1_modeling,102158891_2699896914654311553,269.98969140340046,65.43115534265293,inconclusive,"successfully modelled by Euclid Strong Lens Modelling Pipeline (SIE+shear): theta_E_eff=1.41 arcsec (1sigma 1.40-1.41); in Zenodo successful-model set (335 objects); release README: 'we hope that nearly all are strong lenses', but per-object lens/non-lens judgement is unpublished; SLDE-A aggregate: 488 A/B candidates modelled, 374 successful, 315 judged lenses, 59 judged non-lens; per-object judgements not published","Q1 catalog grade=A, expert_score=2.881 (18 votes)",arXiv:2503.15324 Sect. 7.2; Zenodo 10.5281/zenodo.15025832 modeling_lens_mass.csv+lens.zip
euclid_q1_modeling,102158891_2700857611652676803,270.0857611762812,65.26768037561399,inconclusive,"successfully modelled by Euclid Strong Lens Modelling Pipeline (SIE+shear): theta_E_eff=1.36 arcsec (1sigma 1.35-1.36); in Zenodo successful-model set (335 objects); release README: 'we hope that nearly all are strong lenses', but per-object lens/non-lens judgement is unpublished; SLDE-A aggregate: 488 A/B candidates modelled, 374 successful, 315 judged lenses, 59 judged non-lens; per-object judgements not published","Q1 catalog grade=A, expert_score=2.728 (10 votes)",arXiv:2503.15324 Sect. 7.2; Zenodo 10.5281/zenodo.15025832 modeling_lens_mass.csv+lens.zip
euclid_q1_modeling,102158892_2703681011657269406,270.368101176438,65.7269406739178,inconclusive,"modelling unsuccessful (Zenodo unsuccess.zip, 144 objects: 'modeling failures, non-lens status, or ambiguity'); per-object reason unpublished -- the ~59 modelling-rejected non-lenses are within this set but not individually identified; SLDE-A aggregate: 488 A/B candidates modelled, 374 successful, 315 judged lenses, 59 judged non-lens; per-object judgements not published","Q1 catalog grade=A, expert_score=2.399 (10 votes)",arXiv:2503.15324 Sect. 7.2; Zenodo 10.5281/zenodo.15025832 unsuccess.zip
euclid_q1_modeling,102158892_2703838311654309323,270.383831154244,65.43093239635579,inconclusive,"modelling unsuccessful (Zenodo unsuccess.zip, 144 objects: 'modeling failures, non-lens status, or ambiguity'); per-object reason unpublished -- the ~59 modelling-rejected non-lenses are within this set but not individually identified; SLDE-A aggregate: 488 A/B candidates modelled, 374 successful, 315 judged lenses, 59 judged non-lens; per-object judgements not published","Q1 catalog grade=B, expert_score=1.736 (10 votes)",arXiv:2503.15324 Sect. 7.2; Zenodo 10.5281/zenodo.15025832 unsuccess.zip
euclid_q1_modeling,102158892_2704470582654415692,270.44705826038404,65.4415692078126,inconclusive,"successfully modelled by Euclid Strong Lens Modelling Pipeline (SIE+shear): theta_E_eff=2.47 arcsec (1sigma 2.47-2.47); in Zenodo successful-model set (335 objects); release README: 'we hope that nearly all are strong lenses', but per-object lens/non-lens judgement is unpublished; SLDE-A aggregate: 488 A/B candidates modelled, 374 successful, 315 judged lenses, 59 judged non-lens; per-object judgements not published","Q1 catalog grade=A, expert_score=2.488 (10 votes)",arXiv:2503.15324 Sect. 7.2; Zenodo 10.5281/zenodo.15025832 modeling_lens_mass.csv+lens.zip
euclid_q1_modeling,102158893_2719347803657244854,271.9347803724526,65.7244854670406,inconclusive,"group-scale lens candidate requiring multiple mass components, beyond scope of the Q1 automated pipeline (Zenodo group.zip, 41 objects); no modelling verdict; SLDE-A aggregate: 488 A/B candidates modelled, 374 successful, 315 judged lenses, 59 judged non-lens; per-object judgements not published","Q1 catalog grade=B, expert_score=1.654 (10 votes)",arXiv:2503.15324 Sect. 7.2; Zenodo 10.5281/zenodo.15025832 group.zip
euclid_q1_modeling,102158893_2720583810655664894,272.05838105279497,65.5664894900246,inconclusive,"successfully modelled by Euclid Strong Lens Modelling Pipeline (SIE+shear): theta_E_eff=0.55 arcsec (1sigma 0.54-0.55); in Zenodo successful-model set (335 objects); release README: 'we hope that nearly all are strong lenses', but per-object lens/non-lens judgement is unpublished; SLDE-A aggregate: 488 A/B candidates modelled, 374 successful, 315 judged lenses, 59 judged non-lens; per-object judgements not published","Q1 catalog grade=A, expert_score=2.802 (14 votes)",arXiv:2503.15324 Sect. 7.2; Zenodo 10.5281/zenodo.15025832 modeling_lens_mass.csv+lens.zip
euclid_q1_modeling,102158894_2733212462655784384,273.3212462317532,65.57843846636936,inconclusive,"successfully modelled by Euclid Strong Lens Modelling Pipeline (SIE+shear): theta_E_eff=1.36 arcsec (1sigma 1.34-1.37); in Zenodo successful-model set (335 objects); release README: 'we hope that nearly all are strong lenses', but per-object lens/non-lens judgement is unpublished; SLDE-A aggregate: 488 A/B candidates modelled, 374 successful, 315 judged lenses, 59 judged non-lens; per-object judgements not published","Q1 catalog grade=A, expert_score=2.119 (10 votes)",arXiv:2503.15324 Sect. 7.2; Zenodo 10.5281/zenodo.15025832 modeling_lens_mass.csv+lens.zip
euclid_q1_modeling,102158896_2752149841653729649,275.2149841814818,65.37296492574811,inconclusive,"successfully modelled by Euclid Strong Lens Modelling Pipeline (SIE+shear): theta_E_eff=1.40 arcsec (1sigma 1.38-1.43); in Zenodo successful-model set (335 objects); release README: 'we hope that nearly all are strong lenses', but per-object lens/non-lens judgement is unpublished; SLDE-A aggregate: 488 A/B candidates modelled, 374 successful, 315 judged lenses, 59 judged non-lens; per-object judgements not published","Q1 catalog grade=B, expert_score=1.744 (10 votes)",arXiv:2503.15324 Sect. 7.2; Zenodo 10.5281/zenodo.15025832 modeling_lens_mass.csv+lens.zip
euclid_q1_modeling,102158896_2752645036652374998,275.2645036757121,65.23749986490333,inconclusive,"group-scale lens candidate requiring multiple mass components, beyond scope of the Q1 automated pipeline (Zenodo group.zip, 41 objects); no modelling verdict; SLDE-A aggregate: 488 A/B candidates modelled, 374 successful, 315 judged lenses, 59 judged non-lens; per-object judgements not published","Q1 catalog grade=A, expert_score=2.142 (10 votes)",arXiv:2503.15324 Sect. 7.2; Zenodo 10.5281/zenodo.15025832 group.zip
euclid_q1_modeling,102158896_2755778332656876880,275.5778332023385,65.68768806282,inconclusive,"successfully modelled by Euclid Strong Lens Modelling Pipeline (SIE+shear): theta_E_eff=0.71 arcsec (1sigma 0.71-0.71); in Zenodo successful-model set (335 objects); release README: 'we hope that nearly all are strong lenses', but per-object lens/non-lens judgement is unpublished; SLDE-A aggregate: 488 A/B candidates modelled, 374 successful, 315 judged lenses, 59 judged non-lens; per-object judgements not published","Q1 catalog grade=A, expert_score=2.254 (10 votes)",arXiv:2503.15324 Sect. 7.2; Zenodo 10.5281/zenodo.15025832 modeling_lens_mass.csv+lens.zip
euclid_q1_modeling,102158896_2759717332653541075,275.97173321950385,65.3541075500284,inconclusive,"successfully modelled by Euclid Strong Lens Modelling Pipeline (SIE+shear): theta_E_eff=0.48 arcsec (1sigma 0.47-0.48); in Zenodo successful-model set (335 objects); release README: 'we hope that nearly all are strong lenses', but per-object lens/non-lens judgement is unpublished; SLDE-A aggregate: 488 A/B candidates modelled, 374 successful, 315 judged lenses, 59 judged non-lens; per-object judgements not published","Q1 catalog grade=B, expert_score=1.952 (10 votes)",arXiv:2503.15324 Sect. 7.2; Zenodo 10.5281/zenodo.15025832 modeling_lens_mass.csv+lens.zip
euclid_q1_modeling,102158896_2760272555655712464,276.0272555248371,65.57124647764964,inconclusive,"successfully modelled by Euclid Strong Lens Modelling Pipeline (SIE+shear): theta_E_eff=0.42 arcsec (1sigma 0.42-0.42); in Zenodo successful-model set (335 objects); release README: 'we hope that nearly all are strong lenses', but per-object lens/non-lens judgement is unpublished; SLDE-A aggregate: 488 A/B candidates modelled, 374 successful, 315 judged lenses, 59 judged non-lens; per-object judgements not published","Q1 catalog grade=B, expert_score=1.945 (10 votes)",arXiv:2503.15324 Sect. 7.2; Zenodo 10.5281/zenodo.15025832 modeling_lens_mass.csv+lens.zip
euclid_q1_modeling,102159186_2631794504660304436,263.17945044356406,66.0304436122694,inconclusive,"successfully modelled by Euclid Strong Lens Modelling Pipeline (SIE+shear): theta_E_eff=1.08 arcsec (1sigma 1.07-1.09); in Zenodo successful-model set (335 objects); release README: 'we hope that nearly all are strong lenses', but per-object lens/non-lens judgement is unpublished; SLDE-A aggregate: 488 A/B candidates modelled, 374 successful, 315 judged lenses, 59 judged non-lens; per-object judgements not published","Q1 catalog grade=A, expert_score=2.044 (10 votes)",arXiv:2503.15324 Sect. 7.2; Zenodo 10.5281/zenodo.15025832 modeling_lens_mass.csv+lens.zip
euclid_q1_modeling,102159186_2632387939662408264,263.23879390157254,66.24082642257652,inconclusive,"successfully modelled by Euclid Strong Lens Modelling Pipeline (SIE+shear): theta_E_eff=0.77 arcsec (1sigma 0.77-0.77); in Zenodo successful-model set (335 objects); release README: 'we hope that nearly all are strong lenses', but per-object lens/non-lens judgement is unpublished; SLDE-A aggregate: 488 A/B candidates modelled, 374 successful, 315 judged lenses, 59 judged non-lens; per-object judgements not published","Q1 catalog grade=A, expert_score=2.103 (20 votes)",arXiv:2503.15324 Sect. 7.2; Zenodo 10.5281/zenodo.15025832 modeling_lens_mass.csv+lens.zip
euclid_q1_modeling,102159187_2638806679660192602,263.8806679557297,66.01926021464115,inconclusive,"modelling unsuccessful (Zenodo unsuccess.zip, 144 objects: 'modeling failures, non-lens status, or ambiguity'); per-object reason unpublished -- the ~59 modelling-rejected non-lenses are within this set but not individually identified; SLDE-A aggregate: 488 A/B candidates modelled, 374 successful, 315 judged lenses, 59 judged non-lens; per-object judgements not published","Q1 catalog grade=B, expert_score=1.813 (7 votes)",arXiv:2503.15324 Sect. 7.2; Zenodo 10.5281/zenodo.15025832 unsuccess.zip
euclid_q1_modeling,102159187_2639230520659765010,263.92305205053293,65.9765010372005,inconclusive,"group-scale lens candidate requiring multiple mass components, beyond scope of the Q1 automated pipeline (Zenodo group.zip, 41 objects); no modelling verdict; also listed in unsuccess.zip; SLDE-A aggregate: 488 A/B candidates modelled, 374 successful, 315 judged lenses, 59 judged non-lens; per-object judgements not published","Q1 catalog grade=A, expert_score=2.177 (10 votes)",arXiv:2503.15324 Sect. 7.2; Zenodo 10.5281/zenodo.15025832 group.zip
euclid_q1_modeling,102159187_2645580164662468179,264.55801641779,66.24681799395167,inconclusive,"modelling unsuccessful (Zenodo unsuccess.zip, 144 objects: 'modeling failures, non-lens status, or ambiguity'); per-object reason unpublished -- the ~59 modelling-rejected non-lenses are within this set but not individually identified; SLDE-A aggregate: 488 A/B candidates modelled, 374 successful, 315 judged lenses, 59 judged non-lens; per-object judgements not published","Q1 catalog grade=B, expert_score=1.587 (10 votes)",arXiv:2503.15324 Sect. 7.2; Zenodo 10.5281/zenodo.15025832 unsuccess.zip
euclid_q1_modeling,102159187_2646504448657919965,264.6504448855512,65.79199651842181,inconclusive,"group-scale lens candidate requiring multiple mass components, beyond scope of the Q1 automated pipeline (Zenodo group.zip, 41 objects); no modelling verdict; SLDE-A aggregate: 488 A/B candidates modelled, 374 successful, 315 judged lenses, 59 judged non-lens; per-object judgements not published","Q1 catalog grade=B, expert_score=1.632 (10 votes)",arXiv:2503.15324 Sect. 7.2; Zenodo 10.5281/zenodo.15025832 group.zip
euclid_q1_modeling,102159188_2652763834658560044,265.27638346784005,65.85600442323606,inconclusive,"modelling unsuccessful (Zenodo unsuccess.zip, 144 objects: 'modeling failures, non-lens status, or ambiguity'); per-object reason unpublished -- the ~59 modelling-rejected non-lenses are within this set but not individually identified; SLDE-A aggregate: 488 A/B candidates modelled, 374 successful, 315 judged lenses, 59 judged non-lens; per-object judgements not published","Q1 catalog grade=A, expert_score=2.085 (10 votes)",arXiv:2503.15324 Sect. 7.2; Zenodo 10.5281/zenodo.15025832 unsuccess.zip
euclid_q1_modeling,102159189_2667596748662187959,266.7596748105514,66.218795975012,inconclusive,"successfully modelled by Euclid Strong Lens Modelling Pipeline (SIE+shear): theta_E_eff=0.89 arcsec (1sigma 0.89-0.89); in Zenodo successful-model set (335 objects); release README: 'we hope that nearly all are strong lenses', but per-object lens/non-lens judgement is unpublished; SLDE-A aggregate: 488 A/B candidates modelled, 374 successful, 315 judged lenses, 59 judged non-lens; per-object judgements not published","Q1 catalog grade=A, expert_score=2.404 (19 votes)",arXiv:2503.15324 Sect. 7.2; Zenodo 10.5281/zenodo.15025832 modeling_lens_mass.csv+lens.zip
euclid_q1_modeling,102159189_2669116606659806362,266.9116606222967,65.98063623573434,inconclusive,"modelling unsuccessful (Zenodo unsuccess.zip, 144 objects: 'modeling failures, non-lens status, or ambiguity'); per-object reason unpublished -- the ~59 modelling-rejected non-lenses are within this set but not individually identified; SLDE-A aggregate: 488 A/B candidates modelled, 374 successful, 315 judged lenses, 59 judged non-lens; per-object judgements not published","Q1 catalog grade=A, expert_score=2.163 (10 votes)",arXiv:2503.15324 Sect. 7.2; Zenodo 10.5281/zenodo.15025832 unsuccess.zip
euclid_q1_modeling,102159191_2683342191661471471,268.3342191477879,66.14714712381733,inconclusive,"group-scale lens candidate requiring multiple mass components, beyond scope of the Q1 automated pipeline (Zenodo group.zip, 41 objects); no modelling verdict; SLDE-A aggregate: 488 A/B candidates modelled, 374 successful, 315 judged lenses, 59 judged non-lens; per-object judgements not published","Q1 catalog grade=B, expert_score=1.558 (10 votes)",arXiv:2503.15324 Sect. 7.2; Zenodo 10.5281/zenodo.15025832 group.zip
euclid_q1_modeling,102159191_2686897092659972714,268.68970920939927,65.9972714327098,inconclusive,"group-scale lens candidate requiring multiple mass components, beyond scope of the Q1 automated pipeline (Zenodo group.zip, 41 objects); no modelling verdict; SLDE-A aggregate: 488 A/B candidates modelled, 374 successful, 315 judged lenses, 59 judged non-lens; per-object judgements not published","Q1 catalog grade=B, expert_score=1.507 (10 votes)",arXiv:2503.15324 Sect. 7.2; Zenodo 10.5281/zenodo.15025832 group.zip
euclid_q1_modeling,102159192_2699004780662092340,269.9004780925334,66.2092340860312,inconclusive,"successfully modelled by Euclid Strong Lens Modelling Pipeline (SIE+shear): theta_E_eff=0.93 arcsec (1sigma 0.91-0.93); in Zenodo successful-model set (335 objects); release README: 'we hope that nearly all are strong lenses', but per-object lens/non-lens judgement is unpublished; SLDE-A aggregate: 488 A/B candidates modelled, 374 successful, 315 judged lenses, 59 judged non-lens; per-object judgements not published","Q1 catalog grade=A, expert_score=2.752 (10 votes)",arXiv:2503.15324 Sect. 7.2; Zenodo 10.5281/zenodo.15025832 modeling_lens_mass.csv+lens.zip
euclid_q1_modeling,102159194_2720218468661752478,272.0218468258914,66.17524782067571,inconclusive,"modelling unsuccessful (Zenodo unsuccess.zip, 144 objects: 'modeling failures, non-lens status, or ambiguity'); per-object reason unpublished -- the ~59 modelling-rejected non-lenses are within this set but not individually identified; SLDE-A aggregate: 488 A/B candidates modelled, 374 successful, 315 judged lenses, 59 judged non-lens; per-object judgements not published","Q1 catalog grade=C, expert_score=1.498 (10 votes)",arXiv:2503.15324 Sect. 7.2; Zenodo 10.5281/zenodo.15025832 unsuccess.zip
euclid_q1_modeling,102159194_2723464956661228420,272.3464956503574,66.12284205652554,inconclusive,"successfully modelled by Euclid Strong Lens Modelling Pipeline (SIE+shear): theta_E_eff=0.64 arcsec (1sigma 0.64-0.64); in Zenodo successful-model set (335 objects); release README: 'we hope that nearly all are strong lenses', but per-object lens/non-lens judgement is unpublished; SLDE-A aggregate: 488 A/B candidates modelled, 374 successful, 315 judged lenses, 59 judged non-lens; per-object judgements not published","Q1 catalog grade=A, expert_score=2.591 (9 votes)",arXiv:2503.15324 Sect. 7.2; Zenodo 10.5281/zenodo.15025832 modeling_lens_mass.csv+lens.zip
euclid_q1_modeling,102159195_2734094103661424333,273.4094103263643,66.14243336619603,inconclusive,"successfully modelled by Euclid Strong Lens Modelling Pipeline (SIE+shear): theta_E_eff=1.02 arcsec (1sigma 1.01-1.02); in Zenodo successful-model set (335 objects); release README: 'we hope that nearly all are strong lenses', but per-object lens/non-lens judgement is unpublished; SLDE-A aggregate: 488 A/B candidates modelled, 374 successful, 315 judged lenses, 59 judged non-lens; per-object judgements not published","Q1 catalog grade=A, expert_score=2.033 (20 votes)",arXiv:2503.15324 Sect. 7.2; Zenodo 10.5281/zenodo.15025832 modeling_lens_mass.csv+lens.zip
euclid_q1_modeling,102159196_2750719383660442039,275.0719383791194,66.04420394490067,inconclusive,"successfully modelled by Euclid Strong Lens Modelling Pipeline (SIE+shear): theta_E_eff=1.08 arcsec (1sigma 1.08-1.08); in Zenodo successful-model set (335 objects); release README: 'we hope that nearly all are strong lenses', but per-object lens/non-lens judgement is unpublished; SLDE-A aggregate: 488 A/B candidates modelled, 374 successful, 315 judged lenses, 59 judged non-lens; per-object judgements not published","Q1 catalog grade=A, expert_score=2.046 (10 votes)",arXiv:2503.15324 Sect. 7.2; Zenodo 10.5281/zenodo.15025832 modeling_lens_mass.csv+lens.zip
euclid_q1_modeling,102159197_2758626130661770946,275.86261307502593,66.17709460267002,inconclusive,"group-scale lens candidate requiring multiple mass components, beyond scope of the Q1 automated pipeline (Zenodo group.zip, 41 objects); no modelling verdict; SLDE-A aggregate: 488 A/B candidates modelled, 374 successful, 315 judged lenses, 59 judged non-lens; per-object judgements not published","Q1 catalog grade=B, expert_score=1.644 (15 votes)",arXiv:2503.15324 Sect. 7.2; Zenodo 10.5281/zenodo.15025832 group.zip
euclid_q1_modeling,102159481_2634849207665073829,263.48492071150446,66.50738290801786,inconclusive,"successfully modelled by Euclid Strong Lens Modelling Pipeline (SIE+shear): theta_E_eff=0.77 arcsec (1sigma 0.77-0.77); in Zenodo successful-model set (335 objects); release README: 'we hope that nearly all are strong lenses', but per-object lens/non-lens judgement is unpublished; SLDE-A aggregate: 488 A/B candidates modelled, 374 successful, 315 judged lenses, 59 judged non-lens; per-object judgements not published","Q1 catalog grade=A, expert_score=2.292 (10 votes)",arXiv:2503.15324 Sect. 7.2; Zenodo 10.5281/zenodo.15025832 modeling_lens_mass.csv+lens.zip
euclid_q1_modeling,102159481_2635212626663669301,263.5212626724271,66.36693014159633,inconclusive,"successfully modelled by Euclid Strong Lens Modelling Pipeline (SIE+shear): theta_E_eff=nan arcsec (1sigma nan-nan); in Zenodo successful-model set (335 objects); release README: 'we hope that nearly all are strong lenses', but per-object lens/non-lens judgement is unpublished; also listed in recenter.zip; SLDE-A aggregate: 488 A/B candidates modelled, 374 successful, 315 judged lenses, 59 judged non-lens; per-object judgements not published","Q1 catalog grade=A, expert_score=2.170 (10 votes)",arXiv:2503.15324 Sect. 7.2; Zenodo 10.5281/zenodo.15025832 modeling_lens_mass.csv+lens.zip
euclid_q1_modeling,102159482_2642474434666614156,264.24744342726655,66.66141563469942,inconclusive,"successfully modelled by Euclid Strong Lens Modelling Pipeline (SIE+shear): theta_E_eff=0.40 arcsec (1sigma 0.39-0.41); in Zenodo successful-model set (335 objects); release README: 'we hope that nearly all are strong lenses', but per-object lens/non-lens judgement is unpublished; SLDE-A aggregate: 488 A/B candidates modelled, 374 successful, 315 judged lenses, 59 judged non-lens; per-object judgements not published","Q1 catalog grade=B, expert_score=1.585 (10 votes)",arXiv:2503.15324 Sect. 7.2; Zenodo 10.5281/zenodo.15025832 modeling_lens_mass.csv+lens.zip
euclid_q1_modeling,102159483_2659872799666371332,265.987279945432,66.63713320694595,inconclusive,"successfully modelled by Euclid Strong Lens Modelling Pipeline (SIE+shear): theta_E_eff=nan arcsec (1sigma nan-nan); in Zenodo successful-model set (335 objects); release README: 'we hope that nearly all are strong lenses', but per-object lens/non-lens judgement is unpublished; also listed in recenter.zip; SLDE-A aggregate: 488 A/B candidates modelled, 374 successful, 315 judged lenses, 59 judged non-lens; per-object judgements not published","Q1 catalog grade=A, expert_score=2.566 (10 votes)",arXiv:2503.15324 Sect. 7.2; Zenodo 10.5281/zenodo.15025832 modeling_lens_mass.csv+lens.zip
euclid_q1_modeling,102159484_2663190959666793114,266.31909599320926,66.67931148084118,inconclusive,"modelling unsuccessful (Zenodo unsuccess.zip, 144 objects: 'modeling failures, non-lens status, or ambiguity'); per-object reason unpublished -- the ~59 modelling-rejected non-lenses are within this set but not individually identified; SLDE-A aggregate: 488 A/B candidates modelled, 374 successful, 315 judged lenses, 59 judged non-lens; per-object judgements not published","Q1 catalog grade=A, expert_score=2.132 (9 votes)",arXiv:2503.15324 Sect. 7.2; Zenodo 10.5281/zenodo.15025832 unsuccess.zip
euclid_q1_modeling,102159485_2680932712664697516,268.093271296963,66.46975163883475,inconclusive,"modelling unsuccessful (Zenodo unsuccess.zip, 144 objects: 'modeling failures, non-lens status, or ambiguity'); per-object reason unpublished -- the ~59 modelling-rejected non-lenses are within this set but not individually identified; SLDE-A aggregate: 488 A/B candidates modelled, 374 successful, 315 judged lenses, 59 judged non-lens; per-object judgements not published","Q1 catalog grade=B, expert_score=1.533 (9 votes)",arXiv:2503.15324 Sect. 7.2; Zenodo 10.5281/zenodo.15025832 unsuccess.zip
euclid_q1_modeling,102159485_2681289316665353959,268.1289316574225,66.53539596729244,inconclusive,"successfully modelled by Euclid Strong Lens Modelling Pipeline (SIE+shear): theta_E_eff=1.25 arcsec (1sigma 1.24-1.27); in Zenodo successful-model set (335 objects); release README: 'we hope that nearly all are strong lenses', but per-object lens/non-lens judgement is unpublished; SLDE-A aggregate: 488 A/B candidates modelled, 374 successful, 315 judged lenses, 59 judged non-lens; per-object judgements not published","Q1 catalog grade=B, expert_score=1.610 (9 votes)",arXiv:2503.15324 Sect. 7.2; Zenodo 10.5281/zenodo.15025832 modeling_lens_mass.csv+lens.zip
euclid_q1_modeling,102159486_2691200739666476860,269.1200739576987,66.64768602598777,inconclusive,"successfully modelled by Euclid Strong Lens Modelling Pipeline (SIE+shear): theta_E_eff=0.95 arcsec (1sigma 0.93-0.96); in Zenodo successful-model set (335 objects); release README: 'we hope that nearly all are strong lenses', but per-object lens/non-lens judgement is unpublished; also listed in unsuccess.zip; SLDE-A aggregate: 488 A/B candidates modelled, 374 successful, 315 judged lenses, 59 judged non-lens; per-object judgements not published","Q1 catalog grade=A, expert_score=2.004 (11 votes)",arXiv:2503.15324 Sect. 7.2; Zenodo 10.5281/zenodo.15025832 modeling_lens_mass.csv+lens.zip
euclid_q1_modeling,102159486_2695397736666928563,269.5397736070413,66.69285635133348,inconclusive,"successfully modelled by Euclid Strong Lens Modelling Pipeline (SIE+shear): theta_E_eff=1.91 arcsec (1sigma 1.90-1.92); in Zenodo successful-model set (335 objects); release README: 'we hope that nearly all are strong lenses', but per-object lens/non-lens judgement is unpublished; SLDE-A aggregate: 488 A/B candidates modelled, 374 successful, 315 judged lenses, 59 judged non-lens; per-object judgements not published","Q1 catalog grade=A, expert_score=2.344 (10 votes)",arXiv:2503.15324 Sect. 7.2; Zenodo 10.5281/zenodo.15025832 modeling_lens_mass.csv+lens.zip
euclid_q1_modeling,102159488_2717571775663564534,271.75717754417883,66.3564534849012,inconclusive,"successfully modelled by Euclid Strong Lens Modelling Pipeline (SIE+shear): theta_E_eff=0.53 arcsec (1sigma 0.51-0.54); in Zenodo successful-model set (335 objects); release README: 'we hope that nearly all are strong lenses', but per-object lens/non-lens judgement is unpublished; SLDE-A aggregate: 488 A/B candidates modelled, 374 successful, 315 judged lenses, 59 judged non-lens; per-object judgements not published","Q1 catalog grade=A, expert_score=2.121 (10 votes)",arXiv:2503.15324 Sect. 7.2; Zenodo 10.5281/zenodo.15025832 modeling_lens_mass.csv+lens.zip
euclid_q1_modeling,102159489_2725731664662876609,272.5731664097009,66.28766098258262,inconclusive,"successfully modelled by Euclid Strong Lens Modelling Pipeline (SIE+shear): theta_E_eff=0.54 arcsec (1sigma 0.53-0.55); in Zenodo successful-model set (335 objects); release README: 'we hope that nearly all are strong lenses', but per-object lens/non-lens judgement is unpublished; SLDE-A aggregate: 488 A/B candidates modelled, 374 successful, 315 judged lenses, 59 judged non-lens; per-object judgements not published","Q1 catalog grade=B, expert_score=1.793 (10 votes)",arXiv:2503.15324 Sect. 7.2; Zenodo 10.5281/zenodo.15025832 modeling_lens_mass.csv+lens.zip
euclid_q1_modeling,102159489_2726981595665987676,272.698159588393,66.59876761464275,inconclusive,"cutout mis-centred, which broke lens modelling (Zenodo recenter.zip, 18 objects); no modelling verdict; SLDE-A aggregate: 488 A/B candidates modelled, 374 successful, 315 judged lenses, 59 judged non-lens; per-object judgements not published","Q1 catalog grade=A, expert_score=2.963 (9 votes)",arXiv:2503.15324 Sect. 7.2; Zenodo 10.5281/zenodo.15025832 recenter.zip
euclid_q1_modeling,102159489_2728201578663264671,272.8201578460188,66.32646714756937,inconclusive,"successfully modelled by Euclid Strong Lens Modelling Pipeline (SIE+shear): theta_E_eff=0.65 arcsec (1sigma 0.64-0.65); in Zenodo successful-model set (335 objects); release README: 'we hope that nearly all are strong lenses', but per-object lens/non-lens judgement is unpublished; SLDE-A aggregate: 488 A/B candidates modelled, 374 successful, 315 judged lenses, 59 judged non-lens; per-object judgements not published","Q1 catalog grade=B, expert_score=1.810 (9 votes)",arXiv:2503.15324 Sect. 7.2; Zenodo 10.5281/zenodo.15025832 modeling_lens_mass.csv+lens.zip
euclid_q1_modeling,102159489_2730705167663624037,273.07051672243847,66.36240377723576,inconclusive,"successfully modelled by Euclid Strong Lens Modelling Pipeline (SIE+shear): theta_E_eff=1.07 arcsec (1sigma 1.04-1.10); in Zenodo successful-model set (335 objects); release README: 'we hope that nearly all are strong lenses', but per-object lens/non-lens judgement is unpublished; also listed in unsuccess.zip; SLDE-A aggregate: 488 A/B candidates modelled, 374 successful, 315 judged lenses, 59 judged non-lens; per-object judgements not published","Q1 catalog grade=A, expert_score=2.036 (9 votes)",arXiv:2503.15324 Sect. 7.2; Zenodo 10.5281/zenodo.15025832 modeling_lens_mass.csv+lens.zip
euclid_q1_modeling,102159491_2750401520665356534,275.0401520762689,66.53565347576068,inconclusive,"modelling unsuccessful (Zenodo unsuccess.zip, 144 objects: 'modeling failures, non-lens status, or ambiguity'); per-object reason unpublished -- the ~59 modelling-rejected non-lenses are within this set but not individually identified; SLDE-A aggregate: 488 A/B candidates modelled, 374 successful, 315 judged lenses, 59 judged non-lens; per-object judgements not published","Q1 catalog grade=B, expert_score=1.755 (9 votes)",arXiv:2503.15324 Sect. 7.2; Zenodo 10.5281/zenodo.15025832 unsuccess.zip
euclid_q1_modeling,102159491_2759377187664442986,275.9377187181359,66.44429869121905,inconclusive,"cutout mis-centred, which broke lens modelling (Zenodo recenter.zip, 18 objects); no modelling verdict; SLDE-A aggregate: 488 A/B candidates modelled, 374 successful, 315 judged lenses, 59 judged non-lens; per-object judgements not published","Q1 catalog grade=B, expert_score=1.532 (10 votes)",arXiv:2503.15324 Sect. 7.2; Zenodo 10.5281/zenodo.15025832 recenter.zip
euclid_q1_modeling,102159771_2643073721671053537,264.3073721070583,67.10535370647938,inconclusive,"modelling unsuccessful (Zenodo unsuccess.zip, 144 objects: 'modeling failures, non-lens status, or ambiguity'); per-object reason unpublished -- the ~59 modelling-rejected non-lenses are within this set but not individually identified; SLDE-A aggregate: 488 A/B candidates modelled, 374 successful, 315 judged lenses, 59 judged non-lens; per-object judgements not published","Q1 catalog grade=B, expert_score=1.901 (10 votes)",arXiv:2503.15324 Sect. 7.2; Zenodo 10.5281/zenodo.15025832 unsuccess.zip
euclid_q1_modeling,102159771_2645005552671976577,264.5005552752031,67.19765774687613,inconclusive,"successfully modelled by Euclid Strong Lens Modelling Pipeline (SIE+shear): theta_E_eff=0.54 arcsec (1sigma 0.53-0.55); in Zenodo successful-model set (335 objects); release README: 'we hope that nearly all are strong lenses', but per-object lens/non-lens judgement is unpublished; SLDE-A aggregate: 488 A/B candidates modelled, 374 successful, 315 judged lenses, 59 judged non-lens; per-object judgements not published","Q1 catalog grade=C, expert_score=1.485 (10 votes)",arXiv:2503.15324 Sect. 7.2; Zenodo 10.5281/zenodo.15025832 modeling_lens_mass.csv+lens.zip
euclid_q1_modeling,102159771_2645195528669074866,264.5195528461879,66.90748669071384,inconclusive,"modelling unsuccessful (Zenodo unsuccess.zip, 144 objects: 'modeling failures, non-lens status, or ambiguity'); per-object reason unpublished -- the ~59 modelling-rejected non-lenses are within this set but not individually identified; SLDE-A aggregate: 488 A/B candidates modelled, 374 successful, 315 judged lenses, 59 judged non-lens; per-object judgements not published","Q1 catalog grade=B, expert_score=1.614 (10 votes)",arXiv:2503.15324 Sect. 7.2; Zenodo 10.5281/zenodo.15025832 unsuccess.zip
euclid_q1_modeling,102159772_2654573101671251576,265.4573101116544,67.12515766401812,inconclusive,"modelling unsuccessful (Zenodo unsuccess.zip, 144 objects: 'modeling failures, non-lens status, or ambiguity'); per-object reason unpublished -- the ~59 modelling-rejected non-lenses are within this set but not individually identified; SLDE-A aggregate: 488 A/B candidates modelled, 374 successful, 315 judged lenses, 59 judged non-lens; per-object judgements not published","Q1 catalog grade=A, expert_score=2.067 (10 votes)",arXiv:2503.15324 Sect. 7.2; Zenodo 10.5281/zenodo.15025832 unsuccess.zip
euclid_q1_modeling,102159772_2657244795670716163,265.72447956578617,67.07161638988462,inconclusive,"successfully modelled by Euclid Strong Lens Modelling Pipeline (SIE+shear): theta_E_eff=1.59 arcsec (1sigma 1.57-1.61); in Zenodo successful-model set (335 objects); release README: 'we hope that nearly all are strong lenses', but per-object lens/non-lens judgement is unpublished; SLDE-A aggregate: 488 A/B candidates modelled, 374 successful, 315 judged lenses, 59 judged non-lens; per-object judgements not published","Q1 catalog grade=A, expert_score=2.665 (12 votes)",arXiv:2503.15324 Sect. 7.2; Zenodo 10.5281/zenodo.15025832 modeling_lens_mass.csv+lens.zip
euclid_q1_modeling,102159772_2662654897671699728,266.2654897541963,67.16997281564578,inconclusive,"successfully modelled by Euclid Strong Lens Modelling Pipeline (SIE+shear): theta_E_eff=0.45 arcsec (1sigma 0.45-0.45); in Zenodo successful-model set (335 objects); release README: 'we hope that nearly all are strong lenses', but per-object lens/non-lens judgement is unpublished; SLDE-A aggregate: 488 A/B candidates modelled, 374 successful, 315 judged lenses, 59 judged non-lens; per-object judgements not published","Q1 catalog grade=B, expert_score=1.647 (8 votes)",arXiv:2503.15324 Sect. 7.2; Zenodo 10.5281/zenodo.15025832 modeling_lens_mass.csv+lens.zip
euclid_q1_modeling,102159773_2671366170672094055,267.13661707775447,67.20940554012809,inconclusive,"successfully modelled by Euclid Strong Lens Modelling Pipeline (SIE+shear): theta_E_eff=0.49 arcsec (1sigma 0.49-0.49); in Zenodo successful-model set (335 objects); release README: 'we hope that nearly all are strong lenses', but per-object lens/non-lens judgement is unpublished; SLDE-A aggregate: 488 A/B candidates modelled, 374 successful, 315 judged lenses, 59 judged non-lens; per-object judgements not published","Q1 catalog grade=B, expert_score=1.975 (10 votes)",arXiv:2503.15324 Sect. 7.2; Zenodo 10.5281/zenodo.15025832 modeling_lens_mass.csv+lens.zip
euclid_q1_modeling,102159776_2707047371671953097,270.70473716015675,67.19530976227985,inconclusive,"successfully modelled by Euclid Strong Lens Modelling Pipeline (SIE+shear): theta_E_eff=0.71 arcsec (1sigma 0.71-0.72); in Zenodo successful-model set (335 objects); release README: 'we hope that nearly all are strong lenses', but per-object lens/non-lens judgement is unpublished; SLDE-A aggregate: 488 A/B candidates modelled, 374 successful, 315 judged lenses, 59 judged non-lens; per-object judgements not published","Q1 catalog grade=A, expert_score=2.669 (10 votes)",arXiv:2503.15324 Sect. 7.2; Zenodo 10.5281/zenodo.15025832 modeling_lens_mass.csv+lens.zip
euclid_q1_modeling,102159776_2714258099668328507,271.425809924928,66.83285075285441,inconclusive,"modelling unsuccessful (Zenodo unsuccess.zip, 144 objects: 'modeling failures, non-lens status, or ambiguity'); per-object reason unpublished -- the ~59 modelling-rejected non-lenses are within this set but not individually identified; SLDE-A aggregate: 488 A/B candidates modelled, 374 successful, 315 judged lenses, 59 judged non-lens; per-object judgements not published","Q1 catalog grade=B, expert_score=1.701 (10 votes)",arXiv:2503.15324 Sect. 7.2; Zenodo 10.5281/zenodo.15025832 unsuccess.zip
euclid_q1_modeling,102159777_2716319161668542331,271.6319161478719,66.85423311849298,inconclusive,"successfully modelled by Euclid Strong Lens Modelling Pipeline (SIE+shear): theta_E_eff=0.46 arcsec (1sigma 0.46-0.46); in Zenodo successful-model set (335 objects); release README: 'we hope that nearly all are strong lenses', but per-object lens/non-lens judgement is unpublished; SLDE-A aggregate: 488 A/B candidates modelled, 374 successful, 315 judged lenses, 59 judged non-lens; per-object judgements not published","Q1 catalog grade=A, expert_score=2.257 (10 votes)",arXiv:2503.15324 Sect. 7.2; Zenodo 10.5281/zenodo.15025832 modeling_lens_mass.csv+lens.zip
euclid_q1_modeling,102159777_2718673262669682284,271.86732629247143,66.96822846151996,inconclusive,"modelling unsuccessful (Zenodo unsuccess.zip, 144 objects: 'modeling failures, non-lens status, or ambiguity'); per-object reason unpublished -- the ~59 modelling-rejected non-lenses are within this set but not individually identified; SLDE-A aggregate: 488 A/B candidates modelled, 374 successful, 315 judged lenses, 59 judged non-lens; per-object judgements not published","Q1 catalog grade=B, expert_score=1.985 (9 votes)",arXiv:2503.15324 Sect. 7.2; Zenodo 10.5281/zenodo.15025832 unsuccess.zip
euclid_q1_modeling,102159777_2726775566670351257,272.6775566073241,67.0351257916041,inconclusive,"modelling unsuccessful (Zenodo unsuccess.zip, 144 objects: 'modeling failures, non-lens status, or ambiguity'); per-object reason unpublished -- the ~59 modelling-rejected non-lenses are within this set but not individually identified; SLDE-A aggregate: 488 A/B candidates modelled, 374 successful, 315 judged lenses, 59 judged non-lens; per-object judgements not published","Q1 catalog grade=A, expert_score=2.746 (9 votes)",arXiv:2503.15324 Sect. 7.2; Zenodo 10.5281/zenodo.15025832 unsuccess.zip
euclid_q1_modeling,102159778_2733418388668044661,273.3418388879678,66.8044661007292,inconclusive,"successfully modelled by Euclid Strong Lens Modelling Pipeline (SIE+shear): theta_E_eff=1.38 arcsec (1sigma 1.38-1.38); in Zenodo successful-model set (335 objects); release README: 'we hope that nearly all are strong lenses', but per-object lens/non-lens judgement is unpublished; SLDE-A aggregate: 488 A/B candidates modelled, 374 successful, 315 judged lenses, 59 judged non-lens; per-object judgements not published","Q1 catalog grade=A, expert_score=3.068 (17 votes)",arXiv:2503.15324 Sect. 7.2; Zenodo 10.5281/zenodo.15025832 modeling_lens_mass.csv+lens.zip
euclid_q1_modeling,102159778_2735946368671378903,273.59463687052335,67.13789039707821,inconclusive,"successfully modelled by Euclid Strong Lens Modelling Pipeline (SIE+shear): theta_E_eff=0.63 arcsec (1sigma 0.63-0.64); in Zenodo successful-model set (335 objects); release README: 'we hope that nearly all are strong lenses', but per-object lens/non-lens judgement is unpublished; SLDE-A aggregate: 488 A/B candidates modelled, 374 successful, 315 judged lenses, 59 judged non-lens; per-object judgements not published","Q1 catalog grade=A, expert_score=3.003 (14 votes)",arXiv:2503.15324 Sect. 7.2; Zenodo 10.5281/zenodo.15025832 modeling_lens_mass.csv+lens.zip
euclid_q1_modeling,102159779_2743381563669492033,274.3381563198547,66.94920339571343,inconclusive,"modelling unsuccessful (Zenodo unsuccess.zip, 144 objects: 'modeling failures, non-lens status, or ambiguity'); per-object reason unpublished -- the ~59 modelling-rejected non-lenses are within this set but not individually identified; SLDE-A aggregate: 488 A/B candidates modelled, 374 successful, 315 judged lenses, 59 judged non-lens; per-object judgements not published","Q1 catalog grade=B, expert_score=1.591 (10 votes)",arXiv:2503.15324 Sect. 7.2; Zenodo 10.5281/zenodo.15025832 unsuccess.zip
euclid_q1_modeling,102160055_2646891602674889078,264.68916020657315,67.48890780057275,inconclusive,"successfully modelled by Euclid Strong Lens Modelling Pipeline (SIE+shear): theta_E_eff=0.83 arcsec (1sigma 0.82-0.84); in Zenodo successful-model set (335 objects); release README: 'we hope that nearly all are strong lenses', but per-object lens/non-lens judgement is unpublished; SLDE-A aggregate: 488 A/B candidates modelled, 374 successful, 315 judged lenses, 59 judged non-lens; per-object judgements not published","Q1 catalog grade=B, expert_score=1.984 (10 votes)",arXiv:2503.15324 Sect. 7.2; Zenodo 10.5281/zenodo.15025832 modeling_lens_mass.csv+lens.zip
euclid_q1_modeling,102160056_2659573102672729854,265.95731028928327,67.27298546573375,inconclusive,"modelling unsuccessful (Zenodo unsuccess.zip, 144 objects: 'modeling failures, non-lens status, or ambiguity'); per-object reason unpublished -- the ~59 modelling-rejected non-lenses are within this set but not individually identified; SLDE-A aggregate: 488 A/B candidates modelled, 374 successful, 315 judged lenses, 59 judged non-lens; per-object judgements not published","Q1 catalog grade=C, expert_score=1.469 (9 votes)",arXiv:2503.15324 Sect. 7.2; Zenodo 10.5281/zenodo.15025832 unsuccess.zip
euclid_q1_modeling,102160056_2663488981675470136,266.3488981008601,67.54701363115285,inconclusive,"successfully modelled by Euclid Strong Lens Modelling Pipeline (SIE+shear): theta_E_eff=nan arcsec (1sigma nan-nan); in Zenodo successful-model set (335 objects); release README: 'we hope that nearly all are strong lenses', but per-object lens/non-lens judgement is unpublished; also listed in group.zip; SLDE-A aggregate: 488 A/B candidates modelled, 374 successful, 315 judged lenses, 59 judged non-lens; per-object judgements not published","Q1 catalog grade=A, expert_score=2.010 (9 votes)",arXiv:2503.15324 Sect. 7.2; Zenodo 10.5281/zenodo.15025832 modeling_lens_mass.csv+lens.zip
euclid_q1_modeling,102160057_2669613885677463506,266.96138852581646,67.74635067673377,inconclusive,"successfully modelled by Euclid Strong Lens Modelling Pipeline (SIE+shear): theta_E_eff=0.47 arcsec (1sigma 0.47-0.48); in Zenodo successful-model set (335 objects); release README: 'we hope that nearly all are strong lenses', but per-object lens/non-lens judgement is unpublished; SLDE-A aggregate: 488 A/B candidates modelled, 374 successful, 315 judged lenses, 59 judged non-lens; per-object judgements not published","Q1 catalog grade=B, expert_score=1.783 (10 votes)",arXiv:2503.15324 Sect. 7.2; Zenodo 10.5281/zenodo.15025832 modeling_lens_mass.csv+lens.zip
euclid_q1_modeling,102160057_2679227916675153944,267.92279169780943,67.51539448302714,inconclusive,"modelling unsuccessful (Zenodo unsuccess.zip, 144 objects: 'modeling failures, non-lens status, or ambiguity'); per-object reason unpublished -- the ~59 modelling-rejected non-lenses are within this set but not individually identified; SLDE-A aggregate: 488 A/B candidates modelled, 374 successful, 315 judged lenses, 59 judged non-lens; per-object judgements not published","Q1 catalog grade=B, expert_score=1.713 (10 votes)",arXiv:2503.15324 Sect. 7.2; Zenodo 10.5281/zenodo.15025832 unsuccess.zip
euclid_q1_modeling,102160058_2684023754674529862,268.40237540723274,67.45298620006291,inconclusive,"successfully modelled by Euclid Strong Lens Modelling Pipeline (SIE+shear): theta_E_eff=1.29 arcsec (1sigma 1.27-1.30); in Zenodo successful-model set (335 objects); release README: 'we hope that nearly all are strong lenses', but per-object lens/non-lens judgement is unpublished; also listed in unsuccess.zip; SLDE-A aggregate: 488 A/B candidates modelled, 374 successful, 315 judged lenses, 59 judged non-lens; per-object judgements not published","Q1 catalog grade=B, expert_score=1.732 (10 votes)",arXiv:2503.15324 Sect. 7.2; Zenodo 10.5281/zenodo.15025832 modeling_lens_mass.csv+lens.zip
euclid_q1_modeling,102160058_2689874038672725438,268.9874038838035,67.27254384085201,inconclusive,"successfully modelled by Euclid Strong Lens Modelling Pipeline (SIE+shear): theta_E_eff=0.70 arcsec (1sigma 0.69-0.72); in Zenodo successful-model set (335 objects); release README: 'we hope that nearly all are strong lenses', but per-object lens/non-lens judgement is unpublished; SLDE-A aggregate: 488 A/B candidates modelled, 374 successful, 315 judged lenses, 59 judged non-lens; per-object judgements not published","Q1 catalog grade=B, expert_score=1.654 (10 votes)",arXiv:2503.15324 Sect. 7.2; Zenodo 10.5281/zenodo.15025832 modeling_lens_mass.csv+lens.zip
euclid_q1_modeling,102160059_2697821071675011270,269.7821071015082,67.50112703615102,inconclusive,"successfully modelled by Euclid Strong Lens Modelling Pipeline (SIE+shear): theta_E_eff=0.54 arcsec (1sigma 0.54-0.55); in Zenodo successful-model set (335 objects); release README: 'we hope that nearly all are strong lenses', but per-object lens/non-lens judgement is unpublished; SLDE-A aggregate: 488 A/B candidates modelled, 374 successful, 315 judged lenses, 59 judged non-lens; per-object judgements not published","Q1 catalog grade=B, expert_score=1.537 (10 votes)",arXiv:2503.15324 Sect. 7.2; Zenodo 10.5281/zenodo.15025832 modeling_lens_mass.csv+lens.zip
euclid_q1_modeling,102160060_2712298158674755917,271.2298158809224,67.47559170031597,inconclusive,"modelling unsuccessful (Zenodo unsuccess.zip, 144 objects: 'modeling failures, non-lens status, or ambiguity'); per-object reason unpublished -- the ~59 modelling-rejected non-lenses are within this set but not individually identified; SLDE-A aggregate: 488 A/B candidates modelled, 374 successful, 315 judged lenses, 59 judged non-lens; per-object judgements not published","Q1 catalog grade=A, expert_score=2.729 (10 votes)",arXiv:2503.15324 Sect. 7.2; Zenodo 10.5281/zenodo.15025832 unsuccess.zip
euclid_q1_modeling,102160060_2714236250676150798,271.4236250299241,67.61507986297252,inconclusive,"successfully modelled by Euclid Strong Lens Modelling Pipeline (SIE+shear): theta_E_eff=0.63 arcsec (1sigma 0.63-0.63); in Zenodo successful-model set (335 objects); release README: 'we hope that nearly all are strong lenses', but per-object lens/non-lens judgement is unpublished; SLDE-A aggregate: 488 A/B candidates modelled, 374 successful, 315 judged lenses, 59 judged non-lens; per-object judgements not published","Q1 catalog grade=B, expert_score=1.692 (10 votes)",arXiv:2503.15324 Sect. 7.2; Zenodo 10.5281/zenodo.15025832 modeling_lens_mass.csv+lens.zip
euclid_q1_modeling,102160060_2716552208674838777,271.65522085429484,67.48387774961559,inconclusive,"modelling unsuccessful (Zenodo unsuccess.zip, 144 objects: 'modeling failures, non-lens status, or ambiguity'); per-object reason unpublished -- the ~59 modelling-rejected non-lenses are within this set but not individually identified; SLDE-A aggregate: 488 A/B candidates modelled, 374 successful, 315 judged lenses, 59 judged non-lens; per-object judgements not published","Q1 catalog grade=B, expert_score=1.737 (10 votes)",arXiv:2503.15324 Sect. 7.2; Zenodo 10.5281/zenodo.15025832 unsuccess.zip
euclid_q1_modeling,102160062_2738460691675239507,273.8460691095558,67.52395071396087,inconclusive,"cutout mis-centred, which broke lens modelling (Zenodo recenter.zip, 18 objects); no modelling verdict; SLDE-A aggregate: 488 A/B candidates modelled, 374 successful, 315 judged lenses, 59 judged non-lens; per-object judgements not published","Q1 catalog grade=B, expert_score=1.916 (10 votes)",arXiv:2503.15324 Sect. 7.2; Zenodo 10.5281/zenodo.15025832 recenter.zip
euclid_q1_modeling,102160062_2744829103676743969,274.4829103619944,67.67439694316508,inconclusive,"modelling unsuccessful (Zenodo unsuccess.zip, 144 objects: 'modeling failures, non-lens status, or ambiguity'); per-object reason unpublished -- the ~59 modelling-rejected non-lenses are within this set but not individually identified; SLDE-A aggregate: 488 A/B candidates modelled, 374 successful, 315 judged lenses, 59 judged non-lens; per-object judgements not published","Q1 catalog grade=C, expert_score=1.488 (10 votes)",arXiv:2503.15324 Sect. 7.2; Zenodo 10.5281/zenodo.15025832 unsuccess.zip
euclid_q1_modeling,102160334_2661812445678287733,266.181244507451,67.82877334896861,inconclusive,"successfully modelled by Euclid Strong Lens Modelling Pipeline (SIE+shear): theta_E_eff=0.68 arcsec (1sigma 0.68-0.69); in Zenodo successful-model set (335 objects); release README: 'we hope that nearly all are strong lenses', but per-object lens/non-lens judgement is unpublished; SLDE-A aggregate: 488 A/B candidates modelled, 374 successful, 315 judged lenses, 59 judged non-lens; per-object judgements not published","Q1 catalog grade=B, expert_score=1.663 (10 votes)",arXiv:2503.15324 Sect. 7.2; Zenodo 10.5281/zenodo.15025832 modeling_lens_mass.csv+lens.zip
euclid_q1_modeling,102160334_2665945112680410578,266.5945112890753,68.04105787642916,inconclusive,"successfully modelled by Euclid Strong Lens Modelling Pipeline (SIE+shear): theta_E_eff=0.60 arcsec (1sigma 0.57-0.62); in Zenodo successful-model set (335 objects); release README: 'we hope that nearly all are strong lenses', but per-object lens/non-lens judgement is unpublished; SLDE-A aggregate: 488 A/B candidates modelled, 374 successful, 315 judged lenses, 59 judged non-lens; per-object judgements not published","Q1 catalog grade=B, expert_score=1.789 (10 votes)",arXiv:2503.15324 Sect. 7.2; Zenodo 10.5281/zenodo.15025832 modeling_lens_mass.csv+lens.zip
euclid_q1_modeling,102160335_2672690861681717566,267.269086163563,68.17175669313491,inconclusive,"modelling unsuccessful (Zenodo unsuccess.zip, 144 objects: 'modeling failures, non-lens status, or ambiguity'); per-object reason unpublished -- the ~59 modelling-rejected non-lenses are within this set but not individually identified; SLDE-A aggregate: 488 A/B candidates modelled, 374 successful, 315 judged lenses, 59 judged non-lens; per-object judgements not published","Q1 catalog grade=B, expert_score=1.928 (10 votes)",arXiv:2503.15324 Sect. 7.2; Zenodo 10.5281/zenodo.15025832 unsuccess.zip
euclid_q1_modeling,102160335_2672720281680709434,267.2720281605204,68.0709434252139,inconclusive,"modelling unsuccessful (Zenodo unsuccess.zip, 144 objects: 'modeling failures, non-lens status, or ambiguity'); per-object reason unpublished -- the ~59 modelling-rejected non-lenses are within this set but not individually identified; SLDE-A aggregate: 488 A/B candidates modelled, 374 successful, 315 judged lenses, 59 judged non-lens; per-object judgements not published","Q1 catalog grade=B, expert_score=1.586 (10 votes)",arXiv:2503.15324 Sect. 7.2; Zenodo 10.5281/zenodo.15025832 unsuccess.zip
euclid_q1_modeling,102160335_2673678625680739495,267.367862556498,68.0739495146494,inconclusive,"modelling unsuccessful (Zenodo unsuccess.zip, 144 objects: 'modeling failures, non-lens status, or ambiguity'); per-object reason unpublished -- the ~59 modelling-rejected non-lenses are within this set but not individually identified; SLDE-A aggregate: 488 A/B candidates modelled, 374 successful, 315 judged lenses, 59 judged non-lens; per-object judgements not published","Q1 catalog grade=B, expert_score=1.503 (9 votes)",arXiv:2503.15324 Sect. 7.2; Zenodo 10.5281/zenodo.15025832 unsuccess.zip
euclid_q1_modeling,102160335_2680788986678866937,268.07889868386127,67.88669371076048,inconclusive,"successfully modelled by Euclid Strong Lens Modelling Pipeline (SIE+shear): theta_E_eff=0.45 arcsec (1sigma 0.44-0.45); in Zenodo successful-model set (335 objects); release README: 'we hope that nearly all are strong lenses', but per-object lens/non-lens judgement is unpublished; SLDE-A aggregate: 488 A/B candidates modelled, 374 successful, 315 judged lenses, 59 judged non-lens; per-object judgements not published","Q1 catalog grade=B, expert_score=1.554 (10 votes)",arXiv:2503.15324 Sect. 7.2; Zenodo 10.5281/zenodo.15025832 modeling_lens_mass.csv+lens.zip
euclid_q1_modeling,102160335_2682061397679348286,268.20613979827726,67.93482862722318,inconclusive,"successfully modelled by Euclid Strong Lens Modelling Pipeline (SIE+shear): theta_E_eff=0.66 arcsec (1sigma 0.64-0.67); in Zenodo successful-model set (335 objects); release README: 'we hope that nearly all are strong lenses', but per-object lens/non-lens judgement is unpublished; SLDE-A aggregate: 488 A/B candidates modelled, 374 successful, 315 judged lenses, 59 judged non-lens; per-object judgements not published","Q1 catalog grade=A, expert_score=2.331 (11 votes)",arXiv:2503.15324 Sect. 7.2; Zenodo 10.5281/zenodo.15025832 modeling_lens_mass.csv+lens.zip
euclid_q1_modeling,102160336_2685084962682049281,268.5084962055178,68.20492815466524,inconclusive,"group-scale lens candidate requiring multiple mass components, beyond scope of the Q1 automated pipeline (Zenodo group.zip, 41 objects); no modelling verdict; SLDE-A aggregate: 488 A/B candidates modelled, 374 successful, 315 judged lenses, 59 judged non-lens; per-object judgements not published","Q1 catalog grade=A, expert_score=2.244 (10 votes)",arXiv:2503.15324 Sect. 7.2; Zenodo 10.5281/zenodo.15025832 group.zip
euclid_q1_modeling,102160336_2694549514678142483,269.454951470646,67.81424836837486,inconclusive,"successfully modelled by Euclid Strong Lens Modelling Pipeline (SIE+shear): theta_E_eff=1.50 arcsec (1sigma 1.49-1.50); in Zenodo successful-model set (335 objects); release README: 'we hope that nearly all are strong lenses', but per-object lens/non-lens judgement is unpublished; SLDE-A aggregate: 488 A/B candidates modelled, 374 successful, 315 judged lenses, 59 judged non-lens; per-object judgements not published","Q1 catalog grade=A, expert_score=2.944 (18 votes)",arXiv:2503.15324 Sect. 7.2; Zenodo 10.5281/zenodo.15025832 modeling_lens_mass.csv+lens.zip
euclid_q1_modeling,102160336_2695945753681853613,269.59457532951967,68.18536135682035,inconclusive,"successfully modelled by Euclid Strong Lens Modelling Pipeline (SIE+shear): theta_E_eff=0.90 arcsec (1sigma 0.89-0.90); in Zenodo successful-model set (335 objects); release README: 'we hope that nearly all are strong lenses', but per-object lens/non-lens judgement is unpublished; SLDE-A aggregate: 488 A/B candidates modelled, 374 successful, 315 judged lenses, 59 judged non-lens; per-object judgements not published","Q1 catalog grade=A, expert_score=2.867 (10 votes)",arXiv:2503.15324 Sect. 7.2; Zenodo 10.5281/zenodo.15025832 modeling_lens_mass.csv+lens.zip
euclid_q1_modeling,102160337_2700171490680496942,270.01714901079066,68.04969420417832,inconclusive,"successfully modelled by Euclid Strong Lens Modelling Pipeline (SIE+shear): theta_E_eff=0.61 arcsec (1sigma 0.60-0.61); in Zenodo successful-model set (335 objects); release README: 'we hope that nearly all are strong lenses', but per-object lens/non-lens judgement is unpublished; SLDE-A aggregate: 488 A/B candidates modelled, 374 successful, 315 judged lenses, 59 judged non-lens; per-object judgements not published","Q1 catalog grade=B, expert_score=1.549 (8 votes)",arXiv:2503.15324 Sect. 7.2; Zenodo 10.5281/zenodo.15025832 modeling_lens_mass.csv+lens.zip
euclid_q1_modeling,102160337_2701254133678933511,270.1254133752072,67.89335117440586,inconclusive,"successfully modelled by Euclid Strong Lens Modelling Pipeline (SIE+shear): theta_E_eff=0.71 arcsec (1sigma 0.66-0.72); in Zenodo successful-model set (335 objects); release README: 'we hope that nearly all are strong lenses', but per-object lens/non-lens judgement is unpublished; SLDE-A aggregate: 488 A/B candidates modelled, 374 successful, 315 judged lenses, 59 judged non-lens; per-object judgements not published","Q1 catalog grade=A, expert_score=2.271 (17 votes)",arXiv:2503.15324 Sect. 7.2; Zenodo 10.5281/zenodo.15025832 modeling_lens_mass.csv+lens.zip
euclid_q1_modeling,102160337_2702871940682411776,270.2871940683188,68.24117762107761,inconclusive,"successfully modelled by Euclid Strong Lens Modelling Pipeline (SIE+shear): theta_E_eff=1.14 arcsec (1sigma 1.11-1.16); in Zenodo successful-model set (335 objects); release README: 'we hope that nearly all are strong lenses', but per-object lens/non-lens judgement is unpublished; SLDE-A aggregate: 488 A/B candidates modelled, 374 successful, 315 judged lenses, 59 judged non-lens; per-object judgements not published","Q1 catalog grade=B, expert_score=1.660 (10 votes)",arXiv:2503.15324 Sect. 7.2; Zenodo 10.5281/zenodo.15025832 modeling_lens_mass.csv+lens.zip
euclid_q1_modeling,102160337_2703837081680486960,270.38370813689005,68.0486960259951,inconclusive,"successfully modelled by Euclid Strong Lens Modelling Pipeline (SIE+shear): theta_E_eff=0.99 arcsec (1sigma 0.97-1.00); in Zenodo successful-model set (335 objects); release README: 'we hope that nearly all are strong lenses', but per-object lens/non-lens judgement is unpublished; SLDE-A aggregate: 488 A/B candidates modelled, 374 successful, 315 judged lenses, 59 judged non-lens; per-object judgements not published","Q1 catalog grade=B, expert_score=1.823 (10 votes)",arXiv:2503.15324 Sect. 7.2; Zenodo 10.5281/zenodo.15025832 modeling_lens_mass.csv+lens.zip
euclid_q1_modeling,102160338_2712384210679392079,271.2384210836177,67.93920791430314,inconclusive,"group-scale lens candidate requiring multiple mass components, beyond scope of the Q1 automated pipeline (Zenodo group.zip, 41 objects); no modelling verdict; SLDE-A aggregate: 488 A/B candidates modelled, 374 successful, 315 judged lenses, 59 judged non-lens; per-object judgements not published","Q1 catalog grade=A, expert_score=2.197 (10 votes)",arXiv:2503.15324 Sect. 7.2; Zenodo 10.5281/zenodo.15025832 group.zip
euclid_q1_modeling,102160338_2720592793680584236,272.0592793034646,68.05842364623801,inconclusive,"successfully modelled by Euclid Strong Lens Modelling Pipeline (SIE+shear): theta_E_eff=1.12 arcsec (1sigma 1.11-1.13); in Zenodo successful-model set (335 objects); release README: 'we hope that nearly all are strong lenses', but per-object lens/non-lens judgement is unpublished; also listed in unsuccess.zip; SLDE-A aggregate: 488 A/B candidates modelled, 374 successful, 315 judged lenses, 59 judged non-lens; per-object judgements not published","Q1 catalog grade=B, expert_score=1.537 (10 votes)",arXiv:2503.15324 Sect. 7.2; Zenodo 10.5281/zenodo.15025832 modeling_lens_mass.csv+lens.zip
euclid_q1_modeling,102160339_2732965773681844839,273.29657736727165,68.18448391817456,inconclusive,"modelling unsuccessful (Zenodo unsuccess.zip, 144 objects: 'modeling failures, non-lens status, or ambiguity'); per-object reason unpublished -- the ~59 modelling-rejected non-lenses are within this set but not individually identified; SLDE-A aggregate: 488 A/B candidates modelled, 374 successful, 315 judged lenses, 59 judged non-lens; per-object judgements not published","Q1 catalog grade=C, expert_score=1.485 (9 votes)",arXiv:2503.15324 Sect. 7.2; Zenodo 10.5281/zenodo.15025832 unsuccess.zip
euclid_q1_modeling,102160340_2740784519677600444,274.0784519087246,67.76004445410977,inconclusive,"successfully modelled by Euclid Strong Lens Modelling Pipeline (SIE+shear): theta_E_eff=0.80 arcsec (1sigma 0.79-0.80); in Zenodo successful-model set (335 objects); release README: 'we hope that nearly all are strong lenses', but per-object lens/non-lens judgement is unpublished; SLDE-A aggregate: 488 A/B candidates modelled, 374 successful, 315 judged lenses, 59 judged non-lens; per-object judgements not published","Q1 catalog grade=A, expert_score=2.258 (10 votes)",arXiv:2503.15324 Sect. 7.2; Zenodo 10.5281/zenodo.15025832 modeling_lens_mass.csv+lens.zip
euclid_q1_modeling,102160607_2684058176685650370,268.4058176178527,68.56503705310696,inconclusive,"successfully modelled by Euclid Strong Lens Modelling Pipeline (SIE+shear): theta_E_eff=0.66 arcsec (1sigma 0.66-0.66); in Zenodo successful-model set (335 objects); release README: 'we hope that nearly all are strong lenses', but per-object lens/non-lens judgement is unpublished; SLDE-A aggregate: 488 A/B candidates modelled, 374 successful, 315 judged lenses, 59 judged non-lens; per-object judgements not published","Q1 catalog grade=B, expert_score=1.954 (10 votes)",arXiv:2503.15324 Sect. 7.2; Zenodo 10.5281/zenodo.15025832 modeling_lens_mass.csv+lens.zip
euclid_q1_modeling,102160607_2685509147685729039,268.5509147155565,68.5729039546238,inconclusive,"successfully modelled by Euclid Strong Lens Modelling Pipeline (SIE+shear): theta_E_eff=0.52 arcsec (1sigma 0.52-0.53); in Zenodo successful-model set (335 objects); release README: 'we hope that nearly all are strong lenses', but per-object lens/non-lens judgement is unpublished; SLDE-A aggregate: 488 A/B candidates modelled, 374 successful, 315 judged lenses, 59 judged non-lens; per-object judgements not published","Q1 catalog grade=B, expert_score=1.591 (9 votes)",arXiv:2503.15324 Sect. 7.2; Zenodo 10.5281/zenodo.15025832 modeling_lens_mass.csv+lens.zip
euclid_q1_modeling,102160610_2716284966682861360,271.628496650856,68.28613605739213,inconclusive,"modelling unsuccessful (Zenodo unsuccess.zip, 144 objects: 'modeling failures, non-lens status, or ambiguity'); per-object reason unpublished -- the ~59 modelling-rejected non-lenses are within this set but not individually identified; SLDE-A aggregate: 488 A/B candidates modelled, 374 successful, 315 judged lenses, 59 judged non-lens; per-object judgements not published","Q1 catalog grade=C, expert_score=1.456 (9 votes)",arXiv:2503.15324 Sect. 7.2; Zenodo 10.5281/zenodo.15025832 unsuccess.zip
euclid_q1_modeling,102160610_2725640304686403990,272.5640304560574,68.64039906186375,inconclusive,"successfully modelled by Euclid Strong Lens Modelling Pipeline (SIE+shear): theta_E_eff=1.36 arcsec (1sigma 1.35-1.37); in Zenodo successful-model set (335 objects); release README: 'we hope that nearly all are strong lenses', but per-object lens/non-lens judgement is unpublished; SLDE-A aggregate: 488 A/B candidates modelled, 374 successful, 315 judged lenses, 59 judged non-lens; per-object judgements not published","Q1 catalog grade=A, expert_score=2.815 (16 votes)",arXiv:2503.15324 Sect. 7.2; Zenodo 10.5281/zenodo.15025832 modeling_lens_mass.csv+lens.zip
euclid_q1_modeling,102160610_2728596478683519590,272.85964788998524,68.35195904078404,inconclusive,"modelling unsuccessful (Zenodo unsuccess.zip, 144 objects: 'modeling failures, non-lens status, or ambiguity'); per-object reason unpublished -- the ~59 modelling-rejected non-lenses are within this set but not individually identified; SLDE-A aggregate: 488 A/B candidates modelled, 374 successful, 315 judged lenses, 59 judged non-lens; per-object judgements not published","Q1 catalog grade=B, expert_score=1.926 (12 votes)",arXiv:2503.15324 Sect. 7.2; Zenodo 10.5281/zenodo.15025832 unsuccess.zip
euclid_q1_modeling,102160610_2729256016684457774,272.9256016059579,68.44577749091418,inconclusive,"successfully modelled by Euclid Strong Lens Modelling Pipeline (SIE+shear): theta_E_eff=0.49 arcsec (1sigma 0.48-0.50); in Zenodo successful-model set (335 objects); release README: 'we hope that nearly all are strong lenses', but per-object lens/non-lens judgement is unpublished; SLDE-A aggregate: 488 A/B candidates modelled, 374 successful, 315 judged lenses, 59 judged non-lens; per-object judgements not published","Q1 catalog grade=A, expert_score=2.290 (10 votes)",arXiv:2503.15324 Sect. 7.2; Zenodo 10.5281/zenodo.15025832 modeling_lens_mass.csv+lens.zip
euclid_q1_modeling,102160611_2740328687682808789,274.0328687229435,68.28087896462162,inconclusive,"successfully modelled by Euclid Strong Lens Modelling Pipeline (SIE+shear): theta_E_eff=2.52 arcsec (1sigma 2.52-2.53); in Zenodo successful-model set (335 objects); release README: 'we hope that nearly all are strong lenses', but per-object lens/non-lens judgement is unpublished; SLDE-A aggregate: 488 A/B candidates modelled, 374 successful, 315 judged lenses, 59 judged non-lens; per-object judgements not published","Q1 catalog grade=A, expert_score=2.709 (10 votes)",arXiv:2503.15324 Sect. 7.2; Zenodo 10.5281/zenodo.15025832 modeling_lens_mass.csv+lens.zip
euclid_q1_modeling,102160612_2743600657683668805,274.3600657555939,68.36688052942732,inconclusive,"successfully modelled by Euclid Strong Lens Modelling Pipeline (SIE+shear): theta_E_eff=0.57 arcsec (1sigma 0.57-0.58); in Zenodo successful-model set (335 objects); release README: 'we hope that nearly all are strong lenses', but per-object lens/non-lens judgement is unpublished; SLDE-A aggregate: 488 A/B candidates modelled, 374 successful, 315 judged lenses, 59 judged non-lens; per-object judgements not published","Q1 catalog grade=A, expert_score=2.178 (10 votes)",arXiv:2503.15324 Sect. 7.2; Zenodo 10.5281/zenodo.15025832 modeling_lens_mass.csv+lens.zip
