campaign,name,ra_deg,dec_deg,outcome,detail,candidate_provenance,source_ref
euclid_q1_nisp,102044821_NEG508798294276486404,50.87982942615197,-27.64864043281615,confirmed_lens,"z_src=1.920 (v6d posterior MAP, 68%CI_w=1.27, FoF-Gold); z_def=0.470 (adopted, Euclid PHZ MODE_1 photo-z); z_def_nisp_v6d=0.390 (CaII-triplet posterior, 68%CI_w=0.81, FoF-Silver); z_def_grizli=0.440; P(z_src>z_def)=0.99",grade=A;expert_score=2.179;votes=10,arXiv:2604.02726v5 appendix catalogue (Table: full v6d 473-row); single-author paper WITHDRAWN at v6
euclid_q1_nisp,102044821_NEG509449559274572380,50.94495595239306,-27.4572380334476,confirmed_lens,"z_src=2.892 (v6d posterior MAP, 68%CI_w=1.63, FoF-Silver); z_def=0.861 (adopted, Euclid PHZ MODE_1 photo-z); z_def_nisp_v6d=0.324 (CaII-triplet posterior, 68%CI_w=0.82, FoF-Silver); z_def_grizli=0.720; P(z_src>z_def)=0.97",grade=A;expert_score=2.197;votes=10,arXiv:2604.02726v5 appendix catalogue (Table: full v6d 473-row); single-author paper WITHDRAWN at v6
euclid_q1_nisp,102045463_NEG510020362271915172,51.0020362232379,-27.191517292522285,confirmed_lens,"z_src=1.572 (v6d posterior MAP, 68%CI_w=1.20, FoF-Silver); z_def=0.676 (adopted, Euclid PHZ MODE_1 photo-z); z_def_nisp_v6d=1.296 (CaII-triplet posterior, 68%CI_w=0.99, FoF-Bronze); z_def_grizli=0.430; P(z_src>z_def)=0.77",grade=B;expert_score=1.605;votes=10,arXiv:2604.02726v5 appendix catalogue (Table: full v6d 473-row); single-author paper WITHDRAWN at v6
euclid_q1_nisp,102044182_NEG510181483277803809,51.01814831639855,-27.78038095373029,inconclusive,"z_src=0.674 (v6d posterior MAP, 68%CI_w=1.69, FoF-Silver); z_def_nisp_v6d=0.528 (CaII-triplet posterior, 68%CI_w=0.00, FoF-Platinum); z_def_grizli=0.875; P(z_src>z_def)=0.93",grade=B;expert_score=1.643;votes=10,arXiv:2604.02726v5 appendix catalogue (Table: full v6d 473-row); single-author paper WITHDRAWN at v6
euclid_q1_nisp,102044182_NEG512061540278527911,51.20615401023922,-27.85279118357624,confirmed_lens,"z_src=1.902 (v6d posterior MAP, 68%CI_w=1.70, FoF-Silver); z_def=0.828 (adopted, Euclid PHZ MODE_1 photo-z); z_def_nisp_v6d=0.366 (CaII-triplet posterior, 68%CI_w=0.81, FoF-Silver); z_def_grizli=0.560; P(z_src>z_def)=0.98",grade=A;expert_score=2.032;votes=10,arXiv:2604.02726v5 appendix catalogue (Table: full v6d 473-row); single-author paper WITHDRAWN at v6
euclid_q1_nisp,102045464_NEG512422645270221464,51.24226454312596,-27.02214645082399,confirmed_lens,"z_src=1.298 (v6d posterior MAP, 68%CI_w=1.71, FoF-Silver); z_def=0.639 (adopted, Euclid PHZ MODE_1 photo-z); z_def_nisp_v6d=0.286 (CaII-triplet posterior, 68%CI_w=0.83, FoF-Bronze); z_def_grizli=0.685; P(z_src>z_def)=0.93",grade=B;expert_score=1.648;votes=10,arXiv:2604.02726v5 appendix catalogue (Table: full v6d 473-row); single-author paper WITHDRAWN at v6
euclid_q1_nisp,102045464_NEG514418387268262939,51.44183879061816,-26.82629397895439,confirmed_lens,"z_src=2.774 (v6d posterior MAP, 68%CI_w=1.25, FoF-Gold); z_def=1.095 (adopted, Euclid PHZ MODE_1 photo-z); z_def_nisp_v6d=1.030 (CaII-triplet posterior, 68%CI_w=0.62, FoF-Gold); z_def_grizli=0.475; P(z_src>z_def)=0.86",grade=B;expert_score=1.975;votes=10,arXiv:2604.02726v5 appendix catalogue (Table: full v6d 473-row); single-author paper WITHDRAWN at v6
euclid_q1_nisp,102044182_NEG514435270280350833,51.44352700531004,-28.0350833479322,confirmed_lens,"z_src=1.306 (v6d posterior MAP, 68%CI_w=1.10, FoF-Gold); z_def=1.218 (adopted, Euclid PHZ MODE_1 photo-z); z_def_nisp_v6d=0.270 (CaII-triplet posterior, 68%CI_w=0.82, FoF-Silver); P(z_src>z_def)=1.00",grade=A;expert_score=2.423;votes=10,arXiv:2604.02726v5 appendix catalogue (Table: full v6d 473-row); single-author paper WITHDRAWN at v6
euclid_q1_nisp,102042913_NEG515596854290228591,51.55968541095926,-29.022859166356096,confirmed_lens,"z_src=1.560 (v6d posterior MAP, 68%CI_w=1.48, FoF-Gold); z_def=0.601 (adopted, Euclid PHZ MODE_1 photo-z); z_def_nisp_v6d=0.312 (CaII-triplet posterior, 68%CI_w=0.79, FoF-Silver); z_def_grizli=0.560; P(z_src>z_def)=0.99",grade=B;expert_score=1.546;votes=8,arXiv:2604.02726v5 appendix catalogue (Table: full v6d 473-row); single-author paper WITHDRAWN at v6
euclid_q1_nisp,102044183_NEG515787441281897369,51.57874416555804,-28.189736933084728,confirmed_lens,"z_src=2.690 (v6d posterior MAP, 68%CI_w=1.81, FoF-Bronze); z_def=0.762 (adopted, Euclid PHZ MODE_1 photo-z); z_def_nisp_v6d=0.350 (CaII-triplet posterior, 68%CI_w=0.83, FoF-Bronze); z_def_grizli=0.655; P(z_src>z_def)=0.95",grade=A;expert_score=2.802;votes=10,arXiv:2604.02726v5 appendix catalogue (Table: full v6d 473-row); single-author paper WITHDRAWN at v6
euclid_q1_nisp,102045464_NEG515803462270682480,51.58034629682901,-27.06824809575101,confirmed_lens,"z_src=1.992 (v6d posterior MAP, 68%CI_w=1.31, FoF-Gold); z_def=0.613 (adopted, Euclid PHZ MODE_1 photo-z); z_def_nisp_v6d=0.872 (CaII-triplet posterior, 68%CI_w=0.00, FoF-Platinum); z_def_grizli=0.875; P(z_src>z_def)=0.90",grade=B;expert_score=1.510;votes=9,arXiv:2604.02726v5 appendix catalogue (Table: full v6d 473-row); single-author paper WITHDRAWN at v6
euclid_q1_nisp,102042913_NEG515847139291141021,51.58471391404591,-29.114102191323457,confirmed_lens,"z_src=2.702 (v6d posterior MAP, 68%CI_w=1.67, FoF-Silver); z_def=0.569 (adopted, Euclid PHZ MODE_1 photo-z); z_def_nisp_v6d=0.272 (CaII-triplet posterior, 68%CI_w=0.78, FoF-Silver); P(z_src>z_def)=0.99",grade=A;expert_score=2.056;votes=9,arXiv:2604.02726v5 appendix catalogue (Table: full v6d 473-row); single-author paper WITHDRAWN at v6
euclid_q1_nisp,102042913_NEG516249178292373011,51.62491780564062,-29.23730114505462,inconclusive,"z_src=2.000 (v6d posterior MAP, 68%CI_w=1.10, FoF-Gold); z_def_nisp_v6d=1.244 (CaII-triplet posterior, 68%CI_w=0.00, FoF-Platinum); P(z_src>z_def)=0.80",grade=B;expert_score=1.683;votes=10,arXiv:2604.02726v5 appendix catalogue (Table: full v6d 473-row); single-author paper WITHDRAWN at v6
euclid_q1_nisp,102043546_NEG516559001286493665,51.65590011467211,-28.6493665056946,confirmed_lens,"z_src=2.314 (v6d posterior MAP, 68%CI_w=0.99, FoF-Platinum); z_def=0.677 (adopted, Euclid PHZ MODE_1 photo-z); z_def_nisp_v6d=0.276 (CaII-triplet posterior, 68%CI_w=0.79, FoF-Silver); z_def_grizli=0.690; P(z_src>z_def)=0.98",grade=B;expert_score=1.590;votes=10,arXiv:2604.02726v5 appendix catalogue (Table: full v6d 473-row); single-author paper WITHDRAWN at v6
euclid_q1_nisp,102042282_NEG517070963297124785,51.707096352182745,-29.712478588163005,inconclusive,"z_def=0.411 (adopted, Euclid PHZ MODE_1 photo-z); z_def_grizli=0.420",grade=B;expert_score=1.692;votes=11,arXiv:2604.02726v5 appendix catalogue (Table: full v6d 473-row); single-author paper WITHDRAWN at v6
euclid_q1_nisp,102042913_NEG518198793288220397,51.81987931988373,-28.82203972762372,confirmed_lens,"z_src=0.654 (v6d posterior MAP, 68%CI_w=1.09, FoF-Gold); z_def=0.610 (adopted, Euclid PHZ MODE_1 photo-z); z_def_nisp_v6d=0.402 (CaII-triplet posterior, 68%CI_w=0.81, FoF-Silver); z_def_grizli=0.670; P(z_src>z_def)=0.94",grade=B;expert_score=1.841;votes=10,arXiv:2604.02726v5 appendix catalogue (Table: full v6d 473-row); single-author paper WITHDRAWN at v6
euclid_q1_nisp,102042283_NEG518770667295125494,51.87706671211459,-29.512549467386364,confirmed_lens,"z_src=1.348 (v6d posterior MAP, 68%CI_w=1.20, FoF-Gold); z_def=0.634 (adopted, Euclid PHZ MODE_1 photo-z); z_def_nisp_v6d=0.632 (CaII-triplet posterior, 68%CI_w=0.84, FoF-Bronze); z_def_grizli=0.660; P(z_src>z_def)=0.94",grade=A;expert_score=2.358;votes=10,arXiv:2604.02726v5 appendix catalogue (Table: full v6d 473-row); single-author paper WITHDRAWN at v6
euclid_q1_nisp,102044823_NEG519633334274259646,51.963333406311975,-27.425964645733604,confirmed_lens,"z_src=2.482 (v6d posterior MAP, 68%CI_w=0.87, FoF-Platinum); z_def=0.632 (adopted, Euclid PHZ MODE_1 photo-z); z_def_nisp_v6d=0.344 (CaII-triplet posterior, 68%CI_w=0.77, FoF-Silver); P(z_src>z_def)=1.00",grade=A;expert_score=2.959;votes=10,arXiv:2604.02726v5 appendix catalogue (Table: full v6d 473-row); single-author paper WITHDRAWN at v6
euclid_q1_nisp,102042913_NEG520471782290867053,52.04717824679261,-29.08670539117257,inconclusive,"z_src=0.676 (v6d posterior MAP, 68%CI_w=1.28, FoF-Gold); z_def_nisp_v6d=0.398 (CaII-triplet posterior, 68%CI_w=0.66, FoF-Gold); z_def_grizli=0.440; P(z_src>z_def)=0.97",grade=A;expert_score=2.390;votes=10,arXiv:2604.02726v5 appendix catalogue (Table: full v6d 473-row); single-author paper WITHDRAWN at v6
euclid_q1_nisp,102042283_NEG520608563295081214,52.0608563513396,-29.50812141969979,inconclusive,"z_def=0.423 (adopted, Euclid PHZ MODE_1 photo-z)",grade=B;expert_score=1.536;votes=10,arXiv:2604.02726v5 appendix catalogue (Table: full v6d 473-row); single-author paper WITHDRAWN at v6
euclid_q1_nisp,102042914_NEG520791097292457766,52.07910976293189,-29.24577660750816,confirmed_lens,"z_src=1.394 (v6d posterior MAP, 68%CI_w=0.72, FoF-Bronze); z_def=0.839 (adopted, Euclid PHZ MODE_1 photo-z); z_def_nisp_v6d=1.260 (CaII-triplet posterior, 68%CI_w=0.90, FoF-Bronze); z_def_grizli=0.440; P(z_src>z_def)=0.67",grade=A;expert_score=2.348;votes=10,arXiv:2604.02726v5 appendix catalogue (Table: full v6d 473-row); single-author paper WITHDRAWN at v6
euclid_q1_nisp,102042283_NEG521070591294671601,52.10705916602482,-29.467160198695264,confirmed_lens,"z_src=1.410 (v6d posterior MAP, 68%CI_w=1.64, FoF-Silver); z_def=0.790 (adopted, Euclid PHZ MODE_1 photo-z); z_def_nisp_v6d=0.262 (CaII-triplet posterior, 68%CI_w=0.70, FoF-Gold); z_def_grizli=0.440; P(z_src>z_def)=0.98",grade=B;expert_score=1.623;votes=10,arXiv:2604.02726v5 appendix catalogue (Table: full v6d 473-row); single-author paper WITHDRAWN at v6
euclid_q1_nisp,102046759_NEG522096295262136465,52.20962951125225,-26.21364656116373,inconclusive,z_def_grizli=0.840,grade=A;expert_score=2.151;votes=10,arXiv:2604.02726v5 appendix catalogue (Table: full v6d 473-row); single-author paper WITHDRAWN at v6
euclid_q1_nisp,102042914_NEG522625262291125533,52.262526273501,-29.11255338608705,confirmed_lens,"z_src=2.436 (v6d posterior MAP, 68%CI_w=1.60, FoF-Gold); z_def=0.615 (adopted, Euclid PHZ MODE_1 photo-z); z_def_nisp_v6d=0.354 (CaII-triplet posterior, 68%CI_w=0.83, FoF-Bronze); z_def_grizli=0.590; P(z_src>z_def)=0.99",grade=A;expert_score=2.252;votes=7,arXiv:2604.02726v5 appendix catalogue (Table: full v6d 473-row); single-author paper WITHDRAWN at v6
euclid_q1_nisp,102046111_NEG522631915266742195,52.26319153218572,-26.674219571254035,confirmed_lens,"z_src=2.294 (v6d posterior MAP, 68%CI_w=1.12, FoF-Gold); z_def=0.484 (adopted, Euclid PHZ MODE_1 photo-z); z_def_nisp_v6d=1.144 (CaII-triplet posterior, 68%CI_w=0.79, FoF-Silver); z_def_grizli=0.580; P(z_src>z_def)=0.85",grade=B;expert_score=1.844;votes=10,arXiv:2604.02726v5 appendix catalogue (Table: full v6d 473-row); single-author paper WITHDRAWN at v6
euclid_q1_nisp,102045466_NEG522784531269221616,52.27845319092136,-26.922161677633607,confirmed_lens,"z_src=1.280 (v6d posterior MAP, 68%CI_w=0.84, FoF-Gold); z_def=0.782 (adopted, Euclid PHZ MODE_1 photo-z); z_def_nisp_v6d=0.688 (CaII-triplet posterior, 68%CI_w=0.60, FoF-Gold); z_def_grizli=0.505; P(z_src>z_def)=0.82",grade=A;expert_score=2.522;votes=8,arXiv:2604.02726v5 appendix catalogue (Table: full v6d 473-row); single-author paper WITHDRAWN at v6
euclid_q1_nisp,102044823_NEG523091195273907574,52.309119513753465,-27.390757480741296,confirmed_lens,"z_src=2.532 (v6d posterior MAP, 68%CI_w=1.85, FoF-Bronze); z_def=0.864 (adopted, Euclid PHZ MODE_1 photo-z); z_def_nisp_v6d=0.266 (CaII-triplet posterior, 68%CI_w=0.83, FoF-Bronze); z_def_grizli=0.685; P(z_src>z_def)=0.97",grade=B;expert_score=1.514;votes=10,arXiv:2604.02726v5 appendix catalogue (Table: full v6d 473-row); single-author paper WITHDRAWN at v6
euclid_q1_nisp,102042284_NEG523902104295926900,52.39021042684189,-29.592690005903176,confirmed_lens,"z_src=2.154 (v6d posterior MAP, 68%CI_w=0.82, FoF-Platinum); z_def=0.490 (adopted, Euclid PHZ MODE_1 photo-z); z_def_nisp_v6d=0.358 (CaII-triplet posterior, 68%CI_w=0.68, FoF-Gold); z_def_grizli=0.500; P(z_src>z_def)=1.00",grade=B;expert_score=1.958;votes=10,arXiv:2604.02726v5 appendix catalogue (Table: full v6d 473-row); single-author paper WITHDRAWN at v6
euclid_q1_nisp,102046111_NEG524535231263409554,52.453523130156384,-26.34095544998652,confirmed_lens,"z_src=2.758 (v6d posterior MAP, 68%CI_w=1.27, FoF-Gold); z_def=1.092 (adopted, Euclid PHZ MODE_1 photo-z); z_def_nisp_v6d=0.998 (CaII-triplet posterior, 68%CI_w=0.00, FoF-Platinum); z_def_grizli=0.650; P(z_src>z_def)=0.99",grade=B;expert_score=1.969;votes=10,arXiv:2604.02726v5 appendix catalogue (Table: full v6d 473-row); single-author paper WITHDRAWN at v6
euclid_q1_nisp,102044824_NEG525230483273308137,52.5230483017954,-27.33081373157524,confirmed_lens,"z_src=1.644 (v6d posterior MAP, 68%CI_w=1.64, FoF-Silver); z_def=0.537 (adopted, Euclid PHZ MODE_1 photo-z); z_def_nisp_v6d=0.308 (CaII-triplet posterior, 68%CI_w=0.68, FoF-Gold); z_def_grizli=0.440; P(z_src>z_def)=0.97",grade=B;expert_score=1.563;votes=9,arXiv:2604.02726v5 appendix catalogue (Table: full v6d 473-row); single-author paper WITHDRAWN at v6
euclid_q1_nisp,102046111_NEG525445060265211534,52.54450604134525,-26.521153444380623,confirmed_lens,"z_src=1.966 (v6d posterior MAP, 68%CI_w=1.26, FoF-Gold); z_def=0.668 (adopted, Euclid PHZ MODE_1 photo-z); z_def_nisp_v6d=0.420 (CaII-triplet posterior, 68%CI_w=0.71, FoF-Gold); P(z_src>z_def)=1.00",grade=B;expert_score=1.670;votes=10,arXiv:2604.02726v5 appendix catalogue (Table: full v6d 473-row); single-author paper WITHDRAWN at v6
euclid_q1_nisp,102046111_NEG525674252262710433,52.56742527162064,-26.27104331001816,confirmed_lens,"z_src=1.722 (v6d posterior MAP, 68%CI_w=1.01, FoF-Gold); z_def=0.384 (adopted, Euclid PHZ MODE_1 photo-z); z_def_nisp_v6d=1.144 (CaII-triplet posterior, 68%CI_w=0.68, FoF-Gold); z_def_grizli=0.875; P(z_src>z_def)=0.91",grade=B;expert_score=1.909;votes=10,arXiv:2604.02726v5 appendix catalogue (Table: full v6d 473-row); single-author paper WITHDRAWN at v6
euclid_q1_nisp,102045466_NEG526398502270513535,52.639850230005855,-27.05135350205716,confirmed_lens,"z_src=1.982 (v6d posterior MAP, 68%CI_w=1.13, FoF-Silver); z_def=0.508 (adopted, Euclid PHZ MODE_1 photo-z); z_def_nisp_v6d=1.282 (CaII-triplet posterior, 68%CI_w=0.00, FoF-Platinum); z_def_grizli=1.020; P(z_src>z_def)=0.76",grade=A;expert_score=2.503;votes=10,arXiv:2604.02726v5 appendix catalogue (Table: full v6d 473-row); single-author paper WITHDRAWN at v6
euclid_q1_nisp,102045466_NEG526735767268568130,52.67357673662208,-26.8568130346764,confirmed_lens,"z_src=2.744 (v6d posterior MAP, 68%CI_w=1.28, FoF-Gold); z_def=1.277 (adopted, Euclid PHZ MODE_1 photo-z); z_def_nisp_v6d=0.388 (CaII-triplet posterior, 68%CI_w=0.83, FoF-Bronze); z_def_grizli=0.430; P(z_src>z_def)=0.99",grade=B;expert_score=1.637;votes=10,arXiv:2604.02726v5 appendix catalogue (Table: full v6d 473-row); single-author paper WITHDRAWN at v6
euclid_q1_nisp,102042284_NEG526888815294982643,52.68888150861861,-29.498264398459888,confirmed_lens,"z_src=1.718 (v6d posterior MAP, 68%CI_w=1.57, FoF-Gold); z_def=0.600 (adopted, Euclid PHZ MODE_1 photo-z); z_def_nisp_v6d=0.262 (CaII-triplet posterior, 68%CI_w=0.10, FoF-Platinum); z_def_grizli=0.490; P(z_src>z_def)=0.99",grade=A;expert_score=2.511;votes=10,arXiv:2604.02726v5 appendix catalogue (Table: full v6d 473-row); single-author paper WITHDRAWN at v6
euclid_q1_nisp,102044185_NEG527087067278561642,52.70870673939618,-27.856164261538,non_lens,"z_src=0.842 (v6d posterior MAP, 68%CI_w=1.41, FoF-Gold); z_def=1.366 (adopted, Euclid PHZ MODE_1 photo-z); z_def_nisp_v6d=0.306 (CaII-triplet posterior, 68%CI_w=0.52, FoF-Platinum); P(z_src>z_def)=1.00; fails paper physical-sanity check (z_src<=z_def MAP): same-z/projected/misID per paper Sec. FoF tiers",grade=B;expert_score=1.586;votes=10,arXiv:2604.02726v5 appendix catalogue (Table: full v6d 473-row); single-author paper WITHDRAWN at v6
euclid_q1_nisp,102041657_NEG527330118300603942,52.73301189004299,-30.060394203188203,confirmed_lens,"z_src=1.660 (v6d posterior MAP, 68%CI_w=0.86, FoF-Gold); z_def=0.688 (adopted, Euclid PHZ MODE_1 photo-z); z_def_nisp_v6d=0.264 (CaII-triplet posterior, 68%CI_w=0.83, FoF-Bronze); z_def_grizli=0.600; P(z_src>z_def)=1.00",grade=B;expert_score=1.868;votes=10,arXiv:2604.02726v5 appendix catalogue (Table: full v6d 473-row); single-author paper WITHDRAWN at v6
euclid_q1_nisp,102042915_NEG527574180288799276,52.75741809343428,-28.87992760661953,non_lens,"z_src=0.656 (v6d posterior MAP, 68%CI_w=1.87, FoF-Bronze); z_def=1.099 (adopted, Euclid PHZ MODE_1 photo-z); z_def_nisp_v6d=0.352 (CaII-triplet posterior, 68%CI_w=0.00, FoF-Platinum); z_def_grizli=0.875; P(z_src>z_def)=0.92; fails paper physical-sanity check (z_src<=z_def MAP): same-z/projected/misID per paper Sec. FoF tiers",grade=A;expert_score=2.244;votes=11,arXiv:2604.02726v5 appendix catalogue (Table: full v6d 473-row); single-author paper WITHDRAWN at v6
euclid_q1_nisp,102041657_NEG527925237298894414,52.79252379595951,-29.88944147404416,confirmed_lens,"z_src=0.694 (v6d posterior MAP, 68%CI_w=1.87, FoF-Bronze); z_def=0.676 (adopted, Euclid PHZ MODE_1 photo-z); z_def_nisp_v6d=0.602 (CaII-triplet posterior, 68%CI_w=0.02, FoF-Platinum); z_def_grizli=0.555; P(z_src>z_def)=0.89",grade=A;expert_score=2.392;votes=9,arXiv:2604.02726v5 appendix catalogue (Table: full v6d 473-row); single-author paper WITHDRAWN at v6
euclid_q1_nisp,102044185_NEG528176967277992842,52.81769675690601,-27.799284255737305,inconclusive,"z_def=0.420 (adopted, Euclid PHZ MODE_1 photo-z); z_def_grizli=0.945",grade=B;expert_score=1.722;votes=9,arXiv:2604.02726v5 appendix catalogue (Table: full v6d 473-row); single-author paper WITHDRAWN at v6
euclid_q1_nisp,102041657_NEG528301123298298693,52.8301123322179,-29.82986934888345,confirmed_lens,"z_src=2.640 (v6d posterior MAP, 68%CI_w=1.32, FoF-Gold); z_def=1.078 (adopted, Euclid PHZ MODE_1 photo-z); z_def_nisp_v6d=0.638 (CaII-triplet posterior, 68%CI_w=0.53, FoF-Platinum); z_def_grizli=0.425; P(z_src>z_def)=0.92",grade=A;expert_score=2.306;votes=10,arXiv:2604.02726v5 appendix catalogue (Table: full v6d 473-row); single-author paper WITHDRAWN at v6
euclid_q1_nisp,102042284_NEG528356577292866317,52.83565776408496,-29.28663177075172,inconclusive,"z_def=0.539 (adopted, Euclid PHZ MODE_1 photo-z); z_def_grizli=1.025",grade=B;expert_score=1.561;votes=9,arXiv:2604.02726v5 appendix catalogue (Table: full v6d 473-row); single-author paper WITHDRAWN at v6
euclid_q1_nisp,102042915_NEG528545016288651034,52.85450169543065,-28.865103458157133,confirmed_lens,"z_src=1.452 (v6d posterior MAP, 68%CI_w=1.35, FoF-Gold); z_def=0.180 (adopted, Euclid PHZ MODE_1 photo-z); z_def_nisp_v6d=0.268 (CaII-triplet posterior, 68%CI_w=0.15, FoF-Platinum); P(z_src>z_def)=0.99",grade=B;expert_score=1.685;votes=10,arXiv:2604.02726v5 appendix catalogue (Table: full v6d 473-row); single-author paper WITHDRAWN at v6
euclid_q1_nisp,102044824_NEG528789191276364582,52.87891913064314,-27.636458287943867,confirmed_lens,"z_src=2.532 (v6d posterior MAP, 68%CI_w=1.05, FoF-Gold); z_def=1.118 (adopted, Euclid PHZ MODE_1 photo-z); z_def_nisp_v6d=0.352 (CaII-triplet posterior, 68%CI_w=0.74, FoF-Gold); z_def_grizli=0.590; P(z_src>z_def)=1.00",grade=A;expert_score=2.756;votes=10,arXiv:2604.02726v5 appendix catalogue (Table: full v6d 473-row); single-author paper WITHDRAWN at v6
euclid_q1_nisp,102041657_NEG529209996299100136,52.92099965374398,-29.91001367205823,confirmed_lens,"z_src=1.942 (v6d posterior MAP, 68%CI_w=1.44, FoF-Gold); z_def=0.588 (adopted, Euclid PHZ MODE_1 photo-z); z_def_nisp_v6d=0.314 (CaII-triplet posterior, 68%CI_w=0.58, FoF-Platinum); z_def_grizli=0.485; P(z_src>z_def)=0.99",grade=A;expert_score=2.367;votes=10,arXiv:2604.02726v5 appendix catalogue (Table: full v6d 473-row); single-author paper WITHDRAWN at v6
euclid_q1_nisp,102044185_NEG529514172281460834,52.95141727381891,-28.14608341271236,inconclusive,"z_def=1.083 (adopted, Euclid PHZ MODE_1 photo-z)",grade=A;expert_score=2.112;votes=9,arXiv:2604.02726v5 appendix catalogue (Table: full v6d 473-row); single-author paper WITHDRAWN at v6
euclid_q1_nisp,102045467_NEG529760884271850076,52.97608846859429,-27.18500763947275,confirmed_lens,"z_src=2.368 (v6d posterior MAP, 68%CI_w=1.49, FoF-Gold); z_def=1.038 (adopted, Euclid PHZ MODE_1 photo-z); z_def_nisp_v6d=0.278 (CaII-triplet posterior, 68%CI_w=0.80, FoF-Silver); z_def_grizli=0.470; P(z_src>z_def)=0.98",grade=B;expert_score=1.970;votes=10,arXiv:2604.02726v5 appendix catalogue (Table: full v6d 473-row); single-author paper WITHDRAWN at v6
euclid_q1_nisp,102042915_NEG529823788292531675,52.98237884657878,-29.253167568876144,confirmed_lens,"z_src=2.502 (v6d posterior MAP, 68%CI_w=0.51, FoF-Platinum); z_def=0.811 (adopted, Euclid PHZ MODE_1 photo-z); z_def_nisp_v6d=0.520 (CaII-triplet posterior, 68%CI_w=0.63, FoF-Gold); z_def_grizli=1.035; P(z_src>z_def)=1.00",grade=B;expert_score=1.663;votes=10,arXiv:2604.02726v5 appendix catalogue (Table: full v6d 473-row); single-author paper WITHDRAWN at v6
euclid_q1_nisp,102043549_NEG530257443283430270,53.02574434762016,-28.34302702586864,confirmed_lens,"z_src=2.458 (v6d posterior MAP, 68%CI_w=1.03, FoF-Gold); z_def=0.836 (adopted, Euclid PHZ MODE_1 photo-z); z_def_nisp_v6d=0.294 (CaII-triplet posterior, 68%CI_w=0.82, FoF-Bronze); z_def_grizli=0.400; P(z_src>z_def)=1.00",grade=A;expert_score=2.455;votes=9,arXiv:2604.02726v5 appendix catalogue (Table: full v6d 473-row); single-author paper WITHDRAWN at v6
euclid_q1_nisp,102042915_NEG531310919292142818,53.131091993387386,-29.214281899776903,confirmed_lens,"z_src=2.318 (v6d posterior MAP, 68%CI_w=1.30, FoF-Gold); z_def=0.541 (adopted, Euclid PHZ MODE_1 photo-z); z_def_nisp_v6d=0.688 (CaII-triplet posterior, 68%CI_w=0.00, FoF-Platinum); z_def_grizli=0.760; P(z_src>z_def)=0.89",grade=B;expert_score=1.963;votes=9,arXiv:2604.02726v5 appendix catalogue (Table: full v6d 473-row); single-author paper WITHDRAWN at v6
euclid_q1_nisp,102046761_NEG531782867262094267,53.17828670361266,-26.2094267877214,confirmed_lens,"z_src=2.540 (v6d posterior MAP, 68%CI_w=0.90, FoF-Bronze); z_def=0.847 (adopted, Euclid PHZ MODE_1 photo-z); z_def_nisp_v6d=1.188 (CaII-triplet posterior, 68%CI_w=0.04, FoF-Platinum); z_def_grizli=0.455; P(z_src>z_def)=0.61",grade=A;expert_score=2.397;votes=10,arXiv:2604.02726v5 appendix catalogue (Table: full v6d 473-row); single-author paper WITHDRAWN at v6
euclid_q1_nisp,102046761_NEG532020950261969455,53.20209508963684,-26.19694558334184,confirmed_lens,"z_src=2.518 (v6d posterior MAP, 68%CI_w=1.84, FoF-Bronze); z_def=0.684 (adopted, Euclid PHZ MODE_1 photo-z); z_def_nisp_v6d=0.294 (CaII-triplet posterior, 68%CI_w=0.58, FoF-Platinum); z_def_grizli=0.875; P(z_src>z_def)=0.95",grade=A;expert_score=2.461;votes=10,arXiv:2604.02726v5 appendix catalogue (Table: full v6d 473-row); single-author paper WITHDRAWN at v6
euclid_q1_nisp,102042916_NEG533251142291509670,53.3251142778574,-29.15096706182251,confirmed_lens,"z_src=2.208 (v6d posterior MAP, 68%CI_w=1.18, FoF-Gold); z_def=0.506 (adopted, Euclid PHZ MODE_1 photo-z); z_def_nisp_v6d=0.682 (CaII-triplet posterior, 68%CI_w=0.51, FoF-Platinum); z_def_grizli=0.745; P(z_src>z_def)=0.98",grade=A;expert_score=2.590;votes=10,arXiv:2604.02726v5 appendix catalogue (Table: full v6d 473-row); single-author paper WITHDRAWN at v6
euclid_q1_nisp,102044825_NEG534081174272937149,53.408117445209946,-27.2937149013282,inconclusive,"z_def=0.548 (adopted, Euclid PHZ MODE_1 photo-z)",grade=A;expert_score=2.538;votes=7,arXiv:2604.02726v5 appendix catalogue (Table: full v6d 473-row); single-author paper WITHDRAWN at v6
euclid_q1_nisp,102046761_NEG534264558260612632,53.42645580108414,-26.06126322516176,confirmed_lens,"z_src=1.910 (v6d posterior MAP, 68%CI_w=0.65, FoF-Platinum); z_def=0.581 (adopted, Euclid PHZ MODE_1 photo-z); z_def_nisp_v6d=0.298 (CaII-triplet posterior, 68%CI_w=0.79, FoF-Silver); z_def_grizli=0.565; P(z_src>z_def)=1.00",grade=B;expert_score=1.989;votes=10,arXiv:2604.02726v5 appendix catalogue (Table: full v6d 473-row); single-author paper WITHDRAWN at v6
euclid_q1_nisp,102045468_NEG534525411271636586,53.45254118345938,-27.16365862400199,confirmed_lens,"z_src=1.624 (v6d posterior MAP, 68%CI_w=0.78, FoF-Platinum); z_def=0.132 (adopted, Euclid PHZ MODE_1 photo-z); z_def_nisp_v6d=0.320 (CaII-triplet posterior, 68%CI_w=0.75, FoF-Gold); P(z_src>z_def)=1.00",grade=A;expert_score=2.295;votes=10,arXiv:2604.02726v5 appendix catalogue (Table: full v6d 473-row); single-author paper WITHDRAWN at v6
euclid_q1_nisp,102044186_NEG535621262280129063,53.56212625889032,-28.01290638406208,confirmed_lens,"z_src=2.394 (v6d posterior MAP, 68%CI_w=1.11, FoF-Gold); z_def=0.505 (adopted, Euclid PHZ MODE_1 photo-z); z_def_nisp_v6d=1.250 (CaII-triplet posterior, 68%CI_w=0.89, FoF-Bronze); z_def_grizli=0.875; P(z_src>z_def)=0.86",grade=A;expert_score=2.869;votes=10,arXiv:2604.02726v5 appendix catalogue (Table: full v6d 473-row); single-author paper WITHDRAWN at v6
euclid_q1_nisp,102045468_NEG535850797268396974,53.585079752047086,-26.83969741339551,confirmed_lens,"z_src=2.050 (v6d posterior MAP, 68%CI_w=1.24, FoF-Silver); z_def=0.584 (adopted, Euclid PHZ MODE_1 photo-z); z_def_nisp_v6d=1.122 (CaII-triplet posterior, 68%CI_w=0.66, FoF-Gold); z_def_grizli=0.875; P(z_src>z_def)=0.78",grade=B;expert_score=1.695;votes=10,arXiv:2604.02726v5 appendix catalogue (Table: full v6d 473-row); single-author paper WITHDRAWN at v6
euclid_q1_nisp,102044186_NEG536764250280439031,53.676425099151245,-28.043903187455896,confirmed_lens,"z_src=2.008 (v6d posterior MAP, 68%CI_w=1.64, FoF-Silver); z_def=1.005 (adopted, Euclid PHZ MODE_1 photo-z); z_def_nisp_v6d=0.420 (CaII-triplet posterior, 68%CI_w=0.84, FoF-Bronze); z_def_grizli=0.660; P(z_src>z_def)=0.96",grade=B;expert_score=1.588;votes=10,arXiv:2604.02726v5 appendix catalogue (Table: full v6d 473-row); single-author paper WITHDRAWN at v6
euclid_q1_nisp,102046114_NEG537084154267015431,53.70841543605162,-26.70154319440072,confirmed_lens,"z_src=2.618 (v6d posterior MAP, 68%CI_w=1.44, FoF-Gold); z_def=1.109 (adopted, Euclid PHZ MODE_1 photo-z); z_def_nisp_v6d=0.274 (CaII-triplet posterior, 68%CI_w=0.84, FoF-Bronze); P(z_src>z_def)=0.99",grade=A;expert_score=2.647;votes=8,arXiv:2604.02726v5 appendix catalogue (Table: full v6d 473-row); single-author paper WITHDRAWN at v6
euclid_q1_nisp,102046114_NEG537352034266671160,53.73520340274464,-26.667116031154272,confirmed_lens,"z_src=2.046 (v6d posterior MAP, 68%CI_w=1.67, FoF-Silver); z_def=0.387 (adopted, Euclid PHZ MODE_1 photo-z); z_def_nisp_v6d=0.342 (CaII-triplet posterior, 68%CI_w=0.83, FoF-Bronze); z_def_grizli=0.845; P(z_src>z_def)=0.94",grade=B;expert_score=1.834;votes=10,arXiv:2604.02726v5 appendix catalogue (Table: full v6d 473-row); single-author paper WITHDRAWN at v6
euclid_q1_nisp,102044186_NEG537484692277631702,53.74846927381223,-27.763170217402745,inconclusive,"z_src=2.044 (v6d posterior MAP, 68%CI_w=1.59, FoF-Gold); z_def_nisp_v6d=0.278 (CaII-triplet posterior, 68%CI_w=0.78, FoF-Silver); z_def_grizli=0.395; P(z_src>z_def)=0.91",grade=B;expert_score=1.753;votes=10,arXiv:2604.02726v5 appendix catalogue (Table: full v6d 473-row); single-author paper WITHDRAWN at v6
euclid_q1_nisp,102045468_NEG537581789271144818,53.75817891108607,-27.114481825241555,confirmed_lens,"z_src=2.100 (v6d posterior MAP, 68%CI_w=1.35, FoF-Gold); z_def=0.708 (adopted, Euclid PHZ MODE_1 photo-z); z_def_nisp_v6d=0.866 (CaII-triplet posterior, 68%CI_w=0.04, FoF-Platinum); z_def_grizli=0.645; P(z_src>z_def)=0.91",grade=B;expert_score=1.722;votes=10,arXiv:2604.02726v5 appendix catalogue (Table: full v6d 473-row); single-author paper WITHDRAWN at v6
euclid_q1_nisp,102044826_NEG537879168275630474,53.78791682486845,-27.5630474248287,confirmed_lens,"z_src=2.142 (v6d posterior MAP, 68%CI_w=1.61, FoF-Silver); z_def=1.048 (adopted, Euclid PHZ MODE_1 photo-z); z_def_nisp_v6d=0.322 (CaII-triplet posterior, 68%CI_w=0.79, FoF-Silver); z_def_grizli=0.995; P(z_src>z_def)=0.97",grade=A;expert_score=2.147;votes=9,arXiv:2604.02726v5 appendix catalogue (Table: full v6d 473-row); single-author paper WITHDRAWN at v6
euclid_q1_nisp,102044826_NEG537893681272621987,53.78936818611787,-27.26219875128607,confirmed_lens,"z_src=1.816 (v6d posterior MAP, 68%CI_w=1.51, FoF-Gold); z_def=0.404 (adopted, Euclid PHZ MODE_1 photo-z); z_def_nisp_v6d=0.260 (CaII-triplet posterior, 68%CI_w=0.73, FoF-Gold); z_def_grizli=0.700; P(z_src>z_def)=0.99",grade=A;expert_score=2.036;votes=9,arXiv:2604.02726v5 appendix catalogue (Table: full v6d 473-row); single-author paper WITHDRAWN at v6
euclid_q1_nisp,102044187_NEG538533000282255459,53.85330005751175,-28.22554594493343,inconclusive,"z_src=2.014 (v6d posterior MAP, 68%CI_w=1.43, FoF-Gold); z_def_nisp_v6d=0.276 (CaII-triplet posterior, 68%CI_w=0.82, FoF-Bronze); z_def_grizli=0.405; P(z_src>z_def)=1.00",grade=B;expert_score=1.575;votes=10,arXiv:2604.02726v5 appendix catalogue (Table: full v6d 473-row); single-author paper WITHDRAWN at v6
euclid_q1_nisp,102044187_NEG538575988280255664,53.85759887222229,-28.02556642635688,confirmed_lens,"z_src=2.928 (v6d posterior MAP, 68%CI_w=1.79, FoF-Silver); z_def=0.812 (adopted, Euclid PHZ MODE_1 photo-z); z_def_nisp_v6d=0.386 (CaII-triplet posterior, 68%CI_w=0.83, FoF-Bronze); z_def_grizli=0.555; P(z_src>z_def)=0.95",grade=A;expert_score=2.298;votes=10,arXiv:2604.02726v5 appendix catalogue (Table: full v6d 473-row); single-author paper WITHDRAWN at v6
euclid_q1_nisp,102042917_NEG539279061291936993,53.92790616393022,-29.19369935009748,inconclusive,"z_def=0.572 (adopted, Euclid PHZ MODE_1 photo-z)",grade=A;expert_score=2.657;votes=10,arXiv:2604.02726v5 appendix catalogue (Table: full v6d 473-row); single-author paper WITHDRAWN at v6
euclid_q1_nisp,102042917_NEG540132584291926297,54.013258430324896,-29.192629748914623,confirmed_lens,"z_src=2.560 (v6d posterior MAP, 68%CI_w=1.39, FoF-Gold); z_def=0.296 (adopted, Euclid PHZ MODE_1 photo-z); z_def_nisp_v6d=0.308 (CaII-triplet posterior, 68%CI_w=0.77, FoF-Silver); P(z_src>z_def)=1.00",grade=A;expert_score=2.168;votes=10,arXiv:2604.02726v5 appendix catalogue (Table: full v6d 473-row); single-author paper WITHDRAWN at v6
euclid_q1_nisp,102042287_NEG540365671293205439,54.03656715287476,-29.32054393414841,non_lens,"z_src=1.342 (v6d posterior MAP, 68%CI_w=1.39, FoF-Gold); z_def=1.450 (adopted, Euclid PHZ MODE_1 photo-z); z_def_nisp_v6d=0.404 (CaII-triplet posterior, 68%CI_w=0.77, FoF-Silver); z_def_grizli=0.835; P(z_src>z_def)=1.00; fails paper physical-sanity check (z_src<=z_def MAP): same-z/projected/misID per paper Sec. FoF tiers",grade=B;expert_score=1.682;votes=9,arXiv:2604.02726v5 appendix catalogue (Table: full v6d 473-row); single-author paper WITHDRAWN at v6
euclid_q1_nisp,102046114_NEG540908760267374976,54.09087606219873,-26.73749766724749,confirmed_lens,"z_src=2.082 (v6d posterior MAP, 68%CI_w=1.53, FoF-Gold); z_def=0.741 (adopted, Euclid PHZ MODE_1 photo-z); z_def_nisp_v6d=0.472 (CaII-triplet posterior, 68%CI_w=0.84, FoF-Bronze); z_def_grizli=0.620; P(z_src>z_def)=0.97",grade=B;expert_score=1.850;votes=9,arXiv:2604.02726v5 appendix catalogue (Table: full v6d 473-row); single-author paper WITHDRAWN at v6
euclid_q1_nisp,102042917_NEG540926519290733004,54.09265196528655,-29.073300402181623,confirmed_lens,"z_src=2.028 (v6d posterior MAP, 68%CI_w=1.15, FoF-Gold); z_def=1.071 (adopted, Euclid PHZ MODE_1 photo-z); z_def_nisp_v6d=0.348 (CaII-triplet posterior, 68%CI_w=0.53, FoF-Platinum); z_def_grizli=0.565; P(z_src>z_def)=0.99",grade=B;expert_score=1.665;votes=10,arXiv:2604.02726v5 appendix catalogue (Table: full v6d 473-row); single-author paper WITHDRAWN at v6
euclid_q1_nisp,102043551_NEG542774461286906112,54.27744618379619,-28.690611214572936,confirmed_lens,"z_src=2.022 (v6d posterior MAP, 68%CI_w=1.59, FoF-Gold); z_def=0.447 (adopted, Euclid PHZ MODE_1 photo-z); z_def_nisp_v6d=0.262 (CaII-triplet posterior, 68%CI_w=0.81, FoF-Silver); z_def_grizli=0.415; P(z_src>z_def)=0.97",grade=B;expert_score=1.683;votes=10,arXiv:2604.02726v5 appendix catalogue (Table: full v6d 473-row); single-author paper WITHDRAWN at v6
euclid_q1_nisp,102044187_NEG542891812279697972,54.289181214003854,-27.96979729520765,confirmed_lens,"z_src=2.266 (v6d posterior MAP, 68%CI_w=1.44, FoF-Gold); z_def=0.630 (adopted, Euclid PHZ MODE_1 photo-z); z_def_nisp_v6d=0.496 (CaII-triplet posterior, 68%CI_w=0.00, FoF-Platinum); z_def_grizli=0.810; P(z_src>z_def)=0.98",grade=B;expert_score=1.527;votes=10,arXiv:2604.02726v5 appendix catalogue (Table: full v6d 473-row); single-author paper WITHDRAWN at v6
euclid_q1_nisp,102044827_NEG542909292272696454,54.2909292678002,-27.269645476267584,confirmed_lens,"z_src=2.168 (v6d posterior MAP, 68%CI_w=1.46, FoF-Gold); z_def=0.668 (adopted, Euclid PHZ MODE_1 photo-z); z_def_nisp_v6d=0.436 (CaII-triplet posterior, 68%CI_w=0.84, FoF-Bronze); z_def_grizli=0.430; P(z_src>z_def)=0.97",grade=B;expert_score=1.645;votes=10,arXiv:2604.02726v5 appendix catalogue (Table: full v6d 473-row); single-author paper WITHDRAWN at v6
euclid_q1_nisp,102042287_NEG543727111293847771,54.37271115161365,-29.384777131349484,confirmed_lens,"z_src=2.746 (v6d posterior MAP, 68%CI_w=1.51, FoF-Gold); z_def=0.550 (adopted, Euclid PHZ MODE_1 photo-z); z_def_nisp_v6d=0.760 (CaII-triplet posterior, 68%CI_w=0.00, FoF-Platinum); z_def_grizli=1.075; P(z_src>z_def)=0.88",grade=B;expert_score=1.717;votes=9,arXiv:2604.02726v5 appendix catalogue (Table: full v6d 473-row); single-author paper WITHDRAWN at v6
euclid_q1_nisp,102044827_NEG544423614276266111,54.44236143563962,-27.626611167335145,inconclusive,"z_def=0.885 (adopted, Euclid PHZ MODE_1 photo-z)",grade=B;expert_score=1.670;votes=10,arXiv:2604.02726v5 appendix catalogue (Table: full v6d 473-row); single-author paper WITHDRAWN at v6
euclid_q1_nisp,102042918_NEG544805259289548872,54.480525954294606,-28.954887264503345,confirmed_lens,"z_src=2.256 (v6d posterior MAP, 68%CI_w=0.03, FoF-Gold); z_def=0.370 (adopted, Euclid PHZ MODE_1 photo-z); z_def_nisp_v6d=0.332 (CaII-triplet posterior, 68%CI_w=0.81, FoF-Silver); z_def_grizli=0.825; P(z_src>z_def)=1.00",grade=A;expert_score=2.422;votes=10,arXiv:2604.02726v5 appendix catalogue (Table: full v6d 473-row); single-author paper WITHDRAWN at v6
euclid_q1_nisp,102045470_NEG546481364271947360,54.64813642542638,-27.19473600162915,confirmed_lens,"z_src=2.688 (v6d posterior MAP, 68%CI_w=0.97, FoF-Platinum); z_def=0.586 (adopted, Euclid PHZ MODE_1 photo-z); z_def_nisp_v6d=0.324 (CaII-triplet posterior, 68%CI_w=0.83, FoF-Bronze); z_def_grizli=0.655; P(z_src>z_def)=1.00",grade=B;expert_score=1.889;votes=10,arXiv:2604.02726v5 appendix catalogue (Table: full v6d 473-row); single-author paper WITHDRAWN at v6
euclid_q1_nisp,102042919_NEG549525883291619345,54.95258837432254,-29.16193451041988,confirmed_lens,"z_src=2.956 (v6d posterior MAP, 68%CI_w=1.74, FoF-Silver); z_def=0.838 (adopted, Euclid PHZ MODE_1 photo-z); z_def_nisp_v6d=0.516 (CaII-triplet posterior, 68%CI_w=0.83, FoF-Bronze); z_def_grizli=0.855; P(z_src>z_def)=0.98",grade=A;expert_score=2.300;votes=10,arXiv:2604.02726v5 appendix catalogue (Table: full v6d 473-row); single-author paper WITHDRAWN at v6
euclid_q1_nisp,102042919_NEG549725555290756868,54.97255557552779,-29.07568680536772,confirmed_lens,"z_src=1.536 (v6d posterior MAP, 68%CI_w=0.67, FoF-Gold); z_def=0.809 (adopted, Euclid PHZ MODE_1 photo-z); z_def_nisp_v6d=0.308 (CaII-triplet posterior, 68%CI_w=0.84, FoF-Bronze); P(z_src>z_def)=1.00",grade=A;expert_score=2.801;votes=10,arXiv:2604.02726v5 appendix catalogue (Table: full v6d 473-row); single-author paper WITHDRAWN at v6
euclid_q1_nisp,102042919_NEG550105155291238806,55.01051552373555,-29.12388069970221,confirmed_lens,"z_src=0.806 (v6d posterior MAP, 68%CI_w=1.53, FoF-Gold); z_def=0.725 (adopted, Euclid PHZ MODE_1 photo-z); z_def_nisp_v6d=0.764 (CaII-triplet posterior, 68%CI_w=0.00, FoF-Platinum); z_def_grizli=0.605; P(z_src>z_def)=0.90",grade=B;expert_score=1.875;votes=9,arXiv:2604.02726v5 appendix catalogue (Table: full v6d 473-row); single-author paper WITHDRAWN at v6
euclid_q1_nisp,102042919_NEG550298555288445169,55.02985559221574,-28.844516977045007,confirmed_lens,"z_src=2.036 (v6d posterior MAP, 68%CI_w=1.61, FoF-Silver); z_def=0.394 (adopted, Euclid PHZ MODE_1 photo-z); z_def_nisp_v6d=0.754 (CaII-triplet posterior, 68%CI_w=0.28, FoF-Platinum); z_def_grizli=0.475; P(z_src>z_def)=0.88",grade=B;expert_score=1.593;votes=10,arXiv:2604.02726v5 appendix catalogue (Table: full v6d 473-row); single-author paper WITHDRAWN at v6
euclid_q1_nisp,102042919_NEG550683279289700727,55.06832793157976,-28.9700727133312,confirmed_lens,"z_src=2.976 (v6d posterior MAP, 68%CI_w=1.65, FoF-Silver); z_def=1.170 (adopted, Euclid PHZ MODE_1 photo-z); z_def_nisp_v6d=0.556 (CaII-triplet posterior, 68%CI_w=0.68, FoF-Gold); z_def_grizli=0.650; P(z_src>z_def)=0.94",grade=A;expert_score=2.372;votes=10,arXiv:2604.02726v5 appendix catalogue (Table: full v6d 473-row); single-author paper WITHDRAWN at v6
euclid_q1_nisp,102020054_NEG554364696495554940,55.43646960793195,-49.55549405557734,non_lens,"z_src=0.916 (v6d posterior MAP, 68%CI_w=0.44, FoF-Gold); z_def=0.978 (adopted, Euclid PHZ MODE_1 photo-z); z_def_nisp_v6d=0.300 (CaII-triplet posterior, 68%CI_w=0.78, FoF-Silver); z_def_grizli=1.015; P(z_src>z_def)=1.00; fails paper physical-sanity check (z_src<=z_def MAP): same-z/projected/misID per paper Sec. FoF tiers",grade=B;expert_score=1.523;votes=10,arXiv:2604.02726v5 appendix catalogue (Table: full v6d 473-row); single-author paper WITHDRAWN at v6
euclid_q1_nisp,102021006_NEG554672577486973111,55.46725774971254,-48.69731117993872,confirmed_lens,"z_src=1.870 (v6d posterior MAP, 68%CI_w=0.33, FoF-Platinum); z_def=0.604 (adopted, Euclid PHZ MODE_1 photo-z); z_def_nisp_v6d=0.308 (CaII-triplet posterior, 68%CI_w=0.60, FoF-Platinum); z_def_grizli=0.380; P(z_src>z_def)=1.00",grade=A;expert_score=2.440;votes=10,arXiv:2604.02726v5 appendix catalogue (Table: full v6d 473-row); single-author paper WITHDRAWN at v6
euclid_q1_nisp,102020528_NEG554976975487853956,55.497697503788665,-48.785395695423865,confirmed_lens,"z_src=1.974 (v6d posterior MAP, 68%CI_w=1.20, FoF-Gold); z_def=0.505 (adopted, Euclid PHZ MODE_1 photo-z); z_def_nisp_v6d=0.328 (CaII-triplet posterior, 68%CI_w=0.50, FoF-Platinum); z_def_grizli=0.450; P(z_src>z_def)=0.97",grade=A;expert_score=2.941;votes=11,arXiv:2604.02726v5 appendix catalogue (Table: full v6d 473-row); single-author paper WITHDRAWN at v6
euclid_q1_nisp,102020054_NEG556215936492901652,55.62159369817304,-49.290165222546975,confirmed_lens,"z_src=2.266 (v6d posterior MAP, 68%CI_w=1.43, FoF-Gold); z_def=0.707 (adopted, Euclid PHZ MODE_1 photo-z); z_def_nisp_v6d=0.264 (CaII-triplet posterior, 68%CI_w=0.73, FoF-Gold); z_def_grizli=0.380; P(z_src>z_def)=0.98",grade=B;expert_score=1.818;votes=9,arXiv:2604.02726v5 appendix catalogue (Table: full v6d 473-row); single-author paper WITHDRAWN at v6
euclid_q1_nisp,102020528_NEG557594873487530963,55.75948739301225,-48.753096396542105,confirmed_lens,"z_src=1.870 (v6d posterior MAP, 68%CI_w=1.30, FoF-Gold); z_def=0.280 (adopted, Euclid PHZ MODE_1 photo-z); z_def_nisp_v6d=0.294 (CaII-triplet posterior, 68%CI_w=0.78, FoF-Silver); z_def_grizli=0.570; P(z_src>z_def)=1.00",grade=A;expert_score=2.163;votes=10,arXiv:2604.02726v5 appendix catalogue (Table: full v6d 473-row); single-author paper WITHDRAWN at v6
euclid_q1_nisp,102020528_NEG557780503491374019,55.77805038496869,-49.13740190644816,confirmed_lens,"z_src=2.504 (v6d posterior MAP, 68%CI_w=0.20, FoF-Platinum); z_def=0.502 (adopted, Euclid PHZ MODE_1 photo-z); z_def_nisp_v6d=0.296 (CaII-triplet posterior, 68%CI_w=0.80, FoF-Silver); z_def_grizli=0.675; P(z_src>z_def)=1.00",grade=B;expert_score=1.629;votes=10,arXiv:2604.02726v5 appendix catalogue (Table: full v6d 473-row); single-author paper WITHDRAWN at v6
euclid_q1_nisp,102020528_NEG558800896491551043,55.880089681433006,-49.15510438781556,confirmed_lens,"z_src=2.224 (v6d posterior MAP, 68%CI_w=0.80, FoF-Platinum); z_def=0.297 (adopted, Euclid PHZ MODE_1 photo-z); z_def_nisp_v6d=0.314 (CaII-triplet posterior, 68%CI_w=0.82, FoF-Bronze); z_def_grizli=0.425; P(z_src>z_def)=1.00",grade=B;expert_score=1.973;votes=10,arXiv:2604.02726v5 appendix catalogue (Table: full v6d 473-row); single-author paper WITHDRAWN at v6
euclid_q1_nisp,102020528_NEG561683562487885174,56.16835627448652,-48.7885174830928,inconclusive,"z_def=0.477 (adopted, Euclid PHZ MODE_1 photo-z)",grade=A;expert_score=2.737;votes=10,arXiv:2604.02726v5 appendix catalogue (Table: full v6d 473-row); single-author paper WITHDRAWN at v6
euclid_q1_nisp,102020528_NEG562073760492316605,56.20737601280353,-49.23166055034346,confirmed_lens,"z_src=2.576 (v6d posterior MAP, 68%CI_w=1.50, FoF-Gold); z_def=0.391 (adopted, Euclid PHZ MODE_1 photo-z); z_def_nisp_v6d=0.292 (CaII-triplet posterior, 68%CI_w=0.83, FoF-Bronze); z_def_grizli=0.925; P(z_src>z_def)=0.97",grade=B;expert_score=1.930;votes=11,arXiv:2604.02726v5 appendix catalogue (Table: full v6d 473-row); single-author paper WITHDRAWN at v6
euclid_q1_nisp,102020055_NEG563894315496088157,56.38943151491934,-49.60881575787721,confirmed_lens,"z_src=2.290 (v6d posterior MAP, 68%CI_w=1.71, FoF-Silver); z_def=1.045 (adopted, Euclid PHZ MODE_1 photo-z); z_def_nisp_v6d=0.258 (CaII-triplet posterior, 68%CI_w=0.84, FoF-Bronze); z_def_grizli=0.515; P(z_src>z_def)=0.98",grade=A;expert_score=2.105;votes=10,arXiv:2604.02726v5 appendix catalogue (Table: full v6d 473-row); single-author paper WITHDRAWN at v6
euclid_q1_nisp,102020529_NEG564427129491602014,56.442712921370415,-49.16020146642965,confirmed_lens,"z_src=2.834 (v6d posterior MAP, 68%CI_w=1.13, FoF-Silver); z_def=0.614 (adopted, Euclid PHZ MODE_1 photo-z); z_def_nisp_v6d=1.262 (CaII-triplet posterior, 68%CI_w=0.00, FoF-Platinum); P(z_src>z_def)=0.76",grade=B;expert_score=1.827;votes=10,arXiv:2604.02726v5 appendix catalogue (Table: full v6d 473-row); single-author paper WITHDRAWN at v6
euclid_q1_nisp,102019586_NEG564463213499964061,56.446321381015146,-49.99640612068045,confirmed_lens,"z_src=1.970 (v6d posterior MAP, 68%CI_w=1.56, FoF-Gold); z_def=0.322 (adopted, Euclid PHZ MODE_1 photo-z); z_def_nisp_v6d=0.368 (CaII-triplet posterior, 68%CI_w=0.10, FoF-Platinum); z_def_grizli=0.550; P(z_src>z_def)=0.96",grade=A;expert_score=2.317;votes=10,arXiv:2604.02726v5 appendix catalogue (Table: full v6d 473-row); single-author paper WITHDRAWN at v6
euclid_q1_nisp,102019123_NEG564667438505382529,56.46674380313999,-50.538252942693255,confirmed_lens,"z_src=1.886 (v6d posterior MAP, 68%CI_w=1.32, FoF-Gold); z_def=0.467 (adopted, Euclid PHZ MODE_1 photo-z); z_def_nisp_v6d=0.302 (CaII-triplet posterior, 68%CI_w=0.00, FoF-Platinum); z_def_grizli=0.640; P(z_src>z_def)=0.98",grade=A;expert_score=2.804;votes=10,arXiv:2604.02726v5 appendix catalogue (Table: full v6d 473-row); single-author paper WITHDRAWN at v6
euclid_q1_nisp,102020055_NEG564676209494509344,56.46762095259402,-49.45093443791871,confirmed_lens,"z_src=1.050 (v6d posterior MAP, 68%CI_w=1.29, FoF-Gold); z_def=0.535 (adopted, Euclid PHZ MODE_1 photo-z); z_def_nisp_v6d=0.348 (CaII-triplet posterior, 68%CI_w=0.62, FoF-Gold); z_def_grizli=0.855; P(z_src>z_def)=0.99",grade=A;expert_score=2.359;votes=9,arXiv:2604.02726v5 appendix catalogue (Table: full v6d 473-row); single-author paper WITHDRAWN at v6
euclid_q1_nisp,102021978_NEG565786336477092595,56.57863366543075,-47.70925955973561,confirmed_lens,"z_src=2.894 (v6d posterior MAP, 68%CI_w=1.34, FoF-Gold); z_def=1.160 (adopted, Euclid PHZ MODE_1 photo-z); z_def_nisp_v6d=0.994 (CaII-triplet posterior, 68%CI_w=0.00, FoF-Platinum); P(z_src>z_def)=0.81",grade=B;expert_score=1.610;votes=9,arXiv:2604.02726v5 appendix catalogue (Table: full v6d 473-row); single-author paper WITHDRAWN at v6
euclid_q1_nisp,102020529_NEG566452754492393104,56.64527541741643,-49.23931044272282,inconclusive,"no spectral detection (n_det<2), no adopted z_def",grade=A;expert_score=2.158;votes=10,arXiv:2604.02726v5 appendix catalogue (Table: full v6d 473-row); single-author paper WITHDRAWN at v6
euclid_q1_nisp,102019123_NEG567245233502945885,56.724523328272205,-50.294588554343285,confirmed_lens,"z_src=2.272 (v6d posterior MAP, 68%CI_w=0.29, FoF-Platinum); z_def=0.690 (adopted, Euclid PHZ MODE_1 photo-z); z_def_nisp_v6d=0.274 (CaII-triplet posterior, 68%CI_w=0.82, FoF-Bronze); z_def_grizli=0.600; P(z_src>z_def)=1.00",grade=A;expert_score=2.126;votes=10,arXiv:2604.02726v5 appendix catalogue (Table: full v6d 473-row); single-author paper WITHDRAWN at v6
euclid_q1_nisp,102020056_NEG568919155497446978,56.89191554837005,-49.74469783990281,inconclusive,z_def_grizli=0.685,grade=A;expert_score=2.663;votes=10,arXiv:2604.02726v5 appendix catalogue (Table: full v6d 473-row); single-author paper WITHDRAWN at v6
euclid_q1_nisp,102019587_NEG569380954497924981,56.93809545828947,-49.79249811828738,confirmed_lens,"z_src=2.320 (v6d posterior MAP, 68%CI_w=1.53, FoF-Gold); z_def=0.159 (adopted, Euclid PHZ MODE_1 photo-z); z_def_nisp_v6d=0.280 (CaII-triplet posterior, 68%CI_w=0.83, FoF-Bronze); P(z_src>z_def)=0.98",grade=B;expert_score=1.732;votes=9,arXiv:2604.02726v5 appendix catalogue (Table: full v6d 473-row); single-author paper WITHDRAWN at v6
euclid_q1_nisp,102020056_NEG569381219495998178,56.93812190358718,-49.599817875364536,confirmed_lens,"z_src=2.032 (v6d posterior MAP, 68%CI_w=1.64, FoF-Silver); z_def=0.574 (adopted, Euclid PHZ MODE_1 photo-z); z_def_nisp_v6d=0.378 (CaII-triplet posterior, 68%CI_w=0.83, FoF-Bronze); z_def_grizli=0.720; P(z_src>z_def)=0.95",grade=A;expert_score=2.694;votes=9,arXiv:2604.02726v5 appendix catalogue (Table: full v6d 473-row); single-author paper WITHDRAWN at v6
euclid_q1_nisp,102021008_NEG569571426487440793,56.95714260917783,-48.74407934750487,inconclusive,"no spectral detection (n_det<2), no adopted z_def",grade=A;expert_score=2.393;votes=10,arXiv:2604.02726v5 appendix catalogue (Table: full v6d 473-row); single-author paper WITHDRAWN at v6
euclid_q1_nisp,102020056_NEG570002701495855213,57.00027019393232,-49.58552134143774,confirmed_lens,"z_src=2.250 (v6d posterior MAP, 68%CI_w=0.53, FoF-Platinum); z_def=1.012 (adopted, Euclid PHZ MODE_1 photo-z); z_def_nisp_v6d=0.290 (CaII-triplet posterior, 68%CI_w=0.83, FoF-Bronze); z_def_grizli=0.380; P(z_src>z_def)=1.00",grade=B;expert_score=1.734;votes=9,arXiv:2604.02726v5 appendix catalogue (Table: full v6d 473-row); single-author paper WITHDRAWN at v6
euclid_q1_nisp,102018665_NEG570040238507752998,57.00402384909541,-50.77529982012066,inconclusive,"z_src=2.754 (v6d posterior MAP, 68%CI_w=1.58, FoF-Gold); z_def_nisp_v6d=0.288 (CaII-triplet posterior, 68%CI_w=0.82, FoF-Silver); z_def_grizli=0.465; P(z_src>z_def)=0.98",grade=A;expert_score=2.046;votes=10,arXiv:2604.02726v5 appendix catalogue (Table: full v6d 473-row); single-author paper WITHDRAWN at v6
euclid_q1_nisp,102021491_NEG571345829477653406,57.13458292532511,-47.76534068188999,inconclusive,"z_src=2.082 (v6d posterior MAP, 68%CI_w=1.52, FoF-Gold); z_def_nisp_v6d=0.600 (CaII-triplet posterior, 68%CI_w=0.65, FoF-Gold); z_def_grizli=0.875; P(z_src>z_def)=0.95",grade=B;expert_score=1.642;votes=10,arXiv:2604.02726v5 appendix catalogue (Table: full v6d 473-row); single-author paper WITHDRAWN at v6
euclid_q1_nisp,102020530_NEG571638103490331545,57.16381035568261,-49.03315451807532,inconclusive,"z_def=1.042 (adopted, Euclid PHZ MODE_1 photo-z); z_def_grizli=0.385",grade=B;expert_score=1.603;votes=9,arXiv:2604.02726v5 appendix catalogue (Table: full v6d 473-row); single-author paper WITHDRAWN at v6
euclid_q1_nisp,102020056_NEG571928631495947554,57.19286316195864,-49.594755430177614,inconclusive,"z_def=0.606 (adopted, Euclid PHZ MODE_1 photo-z); z_def_grizli=0.590",grade=B;expert_score=1.976;votes=10,arXiv:2604.02726v5 appendix catalogue (Table: full v6d 473-row); single-author paper WITHDRAWN at v6
euclid_q1_nisp,102020530_NEG572303674490459976,57.230367495986805,-49.04599764138084,inconclusive,"z_def=0.602 (adopted, Euclid PHZ MODE_1 photo-z)",grade=B;expert_score=1.948;votes=10,arXiv:2604.02726v5 appendix catalogue (Table: full v6d 473-row); single-author paper WITHDRAWN at v6
euclid_q1_nisp,102020056_NEG572366304493015831,57.2366304007054,-49.30158314012709,confirmed_lens,"z_src=1.898 (v6d posterior MAP, 68%CI_w=1.44, FoF-Gold); z_def=0.979 (adopted, Euclid PHZ MODE_1 photo-z); z_def_nisp_v6d=0.342 (CaII-triplet posterior, 68%CI_w=0.41, FoF-Platinum); z_def_grizli=0.380; P(z_src>z_def)=1.00",grade=B;expert_score=1.563;votes=10,arXiv:2604.02726v5 appendix catalogue (Table: full v6d 473-row); single-author paper WITHDRAWN at v6
euclid_q1_nisp,102020530_NEG572378924491097026,57.23789245830907,-49.10970265313149,inconclusive,"z_def=0.485 (adopted, Euclid PHZ MODE_1 photo-z); z_def_grizli=0.560",grade=B;expert_score=1.789;votes=9,arXiv:2604.02726v5 appendix catalogue (Table: full v6d 473-row); single-author paper WITHDRAWN at v6
euclid_q1_nisp,102019124_NEG572893989502570421,57.28939899045425,-50.25704215991417,confirmed_lens,"z_src=2.712 (v6d posterior MAP, 68%CI_w=1.14, FoF-Silver); z_def=0.566 (adopted, Euclid PHZ MODE_1 photo-z); z_def_nisp_v6d=1.160 (CaII-triplet posterior, 68%CI_w=0.00, FoF-Platinum); z_def_grizli=0.875; P(z_src>z_def)=0.77",grade=B;expert_score=1.951;votes=10,arXiv:2604.02726v5 appendix catalogue (Table: full v6d 473-row); single-author paper WITHDRAWN at v6
euclid_q1_nisp,102020056_NEG573379534495223440,57.337953416835866,-49.52234409795684,confirmed_lens,"z_src=1.780 (v6d posterior MAP, 68%CI_w=1.25, FoF-Gold); z_def=0.841 (adopted, Euclid PHZ MODE_1 photo-z); z_def_nisp_v6d=1.126 (CaII-triplet posterior, 68%CI_w=0.01, FoF-Platinum); z_def_grizli=0.500; P(z_src>z_def)=0.81",grade=B;expert_score=1.565;votes=10,arXiv:2604.02726v5 appendix catalogue (Table: full v6d 473-row); single-author paper WITHDRAWN at v6
euclid_q1_nisp,102021492_NEG575201344482287786,57.52013446409377,-48.228778611310375,inconclusive,"z_def=0.868 (adopted, Euclid PHZ MODE_1 photo-z)",grade=A;expert_score=2.310;votes=9,arXiv:2604.02726v5 appendix catalogue (Table: full v6d 473-row); single-author paper WITHDRAWN at v6
euclid_q1_nisp,102020530_NEG575336420489680805,57.53364206673457,-48.96808058090636,confirmed_lens,"z_src=2.316 (v6d posterior MAP, 68%CI_w=0.72, FoF-Silver); z_def=0.500 (adopted, Euclid PHZ MODE_1 photo-z); z_def_nisp_v6d=1.254 (CaII-triplet posterior, 68%CI_w=0.00, FoF-Platinum); z_def_grizli=0.580; P(z_src>z_def)=0.77",grade=B;expert_score=1.752;votes=10,arXiv:2604.02726v5 appendix catalogue (Table: full v6d 473-row); single-author paper WITHDRAWN at v6
euclid_q1_nisp,102018665_NEG575758716509311713,57.57587163373043,-50.93117135678407,confirmed_lens,"z_src=1.680 (v6d posterior MAP, 68%CI_w=1.20, FoF-Gold); z_def=0.738 (adopted, Euclid PHZ MODE_1 photo-z); z_def_nisp_v6d=1.084 (CaII-triplet posterior, 68%CI_w=0.49, FoF-Platinum); z_def_grizli=0.535; P(z_src>z_def)=0.85",grade=B;expert_score=1.835;votes=10,arXiv:2604.02726v5 appendix catalogue (Table: full v6d 473-row); single-author paper WITHDRAWN at v6
euclid_q1_nisp,102021980_NEG576667803474825283,57.66678036613653,-47.48252837001076,confirmed_lens,"z_src=2.656 (v6d posterior MAP, 68%CI_w=0.94, FoF-Platinum); z_def=0.249 (adopted, Euclid PHZ MODE_1 photo-z); z_def_nisp_v6d=0.402 (CaII-triplet posterior, 68%CI_w=0.00, FoF-Platinum); z_def_grizli=0.540; P(z_src>z_def)=1.00",grade=A;expert_score=2.681;votes=11,arXiv:2604.02726v5 appendix catalogue (Table: full v6d 473-row); single-author paper WITHDRAWN at v6
euclid_q1_nisp,102018665_NEG576731213511114485,57.673121347036805,-51.11144854158032,confirmed_lens,"z_src=1.770 (v6d posterior MAP, 68%CI_w=1.23, FoF-Gold); z_def=0.584 (adopted, Euclid PHZ MODE_1 photo-z); z_def_nisp_v6d=0.762 (CaII-triplet posterior, 68%CI_w=0.62, FoF-Gold); z_def_grizli=0.380; P(z_src>z_def)=0.96",grade=B;expert_score=1.600;votes=10,arXiv:2604.02726v5 appendix catalogue (Table: full v6d 473-row); single-author paper WITHDRAWN at v6
euclid_q1_nisp,102021009_NEG577024787484062221,57.70247875982041,-48.40622214909423,confirmed_lens,"z_src=2.626 (v6d posterior MAP, 68%CI_w=1.93, FoF-Bronze); z_def=0.758 (adopted, Euclid PHZ MODE_1 photo-z); z_def_nisp_v6d=0.278 (CaII-triplet posterior, 68%CI_w=0.80, FoF-Silver); z_def_grizli=0.460; P(z_src>z_def)=0.98",grade=A;expert_score=2.506;votes=10,arXiv:2604.02726v5 appendix catalogue (Table: full v6d 473-row); single-author paper WITHDRAWN at v6
euclid_q1_nisp,102021980_NEG577646036477033395,57.76460363684858,-47.703339537723664,inconclusive,"z_def=0.838 (adopted, Euclid PHZ MODE_1 photo-z)",grade=A;expert_score=2.096;votes=9,arXiv:2604.02726v5 appendix catalogue (Table: full v6d 473-row); single-author paper WITHDRAWN at v6
euclid_q1_nisp,102021492_NEG579460447477747720,57.94604475103274,-47.77477209107829,confirmed_lens,"z_src=1.166 (v6d posterior MAP, 68%CI_w=1.79, FoF-Silver); z_def=0.355 (adopted, Euclid PHZ MODE_1 photo-z); z_def_nisp_v6d=0.282 (CaII-triplet posterior, 68%CI_w=0.00, FoF-Platinum); z_def_grizli=0.530; P(z_src>z_def)=0.98",grade=B;expert_score=1.793;votes=10,arXiv:2604.02726v5 appendix catalogue (Table: full v6d 473-row); single-author paper WITHDRAWN at v6
euclid_q1_nisp,102020531_NEG579471354491627648,57.9471354749442,-49.16276485789378,confirmed_lens,"z_src=1.854 (v6d posterior MAP, 68%CI_w=0.54, FoF-Gold); z_def=0.286 (adopted, Euclid PHZ MODE_1 photo-z); z_def_nisp_v6d=1.266 (CaII-triplet posterior, 68%CI_w=0.92, FoF-Bronze); z_def_grizli=0.450; P(z_src>z_def)=0.98",grade=A;expert_score=2.063;votes=10,arXiv:2604.02726v5 appendix catalogue (Table: full v6d 473-row); single-author paper WITHDRAWN at v6
euclid_q1_nisp,102019588_NEG579781735502176069,57.9781735251624,-50.21760698874812,inconclusive,"z_def=1.119 (adopted, Euclid PHZ MODE_1 photo-z); z_def_grizli=1.065",grade=A;expert_score=2.797;votes=10,arXiv:2604.02726v5 appendix catalogue (Table: full v6d 473-row); single-author paper WITHDRAWN at v6
euclid_q1_nisp,102018666_NEG579859279508531437,57.9859279150053,-50.8531437640506,inconclusive,"z_def=0.513 (adopted, Euclid PHZ MODE_1 photo-z)",grade=A;expert_score=2.549;votes=8,arXiv:2604.02726v5 appendix catalogue (Table: full v6d 473-row); single-author paper WITHDRAWN at v6
euclid_q1_nisp,102021980_NEG580387113476956642,58.03871130646088,-47.695664261641575,inconclusive,"z_def=0.694 (adopted, Euclid PHZ MODE_1 photo-z)",grade=A;expert_score=2.389;votes=9,arXiv:2604.02726v5 appendix catalogue (Table: full v6d 473-row); single-author paper WITHDRAWN at v6
euclid_q1_nisp,102021492_NEG580553783482399812,58.05537835500126,-48.2399812580102,inconclusive,"no spectral detection (n_det<2), no adopted z_def",grade=A;expert_score=2.483;votes=9,arXiv:2604.02726v5 appendix catalogue (Table: full v6d 473-row); single-author paper WITHDRAWN at v6
euclid_q1_nisp,102019588_NEG581189290502362418,58.11892905861379,-50.23624183385024,inconclusive,"z_src=1.004 (v6d posterior MAP, 68%CI_w=0.47, FoF-Gold); z_def_nisp_v6d=0.298 (CaII-triplet posterior, 68%CI_w=0.00, FoF-Platinum); z_def_grizli=0.405; P(z_src>z_def)=1.00",grade=A;expert_score=2.618;votes=10,arXiv:2604.02726v5 appendix catalogue (Table: full v6d 473-row); single-author paper WITHDRAWN at v6
euclid_q1_nisp,102021010_NEG581199679484613010,58.119967906294704,-48.46130106505595,confirmed_lens,"z_src=0.914 (v6d posterior MAP, 68%CI_w=0.70, FoF-Gold); z_def=0.542 (adopted, Euclid PHZ MODE_1 photo-z); z_def_nisp_v6d=0.360 (CaII-triplet posterior, 68%CI_w=0.82, FoF-Bronze); z_def_grizli=0.535; P(z_src>z_def)=1.00",grade=B;expert_score=1.842;votes=10,arXiv:2604.02726v5 appendix catalogue (Table: full v6d 473-row); single-author paper WITHDRAWN at v6
euclid_q1_nisp,DESJ0352-4928,58.2017,-49.4705,confirmed_lens,"z_src=1.592 (v6d posterior MAP, 68%CI_w=1.52, FoF-Gold); z_def=0.594 (adopted, Euclid PHZ MODE_1 photo-z); z_def_nisp_v6d=0.440 (CaII-triplet posterior, 68%CI_w=0.83, FoF-Bronze); z_def_grizli=0.380; P(z_src>z_def)=0.91",grade=A;expert_score=2.786;votes=9; duplicate paper entry for 102020057_NEG582019329494705421 (paper lists this system twice),arXiv:2604.02726v5 appendix catalogue (Table: full v6d 473-row); single-author paper WITHDRAWN at v6
euclid_q1_nisp,102020057_NEG582019329494705421,58.20193296550151,-49.470542185359534,confirmed_lens,"z_src=2.878 (v6d posterior MAP, 68%CI_w=2.08, FoF-Bronze); z_def=0.594 (adopted, Euclid PHZ MODE_1 photo-z); z_def_nisp_v6d=0.330 (CaII-triplet posterior, 68%CI_w=0.84, FoF-Bronze); z_def_grizli=0.380; P(z_src>z_def)=1.00",grade=A;expert_score=2.786;votes=9,arXiv:2604.02726v5 appendix catalogue (Table: full v6d 473-row); single-author paper WITHDRAWN at v6
euclid_q1_nisp,102019125_NEG583028233504223644,58.30282338830154,-50.422364440621735,confirmed_lens,"z_src=2.686 (v6d posterior MAP, 68%CI_w=0.96, FoF-Platinum); z_def=0.520 (adopted, Euclid PHZ MODE_1 photo-z); z_def_nisp_v6d=0.338 (CaII-triplet posterior, 68%CI_w=0.82, FoF-Bronze); z_def_grizli=0.605; P(z_src>z_def)=1.00",grade=A;expert_score=2.721;votes=10,arXiv:2604.02726v5 appendix catalogue (Table: full v6d 473-row); single-author paper WITHDRAWN at v6
euclid_q1_nisp,102021981_NEG583343318473770500,58.33433186316805,-47.37705009545618,inconclusive,"z_def=0.799 (adopted, Euclid PHZ MODE_1 photo-z)",grade=B;expert_score=1.721;votes=10,arXiv:2604.02726v5 appendix catalogue (Table: full v6d 473-row); single-author paper WITHDRAWN at v6
euclid_q1_nisp,102021493_NEG583380599480841946,58.33805998902349,-48.08419465949512,inconclusive,"z_def=0.472 (adopted, Euclid PHZ MODE_1 photo-z)",grade=B;expert_score=1.553;votes=10,arXiv:2604.02726v5 appendix catalogue (Table: full v6d 473-row); single-author paper WITHDRAWN at v6
euclid_q1_nisp,102021493_NEG584317889477816598,58.43178892264506,-47.781659836956656,confirmed_lens,"z_src=1.752 (v6d posterior MAP, 68%CI_w=0.51, FoF-Platinum); z_def=0.750 (adopted, Euclid PHZ MODE_1 photo-z); z_def_nisp_v6d=1.124 (CaII-triplet posterior, 68%CI_w=0.00, FoF-Platinum); z_def_grizli=0.485; P(z_src>z_def)=1.00",grade=B;expert_score=1.501;votes=10,arXiv:2604.02726v5 appendix catalogue (Table: full v6d 473-row); single-author paper WITHDRAWN at v6
euclid_q1_nisp,102021493_NEG584908045481892408,58.49080454415064,-48.18924082046728,confirmed_lens,"z_src=2.280 (v6d posterior MAP, 68%CI_w=1.58, FoF-Gold); z_def=1.022 (adopted, Euclid PHZ MODE_1 photo-z); z_def_nisp_v6d=0.258 (CaII-triplet posterior, 68%CI_w=0.00, FoF-Platinum); z_def_grizli=0.395; P(z_src>z_def)=0.98",grade=B;expert_score=1.596;votes=9,arXiv:2604.02726v5 appendix catalogue (Table: full v6d 473-row); single-author paper WITHDRAWN at v6
euclid_q1_nisp,102020532_NEG584961967491933103,58.49619670592336,-49.19331030851976,inconclusive,"z_src=2.394 (v6d posterior MAP, 68%CI_w=1.18, FoF-Gold); z_def_nisp_v6d=0.898 (CaII-triplet posterior, 68%CI_w=0.00, FoF-Platinum); z_def_grizli=0.575; P(z_src>z_def)=0.86",grade=A;expert_score=2.127;votes=9,arXiv:2604.02726v5 appendix catalogue (Table: full v6d 473-row); single-author paper WITHDRAWN at v6
euclid_q1_nisp,102020532_NEG585131565488109327,58.51315652251934,-48.81093274345079,non_lens,"z_src=0.686 (v6d posterior MAP, 68%CI_w=1.33, FoF-Bronze); z_def=0.800 (adopted, Euclid PHZ MODE_1 photo-z); z_def_nisp_v6d=0.302 (CaII-triplet posterior, 68%CI_w=0.83, FoF-Bronze); z_def_grizli=0.500; P(z_src>z_def)=0.46; fails paper physical-sanity check (z_src<=z_def MAP): same-z/projected/misID per paper Sec. FoF tiers",grade=B;expert_score=1.510;votes=9,arXiv:2604.02726v5 appendix catalogue (Table: full v6d 473-row); single-author paper WITHDRAWN at v6
euclid_q1_nisp,102019125_NEG586359480506090347,58.635948080698455,-50.6090347691809,confirmed_lens,"z_src=1.380 (v6d posterior MAP, 68%CI_w=0.85, FoF-Silver); z_def=0.589 (adopted, Euclid PHZ MODE_1 photo-z); z_def_nisp_v6d=1.050 (CaII-triplet posterior, 68%CI_w=0.00, FoF-Platinum); z_def_grizli=0.500; P(z_src>z_def)=0.76",grade=B;expert_score=1.861;votes=10,arXiv:2604.02726v5 appendix catalogue (Table: full v6d 473-row); single-author paper WITHDRAWN at v6
euclid_q1_nisp,102021493_NEG586398445479765591,58.6398445644672,-47.97655913222404,confirmed_lens,"z_src=2.962 (v6d posterior MAP, 68%CI_w=1.24, FoF-Gold); z_def=0.729 (adopted, Euclid PHZ MODE_1 photo-z); z_def_nisp_v6d=1.062 (CaII-triplet posterior, 68%CI_w=0.00, FoF-Platinum); z_def_grizli=0.385; P(z_src>z_def)=0.88",grade=A;expert_score=2.704;votes=10,arXiv:2604.02726v5 appendix catalogue (Table: full v6d 473-row); single-author paper WITHDRAWN at v6
euclid_q1_nisp,102021981_NEG586493481476452509,58.64934816918978,-47.64525099288048,confirmed_lens,"z_src=2.230 (v6d posterior MAP, 68%CI_w=1.22, FoF-Silver); z_def=0.513 (adopted, Euclid PHZ MODE_1 photo-z); z_def_nisp_v6d=1.164 (CaII-triplet posterior, 68%CI_w=0.00, FoF-Platinum); z_def_grizli=0.720; P(z_src>z_def)=0.79",grade=A;expert_score=2.401;votes=10,arXiv:2604.02726v5 appendix catalogue (Table: full v6d 473-row); single-author paper WITHDRAWN at v6
euclid_q1_nisp,102018667_NEG587746535508057234,58.77465354947828,-50.80572343047943,inconclusive,"z_def=0.589 (adopted, Euclid PHZ MODE_1 photo-z)",grade=A;expert_score=2.244;votes=10,arXiv:2604.02726v5 appendix catalogue (Table: full v6d 473-row); single-author paper WITHDRAWN at v6
euclid_q1_nisp,102021493_NEG587807121477852004,58.78071211885828,-47.78520044646224,confirmed_lens,"z_src=1.978 (v6d posterior MAP, 68%CI_w=0.17, FoF-Gold); z_def=0.392 (adopted, Euclid PHZ MODE_1 photo-z); z_def_nisp_v6d=0.328 (CaII-triplet posterior, 68%CI_w=0.83, FoF-Bronze); z_def_grizli=0.630; P(z_src>z_def)=1.00",grade=A;expert_score=2.344;votes=10,arXiv:2604.02726v5 appendix catalogue (Table: full v6d 473-row); single-author paper WITHDRAWN at v6
euclid_q1_nisp,102020532_NEG589257492489565961,58.92574921328832,-48.95659616705754,confirmed_lens,"z_src=2.032 (v6d posterior MAP, 68%CI_w=1.25, FoF-Gold); z_def=0.371 (adopted, Euclid PHZ MODE_1 photo-z); z_def_nisp_v6d=0.374 (CaII-triplet posterior, 68%CI_w=0.82, FoF-Silver); z_def_grizli=0.400; P(z_src>z_def)=0.99",grade=A;expert_score=2.911;votes=11,arXiv:2604.02726v5 appendix catalogue (Table: full v6d 473-row); single-author paper WITHDRAWN at v6
euclid_q1_nisp,102019126_NEG589597149505340169,58.95971490317726,-50.534016951929694,confirmed_lens,"z_src=1.674 (v6d posterior MAP, 68%CI_w=1.39, FoF-Gold); z_def=0.899 (adopted, Euclid PHZ MODE_1 photo-z); z_def_nisp_v6d=0.258 (CaII-triplet posterior, 68%CI_w=0.83, FoF-Bronze); z_def_grizli=0.875; P(z_src>z_def)=0.99",grade=B;expert_score=1.558;votes=10,arXiv:2604.02726v5 appendix catalogue (Table: full v6d 473-row); single-author paper WITHDRAWN at v6
euclid_q1_nisp,102019126_NEG589666030505609975,58.96660305543228,-50.56099752385071,confirmed_lens,"z_src=2.188 (v6d posterior MAP, 68%CI_w=1.19, FoF-Gold); z_def=0.395 (adopted, Euclid PHZ MODE_1 photo-z); z_def_nisp_v6d=0.674 (CaII-triplet posterior, 68%CI_w=0.62, FoF-Gold); z_def_grizli=0.660; P(z_src>z_def)=1.00",grade=B;expert_score=1.550;votes=10,arXiv:2604.02726v5 appendix catalogue (Table: full v6d 473-row); single-author paper WITHDRAWN at v6
euclid_q1_nisp,102022474_NEG590266584471556814,59.02665840481892,-47.15568145118306,confirmed_lens,"z_src=1.964 (v6d posterior MAP, 68%CI_w=1.64, FoF-Silver); z_def=0.679 (adopted, Euclid PHZ MODE_1 photo-z); z_def_nisp_v6d=0.258 (CaII-triplet posterior, 68%CI_w=0.01, FoF-Platinum); z_def_grizli=0.390; P(z_src>z_def)=0.96",grade=A;expert_score=2.286;votes=10,arXiv:2604.02726v5 appendix catalogue (Table: full v6d 473-row); single-author paper WITHDRAWN at v6
euclid_q1_nisp,102021982_NEG590483847476549202,59.04838472769886,-47.65492024159551,confirmed_lens,"z_src=2.558 (v6d posterior MAP, 68%CI_w=0.33, FoF-Platinum); z_def=0.441 (adopted, Euclid PHZ MODE_1 photo-z); z_def_nisp_v6d=0.304 (CaII-triplet posterior, 68%CI_w=0.82, FoF-Bronze); z_def_grizli=0.695; P(z_src>z_def)=1.00",grade=B;expert_score=1.618;votes=9,arXiv:2604.02726v5 appendix catalogue (Table: full v6d 473-row); single-author paper WITHDRAWN at v6
euclid_q1_nisp,102020059_NEG590814898493650143,59.08148989976037,-49.36501436418274,inconclusive,"no spectral detection (n_det<2), no adopted z_def",grade=B;expert_score=1.535;votes=10,arXiv:2604.02726v5 appendix catalogue (Table: full v6d 473-row); single-author paper WITHDRAWN at v6
euclid_q1_nisp,102020532_NEG592320863488461402,59.23208639600032,-48.84614020430707,inconclusive,"z_src=2.160 (v6d posterior MAP, 68%CI_w=0.86, FoF-Platinum); z_def_nisp_v6d=0.272 (CaII-triplet posterior, 68%CI_w=0.82, FoF-Bronze); z_def_grizli=0.400; P(z_src>z_def)=0.99",grade=B;expert_score=1.818;votes=9,arXiv:2604.02726v5 appendix catalogue (Table: full v6d 473-row); single-author paper WITHDRAWN at v6
euclid_q1_nisp,102021982_NEG593574657477168830,59.35746571253708,-47.71688303229656,inconclusive,"z_def=0.777 (adopted, Euclid PHZ MODE_1 photo-z); z_def_grizli=0.945",grade=B;expert_score=1.595;votes=10,arXiv:2604.02726v5 appendix catalogue (Table: full v6d 473-row); single-author paper WITHDRAWN at v6
euclid_q1_nisp,102021982_NEG594322234473727139,59.43222341809382,-47.372713987877226,inconclusive,"z_def=0.906 (adopted, Euclid PHZ MODE_1 photo-z); z_def_grizli=0.475",grade=B;expert_score=1.787;votes=10,arXiv:2604.02726v5 appendix catalogue (Table: full v6d 473-row); single-author paper WITHDRAWN at v6
euclid_q1_nisp,102021982_NEG594333174476368664,59.43331745903771,-47.63686642414596,confirmed_lens,"z_src=2.688 (v6d posterior MAP, 68%CI_w=1.59, FoF-Gold); z_def=1.113 (adopted, Euclid PHZ MODE_1 photo-z); z_def_nisp_v6d=0.282 (CaII-triplet posterior, 68%CI_w=0.83, FoF-Bronze); z_def_grizli=0.580; P(z_src>z_def)=0.98",grade=B;expert_score=1.725;votes=10,arXiv:2604.02726v5 appendix catalogue (Table: full v6d 473-row); single-author paper WITHDRAWN at v6
euclid_q1_nisp,102021012_NEG594963796484947260,59.49637969470766,-48.494726093546255,confirmed_lens,"z_src=1.510 (v6d posterior MAP, 68%CI_w=0.71, FoF-Gold); z_def=0.567 (adopted, Euclid PHZ MODE_1 photo-z); z_def_nisp_v6d=1.134 (CaII-triplet posterior, 68%CI_w=0.00, FoF-Platinum); z_def_grizli=0.800; P(z_src>z_def)=1.00",grade=A;expert_score=2.551;votes=10,arXiv:2604.02726v5 appendix catalogue (Table: full v6d 473-row); single-author paper WITHDRAWN at v6
euclid_q1_nisp,102018668_NEG595646727509469177,59.56467277951752,-50.94691775377698,confirmed_lens,"z_src=2.226 (v6d posterior MAP, 68%CI_w=1.11, FoF-Silver); z_def=0.562 (adopted, Euclid PHZ MODE_1 photo-z); z_def_nisp_v6d=1.226 (CaII-triplet posterior, 68%CI_w=0.78, FoF-Silver); P(z_src>z_def)=0.73",grade=A;expert_score=2.528;votes=11,arXiv:2604.02726v5 appendix catalogue (Table: full v6d 473-row); single-author paper WITHDRAWN at v6
euclid_q1_nisp,102021012_NEG595807815483116843,59.58078150513329,-48.31168430485456,confirmed_lens,"z_src=1.800 (v6d posterior MAP, 68%CI_w=1.60, FoF-Silver); z_def=0.580 (adopted, Euclid PHZ MODE_1 photo-z); z_def_nisp_v6d=0.320 (CaII-triplet posterior, 68%CI_w=0.00, FoF-Platinum); z_def_grizli=0.455; P(z_src>z_def)=0.98",grade=B;expert_score=1.503;votes=10,arXiv:2604.02726v5 appendix catalogue (Table: full v6d 473-row); single-author paper WITHDRAWN at v6
euclid_q1_nisp,102020059_NEG595972740496354540,59.597274098977714,-49.63545403109507,confirmed_lens,"z_src=1.678 (v6d posterior MAP, 68%CI_w=1.54, FoF-Gold); z_def=0.610 (adopted, Euclid PHZ MODE_1 photo-z); z_def_nisp_v6d=0.452 (CaII-triplet posterior, 68%CI_w=0.00, FoF-Platinum); z_def_grizli=0.480; P(z_src>z_def)=0.97",grade=A;expert_score=2.533;votes=9,arXiv:2604.02726v5 appendix catalogue (Table: full v6d 473-row); single-author paper WITHDRAWN at v6
euclid_q1_nisp,102019127_NEG596525941504553950,59.65259418635493,-50.45539508343109,confirmed_lens,"z_src=0.774 (v6d posterior MAP, 68%CI_w=1.66, FoF-Silver); z_def=0.694 (adopted, Euclid PHZ MODE_1 photo-z); z_def_nisp_v6d=0.562 (CaII-triplet posterior, 68%CI_w=0.63, FoF-Gold); z_def_grizli=0.445; P(z_src>z_def)=0.89",grade=B;expert_score=1.544;votes=10,arXiv:2604.02726v5 appendix catalogue (Table: full v6d 473-row); single-author paper WITHDRAWN at v6
euclid_q1_nisp,102021495_NEG596705787481338553,59.67057874004436,-48.13385535539454,non_lens,"z_src=0.858 (v6d posterior MAP, 68%CI_w=1.27, FoF-Gold); z_def=0.861 (adopted, Euclid PHZ MODE_1 photo-z); z_def_nisp_v6d=0.306 (CaII-triplet posterior, 68%CI_w=0.00, FoF-Platinum); z_def_grizli=0.460; P(z_src>z_def)=0.99; fails paper physical-sanity check (z_src<=z_def MAP): same-z/projected/misID per paper Sec. FoF tiers",grade=B;expert_score=1.810;votes=9,arXiv:2604.02726v5 appendix catalogue (Table: full v6d 473-row); single-author paper WITHDRAWN at v6
euclid_q1_nisp,102022972_NEG597052478465695317,59.70524784467164,-46.56953177707104,confirmed_lens,"z_src=1.710 (v6d posterior MAP, 68%CI_w=1.59, FoF-Gold); z_def=0.481 (adopted, Euclid PHZ MODE_1 photo-z); z_def_nisp_v6d=0.440 (CaII-triplet posterior, 68%CI_w=0.00, FoF-Platinum); P(z_src>z_def)=0.97",grade=A;expert_score=2.014;votes=10,arXiv:2604.02726v5 appendix catalogue (Table: full v6d 473-row); single-author paper WITHDRAWN at v6
euclid_q1_nisp,102021982_NEG597271535474325465,59.7271535701174,-47.43254656415838,inconclusive,"z_src=1.720 (v6d posterior MAP, 68%CI_w=1.77, FoF-Silver); z_def_nisp_v6d=0.268 (CaII-triplet posterior, 68%CI_w=0.83, FoF-Bronze); z_def_grizli=1.060; P(z_src>z_def)=0.96",grade=B;expert_score=1.548;votes=10,arXiv:2604.02726v5 appendix catalogue (Table: full v6d 473-row); single-author paper WITHDRAWN at v6
euclid_q1_nisp,102019127_NEG598523367504401932,59.85233674701816,-50.44019327178667,confirmed_lens,"z_src=2.108 (v6d posterior MAP, 68%CI_w=0.92, FoF-Gold); z_def=0.369 (adopted, Euclid PHZ MODE_1 photo-z); z_def_nisp_v6d=0.390 (CaII-triplet posterior, 68%CI_w=0.00, FoF-Platinum); z_def_grizli=0.845; P(z_src>z_def)=1.00",grade=A;expert_score=2.232;votes=10,arXiv:2604.02726v5 appendix catalogue (Table: full v6d 473-row); single-author paper WITHDRAWN at v6
euclid_q1_nisp,102019127_NEG600585702506652323,60.05857024580175,-50.665232340817234,confirmed_lens,"z_src=1.796 (v6d posterior MAP, 68%CI_w=1.25, FoF-Gold); z_def=0.599 (adopted, Euclid PHZ MODE_1 photo-z); z_def_nisp_v6d=0.370 (CaII-triplet posterior, 68%CI_w=0.00, FoF-Platinum); z_def_grizli=0.440; P(z_src>z_def)=0.99",grade=B;expert_score=1.658;votes=10,arXiv:2604.02726v5 appendix catalogue (Table: full v6d 473-row); single-author paper WITHDRAWN at v6
euclid_q1_nisp,102020534_NEG600985388487893328,60.09853883829494,-48.78933287381373,confirmed_lens,"z_src=1.110 (v6d posterior MAP, 68%CI_w=1.59, FoF-Gold); z_def=0.732 (adopted, Euclid PHZ MODE_1 photo-z); z_def_nisp_v6d=0.366 (CaII-triplet posterior, 68%CI_w=0.84, FoF-Bronze); z_def_grizli=0.470; P(z_src>z_def)=0.94",grade=A;expert_score=2.132;votes=9,arXiv:2604.02726v5 appendix catalogue (Table: full v6d 473-row); single-author paper WITHDRAWN at v6
euclid_q1_nisp,102019591_NEG601417531499600002,60.14175313788287,-49.96000027775544,inconclusive,"z_def=0.518 (adopted, Euclid PHZ MODE_1 photo-z); z_def_grizli=0.860",grade=B;expert_score=1.895;votes=10,arXiv:2604.02726v5 appendix catalogue (Table: full v6d 473-row); single-author paper WITHDRAWN at v6
euclid_q1_nisp,102021013_NEG602940269483238112,60.29402695508576,-48.32381123584299,confirmed_lens,"z_src=1.958 (v6d posterior MAP, 68%CI_w=1.13, FoF-Gold); z_def=0.596 (adopted, Euclid PHZ MODE_1 photo-z); z_def_nisp_v6d=0.260 (CaII-triplet posterior, 68%CI_w=0.00, FoF-Platinum); z_def_grizli=0.715; P(z_src>z_def)=0.99",grade=B;expert_score=1.636;votes=10,arXiv:2604.02726v5 appendix catalogue (Table: full v6d 473-row); single-author paper WITHDRAWN at v6
euclid_q1_nisp,102021496_NEG603335199478099381,60.33351994539934,-47.80993814195615,inconclusive,"z_src=2.196 (v6d posterior MAP, 68%CI_w=1.54, FoF-Gold); z_def_nisp_v6d=0.346 (CaII-triplet posterior, 68%CI_w=0.05, FoF-Platinum); z_def_grizli=0.380; P(z_src>z_def)=0.97",grade=B;expert_score=1.927;votes=10,arXiv:2604.02726v5 appendix catalogue (Table: full v6d 473-row); single-author paper WITHDRAWN at v6
euclid_q1_nisp,102020534_NEG604929086489066527,60.49290865450189,-48.9066527916342,confirmed_lens,"z_src=2.002 (v6d posterior MAP, 68%CI_w=1.50, FoF-Gold); z_def=0.608 (adopted, Euclid PHZ MODE_1 photo-z); z_def_nisp_v6d=0.298 (CaII-triplet posterior, 68%CI_w=0.00, FoF-Platinum); z_def_grizli=0.470; P(z_src>z_def)=0.97",grade=B;expert_score=1.532;votes=9,arXiv:2604.02726v5 appendix catalogue (Table: full v6d 473-row); single-author paper WITHDRAWN at v6
euclid_q1_nisp,102021984_NEG605671540476154903,60.56715403848347,-47.615490394669344,confirmed_lens,"z_src=1.384 (v6d posterior MAP, 68%CI_w=1.76, FoF-Silver); z_def=0.664 (adopted, Euclid PHZ MODE_1 photo-z); z_def_nisp_v6d=0.542 (CaII-triplet posterior, 68%CI_w=0.00, FoF-Platinum); z_def_grizli=0.410; P(z_src>z_def)=0.94",grade=B;expert_score=1.960;votes=10,arXiv:2604.02726v5 appendix catalogue (Table: full v6d 473-row); single-author paper WITHDRAWN at v6
euclid_q1_nisp,102021013_NEG606090281487314103,60.60902818000293,-48.73141034503661,confirmed_lens,"z_src=2.364 (v6d posterior MAP, 68%CI_w=1.52, FoF-Gold); z_def=0.375 (adopted, Euclid PHZ MODE_1 photo-z); z_def_nisp_v6d=0.720 (CaII-triplet posterior, 68%CI_w=0.11, FoF-Platinum); z_def_grizli=0.580; P(z_src>z_def)=0.98",grade=B;expert_score=1.550;votes=9,arXiv:2604.02726v5 appendix catalogue (Table: full v6d 473-row); single-author paper WITHDRAWN at v6
euclid_q1_nisp,102019592_NEG606434619500983922,60.64346193262833,-50.09839222917177,confirmed_lens,"z_src=1.650 (v6d posterior MAP, 68%CI_w=1.52, FoF-Gold); z_def=1.071 (adopted, Euclid PHZ MODE_1 photo-z); z_def_nisp_v6d=0.472 (CaII-triplet posterior, 68%CI_w=0.05, FoF-Platinum); P(z_src>z_def)=0.92",grade=A;expert_score=2.922;votes=12,arXiv:2604.02726v5 appendix catalogue (Table: full v6d 473-row); single-author paper WITHDRAWN at v6
euclid_q1_nisp,102022973_NEG606454307466806991,60.64543078160698,-46.68069910195588,confirmed_lens,"z_src=2.294 (v6d posterior MAP, 68%CI_w=1.24, FoF-Gold); z_def=0.381 (adopted, Euclid PHZ MODE_1 photo-z); z_def_nisp_v6d=0.504 (CaII-triplet posterior, 68%CI_w=0.01, FoF-Platinum); z_def_grizli=0.400; P(z_src>z_def)=1.00",grade=A;expert_score=2.144;votes=10,arXiv:2604.02726v5 appendix catalogue (Table: full v6d 473-row); single-author paper WITHDRAWN at v6
euclid_q1_nisp,102020061_NEG607087127495633316,60.70871278898007,-49.56333168622921,confirmed_lens,"z_src=2.144 (v6d posterior MAP, 68%CI_w=0.21, FoF-Platinum); z_def=0.381 (adopted, Euclid PHZ MODE_1 photo-z); z_def_nisp_v6d=0.310 (CaII-triplet posterior, 68%CI_w=0.84, FoF-Bronze); z_def_grizli=0.455; P(z_src>z_def)=1.00",grade=A;expert_score=2.886;votes=10,arXiv:2604.02726v5 appendix catalogue (Table: full v6d 473-row); single-author paper WITHDRAWN at v6
euclid_q1_nisp,102019128_NEG607555025503027911,60.75550251121874,-50.30279115677251,confirmed_lens,"z_src=1.682 (v6d posterior MAP, 68%CI_w=1.35, FoF-Gold); z_def=0.361 (adopted, Euclid PHZ MODE_1 photo-z); z_def_nisp_v6d=0.614 (CaII-triplet posterior, 68%CI_w=0.81, FoF-Silver); z_def_grizli=0.390; P(z_src>z_def)=0.99",grade=A;expert_score=2.766;votes=10,arXiv:2604.02726v5 appendix catalogue (Table: full v6d 473-row); single-author paper WITHDRAWN at v6
euclid_q1_nisp,102020535_NEG608150353491434608,60.81503538394456,-49.143460836132256,confirmed_lens,"z_src=2.254 (v6d posterior MAP, 68%CI_w=1.51, FoF-Gold); z_def=0.733 (adopted, Euclid PHZ MODE_1 photo-z); z_def_nisp_v6d=0.318 (CaII-triplet posterior, 68%CI_w=0.70, FoF-Gold); z_def_grizli=0.450; P(z_src>z_def)=1.00",grade=B;expert_score=1.576;votes=9,arXiv:2604.02726v5 appendix catalogue (Table: full v6d 473-row); single-author paper WITHDRAWN at v6
euclid_q1_nisp,102020061_NEG608203827493491303,60.82038274569893,-49.34913030126828,confirmed_lens,"z_src=1.906 (v6d posterior MAP, 68%CI_w=1.21, FoF-Silver); z_def=1.037 (adopted, Euclid PHZ MODE_1 photo-z); z_def_nisp_v6d=1.164 (CaII-triplet posterior, 68%CI_w=0.06, FoF-Platinum); z_def_grizli=0.850; P(z_src>z_def)=0.79",grade=B;expert_score=1.844;votes=10,arXiv:2604.02726v5 appendix catalogue (Table: full v6d 473-row); single-author paper WITHDRAWN at v6
euclid_q1_nisp,102019128_NEG608928997504779012,60.892899780474096,-50.47790122954819,confirmed_lens,"z_src=1.986 (v6d posterior MAP, 68%CI_w=1.31, FoF-Gold); z_def=0.481 (adopted, Euclid PHZ MODE_1 photo-z); z_def_nisp_v6d=0.688 (CaII-triplet posterior, 68%CI_w=0.56, FoF-Platinum); z_def_grizli=0.460; P(z_src>z_def)=0.97",grade=A;expert_score=2.063;votes=10,arXiv:2604.02726v5 appendix catalogue (Table: full v6d 473-row); single-author paper WITHDRAWN at v6
euclid_q1_nisp,102021984_NEG609678648473892045,60.96786484901045,-47.38920450452581,inconclusive,"z_def=0.663 (adopted, Euclid PHZ MODE_1 photo-z); z_def_grizli=0.875",grade=A;expert_score=2.588;votes=10,arXiv:2604.02726v5 appendix catalogue (Table: full v6d 473-row); single-author paper WITHDRAWN at v6
euclid_q1_nisp,102019128_NEG609723701504645522,60.97237010457565,-50.46455227797104,inconclusive,"z_def=0.061 (adopted, Euclid PHZ MODE_1 photo-z); z_def_grizli=0.895",grade=B;expert_score=1.526;votes=10,arXiv:2604.02726v5 appendix catalogue (Table: full v6d 473-row); single-author paper WITHDRAWN at v6
euclid_q1_nisp,102023476_NEG610025395461180513,61.00253957732884,-46.11805137162271,inconclusive,"z_src=1.554 (v6d posterior MAP, 68%CI_w=0.47, FoF-Gold); z_def_nisp_v6d=0.316 (CaII-triplet posterior, 68%CI_w=0.83, FoF-Bronze); z_def_grizli=0.430; P(z_src>z_def)=0.98",grade=A;expert_score=3.018;votes=10,arXiv:2604.02726v5 appendix catalogue (Table: full v6d 473-row); single-author paper WITHDRAWN at v6
euclid_q1_nisp,102021014_NEG610047486487275523,61.0047486834014,-48.72755230023029,confirmed_lens,"z_src=2.138 (v6d posterior MAP, 68%CI_w=1.55, FoF-Gold); z_def=0.344 (adopted, Euclid PHZ MODE_1 photo-z); z_def_nisp_v6d=0.348 (CaII-triplet posterior, 68%CI_w=0.01, FoF-Platinum); z_def_grizli=0.450; P(z_src>z_def)=0.97",grade=A;expert_score=2.009;votes=10,arXiv:2604.02726v5 appendix catalogue (Table: full v6d 473-row); single-author paper WITHDRAWN at v6
euclid_q1_nisp,102021984_NEG610367881474644147,61.03678813026211,-47.46441472398151,confirmed_lens,"z_src=1.260 (v6d posterior MAP, 68%CI_w=0.19, FoF-Gold); z_def=0.859 (adopted, Euclid PHZ MODE_1 photo-z); z_def_nisp_v6d=0.414 (CaII-triplet posterior, 68%CI_w=0.83, FoF-Bronze); z_def_grizli=0.650; P(z_src>z_def)=1.00",grade=A;expert_score=2.909;votes=11,arXiv:2604.02726v5 appendix catalogue (Table: full v6d 473-row); single-author paper WITHDRAWN at v6
euclid_q1_nisp,102022974_NEG610978759464405134,61.09787596659113,-46.44051347581706,confirmed_lens,"z_src=1.640 (v6d posterior MAP, 68%CI_w=1.66, FoF-Silver); z_def=0.270 (adopted, Euclid PHZ MODE_1 photo-z); z_def_nisp_v6d=0.274 (CaII-triplet posterior, 68%CI_w=0.80, FoF-Silver); P(z_src>z_def)=0.96",grade=B;expert_score=1.556;votes=10,arXiv:2604.02726v5 appendix catalogue (Table: full v6d 473-row); single-author paper WITHDRAWN at v6
euclid_q1_nisp,102021497_NEG611694459481354870,61.16944594252457,-48.13548704773953,confirmed_lens,"z_src=2.518 (v6d posterior MAP, 68%CI_w=0.64, FoF-Platinum); z_def=0.489 (adopted, Euclid PHZ MODE_1 photo-z); z_def_nisp_v6d=0.298 (CaII-triplet posterior, 68%CI_w=0.71, FoF-Gold); z_def_grizli=0.530; P(z_src>z_def)=1.00",grade=B;expert_score=1.942;votes=10,arXiv:2604.02726v5 appendix catalogue (Table: full v6d 473-row); single-author paper WITHDRAWN at v6
euclid_q1_nisp,102022477_NEG611759342471748630,61.17593429956104,-47.17486301277761,confirmed_lens,"z_src=1.704 (v6d posterior MAP, 68%CI_w=1.73, FoF-Silver); z_def=1.025 (adopted, Euclid PHZ MODE_1 photo-z); z_def_nisp_v6d=0.548 (CaII-triplet posterior, 68%CI_w=0.00, FoF-Platinum); z_def_grizli=0.515; P(z_src>z_def)=0.94",grade=B;expert_score=1.744;votes=10,arXiv:2604.02726v5 appendix catalogue (Table: full v6d 473-row); single-author paper WITHDRAWN at v6
euclid_q1_nisp,102019593_NEG612269334502356628,61.2269334375336,-50.23566282725229,confirmed_lens,"z_src=1.938 (v6d posterior MAP, 68%CI_w=1.56, FoF-Gold); z_def=0.589 (adopted, Euclid PHZ MODE_1 photo-z); z_def_nisp_v6d=0.814 (CaII-triplet posterior, 68%CI_w=0.00, FoF-Platinum); z_def_grizli=0.680; P(z_src>z_def)=0.94",grade=B;expert_score=1.837;votes=10,arXiv:2604.02726v5 appendix catalogue (Table: full v6d 473-row); single-author paper WITHDRAWN at v6
euclid_q1_nisp,102020061_NEG612388468493726389,61.23884687469332,-49.37263896690335,inconclusive,"z_def=0.593 (adopted, Euclid PHZ MODE_1 photo-z); z_def_grizli=0.680",grade=A;expert_score=2.118;votes=11,arXiv:2604.02726v5 appendix catalogue (Table: full v6d 473-row); single-author paper WITHDRAWN at v6
euclid_q1_nisp,102021014_NEG612545150486042170,61.25451503132635,-48.60421707977,inconclusive,"z_def=0.726 (adopted, Euclid PHZ MODE_1 photo-z)",grade=A;expert_score=2.591;votes=9,arXiv:2604.02726v5 appendix catalogue (Table: full v6d 473-row); single-author paper WITHDRAWN at v6
euclid_q1_nisp,102022477_NEG612993633468010321,61.29936330935708,-46.80103217199372,confirmed_lens,"z_src=2.022 (v6d posterior MAP, 68%CI_w=1.28, FoF-Gold); z_def=0.481 (adopted, Euclid PHZ MODE_1 photo-z); z_def_nisp_v6d=0.342 (CaII-triplet posterior, 68%CI_w=0.81, FoF-Silver); z_def_grizli=0.430; P(z_src>z_def)=0.99",grade=B;expert_score=1.788;votes=9,arXiv:2604.02726v5 appendix catalogue (Table: full v6d 473-row); single-author paper WITHDRAWN at v6
euclid_q1_nisp,102022477_NEG613081088467583327,61.30810882911898,-46.758332721325424,confirmed_lens,"z_src=1.690 (v6d posterior MAP, 68%CI_w=1.54, FoF-Gold); z_def=0.366 (adopted, Euclid PHZ MODE_1 photo-z); z_def_nisp_v6d=0.290 (CaII-triplet posterior, 68%CI_w=0.82, FoF-Bronze); z_def_grizli=0.405; P(z_src>z_def)=0.94",grade=B;expert_score=1.917;votes=10,arXiv:2604.02726v5 appendix catalogue (Table: full v6d 473-row); single-author paper WITHDRAWN at v6
euclid_q1_nisp,102021014_NEG613552795482722691,61.35527953096157,-48.272269146205225,confirmed_lens,"z_src=2.654 (v6d posterior MAP, 68%CI_w=1.60, FoF-Silver); z_def=0.516 (adopted, Euclid PHZ MODE_1 photo-z); z_def_nisp_v6d=0.266 (CaII-triplet posterior, 68%CI_w=0.83, FoF-Bronze); z_def_grizli=0.520; P(z_src>z_def)=0.98",grade=B;expert_score=1.518;votes=10,arXiv:2604.02726v5 appendix catalogue (Table: full v6d 473-row); single-author paper WITHDRAWN at v6
euclid_q1_nisp,102021014_NEG614981615482506340,61.49816157729836,-48.25063403193359,inconclusive,"no spectral detection (n_det<2), no adopted z_def",grade=B;expert_score=1.716;votes=10,arXiv:2604.02726v5 appendix catalogue (Table: full v6d 473-row); single-author paper WITHDRAWN at v6
euclid_q1_nisp,102022478_NEG615325075470840323,61.53250755299951,-47.08403232533755,inconclusive,"z_def=0.859 (adopted, Euclid PHZ MODE_1 photo-z)",grade=B;expert_score=1.549;votes=10,arXiv:2604.02726v5 appendix catalogue (Table: full v6d 473-row); single-author paper WITHDRAWN at v6
euclid_q1_nisp,102021985_NEG615462575476067577,61.54625759294912,-47.60675777390789,confirmed_lens,"z_src=2.446 (v6d posterior MAP, 68%CI_w=2.00, FoF-Bronze); z_def=0.602 (adopted, Euclid PHZ MODE_1 photo-z); z_def_nisp_v6d=0.288 (CaII-triplet posterior, 68%CI_w=0.83, FoF-Bronze); z_def_grizli=0.645; P(z_src>z_def)=0.94",grade=B;expert_score=1.921;votes=10,arXiv:2604.02726v5 appendix catalogue (Table: full v6d 473-row); single-author paper WITHDRAWN at v6
euclid_q1_nisp,102021497_NEG615658160478755691,61.56581602527029,-47.875569126860064,confirmed_lens,"z_src=2.006 (v6d posterior MAP, 68%CI_w=1.05, FoF-Gold); z_def=0.814 (adopted, Euclid PHZ MODE_1 photo-z); z_def_nisp_v6d=0.454 (CaII-triplet posterior, 68%CI_w=0.01, FoF-Platinum); z_def_grizli=0.565; P(z_src>z_def)=0.95",grade=A;expert_score=2.075;votes=8,arXiv:2604.02726v5 appendix catalogue (Table: full v6d 473-row); single-author paper WITHDRAWN at v6
euclid_q1_nisp,102021985_NEG616063813472801324,61.606381326933146,-47.28013242538863,confirmed_lens,"z_src=2.310 (v6d posterior MAP, 68%CI_w=1.20, FoF-Gold); z_def=0.995 (adopted, Euclid PHZ MODE_1 photo-z); z_def_nisp_v6d=1.088 (CaII-triplet posterior, 68%CI_w=0.00, FoF-Platinum); P(z_src>z_def)=0.84",grade=B;expert_score=1.523;votes=10,arXiv:2604.02726v5 appendix catalogue (Table: full v6d 473-row); single-author paper WITHDRAWN at v6
euclid_q1_nisp,102021014_NEG616133820483754774,61.61338207712614,-48.37547746153754,confirmed_lens,"z_src=2.646 (v6d posterior MAP, 68%CI_w=0.99, FoF-Gold); z_def=0.716 (adopted, Euclid PHZ MODE_1 photo-z); z_def_nisp_v6d=0.412 (CaII-triplet posterior, 68%CI_w=0.84, FoF-Bronze); P(z_src>z_def)=0.99",grade=A;expert_score=2.295;votes=10,arXiv:2604.02726v5 appendix catalogue (Table: full v6d 473-row); single-author paper WITHDRAWN at v6
euclid_q1_nisp,102021015_NEG616932997484302318,61.69329975421426,-48.430231815488426,confirmed_lens,"z_src=1.530 (v6d posterior MAP, 68%CI_w=1.30, FoF-Gold); z_def=0.327 (adopted, Euclid PHZ MODE_1 photo-z); z_def_nisp_v6d=0.428 (CaII-triplet posterior, 68%CI_w=0.75, FoF-Gold); z_def_grizli=0.410; P(z_src>z_def)=0.86",grade=B;expert_score=1.724;votes=10,arXiv:2604.02726v5 appendix catalogue (Table: full v6d 473-row); single-author paper WITHDRAWN at v6
euclid_q1_nisp,102020062_NEG617330086494647877,61.73300862196033,-49.46478776977762,confirmed_lens,"z_src=2.370 (v6d posterior MAP, 68%CI_w=1.20, FoF-Gold); z_def=0.368 (adopted, Euclid PHZ MODE_1 photo-z); z_def_nisp_v6d=1.114 (CaII-triplet posterior, 68%CI_w=0.77, FoF-Silver); z_def_grizli=0.770; P(z_src>z_def)=0.90",grade=A;expert_score=2.087;votes=9,arXiv:2604.02726v5 appendix catalogue (Table: full v6d 473-row); single-author paper WITHDRAWN at v6
euclid_q1_nisp,102019129_NEG617672661504204895,61.767266142832256,-50.42048955522782,confirmed_lens,"z_src=1.288 (v6d posterior MAP, 68%CI_w=1.33, FoF-Gold); z_def=0.251 (adopted, Euclid PHZ MODE_1 photo-z); z_def_nisp_v6d=0.714 (CaII-triplet posterior, 68%CI_w=0.41, FoF-Platinum); z_def_grizli=0.875; P(z_src>z_def)=0.97",grade=B;expert_score=1.925;votes=9,arXiv:2604.02726v5 appendix catalogue (Table: full v6d 473-row); single-author paper WITHDRAWN at v6
euclid_q1_nisp,102022975_NEG617890913466103850,61.78909134803828,-46.61038501355464,confirmed_lens,"z_src=2.342 (v6d posterior MAP, 68%CI_w=1.63, FoF-Silver); z_def=0.547 (adopted, Euclid PHZ MODE_1 photo-z); z_def_nisp_v6d=0.292 (CaII-triplet posterior, 68%CI_w=0.00, FoF-Platinum); z_def_grizli=0.875; P(z_src>z_def)=0.96",grade=A;expert_score=2.272;votes=8,arXiv:2604.02726v5 appendix catalogue (Table: full v6d 473-row); single-author paper WITHDRAWN at v6
euclid_q1_nisp,102020062_NEG618346672492559568,61.834667299199765,-49.25595680573238,confirmed_lens,"z_src=1.892 (v6d posterior MAP, 68%CI_w=1.57, FoF-Gold); z_def=0.863 (adopted, Euclid PHZ MODE_1 photo-z); z_def_nisp_v6d=0.628 (CaII-triplet posterior, 68%CI_w=0.00, FoF-Platinum); z_def_grizli=0.380; P(z_src>z_def)=0.88",grade=B;expert_score=1.623;votes=10,arXiv:2604.02726v5 appendix catalogue (Table: full v6d 473-row); single-author paper WITHDRAWN at v6
euclid_q1_nisp,102021986_NEG619535738476339304,61.9535738292272,-47.63393044312661,inconclusive,"no spectral detection (n_det<2), no adopted z_def",grade=A;expert_score=2.200;votes=9,arXiv:2604.02726v5 appendix catalogue (Table: full v6d 473-row); single-author paper WITHDRAWN at v6
euclid_q1_nisp,102021498_NEG620710751479897662,62.07107515139318,-47.98976626518308,confirmed_lens,"z_src=2.144 (v6d posterior MAP, 68%CI_w=0.41, FoF-Platinum); z_def=0.629 (adopted, Euclid PHZ MODE_1 photo-z); z_def_nisp_v6d=0.380 (CaII-triplet posterior, 68%CI_w=0.19, FoF-Platinum); z_def_grizli=0.740; P(z_src>z_def)=1.00",grade=B;expert_score=1.558;votes=10,arXiv:2604.02726v5 appendix catalogue (Table: full v6d 473-row); single-author paper WITHDRAWN at v6
euclid_q1_nisp,102019594_NEG620978815501656388,62.09788156139889,-50.16563882716289,inconclusive,"z_def=0.103 (adopted, Euclid PHZ MODE_1 photo-z)",grade=A;expert_score=2.363;votes=10,arXiv:2604.02726v5 appendix catalogue (Table: full v6d 473-row); single-author paper WITHDRAWN at v6
euclid_q1_nisp,102022479_NEG621145334471255869,62.11453340376329,-47.12558698760536,confirmed_lens,"z_src=2.978 (v6d posterior MAP, 68%CI_w=1.29, FoF-Gold); z_def=0.634 (adopted, Euclid PHZ MODE_1 photo-z); z_def_nisp_v6d=0.272 (CaII-triplet posterior, 68%CI_w=0.82, FoF-Bronze); z_def_grizli=0.505; P(z_src>z_def)=0.99",grade=B;expert_score=1.663;votes=9,arXiv:2604.02726v5 appendix catalogue (Table: full v6d 473-row); single-author paper WITHDRAWN at v6
euclid_q1_nisp,102020536_NEG621645331488224037,62.1645331458563,-48.82240372116829,confirmed_lens,"z_src=1.998 (v6d posterior MAP, 68%CI_w=0.90, FoF-Platinum); z_def=0.872 (adopted, Euclid PHZ MODE_1 photo-z); z_def_nisp_v6d=0.302 (CaII-triplet posterior, 68%CI_w=0.81, FoF-Silver); z_def_grizli=0.845; P(z_src>z_def)=0.98",grade=A;expert_score=2.544;votes=10,arXiv:2604.02726v5 appendix catalogue (Table: full v6d 473-row); single-author paper WITHDRAWN at v6
euclid_q1_nisp,102021986_NEG621796804473410288,62.179680491291656,-47.34102886093636,confirmed_lens,"z_src=1.730 (v6d posterior MAP, 68%CI_w=0.38, FoF-Gold); z_def=0.635 (adopted, Euclid PHZ MODE_1 photo-z); z_def_nisp_v6d=0.276 (CaII-triplet posterior, 68%CI_w=0.01, FoF-Platinum); z_def_grizli=0.380; P(z_src>z_def)=1.00",grade=B;expert_score=1.737;votes=10,arXiv:2604.02726v5 appendix catalogue (Table: full v6d 473-row); single-author paper WITHDRAWN at v6
euclid_q1_nisp,102021986_NEG622189376472948583,62.21893769144855,-47.29485831343858,confirmed_lens,"z_src=2.378 (v6d posterior MAP, 68%CI_w=1.08, FoF-Gold); z_def=0.461 (adopted, Euclid PHZ MODE_1 photo-z); z_def_nisp_v6d=0.928 (CaII-triplet posterior, 68%CI_w=0.82, FoF-Silver); z_def_grizli=0.400; P(z_src>z_def)=0.98",grade=B;expert_score=1.922;votes=9,arXiv:2604.02726v5 appendix catalogue (Table: full v6d 473-row); single-author paper WITHDRAWN at v6
euclid_q1_nisp,102021986_NEG622483671477358161,62.24836718683294,-47.73581613037174,confirmed_lens,"z_src=2.134 (v6d posterior MAP, 68%CI_w=1.36, FoF-Gold); z_def=0.795 (adopted, Euclid PHZ MODE_1 photo-z); z_def_nisp_v6d=0.334 (CaII-triplet posterior, 68%CI_w=0.75, FoF-Silver); z_def_grizli=0.550; P(z_src>z_def)=0.98",grade=B;expert_score=1.556;votes=9,arXiv:2604.02726v5 appendix catalogue (Table: full v6d 473-row); single-author paper WITHDRAWN at v6
euclid_q1_nisp,102021498_NEG622697531480704134,62.26975319129441,-48.07041343601949,inconclusive,"z_def=0.425 (adopted, Euclid PHZ MODE_1 photo-z); z_def_grizli=0.540",grade=A;expert_score=2.580;votes=10,arXiv:2604.02726v5 appendix catalogue (Table: full v6d 473-row); single-author paper WITHDRAWN at v6
euclid_q1_nisp,102022479_NEG623150693471748758,62.315069322771095,-47.17487589182628,confirmed_lens,"z_src=2.590 (v6d posterior MAP, 68%CI_w=1.19, FoF-Gold); z_def=1.043 (adopted, Euclid PHZ MODE_1 photo-z); z_def_nisp_v6d=0.262 (CaII-triplet posterior, 68%CI_w=0.84, FoF-Bronze); z_def_grizli=0.465; P(z_src>z_def)=0.99",grade=B;expert_score=1.758;votes=10,arXiv:2604.02726v5 appendix catalogue (Table: full v6d 473-row); single-author paper WITHDRAWN at v6
euclid_q1_nisp,102022479_NEG623367075470669448,62.33670758594723,-47.06694489009498,confirmed_lens,"z_src=2.040 (v6d posterior MAP, 68%CI_w=1.48, FoF-Gold); z_def=0.560 (adopted, Euclid PHZ MODE_1 photo-z); z_def_nisp_v6d=0.472 (CaII-triplet posterior, 68%CI_w=0.84, FoF-Bronze); z_def_grizli=0.850; P(z_src>z_def)=0.95",grade=A;expert_score=2.237;votes=10,arXiv:2604.02726v5 appendix catalogue (Table: full v6d 473-row); single-author paper WITHDRAWN at v6
euclid_q1_nisp,102021986_NEG624049517477067447,62.40495179198199,-47.70674479492207,confirmed_lens,"z_src=2.358 (v6d posterior MAP, 68%CI_w=0.45, FoF-Platinum); z_def=1.249 (adopted, Euclid PHZ MODE_1 photo-z); z_def_nisp_v6d=0.884 (CaII-triplet posterior, 68%CI_w=0.66, FoF-Gold); z_def_grizli=0.695; P(z_src>z_def)=0.96",grade=B;expert_score=1.632;votes=10,arXiv:2604.02726v5 appendix catalogue (Table: full v6d 473-row); single-author paper WITHDRAWN at v6
euclid_q1_nisp,102020063_NEG625857431494380658,62.585743181309965,-49.43806588628296,confirmed_lens,"z_src=2.104 (v6d posterior MAP, 68%CI_w=0.15, FoF-Platinum); z_def=0.786 (adopted, Euclid PHZ MODE_1 photo-z); z_def_nisp_v6d=0.482 (CaII-triplet posterior, 68%CI_w=0.79, FoF-Silver); z_def_grizli=0.655; P(z_src>z_def)=0.99",grade=B;expert_score=1.580;votes=9,arXiv:2604.02726v5 appendix catalogue (Table: full v6d 473-row); single-author paper WITHDRAWN at v6
euclid_q1_nisp,102019131_NEG626148898503257561,62.61488980991852,-50.32575613428242,confirmed_lens,"z_src=2.580 (v6d posterior MAP, 68%CI_w=1.73, FoF-Silver); z_def=0.621 (adopted, Euclid PHZ MODE_1 photo-z); z_def_nisp_v6d=0.398 (CaII-triplet posterior, 68%CI_w=0.76, FoF-Silver); z_def_grizli=0.665; P(z_src>z_def)=0.93",grade=B;expert_score=1.798;votes=11,arXiv:2604.02726v5 appendix catalogue (Table: full v6d 473-row); single-author paper WITHDRAWN at v6
euclid_q1_nisp,102020063_NEG626156743494681651,62.615674305347206,-49.46816512016682,inconclusive,"z_def=0.351 (adopted, Euclid PHZ MODE_1 photo-z); z_def_grizli=1.160",grade=B;expert_score=1.672;votes=9,arXiv:2604.02726v5 appendix catalogue (Table: full v6d 473-row); single-author paper WITHDRAWN at v6
euclid_q1_nisp,102021016_NEG626678160486839020,62.66781600751191,-48.68390205226024,confirmed_lens,"z_src=2.158 (v6d posterior MAP, 68%CI_w=1.36, FoF-Gold); z_def=0.906 (adopted, Euclid PHZ MODE_1 photo-z); z_def_nisp_v6d=0.350 (CaII-triplet posterior, 68%CI_w=0.83, FoF-Bronze); z_def_grizli=0.445; P(z_src>z_def)=0.96",grade=A;expert_score=2.189;votes=11,arXiv:2604.02726v5 appendix catalogue (Table: full v6d 473-row); single-author paper WITHDRAWN at v6
euclid_q1_nisp,102020537_NEG626913533487999205,62.69135336338961,-48.79992054178796,confirmed_lens,"z_src=2.050 (v6d posterior MAP, 68%CI_w=0.04, FoF-Platinum); z_def=0.692 (adopted, Euclid PHZ MODE_1 photo-z); z_def_nisp_v6d=0.408 (CaII-triplet posterior, 68%CI_w=0.80, FoF-Silver); z_def_grizli=0.795; P(z_src>z_def)=1.00",grade=B;expert_score=1.523;votes=10,arXiv:2604.02726v5 appendix catalogue (Table: full v6d 473-row); single-author paper WITHDRAWN at v6
euclid_q1_nisp,102023984_NEG627804838454213106,62.78048386794535,-45.4213106327194,confirmed_lens,"z_src=0.726 (v6d posterior MAP, 68%CI_w=1.23, FoF-Gold); z_def=0.630 (adopted, Euclid PHZ MODE_1 photo-z); z_def_nisp_v6d=0.448 (CaII-triplet posterior, 68%CI_w=0.00, FoF-Platinum); z_def_grizli=0.610; P(z_src>z_def)=0.91",grade=A;expert_score=2.358;votes=10,arXiv:2604.02726v5 appendix catalogue (Table: full v6d 473-row); single-author paper WITHDRAWN at v6
euclid_q1_nisp,102021016_NEG627891706482718950,62.78917068450788,-48.27189506638918,confirmed_lens,"z_src=2.112 (v6d posterior MAP, 68%CI_w=1.10, FoF-Gold); z_def=0.660 (adopted, Euclid PHZ MODE_1 photo-z); z_def_nisp_v6d=0.876 (CaII-triplet posterior, 68%CI_w=0.46, FoF-Platinum); z_def_grizli=0.380; P(z_src>z_def)=0.98",grade=A;expert_score=2.213;votes=10,arXiv:2604.02726v5 appendix catalogue (Table: full v6d 473-row); single-author paper WITHDRAWN at v6
euclid_q1_nisp,102021016_NEG627937046483290884,62.793704662662094,-48.32908846893992,confirmed_lens,"z_src=2.854 (v6d posterior MAP, 68%CI_w=1.43, FoF-Gold); z_def=0.091 (adopted, Euclid PHZ MODE_1 photo-z); z_def_nisp_v6d=0.812 (CaII-triplet posterior, 68%CI_w=0.70, FoF-Gold); P(z_src>z_def)=0.86",grade=A;expert_score=2.388;votes=10,arXiv:2604.02726v5 appendix catalogue (Table: full v6d 473-row); single-author paper WITHDRAWN at v6
euclid_q1_nisp,102021499_NEG628042951482285714,62.80429513652352,-48.228571450804566,confirmed_lens,"z_src=1.498 (v6d posterior MAP, 68%CI_w=1.41, FoF-Gold); z_def=0.596 (adopted, Euclid PHZ MODE_1 photo-z); z_def_nisp_v6d=0.882 (CaII-triplet posterior, 68%CI_w=0.00, FoF-Platinum); z_def_grizli=0.675; P(z_src>z_def)=0.85",grade=B;expert_score=1.873;votes=10,arXiv:2604.02726v5 appendix catalogue (Table: full v6d 473-row); single-author paper WITHDRAWN at v6
euclid_q1_nisp,102023478_NEG628457640459296313,62.84576401449824,-45.92963139466405,non_lens,"z_src=0.630 (v6d posterior MAP, 68%CI_w=1.28, FoF-Gold); z_def=0.860 (adopted, Euclid PHZ MODE_1 photo-z); z_def_nisp_v6d=0.434 (CaII-triplet posterior, 68%CI_w=0.02, FoF-Platinum); z_def_grizli=0.710; P(z_src>z_def)=0.93; fails paper physical-sanity check (z_src<=z_def MAP): same-z/projected/misID per paper Sec. FoF tiers",grade=A;expert_score=3.109;votes=10,arXiv:2604.02726v5 appendix catalogue (Table: full v6d 473-row); single-author paper WITHDRAWN at v6
euclid_q1_nisp,102023984_NEG628683592457046709,62.8683592745232,-45.704670979868624,confirmed_lens,"z_src=0.766 (v6d posterior MAP, 68%CI_w=1.51, FoF-Silver); z_def=0.580 (adopted, Euclid PHZ MODE_1 photo-z); z_def_nisp_v6d=0.344 (CaII-triplet posterior, 68%CI_w=0.84, FoF-Bronze); z_def_grizli=0.495; P(z_src>z_def)=0.79",grade=A;expert_score=2.117;votes=10,arXiv:2604.02726v5 appendix catalogue (Table: full v6d 473-row); single-author paper WITHDRAWN at v6
euclid_q1_nisp,102021016_NEG629139696484887212,62.91396966118239,-48.48872120604349,confirmed_lens,"z_src=1.942 (v6d posterior MAP, 68%CI_w=0.99, FoF-Silver); z_def=0.429 (adopted, Euclid PHZ MODE_1 photo-z); z_def_nisp_v6d=1.164 (CaII-triplet posterior, 68%CI_w=0.62, FoF-Gold); z_def_grizli=0.875; P(z_src>z_def)=0.78",grade=A;expert_score=2.104;votes=10,arXiv:2604.02726v5 appendix catalogue (Table: full v6d 473-row); single-author paper WITHDRAWN at v6
euclid_q1_nisp,102021016_NEG629685198482852633,62.96851985754328,-48.285263348191855,confirmed_lens,"z_src=0.832 (v6d posterior MAP, 68%CI_w=1.73, FoF-Silver); z_def=0.741 (adopted, Euclid PHZ MODE_1 photo-z); z_def_nisp_v6d=0.348 (CaII-triplet posterior, 68%CI_w=0.02, FoF-Platinum); z_def_grizli=0.400; P(z_src>z_def)=0.94",grade=B;expert_score=1.532;votes=10,arXiv:2604.02726v5 appendix catalogue (Table: full v6d 473-row); single-author paper WITHDRAWN at v6
euclid_q1_nisp,102019595_NEG630246532498667881,63.02465323974107,-49.8667881732315,confirmed_lens,"z_src=2.726 (v6d posterior MAP, 68%CI_w=1.24, FoF-Gold); z_def=1.256 (adopted, Euclid PHZ MODE_1 photo-z); z_def_nisp_v6d=0.300 (CaII-triplet posterior, 68%CI_w=0.92, FoF-Bronze); z_def_grizli=0.860; P(z_src>z_def)=0.98",grade=A;expert_score=2.077;votes=10,arXiv:2604.02726v5 appendix catalogue (Table: full v6d 473-row); single-author paper WITHDRAWN at v6
euclid_q1_nisp,102021499_NEG630283151478334717,63.028315136446025,-47.8334717012344,confirmed_lens,"z_src=2.260 (v6d posterior MAP, 68%CI_w=1.28, FoF-Gold); z_def=0.728 (adopted, Euclid PHZ MODE_1 photo-z); z_def_nisp_v6d=0.258 (CaII-triplet posterior, 68%CI_w=0.68, FoF-Gold); z_def_grizli=0.570; P(z_src>z_def)=0.97",grade=A;expert_score=2.426;votes=10,arXiv:2604.02726v5 appendix catalogue (Table: full v6d 473-row); single-author paper WITHDRAWN at v6
euclid_q1_nisp,102020064_NEG630441470494718517,63.04414702952862,-49.4718517641365,confirmed_lens,"z_src=1.494 (v6d posterior MAP, 68%CI_w=0.65, FoF-Gold); z_def=1.013 (adopted, Euclid PHZ MODE_1 photo-z); z_def_nisp_v6d=0.304 (CaII-triplet posterior, 68%CI_w=0.83, FoF-Bronze); z_def_grizli=0.580; P(z_src>z_def)=1.00",grade=A;expert_score=2.904;votes=10,arXiv:2604.02726v5 appendix catalogue (Table: full v6d 473-row); single-author paper WITHDRAWN at v6
euclid_q1_nisp,102023984_NEG631043463457052623,63.10434637855938,-45.70526232957247,confirmed_lens,"z_src=2.968 (v6d posterior MAP, 68%CI_w=0.95, FoF-Gold); z_def=0.372 (adopted, Euclid PHZ MODE_1 photo-z); z_def_nisp_v6d=1.202 (CaII-triplet posterior, 68%CI_w=0.69, FoF-Gold); z_def_grizli=0.560; P(z_src>z_def)=0.88",grade=B;expert_score=1.750;votes=9,arXiv:2604.02726v5 appendix catalogue (Table: full v6d 473-row); single-author paper WITHDRAWN at v6
euclid_q1_nisp,102021499_NEG631323422479949628,63.13234225032457,-47.994962855931306,confirmed_lens,"z_src=2.050 (v6d posterior MAP, 68%CI_w=1.30, FoF-Gold); z_def=0.691 (adopted, Euclid PHZ MODE_1 photo-z); z_def_nisp_v6d=0.436 (CaII-triplet posterior, 68%CI_w=0.18, FoF-Platinum); z_def_grizli=0.390; P(z_src>z_def)=0.86",grade=A;expert_score=2.763;votes=10,arXiv:2604.02726v5 appendix catalogue (Table: full v6d 473-row); single-author paper WITHDRAWN at v6
euclid_q1_nisp,102020538_NEG631689440492354239,63.16894406176176,-49.23542398043353,inconclusive,"z_def=1.026 (adopted, Euclid PHZ MODE_1 photo-z)",grade=A;expert_score=2.767;votes=10,arXiv:2604.02726v5 appendix catalogue (Table: full v6d 473-row); single-author paper WITHDRAWN at v6
euclid_q1_nisp,102022977_NEG631763965463618343,63.176396555414215,-46.36183434674613,confirmed_lens,"z_src=1.098 (v6d posterior MAP, 68%CI_w=1.29, FoF-Gold); z_def=0.908 (adopted, Euclid PHZ MODE_1 photo-z); z_def_nisp_v6d=0.870 (CaII-triplet posterior, 68%CI_w=0.34, FoF-Platinum); z_def_grizli=0.765; P(z_src>z_def)=0.83",grade=B;expert_score=1.810;votes=10,arXiv:2604.02726v5 appendix catalogue (Table: full v6d 473-row); single-author paper WITHDRAWN at v6
euclid_q1_nisp,102021499_NEG632503018480736583,63.25030187037567,-48.073658352372775,confirmed_lens,"z_src=1.958 (v6d posterior MAP, 68%CI_w=0.38, FoF-Gold); z_def=0.388 (adopted, Euclid PHZ MODE_1 photo-z); z_def_nisp_v6d=0.472 (CaII-triplet posterior, 68%CI_w=0.01, FoF-Platinum); z_def_grizli=0.445; P(z_src>z_def)=1.00",grade=B;expert_score=1.618;votes=11,arXiv:2604.02726v5 appendix catalogue (Table: full v6d 473-row); single-author paper WITHDRAWN at v6
euclid_q1_nisp,102021987_NEG632575884473969454,63.25758842582554,-47.396945472706,confirmed_lens,"z_src=1.936 (v6d posterior MAP, 68%CI_w=0.85, FoF-Platinum); z_def=0.957 (adopted, Euclid PHZ MODE_1 photo-z); z_def_nisp_v6d=0.272 (CaII-triplet posterior, 68%CI_w=0.83, FoF-Bronze); z_def_grizli=0.390; P(z_src>z_def)=1.00",grade=A;expert_score=2.010;votes=10,arXiv:2604.02726v5 appendix catalogue (Table: full v6d 473-row); single-author paper WITHDRAWN at v6
euclid_q1_nisp,102021017_NEG633207820486535571,63.32078207823651,-48.6535571859489,confirmed_lens,"z_src=2.024 (v6d posterior MAP, 68%CI_w=1.72, FoF-Silver); z_def=0.702 (adopted, Euclid PHZ MODE_1 photo-z); z_def_nisp_v6d=0.324 (CaII-triplet posterior, 68%CI_w=0.83, FoF-Bronze); z_def_grizli=0.405; P(z_src>z_def)=0.97",grade=B;expert_score=1.802;votes=10,arXiv:2604.02726v5 appendix catalogue (Table: full v6d 473-row); single-author paper WITHDRAWN at v6
euclid_q1_nisp,102023479_NEG633382827461467539,63.33828270800054,-46.14675398144309,confirmed_lens,"z_src=1.764 (v6d posterior MAP, 68%CI_w=1.58, FoF-Gold); z_def=0.886 (adopted, Euclid PHZ MODE_1 photo-z); z_def_nisp_v6d=0.456 (CaII-triplet posterior, 68%CI_w=0.01, FoF-Platinum); z_def_grizli=0.555; P(z_src>z_def)=0.95",grade=A;expert_score=2.144;votes=10,arXiv:2604.02726v5 appendix catalogue (Table: full v6d 473-row); single-author paper WITHDRAWN at v6
euclid_q1_nisp,102023479_NEG633491501461458871,63.34915010836785,-46.14588710558657,confirmed_lens,"z_src=0.862 (v6d posterior MAP, 68%CI_w=1.71, FoF-Silver); z_def=0.374 (adopted, Euclid PHZ MODE_1 photo-z); z_def_nisp_v6d=0.622 (CaII-triplet posterior, 68%CI_w=0.56, FoF-Platinum); z_def_grizli=0.550; P(z_src>z_def)=0.91",grade=B;expert_score=1.706;votes=9,arXiv:2604.02726v5 appendix catalogue (Table: full v6d 473-row); single-author paper WITHDRAWN at v6
euclid_q1_nisp,102020064_NEG635823575494037615,63.5823575504392,-49.40376153048183,confirmed_lens,"z_src=1.294 (v6d posterior MAP, 68%CI_w=1.35, FoF-Gold); z_def=0.780 (adopted, Euclid PHZ MODE_1 photo-z); z_def_nisp_v6d=1.048 (CaII-triplet posterior, 68%CI_w=0.00, FoF-Platinum); z_def_grizli=0.875; P(z_src>z_def)=0.81",grade=B;expert_score=1.980;votes=10,arXiv:2604.02726v5 appendix catalogue (Table: full v6d 473-row); single-author paper WITHDRAWN at v6
euclid_q1_nisp,102020064_NEG635872258496841682,63.58722583981298,-49.68416823937899,confirmed_lens,"z_src=2.740 (v6d posterior MAP, 68%CI_w=0.62, FoF-Platinum); z_def=0.477 (adopted, Euclid PHZ MODE_1 photo-z); z_def_nisp_v6d=0.544 (CaII-triplet posterior, 68%CI_w=0.26, FoF-Platinum); z_def_grizli=0.400; P(z_src>z_def)=1.00",grade=A;expert_score=2.846;votes=10,arXiv:2604.02726v5 appendix catalogue (Table: full v6d 473-row); single-author paper WITHDRAWN at v6
euclid_q1_nisp,102021500_NEG636294430480333264,63.629443096530274,-48.03332641580719,inconclusive,"z_def=0.351 (adopted, Euclid PHZ MODE_1 photo-z)",grade=A;expert_score=2.459;votes=10,arXiv:2604.02726v5 appendix catalogue (Table: full v6d 473-row); single-author paper WITHDRAWN at v6
euclid_q1_nisp,102021988_NEG636381546474267847,63.63815462617454,-47.42678472523166,confirmed_lens,"z_src=2.942 (v6d posterior MAP, 68%CI_w=1.53, FoF-Gold); z_def=0.643 (adopted, Euclid PHZ MODE_1 photo-z); z_def_nisp_v6d=0.536 (CaII-triplet posterior, 68%CI_w=0.50, FoF-Platinum); z_def_grizli=0.380; P(z_src>z_def)=0.94",grade=B;expert_score=1.821;votes=10,arXiv:2604.02726v5 appendix catalogue (Table: full v6d 473-row); single-author paper WITHDRAWN at v6
euclid_q1_nisp,102021500_NEG636862073478549953,63.68620732648826,-47.854995308359584,confirmed_lens,"z_src=1.584 (v6d posterior MAP, 68%CI_w=1.77, FoF-Silver); z_def=0.575 (adopted, Euclid PHZ MODE_1 photo-z); z_def_nisp_v6d=0.312 (CaII-triplet posterior, 68%CI_w=0.80, FoF-Silver); z_def_grizli=1.000; P(z_src>z_def)=0.96",grade=B;expert_score=1.533;votes=9,arXiv:2604.02726v5 appendix catalogue (Table: full v6d 473-row); single-author paper WITHDRAWN at v6
euclid_q1_nisp,102020538_NEG637045736489835935,63.704573695260834,-48.983593566794056,inconclusive,"z_def=0.664 (adopted, Euclid PHZ MODE_1 photo-z)",grade=A;expert_score=2.632;votes=10,arXiv:2604.02726v5 appendix catalogue (Table: full v6d 473-row); single-author paper WITHDRAWN at v6
euclid_q1_nisp,102019596_NEG637748088500119037,63.77480885130131,-50.01190374108312,inconclusive,"z_def=0.014 (adopted, Euclid PHZ MODE_1 photo-z)",grade=B;expert_score=1.908;votes=10,arXiv:2604.02726v5 appendix catalogue (Table: full v6d 473-row); single-author paper WITHDRAWN at v6
euclid_q1_nisp,102021988_NEG637845892475954405,63.784589200839584,-47.5954405864353,confirmed_lens,"z_src=2.540 (v6d posterior MAP, 68%CI_w=0.92, FoF-Platinum); z_def=0.829 (adopted, Euclid PHZ MODE_1 photo-z); z_def_nisp_v6d=1.090 (CaII-triplet posterior, 68%CI_w=0.81, FoF-Silver); z_def_grizli=0.850; P(z_src>z_def)=0.91",grade=A;expert_score=2.530;votes=10,arXiv:2604.02726v5 appendix catalogue (Table: full v6d 473-row); single-author paper WITHDRAWN at v6
euclid_q1_nisp,102021017_NEG637928660482715254,63.79286609060805,-48.27152549809416,confirmed_lens,"z_src=2.154 (v6d posterior MAP, 68%CI_w=1.20, FoF-Silver); z_def=1.251 (adopted, Euclid PHZ MODE_1 photo-z); z_def_nisp_v6d=1.184 (CaII-triplet posterior, 68%CI_w=0.05, FoF-Platinum); z_def_grizli=0.875; P(z_src>z_def)=0.75",grade=A;expert_score=2.076;votes=10,arXiv:2604.02726v5 appendix catalogue (Table: full v6d 473-row); single-author paper WITHDRAWN at v6
euclid_q1_nisp,102020539_NEG639239120489296299,63.92391201757077,-48.92962998662928,confirmed_lens,"z_src=2.836 (v6d posterior MAP, 68%CI_w=1.85, FoF-Bronze); z_def=0.270 (adopted, Euclid PHZ MODE_1 photo-z); z_def_nisp_v6d=0.298 (CaII-triplet posterior, 68%CI_w=0.67, FoF-Gold); z_def_grizli=0.495; P(z_src>z_def)=0.98",grade=A;expert_score=2.879;votes=10,arXiv:2604.02726v5 appendix catalogue (Table: full v6d 473-row); single-author paper WITHDRAWN at v6
euclid_q1_nisp,102020065_NEG639706305497277844,63.97063058883589,-49.727784447975104,confirmed_lens,"z_src=0.936 (v6d posterior MAP, 68%CI_w=0.58, FoF-Platinum); z_def=0.505 (adopted, Euclid PHZ MODE_1 photo-z); z_def_nisp_v6d=0.304 (CaII-triplet posterior, 68%CI_w=0.73, FoF-Gold); z_def_grizli=0.440; P(z_src>z_def)=0.93",grade=B;expert_score=1.792;votes=10,arXiv:2604.02726v5 appendix catalogue (Table: full v6d 473-row); single-author paper WITHDRAWN at v6
euclid_q1_nisp,102022978_NEG639856435467273842,63.9856435425629,-46.72738424488188,inconclusive,"z_def=0.698 (adopted, Euclid PHZ MODE_1 photo-z)",grade=A;expert_score=2.395;votes=10,arXiv:2604.02726v5 appendix catalogue (Table: full v6d 473-row); single-author paper WITHDRAWN at v6
euclid_q1_nisp,102023480_NEG640021734460830824,64.00217342456871,-46.08308249206795,inconclusive,"z_def=0.753 (adopted, Euclid PHZ MODE_1 photo-z)",grade=B;expert_score=1.744;votes=10,arXiv:2604.02726v5 appendix catalogue (Table: full v6d 473-row); single-author paper WITHDRAWN at v6
euclid_q1_nisp,102021018_NEG640120110483854165,64.01201105416371,-48.385416518032095,confirmed_lens,"z_src=2.058 (v6d posterior MAP, 68%CI_w=1.75, FoF-Silver); z_def=0.631 (adopted, Euclid PHZ MODE_1 photo-z); z_def_nisp_v6d=0.350 (CaII-triplet posterior, 68%CI_w=0.00, FoF-Platinum); z_def_grizli=0.410; P(z_src>z_def)=0.95",grade=A;expert_score=2.608;votes=10,arXiv:2604.02726v5 appendix catalogue (Table: full v6d 473-row); single-author paper WITHDRAWN at v6
euclid_q1_nisp,102022481_NEG640261052470604135,64.02610523083732,-47.06041352139383,confirmed_lens,"z_src=0.704 (v6d posterior MAP, 68%CI_w=1.48, FoF-Gold); z_def=0.669 (adopted, Euclid PHZ MODE_1 photo-z); z_def_nisp_v6d=0.470 (CaII-triplet posterior, 68%CI_w=0.00, FoF-Platinum); z_def_grizli=0.870; P(z_src>z_def)=0.98",grade=B;expert_score=1.570;votes=10,arXiv:2604.02726v5 appendix catalogue (Table: full v6d 473-row); single-author paper WITHDRAWN at v6
euclid_q1_nisp,102023480_NEG640270096460844048,64.02700969109169,-46.08440488708592,confirmed_lens,"z_src=2.658 (v6d posterior MAP, 68%CI_w=1.03, FoF-Gold); z_def=0.820 (adopted, Euclid PHZ MODE_1 photo-z); z_def_nisp_v6d=0.706 (CaII-triplet posterior, 68%CI_w=0.00, FoF-Platinum); z_def_grizli=0.630; P(z_src>z_def)=0.96",grade=B;expert_score=1.956;votes=9,arXiv:2604.02726v5 appendix catalogue (Table: full v6d 473-row); single-author paper WITHDRAWN at v6
euclid_q1_nisp,102021988_NEG640289253474412348,64.0289253232282,-47.44123483439196,confirmed_lens,"z_src=1.566 (v6d posterior MAP, 68%CI_w=0.31, FoF-Gold); z_def=0.400 (adopted, Euclid PHZ MODE_1 photo-z); z_def_nisp_v6d=0.260 (CaII-triplet posterior, 68%CI_w=0.79, FoF-Silver); z_def_grizli=0.440; P(z_src>z_def)=1.00",grade=A;expert_score=2.713;votes=11,arXiv:2604.02726v5 appendix catalogue (Table: full v6d 473-row); single-author paper WITHDRAWN at v6
euclid_q1_nisp,102020539_NEG640534948489252606,64.05349482739716,-48.9252606890651,confirmed_lens,"z_src=1.730 (v6d posterior MAP, 68%CI_w=1.30, FoF-Gold); z_def=1.377 (adopted, Euclid PHZ MODE_1 photo-z); z_def_nisp_v6d=1.220 (CaII-triplet posterior, 68%CI_w=0.00, FoF-Platinum); z_def_grizli=0.385; P(z_src>z_def)=0.82",grade=B;expert_score=1.601;votes=10,arXiv:2604.02726v5 appendix catalogue (Table: full v6d 473-row); single-author paper WITHDRAWN at v6
euclid_q1_nisp,102020539_NEG641383802490968352,64.13838028821728,-49.09683520382191,confirmed_lens,"z_src=2.660 (v6d posterior MAP, 68%CI_w=1.79, FoF-Silver); z_def=0.629 (adopted, Euclid PHZ MODE_1 photo-z); z_def_nisp_v6d=0.456 (CaII-triplet posterior, 68%CI_w=0.70, FoF-Gold); z_def_grizli=0.395; P(z_src>z_def)=0.94",grade=A;expert_score=2.637;votes=10,arXiv:2604.02726v5 appendix catalogue (Table: full v6d 473-row); single-author paper WITHDRAWN at v6
euclid_q1_nisp,102022481_NEG641874067471349140,64.18740679417816,-47.1349140790585,confirmed_lens,"z_src=2.652 (v6d posterior MAP, 68%CI_w=1.07, FoF-Gold); z_def=0.081 (adopted, Euclid PHZ MODE_1 photo-z); z_def_nisp_v6d=1.114 (CaII-triplet posterior, 68%CI_w=0.82, FoF-Silver); z_def_grizli=0.795; P(z_src>z_def)=0.89",grade=B;expert_score=1.533;votes=10,arXiv:2604.02726v5 appendix catalogue (Table: full v6d 473-row); single-author paper WITHDRAWN at v6
euclid_q1_nisp,102023480_NEG642201006461096820,64.22010069763697,-46.10968203057439,inconclusive,"z_def=0.532 (adopted, Euclid PHZ MODE_1 photo-z); z_def_grizli=0.430",grade=B;expert_score=1.560;votes=10,arXiv:2604.02726v5 appendix catalogue (Table: full v6d 473-row); single-author paper WITHDRAWN at v6
euclid_q1_nisp,102021501_NEG642870048480955813,64.2870048302998,-48.09558136723311,confirmed_lens,"z_src=1.080 (v6d posterior MAP, 68%CI_w=0.05, FoF-Gold); z_def=0.602 (adopted, Euclid PHZ MODE_1 photo-z); z_def_nisp_v6d=0.322 (CaII-triplet posterior, 68%CI_w=0.81, FoF-Silver); z_def_grizli=0.415; P(z_src>z_def)=0.99",grade=A;expert_score=2.437;votes=10,arXiv:2604.02726v5 appendix catalogue (Table: full v6d 473-row); single-author paper WITHDRAWN at v6
euclid_q1_nisp,102020539_NEG642885250488814700,64.28852506159132,-48.88147008679599,confirmed_lens,"z_src=1.574 (v6d posterior MAP, 68%CI_w=0.79, FoF-Gold); z_def=0.475 (adopted, Euclid PHZ MODE_1 photo-z); z_def_nisp_v6d=0.326 (CaII-triplet posterior, 68%CI_w=0.83, FoF-Bronze); z_def_grizli=0.830; P(z_src>z_def)=0.99",grade=A;expert_score=2.899;votes=10,arXiv:2604.02726v5 appendix catalogue (Table: full v6d 473-row); single-author paper WITHDRAWN at v6
euclid_q1_nisp,102023986_NEG643189719456460589,64.31897196009866,-45.64605890044793,confirmed_lens,"z_src=2.660 (v6d posterior MAP, 68%CI_w=1.39, FoF-Gold); z_def=0.884 (adopted, Euclid PHZ MODE_1 photo-z); z_def_nisp_v6d=0.302 (CaII-triplet posterior, 68%CI_w=0.76, FoF-Silver); z_def_grizli=0.380; P(z_src>z_def)=0.99",grade=B;expert_score=1.744;votes=10,arXiv:2604.02726v5 appendix catalogue (Table: full v6d 473-row); single-author paper WITHDRAWN at v6
euclid_q1_nisp,102021989_NEG644172618476134973,64.41726186763333,-47.61349731436477,confirmed_lens,"z_src=2.812 (v6d posterior MAP, 68%CI_w=1.08, FoF-Gold); z_def=1.154 (adopted, Euclid PHZ MODE_1 photo-z); z_def_nisp_v6d=0.340 (CaII-triplet posterior, 68%CI_w=0.83, FoF-Bronze); z_def_grizli=0.565; P(z_src>z_def)=1.00",grade=A;expert_score=2.764;votes=10,arXiv:2604.02726v5 appendix catalogue (Table: full v6d 473-row); single-author paper WITHDRAWN at v6
euclid_q1_nisp,102022482_NEG644534872469264836,64.4534872752285,-46.92648360348397,confirmed_lens,"z_src=2.524 (v6d posterior MAP, 68%CI_w=1.51, FoF-Gold); z_def=0.787 (adopted, Euclid PHZ MODE_1 photo-z); z_def_nisp_v6d=0.368 (CaII-triplet posterior, 68%CI_w=0.84, FoF-Bronze); z_def_grizli=0.740; P(z_src>z_def)=0.98",grade=A;expert_score=2.577;votes=10,arXiv:2604.02726v5 appendix catalogue (Table: full v6d 473-row); single-author paper WITHDRAWN at v6
euclid_q1_nisp,102023481_NEG647245161459048846,64.72451612348969,-45.90488464671768,inconclusive,"z_def=1.043 (adopted, Euclid PHZ MODE_1 photo-z); z_def_grizli=0.640",grade=A;expert_score=2.215;votes=9,arXiv:2604.02726v5 appendix catalogue (Table: full v6d 473-row); single-author paper WITHDRAWN at v6
euclid_q1_nisp,102022482_NEG647287168468367807,64.72871684880818,-46.836780720130186,confirmed_lens,"z_src=2.126 (v6d posterior MAP, 68%CI_w=0.81, FoF-Gold); z_def=1.895 (adopted, Euclid PHZ MODE_1 photo-z); z_def_nisp_v6d=1.012 (CaII-triplet posterior, 68%CI_w=0.81, FoF-Silver); P(z_src>z_def)=0.91",grade=B;expert_score=1.744;votes=10,arXiv:2604.02726v5 appendix catalogue (Table: full v6d 473-row); single-author paper WITHDRAWN at v6
euclid_q1_nisp,102021990_NEG650312660474055399,65.03126603454716,-47.40553996348327,confirmed_lens,"z_src=1.416 (v6d posterior MAP, 68%CI_w=0.67, FoF-Platinum); z_def=0.923 (adopted, Euclid PHZ MODE_1 photo-z); z_def_nisp_v6d=0.366 (CaII-triplet posterior, 68%CI_w=0.22, FoF-Platinum); z_def_grizli=0.595; P(z_src>z_def)=0.98",grade=A;expert_score=2.836;votes=10,arXiv:2604.02726v5 appendix catalogue (Table: full v6d 473-row); single-author paper WITHDRAWN at v6
euclid_q1_nisp,102022483_NEG650705793470600869,65.07057938390258,-47.060086929961074,inconclusive,"z_def=0.784 (adopted, Euclid PHZ MODE_1 photo-z); z_def_grizli=0.700",grade=B;expert_score=1.691;votes=10,arXiv:2604.02726v5 appendix catalogue (Table: full v6d 473-row); single-author paper WITHDRAWN at v6
euclid_q1_nisp,102021990_NEG651246796473086761,65.12467967083242,-47.30867614502389,inconclusive,"z_def=0.420 (adopted, Euclid PHZ MODE_1 photo-z); z_def_grizli=1.065",grade=A;expert_score=2.078;votes=10,arXiv:2604.02726v5 appendix catalogue (Table: full v6d 473-row); single-author paper WITHDRAWN at v6
euclid_q1_nisp,102021502_NEG651338380481989567,65.1338380431143,-48.19895674114229,confirmed_lens,"z_src=2.358 (v6d posterior MAP, 68%CI_w=1.02, FoF-Gold); z_def=0.353 (adopted, Euclid PHZ MODE_1 photo-z); z_def_nisp_v6d=0.326 (CaII-triplet posterior, 68%CI_w=0.82, FoF-Bronze); z_def_grizli=0.410; P(z_src>z_def)=0.99",grade=B;expert_score=1.557;votes=10,arXiv:2604.02726v5 appendix catalogue (Table: full v6d 473-row); single-author paper WITHDRAWN at v6
euclid_q1_nisp,102021019_NEG651956451483599583,65.1956451002235,-48.35995837358245,confirmed_lens,"z_src=2.852 (v6d posterior MAP, 68%CI_w=1.61, FoF-Silver); z_def=0.967 (adopted, Euclid PHZ MODE_1 photo-z); z_def_nisp_v6d=0.324 (CaII-triplet posterior, 68%CI_w=0.82, FoF-Bronze); z_def_grizli=0.395; P(z_src>z_def)=0.99",grade=A;expert_score=2.943;votes=8,arXiv:2604.02726v5 appendix catalogue (Table: full v6d 473-row); single-author paper WITHDRAWN at v6
euclid_q1_nisp,102022980_NEG653069109465982282,65.30691092767607,-46.59822823435719,inconclusive,"z_def=0.482 (adopted, Euclid PHZ MODE_1 photo-z); z_def_grizli=0.515",grade=A;expert_score=2.276;votes=10,arXiv:2604.02726v5 appendix catalogue (Table: full v6d 473-row); single-author paper WITHDRAWN at v6
euclid_q1_nisp,102021502_NEG653108030479223468,65.31080305209322,-47.922346850015,confirmed_lens,"z_src=1.554 (v6d posterior MAP, 68%CI_w=0.31, FoF-Gold); z_def=0.567 (adopted, Euclid PHZ MODE_1 photo-z); z_def_nisp_v6d=0.430 (CaII-triplet posterior, 68%CI_w=0.83, FoF-Bronze); z_def_grizli=0.565; P(z_src>z_def)=1.00",grade=B;expert_score=1.560;votes=10,arXiv:2604.02726v5 appendix catalogue (Table: full v6d 473-row); single-author paper WITHDRAWN at v6
euclid_q1_nisp,102022483_NEG653290299470260264,65.32902999175099,-47.02602645865221,confirmed_lens,"z_src=2.874 (v6d posterior MAP, 68%CI_w=0.96, FoF-Platinum); z_def=1.043 (adopted, Euclid PHZ MODE_1 photo-z); z_def_nisp_v6d=1.150 (CaII-triplet posterior, 68%CI_w=0.70, FoF-Gold); z_def_grizli=0.875; P(z_src>z_def)=1.00",grade=A;expert_score=2.580;votes=9,arXiv:2604.02726v5 appendix catalogue (Table: full v6d 473-row); single-author paper WITHDRAWN at v6
euclid_q1_nisp,102021503_NEG655073934479995542,65.50739347435011,-47.999554233282666,confirmed_lens,"z_src=2.258 (v6d posterior MAP, 68%CI_w=0.15, FoF-Platinum); z_def=0.247 (adopted, Euclid PHZ MODE_1 photo-z); z_def_nisp_v6d=0.332 (CaII-triplet posterior, 68%CI_w=0.84, FoF-Bronze); z_def_grizli=0.520; P(z_src>z_def)=1.00",grade=A;expert_score=2.150;votes=9,arXiv:2604.02726v5 appendix catalogue (Table: full v6d 473-row); single-author paper WITHDRAWN at v6
euclid_q1_nisp,102023482_NEG655179432459165110,65.51794326392798,-45.91651107756741,inconclusive,"z_def=0.353 (adopted, Euclid PHZ MODE_1 photo-z); z_def_grizli=0.655",grade=B;expert_score=1.647;votes=8,arXiv:2604.02726v5 appendix catalogue (Table: full v6d 473-row); single-author paper WITHDRAWN at v6
euclid_q1_nisp,102021503_NEG656130209478570072,65.61302094240996,-47.85700724338475,confirmed_lens,"z_src=1.812 (v6d posterior MAP, 68%CI_w=0.45, FoF-Gold); z_def=0.190 (adopted, Euclid PHZ MODE_1 photo-z); z_def_nisp_v6d=0.272 (CaII-triplet posterior, 68%CI_w=0.81, FoF-Silver); z_def_grizli=0.395; P(z_src>z_def)=1.00",grade=B;expert_score=1.793;votes=10,arXiv:2604.02726v5 appendix catalogue (Table: full v6d 473-row); single-author paper WITHDRAWN at v6
euclid_q1_nisp,102021020_NEG656951229482999258,65.69512293447303,-48.29992584867339,confirmed_lens,"z_src=1.062 (v6d posterior MAP, 68%CI_w=1.49, FoF-Bronze); z_def=1.004 (adopted, Euclid PHZ MODE_1 photo-z); z_def_nisp_v6d=0.738 (CaII-triplet posterior, 68%CI_w=0.00, FoF-Platinum); P(z_src>z_def)=0.27",grade=B;expert_score=1.803;votes=9,arXiv:2604.02726v5 appendix catalogue (Table: full v6d 473-row); single-author paper WITHDRAWN at v6
euclid_q1_nisp,102022980_NEG657082285467450951,65.70822852262235,-46.74509511325952,inconclusive,"z_src=2.054 (v6d posterior MAP, 68%CI_w=1.51, FoF-Gold); z_def_nisp_v6d=0.408 (CaII-triplet posterior, 68%CI_w=0.83, FoF-Bronze); z_def_grizli=0.665; P(z_src>z_def)=0.96",grade=B;expert_score=1.765;votes=8,arXiv:2604.02726v5 appendix catalogue (Table: full v6d 473-row); single-author paper WITHDRAWN at v6
euclid_q1_nisp,102023482_NEG657383017460972594,65.73830175052379,-46.09725944968683,confirmed_lens,"z_src=2.840 (v6d posterior MAP, 68%CI_w=0.21, FoF-Platinum); z_def=0.571 (adopted, Euclid PHZ MODE_1 photo-z); z_def_nisp_v6d=0.552 (CaII-triplet posterior, 68%CI_w=0.73, FoF-Gold); z_def_grizli=0.710; P(z_src>z_def)=1.00",grade=B;expert_score=1.523;votes=10,arXiv:2604.02726v5 appendix catalogue (Table: full v6d 473-row); single-author paper WITHDRAWN at v6
euclid_q1_nisp,102021020_NEG657545464483151702,65.7545464958331,-48.31517021319289,confirmed_lens,"z_src=1.824 (v6d posterior MAP, 68%CI_w=1.78, FoF-Silver); z_def=0.686 (adopted, Euclid PHZ MODE_1 photo-z); z_def_nisp_v6d=0.424 (CaII-triplet posterior, 68%CI_w=0.00, FoF-Platinum); z_def_grizli=0.395; P(z_src>z_def)=0.98",grade=A;expert_score=2.201;votes=10,arXiv:2604.02726v5 appendix catalogue (Table: full v6d 473-row); single-author paper WITHDRAWN at v6
euclid_q1_nisp,102022980_NEG657553777465731159,65.75537771041878,-46.57311597346415,confirmed_lens,"z_src=2.040 (v6d posterior MAP, 68%CI_w=0.72, FoF-Gold); z_def=0.099 (adopted, Euclid PHZ MODE_1 photo-z); z_def_nisp_v6d=1.270 (CaII-triplet posterior, 68%CI_w=0.00, FoF-Platinum); P(z_src>z_def)=0.88",grade=A;expert_score=2.757;votes=10,arXiv:2604.02726v5 appendix catalogue (Table: full v6d 473-row); single-author paper WITHDRAWN at v6
euclid_q1_nisp,102022484_NEG657584203469449092,65.75842037046594,-46.94490921493867,inconclusive,"z_src=2.596 (v6d posterior MAP, 68%CI_w=1.62, FoF-Silver); z_def_nisp_v6d=0.450 (CaII-triplet posterior, 68%CI_w=0.16, FoF-Platinum); z_def_grizli=0.390; P(z_src>z_def)=0.96",grade=A;expert_score=2.144;votes=10,arXiv:2604.02726v5 appendix catalogue (Table: full v6d 473-row); single-author paper WITHDRAWN at v6
euclid_q1_nisp,102021504_NEG663164014479278882,66.31640147748985,-47.92788825569146,confirmed_lens,"z_src=1.430 (v6d posterior MAP, 68%CI_w=1.42, FoF-Gold); z_def=0.852 (adopted, Euclid PHZ MODE_1 photo-z); z_def_nisp_v6d=0.330 (CaII-triplet posterior, 68%CI_w=0.79, FoF-Silver); z_def_grizli=0.465; P(z_src>z_def)=0.99",grade=A;expert_score=2.048;votes=10,arXiv:2604.02726v5 appendix catalogue (Table: full v6d 473-row); single-author paper WITHDRAWN at v6
euclid_q1_nisp,102021504_NEG664151473481313012,66.41514731280975,-48.1313012839126,confirmed_lens,"z_src=1.780 (v6d posterior MAP, 68%CI_w=1.79, FoF-Silver); z_def=0.848 (adopted, Euclid PHZ MODE_1 photo-z); z_def_nisp_v6d=0.326 (CaII-triplet posterior, 68%CI_w=0.00, FoF-Platinum); P(z_src>z_def)=0.96",grade=A;expert_score=2.395;votes=10,arXiv:2604.02726v5 appendix catalogue (Table: full v6d 473-row); single-author paper WITHDRAWN at v6
euclid_q1_nisp,102021504_NEG664270221479670737,66.42702212332838,-47.96707373847487,confirmed_lens,"z_src=2.516 (v6d posterior MAP, 68%CI_w=0.51, FoF-Gold); z_def=0.794 (adopted, Euclid PHZ MODE_1 photo-z); z_def_nisp_v6d=0.306 (CaII-triplet posterior, 68%CI_w=0.81, FoF-Silver); z_def_grizli=0.385; P(z_src>z_def)=1.00",grade=B;expert_score=1.744;votes=10,arXiv:2604.02726v5 appendix catalogue (Table: full v6d 473-row); single-author paper WITHDRAWN at v6
euclid_q1_nisp,102021504_NEG666846889481107505,66.6846889176653,-48.11075055876625,confirmed_lens,"z_src=1.736 (v6d posterior MAP, 68%CI_w=1.54, FoF-Gold); z_def=0.534 (adopted, Euclid PHZ MODE_1 photo-z); z_def_nisp_v6d=0.278 (CaII-triplet posterior, 68%CI_w=0.82, FoF-Bronze); z_def_grizli=0.920; P(z_src>z_def)=0.98",grade=A;expert_score=2.913;votes=10,arXiv:2604.02726v5 appendix catalogue (Table: full v6d 473-row); single-author paper WITHDRAWN at v6
euclid_q1_nisp,102021504_NEG667954670479292514,66.79546707520412,-47.92925147815606,inconclusive,"z_def=0.469 (adopted, Euclid PHZ MODE_1 photo-z)",grade=B;expert_score=1.610;votes=9,arXiv:2604.02726v5 appendix catalogue (Table: full v6d 473-row); single-author paper WITHDRAWN at v6
euclid_q1_nisp,102021504_NEG669028748480810029,66.90287483290972,-48.081002932370325,confirmed_lens,"z_src=2.768 (v6d posterior MAP, 68%CI_w=1.25, FoF-Gold); z_def=0.774 (adopted, Euclid PHZ MODE_1 photo-z); z_def_nisp_v6d=0.264 (CaII-triplet posterior, 68%CI_w=0.78, FoF-Silver); z_def_grizli=0.445; P(z_src>z_def)=0.99",grade=B;expert_score=1.823;votes=10,arXiv:2604.02726v5 appendix catalogue (Table: full v6d 473-row); single-author paper WITHDRAWN at v6
euclid_q1_nisp,102158580_2631644629651693582,263.16446299769245,65.16935824161169,inconclusive,"z_def=0.703 (adopted, Euclid PHZ MODE_1 photo-z); z_def_grizli=0.530",grade=B;expert_score=1.563;votes=10,arXiv:2604.02726v5 appendix catalogue (Table: full v6d 473-row); single-author paper WITHDRAWN at v6
euclid_q1_nisp,102159186_2631794504660304436,263.17945044356406,66.0304436122694,confirmed_lens,"z_src=2.512 (v6d posterior MAP, 68%CI_w=1.67, FoF-Silver); z_def=0.880 (adopted, Euclid PHZ MODE_1 photo-z); z_def_nisp_v6d=0.336 (CaII-triplet posterior, 68%CI_w=0.61, FoF-Gold); z_def_grizli=1.015; P(z_src>z_def)=1.00",grade=A;expert_score=2.044;votes=10,arXiv:2604.02726v5 appendix catalogue (Table: full v6d 473-row); single-author paper WITHDRAWN at v6
euclid_q1_nisp,102158885_2631975188656022964,263.19751881131816,65.60229648001264,confirmed_lens,"z_src=2.216 (v6d posterior MAP, 68%CI_w=1.17, FoF-Gold); z_def=0.786 (adopted, Euclid PHZ MODE_1 photo-z); z_def_nisp_v6d=0.310 (CaII-triplet posterior, 68%CI_w=0.83, FoF-Bronze); z_def_grizli=0.745; P(z_src>z_def)=0.98",grade=B;expert_score=1.697;votes=10,arXiv:2604.02726v5 appendix catalogue (Table: full v6d 473-row); single-author paper WITHDRAWN at v6
euclid_q1_nisp,102159186_2632387939662408264,263.23879390157254,66.24082642257652,inconclusive,"z_src=2.086 (v6d posterior MAP, 68%CI_w=0.71, FoF-Platinum); z_def_nisp_v6d=0.624 (CaII-triplet posterior, 68%CI_w=0.80, FoF-Silver); z_def_grizli=0.400; P(z_src>z_def)=1.00",grade=A;expert_score=2.103;votes=20,arXiv:2604.02726v5 appendix catalogue (Table: full v6d 473-row); single-author paper WITHDRAWN at v6
euclid_q1_nisp,102159481_2634849207665073829,263.48492071150446,66.50738290801786,confirmed_lens,"z_src=1.626 (v6d posterior MAP, 68%CI_w=1.54, FoF-Gold); z_def=0.814 (adopted, Euclid PHZ MODE_1 photo-z); z_def_nisp_v6d=0.366 (CaII-triplet posterior, 68%CI_w=0.00, FoF-Platinum); z_def_grizli=0.720; P(z_src>z_def)=0.98",grade=A;expert_score=2.292;votes=10,arXiv:2604.02726v5 appendix catalogue (Table: full v6d 473-row); single-author paper WITHDRAWN at v6
euclid_q1_nisp,102159481_2635212626663669301,263.5212626724271,66.36693014159633,confirmed_lens,"z_src=1.256 (v6d posterior MAP, 68%CI_w=1.56, FoF-Gold); z_def=0.490 (adopted, Euclid PHZ MODE_1 photo-z); z_def_nisp_v6d=0.286 (CaII-triplet posterior, 68%CI_w=0.70, FoF-Gold); z_def_grizli=0.390; P(z_src>z_def)=0.99",grade=A;expert_score=2.170;votes=10,arXiv:2604.02726v5 appendix catalogue (Table: full v6d 473-row); single-author paper WITHDRAWN at v6
euclid_q1_nisp,102159187_2638806679660192602,263.8806679557297,66.01926021464115,confirmed_lens,"z_src=2.128 (v6d posterior MAP, 68%CI_w=1.38, FoF-Gold); z_def=0.322 (adopted, Euclid PHZ MODE_1 photo-z); z_def_nisp_v6d=0.270 (CaII-triplet posterior, 68%CI_w=0.84, FoF-Bronze); z_def_grizli=0.520; P(z_src>z_def)=0.99",grade=B;expert_score=1.813;votes=7,arXiv:2604.02726v5 appendix catalogue (Table: full v6d 473-row); single-author paper WITHDRAWN at v6
euclid_q1_nisp,102159187_2639230520659765010,263.92305205053293,65.9765010372005,confirmed_lens,"z_src=2.406 (v6d posterior MAP, 68%CI_w=1.15, FoF-Gold); z_def=0.627 (adopted, Euclid PHZ MODE_1 photo-z); z_def_nisp_v6d=0.304 (CaII-triplet posterior, 68%CI_w=0.65, FoF-Gold); z_def_grizli=0.490; P(z_src>z_def)=1.00",grade=A;expert_score=2.177;votes=10,arXiv:2604.02726v5 appendix catalogue (Table: full v6d 473-row); single-author paper WITHDRAWN at v6
euclid_q1_nisp,102158886_2639435536653600933,263.94355360158056,65.3600933406733,confirmed_lens,"z_src=2.098 (v6d posterior MAP, 68%CI_w=1.20, FoF-Gold); z_def=0.436 (adopted, Euclid PHZ MODE_1 photo-z); z_def_nisp_v6d=0.376 (CaII-triplet posterior, 68%CI_w=0.83, FoF-Bronze); z_def_grizli=0.470; P(z_src>z_def)=0.98",grade=B;expert_score=1.990;votes=10,arXiv:2604.02726v5 appendix catalogue (Table: full v6d 473-row); single-author paper WITHDRAWN at v6
euclid_q1_nisp,102158886_2641867744653343162,264.1867744091848,65.33431624987132,confirmed_lens,"z_src=1.860 (v6d posterior MAP, 68%CI_w=0.36, FoF-Platinum); z_def=0.844 (adopted, Euclid PHZ MODE_1 photo-z); z_def_nisp_v6d=0.300 (CaII-triplet posterior, 68%CI_w=0.79, FoF-Silver); z_def_grizli=0.400; P(z_src>z_def)=1.00",grade=A;expert_score=2.139;votes=10,arXiv:2604.02726v5 appendix catalogue (Table: full v6d 473-row); single-author paper WITHDRAWN at v6
euclid_q1_nisp,102159482_2642474434666614156,264.24744342726655,66.66141563469942,confirmed_lens,"z_src=2.284 (v6d posterior MAP, 68%CI_w=0.67, FoF-Gold); z_def=0.733 (adopted, Euclid PHZ MODE_1 photo-z); z_def_nisp_v6d=0.454 (CaII-triplet posterior, 68%CI_w=0.84, FoF-Bronze); z_def_grizli=0.400; P(z_src>z_def)=0.99",grade=B;expert_score=1.585;votes=10,arXiv:2604.02726v5 appendix catalogue (Table: full v6d 473-row); single-author paper WITHDRAWN at v6
euclid_q1_nisp,102159771_2643073721671053537,264.3073721070583,67.10535370647938,confirmed_lens,"z_src=1.408 (v6d posterior MAP, 68%CI_w=0.00, FoF-Platinum); z_def=0.525 (adopted, Euclid PHZ MODE_1 photo-z); z_def_nisp_v6d=0.274 (CaII-triplet posterior, 68%CI_w=0.84, FoF-Bronze); z_def_grizli=0.530; P(z_src>z_def)=1.00",grade=B;expert_score=1.901;votes=10,arXiv:2604.02726v5 appendix catalogue (Table: full v6d 473-row); single-author paper WITHDRAWN at v6
euclid_q1_nisp,102159771_2645195528669074866,264.5195528461879,66.90748669071384,confirmed_lens,"z_src=2.240 (v6d posterior MAP, 68%CI_w=0.85, FoF-Platinum); z_def=0.691 (adopted, Euclid PHZ MODE_1 photo-z); z_def_nisp_v6d=0.300 (CaII-triplet posterior, 68%CI_w=0.67, FoF-Gold); z_def_grizli=0.560; P(z_src>z_def)=0.99",grade=B;expert_score=1.614;votes=10,arXiv:2604.02726v5 appendix catalogue (Table: full v6d 473-row); single-author paper WITHDRAWN at v6
euclid_q1_nisp,102159187_2645580164662468179,264.55801641779,66.24681799395167,inconclusive,"z_src=0.676 (v6d posterior MAP, 68%CI_w=1.36, FoF-Gold); z_def_nisp_v6d=0.316 (CaII-triplet posterior, 68%CI_w=0.00, FoF-Platinum); z_def_grizli=0.920; P(z_src>z_def)=0.98",grade=B;expert_score=1.587;votes=10,arXiv:2604.02726v5 appendix catalogue (Table: full v6d 473-row); single-author paper WITHDRAWN at v6
euclid_q1_nisp,102158887_2646461630654930628,264.64616303287295,65.49306284930077,confirmed_lens,"z_src=2.440 (v6d posterior MAP, 68%CI_w=1.16, FoF-Gold); z_def=0.488 (adopted, Euclid PHZ MODE_1 photo-z); z_def_nisp_v6d=0.332 (CaII-triplet posterior, 68%CI_w=0.83, FoF-Bronze); z_def_grizli=0.445; P(z_src>z_def)=0.99",grade=A;expert_score=3.121;votes=20,arXiv:2604.02726v5 appendix catalogue (Table: full v6d 473-row); single-author paper WITHDRAWN at v6
euclid_q1_nisp,102159187_2646504448657919965,264.6504448855512,65.79199651842181,confirmed_lens,"z_src=2.056 (v6d posterior MAP, 68%CI_w=0.56, FoF-Platinum); z_def=1.220 (adopted, Euclid PHZ MODE_1 photo-z); z_def_nisp_v6d=0.344 (CaII-triplet posterior, 68%CI_w=0.82, FoF-Silver); P(z_src>z_def)=1.00",grade=B;expert_score=1.632;votes=10,arXiv:2604.02726v5 appendix catalogue (Table: full v6d 473-row); single-author paper WITHDRAWN at v6
euclid_q1_nisp,102160055_2646891602674889078,264.68916020657315,67.48890780057275,inconclusive,"z_def=0.513 (adopted, Euclid PHZ MODE_1 photo-z); z_def_grizli=0.385",grade=B;expert_score=1.984;votes=10,arXiv:2604.02726v5 appendix catalogue (Table: full v6d 473-row); single-author paper WITHDRAWN at v6
euclid_q1_nisp,102158887_2648223419654261880,264.8223419828193,65.42618803638058,confirmed_lens,"z_src=2.066 (v6d posterior MAP, 68%CI_w=1.64, FoF-Silver); z_def=0.551 (adopted, Euclid PHZ MODE_1 photo-z); z_def_nisp_v6d=0.264 (CaII-triplet posterior, 68%CI_w=0.00, FoF-Platinum); z_def_grizli=1.020; P(z_src>z_def)=0.99",grade=A;expert_score=2.371;votes=10,arXiv:2604.02726v5 appendix catalogue (Table: full v6d 473-row); single-author paper WITHDRAWN at v6
euclid_q1_nisp,102158887_2651714354654861084,265.17143541344655,65.48610840340662,confirmed_lens,"z_src=1.772 (v6d posterior MAP, 68%CI_w=1.69, FoF-Silver); z_def=0.593 (adopted, Euclid PHZ MODE_1 photo-z); z_def_nisp_v6d=0.360 (CaII-triplet posterior, 68%CI_w=0.82, FoF-Silver); z_def_grizli=0.445; P(z_src>z_def)=0.95",grade=A;expert_score=2.691;votes=9,arXiv:2604.02726v5 appendix catalogue (Table: full v6d 473-row); single-author paper WITHDRAWN at v6
euclid_q1_nisp,102159188_2652763834658560044,265.27638346784005,65.85600442323606,confirmed_lens,"z_src=1.532 (v6d posterior MAP, 68%CI_w=1.34, FoF-Gold); z_def=0.151 (adopted, Euclid PHZ MODE_1 photo-z); z_def_nisp_v6d=0.642 (CaII-triplet posterior, 68%CI_w=0.59, FoF-Platinum); z_def_grizli=0.430; P(z_src>z_def)=0.94",grade=A;expert_score=2.085;votes=10,arXiv:2604.02726v5 appendix catalogue (Table: full v6d 473-row); single-author paper WITHDRAWN at v6
euclid_q1_nisp,outside_teymoor_saifollahi_3,265.364,67.255,confirmed_lens,"z_src=2.956 (v6d posterior MAP, 68%CI_w=1.38, FoF-Silver); z_def=0.338 (adopted, Euclid PHZ MODE_1 photo-z); z_def_nisp_v6d=0.980 (CaII-triplet posterior, 68%CI_w=0.00, FoF-Platinum); z_def_grizli=1.010; P(z_src>z_def)=0.77",grade=A;expert_score=3.061;votes=10,arXiv:2604.02726v5 appendix catalogue (Table: full v6d 473-row); single-author paper WITHDRAWN at v6
euclid_q1_nisp,102158887_2654129070655512593,265.41290700547484,65.55125935194354,inconclusive,"z_def=0.583 (adopted, Euclid PHZ MODE_1 photo-z); z_def_grizli=0.390",grade=A;expert_score=2.241;votes=10,arXiv:2604.02726v5 appendix catalogue (Table: full v6d 473-row); single-author paper WITHDRAWN at v6
euclid_q1_nisp,102158270_2654337786643538414,265.43377860339933,64.35384146804655,confirmed_lens,"z_src=2.078 (v6d posterior MAP, 68%CI_w=1.43, FoF-Gold); z_def=1.066 (adopted, Euclid PHZ MODE_1 photo-z); z_def_nisp_v6d=0.952 (CaII-triplet posterior, 68%CI_w=0.41, FoF-Platinum); z_def_grizli=0.560; P(z_src>z_def)=0.84",grade=A;expert_score=2.614;votes=10,arXiv:2604.02726v5 appendix catalogue (Table: full v6d 473-row); single-author paper WITHDRAWN at v6
euclid_q1_nisp,102159772_2654573101671251576,265.4573101116544,67.12515766401812,confirmed_lens,"z_src=2.340 (v6d posterior MAP, 68%CI_w=0.08, FoF-Platinum); z_def=0.569 (adopted, Euclid PHZ MODE_1 photo-z); z_def_nisp_v6d=0.298 (CaII-triplet posterior, 68%CI_w=0.82, FoF-Bronze); z_def_grizli=0.425; P(z_src>z_def)=1.00",grade=A;expert_score=2.067;votes=10,arXiv:2604.02726v5 appendix catalogue (Table: full v6d 473-row); single-author paper WITHDRAWN at v6
euclid_q1_nisp,102158887_2655306065654633189,265.5306065631984,65.46331893363914,confirmed_lens,"z_src=0.714 (v6d posterior MAP, 68%CI_w=1.72, FoF-Silver); z_def=0.012 (adopted, Euclid PHZ MODE_1 photo-z); z_def_nisp_v6d=0.496 (CaII-triplet posterior, 68%CI_w=0.02, FoF-Platinum); P(z_src>z_def)=0.91",grade=A;expert_score=2.814;votes=10,arXiv:2604.02726v5 appendix catalogue (Table: full v6d 473-row); single-author paper WITHDRAWN at v6
euclid_q1_nisp,102158887_2655528906655835262,265.55289065640727,65.5835262260394,confirmed_lens,"z_src=1.808 (v6d posterior MAP, 68%CI_w=1.07, FoF-Gold); z_def=0.600 (adopted, Euclid PHZ MODE_1 photo-z); z_def_nisp_v6d=1.052 (CaII-triplet posterior, 68%CI_w=0.50, FoF-Platinum); z_def_grizli=0.460; P(z_src>z_def)=0.89",grade=A;expert_score=2.242;votes=10,arXiv:2604.02726v5 appendix catalogue (Table: full v6d 473-row); single-author paper WITHDRAWN at v6
euclid_q1_nisp,102158582_2655753387652324244,265.57533878130045,65.23242440822226,confirmed_lens,"z_src=2.358 (v6d posterior MAP, 68%CI_w=1.67, FoF-Silver); z_def=0.755 (adopted, DESI DR1 spec-z); z_def_nisp_v6d=0.324 (CaII-triplet posterior, 68%CI_w=0.59, FoF-Platinum); z_def_grizli=0.550; P(z_src>z_def)=0.99",grade=B;expert_score=1.570;votes=9,arXiv:2604.02726v5 appendix catalogue (Table: full v6d 473-row); single-author paper WITHDRAWN at v6
euclid_q1_nisp,102158270_2656382386643695481,265.6382386693545,64.36954818386313,confirmed_lens,"z_src=2.206 (v6d posterior MAP, 68%CI_w=1.07, FoF-Gold); z_def=1.024 (adopted, Euclid PHZ MODE_1 photo-z); z_def_nisp_v6d=1.266 (CaII-triplet posterior, 68%CI_w=0.00, FoF-Platinum); z_def_grizli=0.540; P(z_src>z_def)=0.88",grade=B;expert_score=1.791;votes=10,arXiv:2604.02726v5 appendix catalogue (Table: full v6d 473-row); single-author paper WITHDRAWN at v6
euclid_q1_nisp,102158270_2656815066646473630,265.681506630342,64.64736309077054,confirmed_lens,"z_src=2.136 (v6d posterior MAP, 68%CI_w=0.81, FoF-Platinum); z_def=0.595 (adopted, Euclid PHZ MODE_1 photo-z); z_def_nisp_v6d=0.292 (CaII-triplet posterior, 68%CI_w=0.58, FoF-Platinum); z_def_grizli=0.725; P(z_src>z_def)=1.00",grade=A;expert_score=2.395;votes=10,arXiv:2604.02726v5 appendix catalogue (Table: full v6d 473-row); single-author paper WITHDRAWN at v6
euclid_q1_nisp,102159772_2657244795670716163,265.72447956578617,67.07161638988462,confirmed_lens,"z_src=2.236 (v6d posterior MAP, 68%CI_w=1.74, FoF-Silver); z_def=0.606 (adopted, Euclid PHZ MODE_1 photo-z); z_def_nisp_v6d=0.426 (CaII-triplet posterior, 68%CI_w=0.54, FoF-Platinum); z_def_grizli=0.950; P(z_src>z_def)=0.96",grade=A;expert_score=2.665;votes=12,arXiv:2604.02726v5 appendix catalogue (Table: full v6d 473-row); single-author paper WITHDRAWN at v6
euclid_q1_nisp,102158888_2657819747657129186,265.78197471779185,65.71291865956003,confirmed_lens,"z_src=1.662 (v6d posterior MAP, 68%CI_w=1.13, FoF-Silver); z_def=0.405 (adopted, DESI DR1 spec-z); z_def_nisp_v6d=1.210 (CaII-triplet posterior, 68%CI_w=0.51, FoF-Platinum); z_def_grizli=0.515; P(z_src>z_def)=0.74",grade=B;expert_score=1.744;votes=10,arXiv:2604.02726v5 appendix catalogue (Table: full v6d 473-row); single-author paper WITHDRAWN at v6
euclid_q1_nisp,102157952_2658211530641487553,265.8211530815124,64.14875539666241,inconclusive,"z_def=0.846 (adopted, Euclid PHZ MODE_1 photo-z)",grade=A;expert_score=2.815;votes=10,arXiv:2604.02726v5 appendix catalogue (Table: full v6d 473-row); single-author paper WITHDRAWN at v6
euclid_q1_nisp,102158888_2659467460657407372,265.9467460193917,65.7407372719755,confirmed_lens,"z_src=1.160 (v6d posterior MAP, 68%CI_w=1.48, FoF-Gold); z_def=0.315 (adopted, Euclid PHZ MODE_1 photo-z); z_def_nisp_v6d=1.038 (CaII-triplet posterior, 68%CI_w=0.00, FoF-Platinum); z_def_grizli=0.875; P(z_src>z_def)=0.97",grade=B;expert_score=1.645;votes=10,arXiv:2604.02726v5 appendix catalogue (Table: full v6d 473-row); single-author paper WITHDRAWN at v6
euclid_q1_nisp,102157629_2659727733636823810,265.9727733948663,63.68238103492873,confirmed_lens,"z_src=1.964 (v6d posterior MAP, 68%CI_w=1.29, FoF-Gold); z_def=0.557 (adopted, Euclid PHZ MODE_1 photo-z); z_def_nisp_v6d=0.288 (CaII-triplet posterior, 68%CI_w=0.73, FoF-Gold); z_def_grizli=1.070; P(z_src>z_def)=0.99",grade=B;expert_score=1.961;votes=10,arXiv:2604.02726v5 appendix catalogue (Table: full v6d 473-row); single-author paper WITHDRAWN at v6
euclid_q1_nisp,102158888_2659753895653871052,265.9753895280555,65.38710523882253,confirmed_lens,"z_src=1.694 (v6d posterior MAP, 68%CI_w=1.28, FoF-Gold); z_def=0.162 (adopted, Euclid PHZ MODE_1 photo-z); z_def_nisp_v6d=0.408 (CaII-triplet posterior, 68%CI_w=0.00, FoF-Platinum); z_def_grizli=0.435; P(z_src>z_def)=0.99",grade=B;expert_score=1.518;votes=10,arXiv:2604.02726v5 appendix catalogue (Table: full v6d 473-row); single-author paper WITHDRAWN at v6
euclid_q1_nisp,102159483_2659872799666371332,265.987279945432,66.63713320694595,confirmed_lens,"z_src=2.610 (v6d posterior MAP, 68%CI_w=0.91, FoF-Platinum); z_def=0.270 (adopted, DESI DR1 spec-z); z_def_nisp_v6d=0.278 (CaII-triplet posterior, 68%CI_w=0.34, FoF-Platinum); z_def_grizli=0.490; P(z_src>z_def)=1.00",grade=A;expert_score=2.566;votes=10,arXiv:2604.02726v5 appendix catalogue (Table: full v6d 473-row); single-author paper WITHDRAWN at v6
euclid_q1_nisp,102158270_2660101090644460436,266.0101090586714,64.44604369485799,confirmed_lens,"z_src=2.716 (v6d posterior MAP, 68%CI_w=1.58, FoF-Gold); z_def=0.010 (adopted, Euclid PHZ MODE_1 photo-z); z_def_nisp_v6d=0.642 (CaII-triplet posterior, 68%CI_w=0.03, FoF-Platinum); z_def_grizli=1.065; P(z_src>z_def)=0.89",grade=B;expert_score=1.798;votes=9,arXiv:2604.02726v5 appendix catalogue (Table: full v6d 473-row); single-author paper WITHDRAWN at v6
euclid_q1_nisp,102160334_2661812445678287733,266.181244507451,67.82877334896861,confirmed_lens,"z_src=2.386 (v6d posterior MAP, 68%CI_w=1.53, FoF-Gold); z_def=1.041 (adopted, Euclid PHZ MODE_1 photo-z); z_def_nisp_v6d=0.484 (CaII-triplet posterior, 68%CI_w=0.81, FoF-Silver); z_def_grizli=0.540; P(z_src>z_def)=0.96",grade=B;expert_score=1.663;votes=10,arXiv:2604.02726v5 appendix catalogue (Table: full v6d 473-row); single-author paper WITHDRAWN at v6
euclid_q1_nisp,102158270_2662527621645054682,266.25276217727634,64.5054682940064,confirmed_lens,"z_src=2.178 (v6d posterior MAP, 68%CI_w=1.61, FoF-Silver); z_def=0.734 (adopted, Euclid PHZ MODE_1 photo-z); z_def_nisp_v6d=0.272 (CaII-triplet posterior, 68%CI_w=0.83, FoF-Bronze); z_def_grizli=0.745; P(z_src>z_def)=0.98",grade=B;expert_score=1.518;votes=9,arXiv:2604.02726v5 appendix catalogue (Table: full v6d 473-row); single-author paper WITHDRAWN at v6
euclid_q1_nisp,102159772_2662654897671699728,266.2654897541963,67.16997281564578,confirmed_lens,"z_src=2.082 (v6d posterior MAP, 68%CI_w=1.57, FoF-Gold); z_def=0.725 (adopted, Euclid PHZ MODE_1 photo-z); z_def_nisp_v6d=0.276 (CaII-triplet posterior, 68%CI_w=0.79, FoF-Silver); z_def_grizli=0.455; P(z_src>z_def)=0.97",grade=B;expert_score=1.647;votes=8,arXiv:2604.02726v5 appendix catalogue (Table: full v6d 473-row); single-author paper WITHDRAWN at v6
euclid_q1_nisp,102159484_2663190959666793114,266.31909599320926,66.67931148084118,confirmed_lens,"z_src=2.240 (v6d posterior MAP, 68%CI_w=1.37, FoF-Gold); z_def=1.043 (adopted, Euclid PHZ MODE_1 photo-z); z_def_nisp_v6d=0.360 (CaII-triplet posterior, 68%CI_w=0.15, FoF-Platinum); z_def_grizli=0.925; P(z_src>z_def)=0.98",grade=A;expert_score=2.132;votes=9,arXiv:2604.02726v5 appendix catalogue (Table: full v6d 473-row); single-author paper WITHDRAWN at v6
euclid_q1_nisp,102159189_2663231466659368059,266.32314660184653,65.93680598259884,confirmed_lens,"z_src=2.454 (v6d posterior MAP, 68%CI_w=0.44, FoF-Platinum); z_def=0.609 (adopted, DESI DR1 spec-z); z_def_nisp_v6d=0.264 (CaII-triplet posterior, 68%CI_w=0.80, FoF-Silver); z_def_grizli=0.615; P(z_src>z_def)=1.00",grade=A;expert_score=3.010;votes=15,arXiv:2604.02726v5 appendix catalogue (Table: full v6d 473-row); single-author paper WITHDRAWN at v6
euclid_q1_nisp,102160056_2663488981675470136,266.3488981008601,67.54701363115285,confirmed_lens,"z_src=2.416 (v6d posterior MAP, 68%CI_w=1.23, FoF-Gold); z_def=0.509 (adopted, Euclid PHZ MODE_1 photo-z); z_def_nisp_v6d=0.318 (CaII-triplet posterior, 68%CI_w=0.84, FoF-Bronze); z_def_grizli=0.895; P(z_src>z_def)=0.99",grade=A;expert_score=2.010;votes=9,arXiv:2604.02726v5 appendix catalogue (Table: full v6d 473-row); single-author paper WITHDRAWN at v6
euclid_q1_nisp,102159484_2665581065664778853,266.55810653587696,66.47788537074143,confirmed_lens,"z_src=1.890 (v6d posterior MAP, 68%CI_w=0.83, FoF-Gold); z_def=0.626 (adopted, DESI DR1 spec-z); z_def_nisp_v6d=0.296 (CaII-triplet posterior, 68%CI_w=0.00, FoF-Platinum); z_def_grizli=0.380; P(z_src>z_def)=0.82",grade=B;expert_score=1.779;votes=9,arXiv:2604.02726v5 appendix catalogue (Table: full v6d 473-row); single-author paper WITHDRAWN at v6
euclid_q1_nisp,102157630_2665772836637102014,266.57728361767727,63.710201464734894,confirmed_lens,"z_src=1.936 (v6d posterior MAP, 68%CI_w=1.66, FoF-Silver); z_def=0.469 (adopted, Euclid PHZ MODE_1 photo-z); z_def_nisp_v6d=0.278 (CaII-triplet posterior, 68%CI_w=0.82, FoF-Bronze); z_def_grizli=0.565; P(z_src>z_def)=0.96",grade=A;expert_score=2.206;votes=11,arXiv:2604.02726v5 appendix catalogue (Table: full v6d 473-row); single-author paper WITHDRAWN at v6
euclid_q1_nisp,102160334_2665945112680410578,266.5945112890753,68.04105787642916,confirmed_lens,"z_src=2.252 (v6d posterior MAP, 68%CI_w=1.32, FoF-Gold); z_def=0.749 (adopted, Euclid PHZ MODE_1 photo-z); z_def_nisp_v6d=0.360 (CaII-triplet posterior, 68%CI_w=0.79, FoF-Silver); z_def_grizli=0.450; P(z_src>z_def)=0.96",grade=B;expert_score=1.789;votes=10,arXiv:2604.02726v5 appendix catalogue (Table: full v6d 473-row); single-author paper WITHDRAWN at v6
euclid_q1_nisp,102158888_2667434443654461269,266.7434443925532,65.44612692321355,confirmed_lens,"z_src=1.460 (v6d posterior MAP, 68%CI_w=1.31, FoF-Gold); z_def=0.812 (adopted, DESI DR1 spec-z); z_def_nisp_v6d=0.568 (CaII-triplet posterior, 68%CI_w=0.83, FoF-Bronze); z_def_grizli=0.395; P(z_src>z_def)=0.98",grade=A;expert_score=3.061;votes=13,arXiv:2604.02726v5 appendix catalogue (Table: full v6d 473-row); single-author paper WITHDRAWN at v6
euclid_q1_nisp,102159189_2667596748662187959,266.7596748105514,66.218795975012,confirmed_lens,"z_src=1.526 (v6d posterior MAP, 68%CI_w=0.88, FoF-Platinum); z_def=0.830 (adopted, DESI DR1 spec-z); z_def_nisp_v6d=0.332 (CaII-triplet posterior, 68%CI_w=0.84, FoF-Bronze); P(z_src>z_def)=1.00",grade=A;expert_score=2.404;votes=19,arXiv:2604.02726v5 appendix catalogue (Table: full v6d 473-row); single-author paper WITHDRAWN at v6
euclid_q1_nisp,102157953_2668203348640973901,266.8203348265631,64.09739011616426,confirmed_lens,"z_src=2.486 (v6d posterior MAP, 68%CI_w=0.52, FoF-Platinum); z_def=0.999 (adopted, Euclid PHZ MODE_1 photo-z); z_def_nisp_v6d=0.262 (CaII-triplet posterior, 68%CI_w=0.00, FoF-Platinum); z_def_grizli=0.875; P(z_src>z_def)=1.00",grade=B;expert_score=1.853;votes=10,arXiv:2604.02726v5 appendix catalogue (Table: full v6d 473-row); single-author paper WITHDRAWN at v6
euclid_q1_nisp,102157953_2668288172639391107,266.82881722844246,63.93911077986698,confirmed_lens,"z_src=1.830 (v6d posterior MAP, 68%CI_w=1.09, FoF-Gold); z_def=0.975 (adopted, Euclid PHZ MODE_1 photo-z); z_def_nisp_v6d=0.964 (CaII-triplet posterior, 68%CI_w=0.00, FoF-Platinum); z_def_grizli=0.855; P(z_src>z_def)=0.85",grade=A;expert_score=2.085;votes=10,arXiv:2604.02726v5 appendix catalogue (Table: full v6d 473-row); single-author paper WITHDRAWN at v6
euclid_q1_nisp,102158889_2668443415653707960,266.8443415141928,65.37079608035918,confirmed_lens,"z_src=1.998 (v6d posterior MAP, 68%CI_w=0.91, FoF-Gold); z_def=0.381 (adopted, Euclid PHZ MODE_1 photo-z); z_def_nisp_v6d=1.256 (CaII-triplet posterior, 68%CI_w=0.00, FoF-Platinum); z_def_grizli=0.635; P(z_src>z_def)=0.87",grade=B;expert_score=1.858;votes=8,arXiv:2604.02726v5 appendix catalogue (Table: full v6d 473-row); single-author paper WITHDRAWN at v6
euclid_q1_nisp,102159189_2669116606659806362,266.9116606222967,65.98063623573434,confirmed_lens,"z_src=2.720 (v6d posterior MAP, 68%CI_w=0.56, FoF-Platinum); z_def=0.299 (adopted, Euclid PHZ MODE_1 photo-z); z_def_nisp_v6d=0.366 (CaII-triplet posterior, 68%CI_w=0.83, FoF-Bronze); z_def_grizli=0.450; P(z_src>z_def)=1.00",grade=A;expert_score=2.163;votes=10,arXiv:2604.02726v5 appendix catalogue (Table: full v6d 473-row); single-author paper WITHDRAWN at v6
euclid_q1_nisp,102157953_2669397021640472384,266.9397021862729,64.04723848691526,confirmed_lens,"z_src=2.644 (v6d posterior MAP, 68%CI_w=1.47, FoF-Gold); z_def=0.536 (adopted, DESI DR1 spec-z); z_def_nisp_v6d=0.328 (CaII-triplet posterior, 68%CI_w=0.81, FoF-Silver); z_def_grizli=0.460; P(z_src>z_def)=0.98",grade=A;expert_score=2.998;votes=10,arXiv:2604.02726v5 appendix catalogue (Table: full v6d 473-row); single-author paper WITHDRAWN at v6
euclid_q1_nisp,102160057_2669613885677463506,266.96138852581646,67.74635067673377,non_lens,"z_src=0.784 (v6d posterior MAP, 68%CI_w=1.93, FoF-Bronze); z_def=0.790 (adopted, Euclid PHZ MODE_1 photo-z); z_def_nisp_v6d=0.296 (CaII-triplet posterior, 68%CI_w=0.00, FoF-Platinum); z_def_grizli=0.945; P(z_src>z_def)=0.92; fails paper physical-sanity check (z_src<=z_def MAP): same-z/projected/misID per paper Sec. FoF tiers",grade=B;expert_score=1.783;votes=10,arXiv:2604.02726v5 appendix catalogue (Table: full v6d 473-row); single-author paper WITHDRAWN at v6
euclid_q1_nisp,102159189_2669674055661286334,266.9674055993545,66.12863341360313,confirmed_lens,"z_src=1.722 (v6d posterior MAP, 68%CI_w=1.71, FoF-Silver); z_def=0.697 (adopted, DESI DR1 spec-z); z_def_nisp_v6d=0.690 (CaII-triplet posterior, 68%CI_w=0.35, FoF-Platinum); z_def_grizli=0.455; P(z_src>z_def)=0.79",grade=A;expert_score=2.244;votes=10,arXiv:2604.02726v5 appendix catalogue (Table: full v6d 473-row); single-author paper WITHDRAWN at v6
euclid_q1_nisp,102157953_2670994480641865653,267.0994480956625,64.18656538062261,confirmed_lens,"z_src=2.962 (v6d posterior MAP, 68%CI_w=0.98, FoF-Gold); z_def=0.419 (adopted, Euclid PHZ MODE_1 photo-z); z_def_nisp_v6d=0.464 (CaII-triplet posterior, 68%CI_w=0.51, FoF-Platinum); z_def_grizli=0.650; P(z_src>z_def)=1.00",grade=A;expert_score=2.484;votes=15,arXiv:2604.02726v5 appendix catalogue (Table: full v6d 473-row); single-author paper WITHDRAWN at v6
euclid_q1_nisp,102159773_2671366170672094055,267.13661707775447,67.20940554012809,confirmed_lens,"z_src=2.280 (v6d posterior MAP, 68%CI_w=0.62, FoF-Gold); z_def=0.547 (adopted, Euclid PHZ MODE_1 photo-z); z_def_nisp_v6d=0.270 (CaII-triplet posterior, 68%CI_w=0.82, FoF-Silver); z_def_grizli=0.435; P(z_src>z_def)=0.99",grade=B;expert_score=1.975;votes=10,arXiv:2604.02726v5 appendix catalogue (Table: full v6d 473-row); single-author paper WITHDRAWN at v6
euclid_q1_nisp,102158271_2672343829643151429,267.23438291261016,64.31514299489444,inconclusive,"z_def=0.867 (adopted, Euclid PHZ MODE_1 photo-z)",grade=A;expert_score=2.022;votes=9,arXiv:2604.02726v5 appendix catalogue (Table: full v6d 473-row); single-author paper WITHDRAWN at v6
euclid_q1_nisp,102160335_2672690861681717566,267.269086163563,68.17175669313491,confirmed_lens,"z_src=2.484 (v6d posterior MAP, 68%CI_w=1.25, FoF-Gold); z_def=0.982 (adopted, Euclid PHZ MODE_1 photo-z); z_def_nisp_v6d=0.258 (CaII-triplet posterior, 68%CI_w=0.82, FoF-Silver); z_def_grizli=0.390; P(z_src>z_def)=0.99",grade=B;expert_score=1.928;votes=10,arXiv:2604.02726v5 appendix catalogue (Table: full v6d 473-row); single-author paper WITHDRAWN at v6
euclid_q1_nisp,102160335_2672720281680709434,267.2720281605204,68.0709434252139,confirmed_lens,"z_src=2.290 (v6d posterior MAP, 68%CI_w=0.96, FoF-Platinum); z_def=0.697 (adopted, Euclid PHZ MODE_1 photo-z); z_def_nisp_v6d=0.332 (CaII-triplet posterior, 68%CI_w=0.73, FoF-Gold); z_def_grizli=0.525; P(z_src>z_def)=1.00",grade=B;expert_score=1.586;votes=10,arXiv:2604.02726v5 appendix catalogue (Table: full v6d 473-row); single-author paper WITHDRAWN at v6
euclid_q1_nisp,102158583_2672803654649962203,267.280365471512,64.99622031604929,confirmed_lens,"z_src=2.946 (v6d posterior MAP, 68%CI_w=1.72, FoF-Silver); z_def=0.480 (adopted, DESI DR1 spec-z); z_def_nisp_v6d=0.304 (CaII-triplet posterior, 68%CI_w=0.70, FoF-Gold); z_def_grizli=0.660; P(z_src>z_def)=1.00",grade=B;expert_score=1.987;votes=10,arXiv:2604.02726v5 appendix catalogue (Table: full v6d 473-row); single-author paper WITHDRAWN at v6
euclid_q1_nisp,102160335_2673678625680739495,267.367862556498,68.0739495146494,confirmed_lens,"z_src=2.124 (v6d posterior MAP, 68%CI_w=1.51, FoF-Gold); z_def=1.041 (adopted, Euclid PHZ MODE_1 photo-z); z_def_nisp_v6d=0.332 (CaII-triplet posterior, 68%CI_w=0.70, FoF-Gold); P(z_src>z_def)=0.98",grade=B;expert_score=1.503;votes=9,arXiv:2604.02726v5 appendix catalogue (Table: full v6d 473-row); single-author paper WITHDRAWN at v6
euclid_q1_nisp,102159773_2677079122669151496,267.70791227786816,66.91514966802278,confirmed_lens,"z_src=2.616 (v6d posterior MAP, 68%CI_w=1.49, FoF-Gold); z_def=0.384 (adopted, DESI DR1 spec-z); z_def_nisp_v6d=0.258 (CaII-triplet posterior, 68%CI_w=0.69, FoF-Gold); z_def_grizli=0.630; P(z_src>z_def)=0.98",grade=A;expert_score=3.011;votes=19,arXiv:2604.02726v5 appendix catalogue (Table: full v6d 473-row); single-author paper WITHDRAWN at v6
euclid_q1_nisp,102158889_2677624236654538082,267.762423658248,65.45380829154423,confirmed_lens,"z_src=1.848 (v6d posterior MAP, 68%CI_w=1.71, FoF-Silver); z_def=0.734 (adopted, DESI DR1 spec-z); z_def_nisp_v6d=0.260 (CaII-triplet posterior, 68%CI_w=0.75, FoF-Gold); z_def_grizli=0.875; P(z_src>z_def)=0.97",grade=A;expert_score=2.988;votes=17,arXiv:2604.02726v5 appendix catalogue (Table: full v6d 473-row); single-author paper WITHDRAWN at v6
euclid_q1_nisp,102157954_2677725526640039676,267.7725526627888,64.00396761991807,confirmed_lens,"z_src=2.192 (v6d posterior MAP, 68%CI_w=1.33, FoF-Gold); z_def=0.618 (adopted, Euclid PHZ MODE_1 photo-z); z_def_nisp_v6d=0.732 (CaII-triplet posterior, 68%CI_w=0.83, FoF-Bronze); z_def_grizli=0.760; P(z_src>z_def)=0.91",grade=B;expert_score=1.558;votes=10,arXiv:2604.02726v5 appendix catalogue (Table: full v6d 473-row); single-author paper WITHDRAWN at v6
euclid_q1_nisp,102158889_2677813028655307424,267.78130284070573,65.53074243100221,lens_z_only,"z_def=0.042 (adopted, DESI DR1 spec-z)",grade=A;expert_score=3.120;votes=10,arXiv:2604.02726v5 appendix catalogue (Table: full v6d 473-row); single-author paper WITHDRAWN at v6
euclid_q1_nisp,102158272_2678087036644598709,267.8087036964251,64.45987091477285,confirmed_lens,"z_src=2.638 (v6d posterior MAP, 68%CI_w=0.48, FoF-Platinum); z_def=0.826 (adopted, Euclid PHZ MODE_1 photo-z); z_def_nisp_v6d=0.282 (CaII-triplet posterior, 68%CI_w=0.78, FoF-Silver); z_def_grizli=0.490; P(z_src>z_def)=1.00",grade=A;expert_score=2.158;votes=10,arXiv:2604.02726v5 appendix catalogue (Table: full v6d 473-row); single-author paper WITHDRAWN at v6
euclid_q1_nisp,102157954_2678629431639725549,267.86294315834544,63.972554932473166,confirmed_lens,"z_src=1.706 (v6d posterior MAP, 68%CI_w=1.36, FoF-Gold); z_def=0.416 (adopted, Euclid PHZ MODE_1 photo-z); z_def_nisp_v6d=0.656 (CaII-triplet posterior, 68%CI_w=0.84, FoF-Bronze); z_def_grizli=1.045; P(z_src>z_def)=0.95",grade=A;expert_score=2.032;votes=10,arXiv:2604.02726v5 appendix catalogue (Table: full v6d 473-row); single-author paper WITHDRAWN at v6
euclid_q1_nisp,102160057_2679227916675153944,267.92279169780943,67.51539448302714,confirmed_lens,"z_src=2.136 (v6d posterior MAP, 68%CI_w=1.58, FoF-Gold); z_def=0.667 (adopted, Euclid PHZ MODE_1 photo-z); z_def_nisp_v6d=0.260 (CaII-triplet posterior, 68%CI_w=0.84, FoF-Bronze); z_def_grizli=0.400; P(z_src>z_def)=0.98",grade=B;expert_score=1.713;votes=10,arXiv:2604.02726v5 appendix catalogue (Table: full v6d 473-row); single-author paper WITHDRAWN at v6
euclid_q1_nisp,102157954_2679576312639125362,267.95763121804384,63.9125362457922,confirmed_lens,"z_src=0.628 (v6d posterior MAP, 68%CI_w=1.83, FoF-Bronze); z_def=0.327 (adopted, DESI DR1 spec-z); z_def_nisp_v6d=0.272 (CaII-triplet posterior, 68%CI_w=0.79, FoF-Silver); z_def_grizli=0.410; P(z_src>z_def)=0.92",grade=A;expert_score=2.108;votes=10,arXiv:2604.02726v5 appendix catalogue (Table: full v6d 473-row); single-author paper WITHDRAWN at v6
euclid_q1_nisp,102158890_2680242082656735280,268.024208255704,65.6735280308199,confirmed_lens,"z_src=2.208 (v6d posterior MAP, 68%CI_w=1.53, FoF-Gold); z_def=0.484 (adopted, DESI DR1 spec-z); z_def_nisp_v6d=0.446 (CaII-triplet posterior, 68%CI_w=0.84, FoF-Bronze); z_def_grizli=1.020; P(z_src>z_def)=0.94",grade=B;expert_score=1.631;votes=9,arXiv:2604.02726v5 appendix catalogue (Table: full v6d 473-row); single-author paper WITHDRAWN at v6
euclid_q1_nisp,102160335_2680788986678866937,268.07889868386127,67.88669371076048,inconclusive,"z_def=1.025 (adopted, Euclid PHZ MODE_1 photo-z); z_def_grizli=0.650",grade=B;expert_score=1.554;votes=10,arXiv:2604.02726v5 appendix catalogue (Table: full v6d 473-row); single-author paper WITHDRAWN at v6
euclid_q1_nisp,102159485_2680932712664697516,268.093271296963,66.46975163883475,confirmed_lens,"z_src=1.556 (v6d posterior MAP, 68%CI_w=1.09, FoF-Gold); z_def=0.279 (adopted, DESI DR1 spec-z); z_def_nisp_v6d=1.022 (CaII-triplet posterior, 68%CI_w=0.68, FoF-Gold); P(z_src>z_def)=0.94",grade=B;expert_score=1.533;votes=9,arXiv:2604.02726v5 appendix catalogue (Table: full v6d 473-row); single-author paper WITHDRAWN at v6
euclid_q1_nisp,102159485_2681289316665353959,268.1289316574225,66.53539596729244,confirmed_lens,"z_src=1.744 (v6d posterior MAP, 68%CI_w=1.53, FoF-Gold); z_def=0.411 (adopted, Euclid PHZ MODE_1 photo-z); z_def_nisp_v6d=0.532 (CaII-triplet posterior, 68%CI_w=0.78, FoF-Silver); z_def_grizli=0.680; P(z_src>z_def)=0.96",grade=B;expert_score=1.610;votes=9,arXiv:2604.02726v5 appendix catalogue (Table: full v6d 473-row); single-author paper WITHDRAWN at v6
euclid_q1_nisp,102160335_2682061397679348286,268.20613979827726,67.93482862722318,inconclusive,"z_def=0.751 (adopted, Euclid PHZ MODE_1 photo-z)",grade=A;expert_score=2.331;votes=11,arXiv:2604.02726v5 appendix catalogue (Table: full v6d 473-row); single-author paper WITHDRAWN at v6
euclid_q1_nisp,102159191_2683342191661471471,268.3342191477879,66.14714712381733,confirmed_lens,"z_src=2.310 (v6d posterior MAP, 68%CI_w=1.12, FoF-Gold); z_def=0.082 (adopted, Euclid PHZ MODE_1 photo-z); z_def_nisp_v6d=0.624 (CaII-triplet posterior, 68%CI_w=0.00, FoF-Platinum); z_def_grizli=0.735; P(z_src>z_def)=0.98",grade=B;expert_score=1.558;votes=10,arXiv:2604.02726v5 appendix catalogue (Table: full v6d 473-row); single-author paper WITHDRAWN at v6
euclid_q1_nisp,102158890_2683357136652678772,268.3357136809144,65.26787725606941,confirmed_lens,"z_src=2.640 (v6d posterior MAP, 68%CI_w=1.00, FoF-Platinum); z_def=0.592 (adopted, Euclid PHZ MODE_1 photo-z); z_def_nisp_v6d=0.278 (CaII-triplet posterior, 68%CI_w=0.78, FoF-Silver); z_def_grizli=0.400; P(z_src>z_def)=1.00",grade=A;expert_score=2.521;votes=10,arXiv:2604.02726v5 appendix catalogue (Table: full v6d 473-row); single-author paper WITHDRAWN at v6
euclid_q1_nisp,102158272_2683555203642954376,268.3555203318142,64.29543764195286,confirmed_lens,"z_src=1.630 (v6d posterior MAP, 68%CI_w=1.62, FoF-Silver); z_def=0.726 (adopted, Euclid PHZ MODE_1 photo-z); z_def_nisp_v6d=0.424 (CaII-triplet posterior, 68%CI_w=0.79, FoF-Silver); z_def_grizli=0.530; P(z_src>z_def)=0.94",grade=A;expert_score=2.244;votes=10,arXiv:2604.02726v5 appendix catalogue (Table: full v6d 473-row); single-author paper WITHDRAWN at v6
euclid_q1_nisp,102160058_2684023754674529862,268.40237540723274,67.45298620006291,confirmed_lens,"z_src=1.754 (v6d posterior MAP, 68%CI_w=1.12, FoF-Gold); z_def=0.615 (adopted, Euclid PHZ MODE_1 photo-z); z_def_nisp_v6d=0.334 (CaII-triplet posterior, 68%CI_w=0.82, FoF-Bronze); z_def_grizli=0.580; P(z_src>z_def)=0.99",grade=B;expert_score=1.732;votes=10,arXiv:2604.02726v5 appendix catalogue (Table: full v6d 473-row); single-author paper WITHDRAWN at v6
euclid_q1_nisp,102160607_2684058176685650370,268.4058176178527,68.56503705310696,confirmed_lens,"z_src=1.976 (v6d posterior MAP, 68%CI_w=1.49, FoF-Gold); z_def=0.908 (adopted, Euclid PHZ MODE_1 photo-z); z_def_nisp_v6d=0.304 (CaII-triplet posterior, 68%CI_w=0.15, FoF-Platinum); P(z_src>z_def)=0.99",grade=B;expert_score=1.954;votes=10,arXiv:2604.02726v5 appendix catalogue (Table: full v6d 473-row); single-author paper WITHDRAWN at v6
euclid_q1_nisp,102157955_2685490710638126805,268.54907109955803,63.81268052480853,confirmed_lens,"z_src=2.254 (v6d posterior MAP, 68%CI_w=1.42, FoF-Gold); z_def=0.723 (adopted, DESI DR1 spec-z); z_def_nisp_v6d=0.382 (CaII-triplet posterior, 68%CI_w=0.83, FoF-Bronze); z_def_grizli=0.770; P(z_src>z_def)=0.99",grade=A;expert_score=2.172;votes=17,arXiv:2604.02726v5 appendix catalogue (Table: full v6d 473-row); single-author paper WITHDRAWN at v6
euclid_q1_nisp,102160607_2685509147685729039,268.5509147155565,68.5729039546238,confirmed_lens,"z_src=1.798 (v6d posterior MAP, 68%CI_w=1.19, FoF-Bronze); z_def=0.288 (adopted, Euclid PHZ MODE_1 photo-z); z_def_nisp_v6d=1.248 (CaII-triplet posterior, 68%CI_w=0.38, FoF-Platinum); z_def_grizli=0.475; P(z_src>z_def)=0.32",grade=B;expert_score=1.591;votes=9,arXiv:2604.02726v5 appendix catalogue (Table: full v6d 473-row); single-author paper WITHDRAWN at v6
euclid_q1_nisp,102158272_2685730342643470690,268.5730342815341,64.34706905219893,inconclusive,"z_src=2.820 (v6d posterior MAP, 68%CI_w=1.38, FoF-Gold); z_def_nisp_v6d=0.272 (CaII-triplet posterior, 68%CI_w=0.82, FoF-Silver); z_def_grizli=0.515; P(z_src>z_def)=0.99",grade=B;expert_score=1.610;votes=9,arXiv:2604.02726v5 appendix catalogue (Table: full v6d 473-row); single-author paper WITHDRAWN at v6
euclid_q1_nisp,102159191_2686897092659972714,268.68970920939927,65.9972714327098,inconclusive,"z_def=0.835 (adopted, Euclid PHZ MODE_1 photo-z)",grade=B;expert_score=1.507;votes=10,arXiv:2604.02726v5 appendix catalogue (Table: full v6d 473-row); single-author paper WITHDRAWN at v6
euclid_q1_nisp,102158584_2687900321650859511,268.79003210743605,65.08595110358115,confirmed_lens,"z_src=1.256 (v6d posterior MAP, 68%CI_w=0.00, FoF-Platinum); z_def=0.933 (adopted, DESI DR1 spec-z); z_def_nisp_v6d=0.334 (CaII-triplet posterior, 68%CI_w=0.80, FoF-Silver); z_def_grizli=0.380; P(z_src>z_def)=1.00",grade=A;expert_score=3.158;votes=17,arXiv:2604.02726v5 appendix catalogue (Table: full v6d 473-row); single-author paper WITHDRAWN at v6
euclid_q1_nisp,102158584_2687970439648743491,268.797043967054,64.87434919733515,confirmed_lens,"z_src=1.768 (v6d posterior MAP, 68%CI_w=1.51, FoF-Gold); z_def=0.555 (adopted, Euclid PHZ MODE_1 photo-z); z_def_nisp_v6d=0.484 (CaII-triplet posterior, 68%CI_w=0.00, FoF-Platinum); z_def_grizli=0.875; P(z_src>z_def)=0.96",grade=B;expert_score=1.573;votes=10,arXiv:2604.02726v5 appendix catalogue (Table: full v6d 473-row); single-author paper WITHDRAWN at v6
euclid_q1_nisp,102158584_2688054361648826754,268.80543613154765,64.88267549138783,confirmed_lens,"z_src=1.338 (v6d posterior MAP, 68%CI_w=1.30, FoF-Gold); z_def=0.595 (adopted, Euclid PHZ MODE_1 photo-z); z_def_nisp_v6d=1.134 (CaII-triplet posterior, 68%CI_w=0.84, FoF-Bronze); z_def_grizli=0.765; P(z_src>z_def)=0.87",grade=B;expert_score=1.710;votes=9,arXiv:2604.02726v5 appendix catalogue (Table: full v6d 473-row); single-author paper WITHDRAWN at v6
euclid_q1_nisp,102158584_2688149271647967093,268.8149271987569,64.79670930779008,confirmed_lens,"z_src=2.010 (v6d posterior MAP, 68%CI_w=1.61, FoF-Silver); z_def=0.598 (adopted, Euclid PHZ MODE_1 photo-z); z_def_nisp_v6d=0.472 (CaII-triplet posterior, 68%CI_w=0.34, FoF-Platinum); z_def_grizli=0.875; P(z_src>z_def)=0.76",grade=A;expert_score=2.216;votes=9,arXiv:2604.02726v5 appendix catalogue (Table: full v6d 473-row); single-author paper WITHDRAWN at v6
euclid_q1_nisp,102157955_2689800257639551890,268.9800257836048,63.955189029991246,confirmed_lens,"z_src=2.848 (v6d posterior MAP, 68%CI_w=1.53, FoF-Gold); z_def=0.326 (adopted, DESI DR1 spec-z); z_def_nisp_v6d=0.356 (CaII-triplet posterior, 68%CI_w=0.00, FoF-Platinum); z_def_grizli=0.515; P(z_src>z_def)=0.98",grade=A;expert_score=2.258;votes=10,arXiv:2604.02726v5 appendix catalogue (Table: full v6d 473-row); single-author paper WITHDRAWN at v6
euclid_q1_nisp,102160058_2689874038672725438,268.9874038838035,67.27254384085201,confirmed_lens,"z_src=2.092 (v6d posterior MAP, 68%CI_w=1.61, FoF-Silver); z_def=0.564 (adopted, Euclid PHZ MODE_1 photo-z); z_def_nisp_v6d=0.380 (CaII-triplet posterior, 68%CI_w=0.84, FoF-Bronze); z_def_grizli=0.645; P(z_src>z_def)=0.96",grade=B;expert_score=1.654;votes=10,arXiv:2604.02726v5 appendix catalogue (Table: full v6d 473-row); single-author paper WITHDRAWN at v6
euclid_q1_nisp,102160058_2690177088672937227,269.01770880905895,67.29372273099628,lens_z_only,"z_def=0.694 (adopted, DESI DR1 spec-z)",grade=B;expert_score=1.617;votes=9,arXiv:2604.02726v5 appendix catalogue (Table: full v6d 473-row); single-author paper WITHDRAWN at v6
euclid_q1_nisp,102158585_2690666515648268601,269.0666515554563,64.82686014026385,confirmed_lens,"z_src=1.948 (v6d posterior MAP, 68%CI_w=1.54, FoF-Gold); z_def=0.364 (adopted, DESI DR1 spec-z); z_def_nisp_v6d=0.314 (CaII-triplet posterior, 68%CI_w=0.00, FoF-Platinum); z_def_grizli=0.450; P(z_src>z_def)=0.99",grade=A;expert_score=2.010;votes=9,arXiv:2604.02726v5 appendix catalogue (Table: full v6d 473-row); single-author paper WITHDRAWN at v6
euclid_q1_nisp,102159486_2691200739666476860,269.1200739576987,66.64768602598777,confirmed_lens,"z_src=0.714 (v6d posterior MAP, 68%CI_w=1.96, FoF-Bronze); z_def=0.591 (adopted, Euclid PHZ MODE_1 photo-z); z_def_nisp_v6d=0.296 (CaII-triplet posterior, 68%CI_w=0.83, FoF-Bronze); z_def_grizli=0.610; P(z_src>z_def)=1.00",grade=A;expert_score=2.004;votes=11,arXiv:2604.02726v5 appendix catalogue (Table: full v6d 473-row); single-author paper WITHDRAWN at v6
euclid_q1_nisp,102157632_2691754663635937458,269.1754663378086,63.59374584927868,lens_z_only,"z_def=0.781 (adopted, DESI DR1 spec-z); z_def_grizli=0.515",grade=B;expert_score=1.819;votes=10,arXiv:2604.02726v5 appendix catalogue (Table: full v6d 473-row); single-author paper WITHDRAWN at v6
euclid_q1_nisp,102160336_2694549514678142483,269.454951470646,67.81424836837486,lens_z_only,"z_def=0.698 (adopted, DESI DR1 spec-z); z_def_grizli=0.945",grade=A;expert_score=2.944;votes=18,arXiv:2604.02726v5 appendix catalogue (Table: full v6d 473-row); single-author paper WITHDRAWN at v6
euclid_q1_nisp,102158585_2694958058650832108,269.4958058244813,65.083210840253,confirmed_lens,"z_src=2.930 (v6d posterior MAP, 68%CI_w=1.57, FoF-Gold); z_def=0.512 (adopted, Euclid PHZ MODE_1 photo-z); z_def_nisp_v6d=0.338 (CaII-triplet posterior, 68%CI_w=0.83, FoF-Bronze); P(z_src>z_def)=1.00",grade=B;expert_score=1.950;votes=8,arXiv:2604.02726v5 appendix catalogue (Table: full v6d 473-row); single-author paper WITHDRAWN at v6
euclid_q1_nisp,102157956_2695046853638479184,269.50468537766204,63.84791845246926,confirmed_lens,"z_src=1.874 (v6d posterior MAP, 68%CI_w=1.27, FoF-Gold); z_def=0.728 (adopted, DESI DR1 spec-z); z_def_nisp_v6d=0.524 (CaII-triplet posterior, 68%CI_w=0.83, FoF-Bronze); z_def_grizli=0.525; P(z_src>z_def)=0.98",grade=B;expert_score=1.576;votes=10,arXiv:2604.02726v5 appendix catalogue (Table: full v6d 473-row); single-author paper WITHDRAWN at v6
euclid_q1_nisp,102159192_2695197869661844158,269.5197869860399,66.18441585056613,non_lens,"z_src=0.754 (v6d posterior MAP, 68%CI_w=1.82, FoF-Bronze); z_def=0.917 (adopted, DESI DR1 spec-z); z_def_nisp_v6d=0.292 (CaII-triplet posterior, 68%CI_w=0.00, FoF-Platinum); z_def_grizli=0.875; P(z_src>z_def)=0.99; fails paper physical-sanity check (z_src<=z_def MAP): same-z/projected/misID per paper Sec. FoF tiers",grade=A;expert_score=2.023;votes=10,arXiv:2604.02726v5 appendix catalogue (Table: full v6d 473-row); single-author paper WITHDRAWN at v6
euclid_q1_nisp,102159486_2695397736666928563,269.5397736070413,66.69285635133348,confirmed_lens,"z_src=1.696 (v6d posterior MAP, 68%CI_w=1.55, FoF-Gold); z_def=0.445 (adopted, DESI DR1 spec-z); z_def_nisp_v6d=0.280 (CaII-triplet posterior, 68%CI_w=0.83, FoF-Bronze); z_def_grizli=0.395; P(z_src>z_def)=0.94",grade=A;expert_score=2.344;votes=10,arXiv:2604.02726v5 appendix catalogue (Table: full v6d 473-row); single-author paper WITHDRAWN at v6
euclid_q1_nisp,102160336_2695945753681853613,269.59457532951967,68.18536135682035,confirmed_lens,"z_src=2.746 (v6d posterior MAP, 68%CI_w=1.53, FoF-Gold); z_def=1.045 (adopted, Euclid PHZ MODE_1 photo-z); z_def_nisp_v6d=0.354 (CaII-triplet posterior, 68%CI_w=0.42, FoF-Platinum); z_def_grizli=0.525; P(z_src>z_def)=0.97",grade=A;expert_score=2.867;votes=10,arXiv:2604.02726v5 appendix catalogue (Table: full v6d 473-row); single-author paper WITHDRAWN at v6
euclid_q1_nisp,102158273_2697192667642722765,269.7192667017294,64.27227651525557,inconclusive,"z_src=2.370 (v6d posterior MAP, 68%CI_w=1.87, FoF-Bronze); z_def_nisp_v6d=0.334 (CaII-triplet posterior, 68%CI_w=0.00, FoF-Platinum); z_def_grizli=0.525; P(z_src>z_def)=0.98",grade=A;expert_score=2.118;votes=9,arXiv:2604.02726v5 appendix catalogue (Table: full v6d 473-row); single-author paper WITHDRAWN at v6
euclid_q1_nisp,102160059_2697821071675011270,269.7821071015082,67.50112703615102,confirmed_lens,"z_src=2.284 (v6d posterior MAP, 68%CI_w=1.29, FoF-Gold); z_def=0.980 (adopted, DESI DR1 spec-z); z_def_nisp_v6d=1.006 (CaII-triplet posterior, 68%CI_w=0.63, FoF-Gold); z_def_grizli=0.520; P(z_src>z_def)=0.80",grade=B;expert_score=1.537;votes=10,arXiv:2604.02726v5 appendix catalogue (Table: full v6d 473-row); single-author paper WITHDRAWN at v6
euclid_q1_nisp,102158891_2698899135652599785,269.8899135840037,65.2599785081468,confirmed_lens,"z_src=2.062 (v6d posterior MAP, 68%CI_w=1.72, FoF-Silver); z_def=0.555 (adopted, DESI DR1 spec-z); z_def_nisp_v6d=0.308 (CaII-triplet posterior, 68%CI_w=0.18, FoF-Platinum); z_def_grizli=0.695; P(z_src>z_def)=0.96",grade=A;expert_score=2.032;votes=9,arXiv:2604.02726v5 appendix catalogue (Table: full v6d 473-row); single-author paper WITHDRAWN at v6
euclid_q1_nisp,102159192_2699004780662092340,269.9004780925334,66.2092340860312,confirmed_lens,"z_src=1.220 (v6d posterior MAP, 68%CI_w=1.48, FoF-Gold); z_def=0.500 (adopted, Euclid PHZ MODE_1 photo-z); z_def_nisp_v6d=0.278 (CaII-triplet posterior, 68%CI_w=0.00, FoF-Platinum); z_def_grizli=0.410; P(z_src>z_def)=0.99",grade=A;expert_score=2.752;votes=10,arXiv:2604.02726v5 appendix catalogue (Table: full v6d 473-row); single-author paper WITHDRAWN at v6
euclid_q1_nisp,102158891_2699896914654311553,269.98969140340046,65.43115534265293,confirmed_lens,"z_src=1.464 (v6d posterior MAP, 68%CI_w=1.11, FoF-Gold); z_def=0.481 (adopted, Euclid PHZ MODE_1 photo-z); z_def_nisp_v6d=0.540 (CaII-triplet posterior, 68%CI_w=0.79, FoF-Silver); z_def_grizli=0.820; P(z_src>z_def)=0.86",grade=A;expert_score=2.881;votes=18,arXiv:2604.02726v5 appendix catalogue (Table: full v6d 473-row); single-author paper WITHDRAWN at v6
euclid_q1_nisp,102160337_2700171490680496942,270.01714901079066,68.04969420417832,confirmed_lens,"z_src=2.238 (v6d posterior MAP, 68%CI_w=0.95, FoF-Platinum); z_def=0.720 (adopted, Euclid PHZ MODE_1 photo-z); z_def_nisp_v6d=0.494 (CaII-triplet posterior, 68%CI_w=0.80, FoF-Silver); z_def_grizli=0.830; P(z_src>z_def)=0.99",grade=B;expert_score=1.549;votes=8,arXiv:2604.02726v5 appendix catalogue (Table: full v6d 473-row); single-author paper WITHDRAWN at v6
euclid_q1_nisp,102157956_2700546205640397835,270.0546205082691,64.0397835666413,confirmed_lens,"z_src=1.654 (v6d posterior MAP, 68%CI_w=1.61, FoF-Silver); z_def=0.933 (adopted, DESI DR1 spec-z); z_def_nisp_v6d=0.262 (CaII-triplet posterior, 68%CI_w=0.98, FoF-Bronze); z_def_grizli=0.810; P(z_src>z_def)=0.98",grade=A;expert_score=2.342;votes=9,arXiv:2604.02726v5 appendix catalogue (Table: full v6d 473-row); single-author paper WITHDRAWN at v6
euclid_q1_nisp,102158891_2700857611652676803,270.0857611762812,65.26768037561399,inconclusive,"z_def=0.842 (adopted, Euclid PHZ MODE_1 photo-z); z_def_grizli=0.660",grade=A;expert_score=2.728;votes=10,arXiv:2604.02726v5 appendix catalogue (Table: full v6d 473-row); single-author paper WITHDRAWN at v6
euclid_q1_nisp,102160337_2701254133678933511,270.1254133752072,67.89335117440586,confirmed_lens,"z_src=1.770 (v6d posterior MAP, 68%CI_w=1.65, FoF-Silver); z_def=0.514 (adopted, Euclid PHZ MODE_1 photo-z); z_def_nisp_v6d=0.354 (CaII-triplet posterior, 68%CI_w=0.82, FoF-Silver); z_def_grizli=0.380; P(z_src>z_def)=0.95",grade=A;expert_score=2.271;votes=17,arXiv:2604.02726v5 appendix catalogue (Table: full v6d 473-row); single-author paper WITHDRAWN at v6
euclid_q1_nisp,102157633_2702499990636559109,270.2499990023647,63.655910974510576,inconclusive,"z_def=0.513 (adopted, Euclid PHZ MODE_1 photo-z); z_def_grizli=0.450",grade=B;expert_score=1.510;votes=9,arXiv:2604.02726v5 appendix catalogue (Table: full v6d 473-row); single-author paper WITHDRAWN at v6
euclid_q1_nisp,102159487_2702648437664620342,270.264843798001,66.46203422228521,confirmed_lens,"z_src=2.450 (v6d posterior MAP, 68%CI_w=1.42, FoF-Gold); z_def=0.672 (adopted, DESI DR1 spec-z); z_def_nisp_v6d=0.620 (CaII-triplet posterior, 68%CI_w=0.84, FoF-Bronze); z_def_grizli=0.875; P(z_src>z_def)=0.80",grade=A;expert_score=2.383;votes=10,arXiv:2604.02726v5 appendix catalogue (Table: full v6d 473-row); single-author paper WITHDRAWN at v6
euclid_q1_nisp,102160337_2702871940682411776,270.2871940683188,68.24117762107761,inconclusive,"z_src=2.138 (v6d posterior MAP, 68%CI_w=1.62, FoF-Silver); z_def_nisp_v6d=0.454 (CaII-triplet posterior, 68%CI_w=0.00, FoF-Platinum); z_def_grizli=0.750; P(z_src>z_def)=0.96",grade=B;expert_score=1.660;votes=10,arXiv:2604.02726v5 appendix catalogue (Table: full v6d 473-row); single-author paper WITHDRAWN at v6
euclid_q1_nisp,102158892_2703681011657269406,270.368101176438,65.7269406739178,confirmed_lens,"z_src=1.930 (v6d posterior MAP, 68%CI_w=1.54, FoF-Gold); z_def=0.689 (adopted, DESI DR1 spec-z); z_def_nisp_v6d=0.642 (CaII-triplet posterior, 68%CI_w=0.34, FoF-Platinum); z_def_grizli=0.875; P(z_src>z_def)=0.87",grade=A;expert_score=2.399;votes=10,arXiv:2604.02726v5 appendix catalogue (Table: full v6d 473-row); single-author paper WITHDRAWN at v6
euclid_q1_nisp,102160337_2703837081680486960,270.38370813689005,68.0486960259951,confirmed_lens,"z_src=1.804 (v6d posterior MAP, 68%CI_w=1.20, FoF-Gold); z_def=0.450 (adopted, Euclid PHZ MODE_1 photo-z); z_def_nisp_v6d=0.370 (CaII-triplet posterior, 68%CI_w=0.82, FoF-Bronze); z_def_grizli=0.520; P(z_src>z_def)=0.98",grade=B;expert_score=1.823;votes=10,arXiv:2604.02726v5 appendix catalogue (Table: full v6d 473-row); single-author paper WITHDRAWN at v6
euclid_q1_nisp,102158892_2703838311654309323,270.383831154244,65.43093239635579,confirmed_lens,"z_src=2.458 (v6d posterior MAP, 68%CI_w=0.18, FoF-Platinum); z_def=0.420 (adopted, DESI DR1 spec-z); z_def_nisp_v6d=0.346 (CaII-triplet posterior, 68%CI_w=0.84, FoF-Bronze); z_def_grizli=1.070; P(z_src>z_def)=1.00",grade=B;expert_score=1.736;votes=10,arXiv:2604.02726v5 appendix catalogue (Table: full v6d 473-row); single-author paper WITHDRAWN at v6
euclid_q1_nisp,102158892_2704470582654415692,270.44705826038404,65.4415692078126,confirmed_lens,"z_src=2.148 (v6d posterior MAP, 68%CI_w=1.62, FoF-Silver); z_def=0.364 (adopted, DESI DR1 spec-z); z_def_nisp_v6d=0.346 (CaII-triplet posterior, 68%CI_w=0.84, FoF-Bronze); z_def_grizli=0.660; P(z_src>z_def)=0.98",grade=A;expert_score=2.488;votes=10,arXiv:2604.02726v5 appendix catalogue (Table: full v6d 473-row); single-author paper WITHDRAWN at v6
euclid_q1_nisp,102157956_2704655017641535458,270.4655017057284,64.15354585385174,confirmed_lens,"z_src=2.618 (v6d posterior MAP, 68%CI_w=1.45, FoF-Gold); z_def=1.041 (adopted, Euclid PHZ MODE_1 photo-z); z_def_nisp_v6d=0.338 (CaII-triplet posterior, 68%CI_w=0.00, FoF-Platinum); z_def_grizli=0.430; P(z_src>z_def)=0.99",grade=B;expert_score=1.530;votes=10,arXiv:2604.02726v5 appendix catalogue (Table: full v6d 473-row); single-author paper WITHDRAWN at v6
euclid_q1_nisp,102158274_2704723597642696271,270.4723597403578,64.26962718083168,inconclusive,"z_def=0.612 (adopted, Euclid PHZ MODE_1 photo-z)",grade=A;expert_score=2.072;votes=10,arXiv:2604.02726v5 appendix catalogue (Table: full v6d 473-row); single-author paper WITHDRAWN at v6
euclid_q1_nisp,102158274_2706060111645234144,270.6060111075193,64.52341440180304,confirmed_lens,"z_src=2.348 (v6d posterior MAP, 68%CI_w=0.86, FoF-Platinum); z_def=0.588 (adopted, DESI DR1 spec-z); z_def_nisp_v6d=0.266 (CaII-triplet posterior, 68%CI_w=0.31, FoF-Platinum); z_def_grizli=0.410; P(z_src>z_def)=1.00",grade=B;expert_score=1.539;votes=10,arXiv:2604.02726v5 appendix catalogue (Table: full v6d 473-row); single-author paper WITHDRAWN at v6
euclid_q1_nisp,102160060_2706622399674599706,270.6622399379065,67.45997061688014,confirmed_lens,"z_src=2.124 (v6d posterior MAP, 68%CI_w=0.92, FoF-Platinum); z_def=0.575 (adopted, Euclid PHZ MODE_1 photo-z); z_def_nisp_v6d=0.816 (CaII-triplet posterior, 68%CI_w=0.82, FoF-Bronze); z_def_grizli=0.380; P(z_src>z_def)=0.97",grade=B;expert_score=1.808;votes=9,arXiv:2604.02726v5 appendix catalogue (Table: full v6d 473-row); single-author paper WITHDRAWN at v6
euclid_q1_nisp,102159776_2707047371671953097,270.70473716015675,67.19530976227985,confirmed_lens,"z_src=1.538 (v6d posterior MAP, 68%CI_w=0.88, FoF-Platinum); z_def=0.324 (adopted, Euclid PHZ MODE_1 photo-z); z_def_nisp_v6d=0.338 (CaII-triplet posterior, 68%CI_w=0.84, FoF-Bronze); P(z_src>z_def)=0.96",grade=A;expert_score=2.669;votes=10,arXiv:2604.02726v5 appendix catalogue (Table: full v6d 473-row); single-author paper WITHDRAWN at v6
euclid_q1_nisp,102158586_2707908112649845702,270.7908112363319,64.9845702769772,confirmed_lens,"z_src=2.498 (v6d posterior MAP, 68%CI_w=1.27, FoF-Gold); z_def=0.909 (adopted, Euclid PHZ MODE_1 photo-z); z_def_nisp_v6d=0.640 (CaII-triplet posterior, 68%CI_w=0.36, FoF-Platinum); P(z_src>z_def)=0.97",grade=A;expert_score=2.426;votes=10,arXiv:2604.02726v5 appendix catalogue (Table: full v6d 473-row); single-author paper WITHDRAWN at v6
euclid_q1_nisp,102158275_2709777393645726835,270.977739341077,64.57268354179256,confirmed_lens,"z_src=2.614 (v6d posterior MAP, 68%CI_w=0.98, FoF-Platinum); z_def=0.517 (adopted, DESI DR1 spec-z); z_def_nisp_v6d=0.310 (CaII-triplet posterior, 68%CI_w=0.83, FoF-Bronze); z_def_grizli=0.595; P(z_src>z_def)=1.00",grade=A;expert_score=3.017;votes=19,arXiv:2604.02726v5 appendix catalogue (Table: full v6d 473-row); single-author paper WITHDRAWN at v6
euclid_q1_nisp,102158586_2710017972652457457,271.0017972222676,65.24574575577422,confirmed_lens,"z_src=2.360 (v6d posterior MAP, 68%CI_w=1.05, FoF-Gold); z_def=0.850 (adopted, DESI DR1 spec-z); z_def_nisp_v6d=1.272 (CaII-triplet posterior, 68%CI_w=0.34, FoF-Platinum); z_def_grizli=0.420; P(z_src>z_def)=0.91",grade=B;expert_score=1.736;votes=10,arXiv:2604.02726v5 appendix catalogue (Table: full v6d 473-row); single-author paper WITHDRAWN at v6
euclid_q1_nisp,102158586_2710834800648486342,271.08348004173496,64.84863421733759,confirmed_lens,"z_src=1.908 (v6d posterior MAP, 68%CI_w=1.41, FoF-Gold); z_def=0.920 (adopted, Euclid PHZ MODE_1 photo-z); z_def_nisp_v6d=0.292 (CaII-triplet posterior, 68%CI_w=0.84, FoF-Bronze); z_def_grizli=0.480; P(z_src>z_def)=0.98",grade=A;expert_score=2.147;votes=8,arXiv:2604.02726v5 appendix catalogue (Table: full v6d 473-row); single-author paper WITHDRAWN at v6
euclid_q1_nisp,102159776_2711220936669189145,271.12209364755324,66.91891459077462,lens_z_only,"z_def=0.672 (adopted, DESI DR1 spec-z)",grade=B;expert_score=1.701;votes=10,arXiv:2604.02726v5 appendix catalogue (Table: full v6d 473-row); single-author paper WITHDRAWN at v6
euclid_q1_nisp,102157957_2711813162637737494,271.1813162216756,63.773749419215626,confirmed_lens,"z_src=1.936 (v6d posterior MAP, 68%CI_w=1.14, FoF-Gold); z_def=0.577 (adopted, DESI DR1 spec-z); z_def_nisp_v6d=0.798 (CaII-triplet posterior, 68%CI_w=0.79, FoF-Silver); z_def_grizli=0.895; P(z_src>z_def)=0.99",grade=B;expert_score=1.572;votes=10,arXiv:2604.02726v5 appendix catalogue (Table: full v6d 473-row); single-author paper WITHDRAWN at v6
euclid_q1_nisp,102158587_2711988261648357583,271.1988261717693,64.8357583216835,non_lens,"z_src=0.708 (v6d posterior MAP, 68%CI_w=1.85, FoF-Bronze); z_def=0.754 (adopted, DESI DR1 spec-z); z_def_nisp_v6d=0.276 (CaII-triplet posterior, 68%CI_w=0.72, FoF-Gold); z_def_grizli=0.390; P(z_src>z_def)=0.97; fails paper physical-sanity check (z_src<=z_def MAP): same-z/projected/misID per paper Sec. FoF tiers",grade=B;expert_score=1.749;votes=9,arXiv:2604.02726v5 appendix catalogue (Table: full v6d 473-row); single-author paper WITHDRAWN at v6
euclid_q1_nisp,102160060_2712298158674755917,271.2298158809224,67.47559170031597,confirmed_lens,"z_src=2.376 (v6d posterior MAP, 68%CI_w=1.34, FoF-Gold); z_def=1.001 (adopted, DESI DR1 spec-z); z_def_nisp_v6d=0.372 (CaII-triplet posterior, 68%CI_w=0.83, FoF-Bronze); z_def_grizli=0.565; P(z_src>z_def)=0.99",grade=A;expert_score=2.729;votes=10,arXiv:2604.02726v5 appendix catalogue (Table: full v6d 473-row); single-author paper WITHDRAWN at v6
euclid_q1_nisp,102160338_2712384210679392079,271.2384210836177,67.93920791430314,confirmed_lens,"z_src=2.544 (v6d posterior MAP, 68%CI_w=1.72, FoF-Silver); z_def=0.210 (adopted, Euclid PHZ MODE_1 photo-z); z_def_nisp_v6d=0.454 (CaII-triplet posterior, 68%CI_w=0.51, FoF-Platinum); z_def_grizli=1.020; P(z_src>z_def)=0.95",grade=A;expert_score=2.197;votes=10,arXiv:2604.02726v5 appendix catalogue (Table: full v6d 473-row); single-author paper WITHDRAWN at v6
euclid_q1_nisp,102158275_2713231622643632503,271.3231622601812,64.36325033443039,confirmed_lens,"z_src=1.006 (v6d posterior MAP, 68%CI_w=1.64, FoF-Silver); z_def=0.516 (adopted, Euclid PHZ MODE_1 photo-z); z_def_nisp_v6d=0.360 (CaII-triplet posterior, 68%CI_w=0.55, FoF-Platinum); z_def_grizli=0.470; P(z_src>z_def)=0.97",grade=B;expert_score=1.836;votes=9,arXiv:2604.02726v5 appendix catalogue (Table: full v6d 473-row); single-author paper WITHDRAWN at v6
euclid_q1_nisp,102160060_2714236250676150798,271.4236250299241,67.61507986297252,inconclusive,"z_def=0.712 (adopted, Euclid PHZ MODE_1 photo-z); z_def_grizli=0.535",grade=B;expert_score=1.692;votes=10,arXiv:2604.02726v5 appendix catalogue (Table: full v6d 473-row); single-author paper WITHDRAWN at v6
euclid_q1_nisp,102159776_2714258099668328507,271.425809924928,66.83285075285441,confirmed_lens,"z_src=2.690 (v6d posterior MAP, 68%CI_w=1.09, FoF-Gold); z_def=0.393 (adopted, DESI DR1 spec-z); z_def_nisp_v6d=1.196 (CaII-triplet posterior, 68%CI_w=0.61, FoF-Gold); z_def_grizli=0.445; P(z_src>z_def)=0.91",grade=B;expert_score=1.701;votes=10,arXiv:2604.02726v5 appendix catalogue (Table: full v6d 473-row); single-author paper WITHDRAWN at v6
euclid_q1_nisp,102159488_2715904729665064695,271.5904729815268,66.5064695088448,confirmed_lens,"z_src=0.970 (v6d posterior MAP, 68%CI_w=1.19, FoF-Gold); z_def=0.852 (adopted, DESI DR1 spec-z); z_def_nisp_v6d=0.284 (CaII-triplet posterior, 68%CI_w=0.82, FoF-Bronze); z_def_grizli=0.645; P(z_src>z_def)=0.98",grade=A;expert_score=2.055;votes=10,arXiv:2604.02726v5 appendix catalogue (Table: full v6d 473-row); single-author paper WITHDRAWN at v6
euclid_q1_nisp,102159777_2716319161668542331,271.6319161478719,66.85423311849298,confirmed_lens,"z_src=2.522 (v6d posterior MAP, 68%CI_w=0.36, FoF-Platinum); z_def=0.300 (adopted, Euclid PHZ MODE_1 photo-z); z_def_nisp_v6d=0.302 (CaII-triplet posterior, 68%CI_w=0.67, FoF-Gold); z_def_grizli=0.515; P(z_src>z_def)=1.00",grade=A;expert_score=2.257;votes=10,arXiv:2604.02726v5 appendix catalogue (Table: full v6d 473-row); single-author paper WITHDRAWN at v6
euclid_q1_nisp,102160060_2716552208674838777,271.65522085429484,67.48387774961559,confirmed_lens,"z_src=1.986 (v6d posterior MAP, 68%CI_w=1.24, FoF-Silver); z_def=0.933 (adopted, DESI DR1 spec-z); z_def_nisp_v6d=1.154 (CaII-triplet posterior, 68%CI_w=0.56, FoF-Platinum); z_def_grizli=0.870; P(z_src>z_def)=0.78",grade=B;expert_score=1.737;votes=10,arXiv:2604.02726v5 appendix catalogue (Table: full v6d 473-row); single-author paper WITHDRAWN at v6
euclid_q1_nisp,102159488_2717571775663564534,271.75717754417883,66.3564534849012,confirmed_lens,"z_src=2.564 (v6d posterior MAP, 68%CI_w=1.28, FoF-Gold); z_def=0.980 (adopted, Euclid PHZ MODE_1 photo-z); z_def_nisp_v6d=0.270 (CaII-triplet posterior, 68%CI_w=0.80, FoF-Silver); z_def_grizli=0.715; P(z_src>z_def)=0.99",grade=A;expert_score=2.121;votes=10,arXiv:2604.02726v5 appendix catalogue (Table: full v6d 473-row); single-author paper WITHDRAWN at v6
euclid_q1_nisp,102159777_2718673262669682284,271.86732629247143,66.96822846151996,confirmed_lens,"z_src=1.450 (v6d posterior MAP, 68%CI_w=1.52, FoF-Gold); z_def=0.192 (adopted, Euclid PHZ MODE_1 photo-z); z_def_nisp_v6d=0.374 (CaII-triplet posterior, 68%CI_w=0.76, FoF-Silver); z_def_grizli=0.485; P(z_src>z_def)=0.98",grade=B;expert_score=1.985;votes=9,arXiv:2604.02726v5 appendix catalogue (Table: full v6d 473-row); single-author paper WITHDRAWN at v6
euclid_q1_nisp,102157958_2719195933641972975,271.919593396224,64.1972975435358,confirmed_lens,"z_src=2.714 (v6d posterior MAP, 68%CI_w=0.86, FoF-Platinum); z_def=0.597 (adopted, Euclid PHZ MODE_1 photo-z); z_def_nisp_v6d=0.274 (CaII-triplet posterior, 68%CI_w=0.83, FoF-Bronze); z_def_grizli=0.540; P(z_src>z_def)=1.00",grade=A;expert_score=2.723;votes=10,arXiv:2604.02726v5 appendix catalogue (Table: full v6d 473-row); single-author paper WITHDRAWN at v6
euclid_q1_nisp,1248193,271.9437,66.81215,confirmed_lens,"z_src=2.024 (v6d posterior MAP, 68%CI_w=1.05, FoF-Gold); z_def=0.848 (adopted, DESI DR1 spec-z); z_def_nisp_v6d=0.296 (CaII-triplet posterior, 68%CI_w=0.83, FoF-Bronze); z_def_grizli=0.985; P(z_src>z_def)=1.00",grade=B;expert_score=1.611;votes=10,arXiv:2604.02726v5 appendix catalogue (Table: full v6d 473-row); single-author paper WITHDRAWN at v6
euclid_q1_nisp,102158893_2720583810655664894,272.05838105279497,65.5664894900246,confirmed_lens,"z_src=2.104 (v6d posterior MAP, 68%CI_w=1.64, FoF-Silver); z_def=0.199 (adopted, Euclid PHZ MODE_1 photo-z); z_def_nisp_v6d=0.364 (CaII-triplet posterior, 68%CI_w=0.85, FoF-Bronze); z_def_grizli=0.440; P(z_src>z_def)=0.98",grade=A;expert_score=2.802;votes=14,arXiv:2604.02726v5 appendix catalogue (Table: full v6d 473-row); single-author paper WITHDRAWN at v6
euclid_q1_nisp,102160338_2720592793680584236,272.0592793034646,68.05842364623801,confirmed_lens,"z_src=1.938 (v6d posterior MAP, 68%CI_w=1.70, FoF-Silver); z_def=0.989 (adopted, Euclid PHZ MODE_1 photo-z); z_def_nisp_v6d=0.316 (CaII-triplet posterior, 68%CI_w=0.83, FoF-Bronze); z_def_grizli=0.635; P(z_src>z_def)=0.97",grade=B;expert_score=1.537;votes=10,arXiv:2604.02726v5 appendix catalogue (Table: full v6d 473-row); single-author paper WITHDRAWN at v6
euclid_q1_nisp,102157958_2722285786638229999,272.22857861828805,63.822999916812485,confirmed_lens,"z_src=2.232 (v6d posterior MAP, 68%CI_w=0.11, FoF-Platinum); z_def=0.331 (adopted, DESI DR1 spec-z); z_def_nisp_v6d=0.292 (CaII-triplet posterior, 68%CI_w=0.83, FoF-Bronze); z_def_grizli=0.420; P(z_src>z_def)=1.00",grade=B;expert_score=1.790;votes=10,arXiv:2604.02726v5 appendix catalogue (Table: full v6d 473-row); single-author paper WITHDRAWN at v6
euclid_q1_nisp,102158276_2722561985645255526,272.25619852909443,64.5255526391153,confirmed_lens,"z_src=1.940 (v6d posterior MAP, 68%CI_w=1.58, FoF-Gold); z_def=0.746 (adopted, Euclid PHZ MODE_1 photo-z); z_def_nisp_v6d=0.598 (CaII-triplet posterior, 68%CI_w=0.80, FoF-Silver); z_def_grizli=0.655; P(z_src>z_def)=0.91",grade=B;expert_score=1.589;votes=9,arXiv:2604.02726v5 appendix catalogue (Table: full v6d 473-row); single-author paper WITHDRAWN at v6
euclid_q1_nisp,102159194_2723464956661228420,272.3464956503574,66.12284205652554,confirmed_lens,"z_src=2.568 (v6d posterior MAP, 68%CI_w=1.81, FoF-Bronze); z_def=1.008 (adopted, Euclid PHZ MODE_1 photo-z); z_def_nisp_v6d=0.304 (CaII-triplet posterior, 68%CI_w=0.76, FoF-Silver); P(z_src>z_def)=0.95",grade=A;expert_score=2.591;votes=9,arXiv:2604.02726v5 appendix catalogue (Table: full v6d 473-row); single-author paper WITHDRAWN at v6
euclid_q1_nisp,102160610_2725640304686403990,272.5640304560574,68.64039906186375,confirmed_lens,"z_src=1.886 (v6d posterior MAP, 68%CI_w=1.43, FoF-Gold); z_def=0.448 (adopted, DESI DR1 spec-z); z_def_nisp_v6d=0.654 (CaII-triplet posterior, 68%CI_w=0.00, FoF-Platinum); z_def_grizli=0.545; P(z_src>z_def)=0.97",grade=A;expert_score=2.815;votes=16,arXiv:2604.02726v5 appendix catalogue (Table: full v6d 473-row); single-author paper WITHDRAWN at v6
euclid_q1_nisp,102159489_2725731664662876609,272.5731664097009,66.28766098258262,confirmed_lens,"z_src=1.942 (v6d posterior MAP, 68%CI_w=0.83, FoF-Gold); z_def=0.570 (adopted, Euclid PHZ MODE_1 photo-z); z_def_nisp_v6d=1.242 (CaII-triplet posterior, 68%CI_w=0.31, FoF-Platinum); z_def_grizli=0.450; P(z_src>z_def)=0.87",grade=B;expert_score=1.793;votes=10,arXiv:2604.02726v5 appendix catalogue (Table: full v6d 473-row); single-author paper WITHDRAWN at v6
euclid_q1_nisp,102159777_2726775566670351257,272.6775566073241,67.0351257916041,inconclusive,"z_src=1.562 (v6d posterior MAP, 68%CI_w=1.07, FoF-Gold); z_def_nisp_v6d=0.492 (CaII-triplet posterior, 68%CI_w=0.00, FoF-Platinum); P(z_src>z_def)=0.98",grade=A;expert_score=2.746;votes=9,arXiv:2604.02726v5 appendix catalogue (Table: full v6d 473-row); single-author paper WITHDRAWN at v6
euclid_q1_nisp,102159489_2726981595665987676,272.698159588393,66.59876761464275,confirmed_lens,"z_src=1.852 (v6d posterior MAP, 68%CI_w=1.54, FoF-Gold); z_def=0.293 (adopted, DESI DR1 spec-z); z_def_nisp_v6d=0.466 (CaII-triplet posterior, 68%CI_w=0.81, FoF-Silver); z_def_grizli=0.380; P(z_src>z_def)=0.93",grade=A;expert_score=2.963;votes=9,arXiv:2604.02726v5 appendix catalogue (Table: full v6d 473-row); single-author paper WITHDRAWN at v6
euclid_q1_nisp,102157958_2727137773639721420,272.713777307259,63.97214203825033,confirmed_lens,"z_src=1.822 (v6d posterior MAP, 68%CI_w=1.48, FoF-Gold); z_def=0.496 (adopted, Euclid PHZ MODE_1 photo-z); z_def_nisp_v6d=0.570 (CaII-triplet posterior, 68%CI_w=0.74, FoF-Gold); z_def_grizli=0.510; P(z_src>z_def)=0.95",grade=A;expert_score=2.155;votes=15,arXiv:2604.02726v5 appendix catalogue (Table: full v6d 473-row); single-author paper WITHDRAWN at v6
euclid_q1_nisp,102158276_2727435595645547639,272.7435595161034,64.55476393577682,confirmed_lens,"z_src=2.456 (v6d posterior MAP, 68%CI_w=1.00, FoF-Gold); z_def=0.309 (adopted, Euclid PHZ MODE_1 photo-z); z_def_nisp_v6d=0.656 (CaII-triplet posterior, 68%CI_w=0.82, FoF-Bronze); z_def_grizli=1.035; P(z_src>z_def)=0.98",grade=B;expert_score=1.644;votes=10,arXiv:2604.02726v5 appendix catalogue (Table: full v6d 473-row); single-author paper WITHDRAWN at v6
euclid_q1_nisp,102158276_2727570223645896962,272.7570223673387,64.58969626327753,confirmed_lens,"z_src=2.408 (v6d posterior MAP, 68%CI_w=0.91, FoF-Platinum); z_def=0.727 (adopted, Euclid PHZ MODE_1 photo-z); z_def_nisp_v6d=0.430 (CaII-triplet posterior, 68%CI_w=0.64, FoF-Gold); z_def_grizli=0.390; P(z_src>z_def)=0.99",grade=A;expert_score=2.917;votes=10,arXiv:2604.02726v5 appendix catalogue (Table: full v6d 473-row); single-author paper WITHDRAWN at v6
euclid_q1_nisp,102159489_2728201578663264671,272.8201578460188,66.32646714756937,confirmed_lens,"z_src=2.120 (v6d posterior MAP, 68%CI_w=1.17, FoF-Bronze); z_def=0.574 (adopted, Euclid PHZ MODE_1 photo-z); z_def_nisp_v6d=1.030 (CaII-triplet posterior, 68%CI_w=0.53, FoF-Platinum); P(z_src>z_def)=0.69",grade=B;expert_score=1.810;votes=9,arXiv:2604.02726v5 appendix catalogue (Table: full v6d 473-row); single-author paper WITHDRAWN at v6
euclid_q1_nisp,102160610_2728596478683519590,272.85964788998524,68.35195904078404,confirmed_lens,"z_src=1.356 (v6d posterior MAP, 68%CI_w=1.82, FoF-Bronze); z_def=0.447 (adopted, Euclid PHZ MODE_1 photo-z); z_def_nisp_v6d=0.302 (CaII-triplet posterior, 68%CI_w=0.78, FoF-Silver); z_def_grizli=0.540; P(z_src>z_def)=0.90",grade=B;expert_score=1.926;votes=12,arXiv:2604.02726v5 appendix catalogue (Table: full v6d 473-row); single-author paper WITHDRAWN at v6
euclid_q1_nisp,102160610_2729256016684457774,272.9256016059579,68.44577749091418,confirmed_lens,"z_src=2.462 (v6d posterior MAP, 68%CI_w=0.71, FoF-Platinum); z_def=0.591 (adopted, Euclid PHZ MODE_1 photo-z); z_def_nisp_v6d=0.272 (CaII-triplet posterior, 68%CI_w=0.00, FoF-Platinum); z_def_grizli=0.955; P(z_src>z_def)=1.00",grade=A;expert_score=2.290;votes=10,arXiv:2604.02726v5 appendix catalogue (Table: full v6d 473-row); single-author paper WITHDRAWN at v6
euclid_q1_nisp,102158894_2730612507653143373,273.06125079548667,65.31433733285209,confirmed_lens,"z_src=1.834 (v6d posterior MAP, 68%CI_w=0.34, FoF-Platinum); z_def=0.308 (adopted, DESI DR1 spec-z); z_def_nisp_v6d=0.264 (CaII-triplet posterior, 68%CI_w=0.70, FoF-Gold); z_def_grizli=0.445; P(z_src>z_def)=1.00",grade=A;expert_score=2.832;votes=10,arXiv:2604.02726v5 appendix catalogue (Table: full v6d 473-row); single-author paper WITHDRAWN at v6
euclid_q1_nisp,102159489_2730705167663624037,273.07051672243847,66.36240377723576,confirmed_lens,"z_src=1.530 (v6d posterior MAP, 68%CI_w=1.14, FoF-Silver); z_def=0.788 (adopted, DESI DR1 spec-z); z_def_nisp_v6d=1.292 (CaII-triplet posterior, 68%CI_w=0.00, FoF-Platinum); z_def_grizli=0.430; P(z_src>z_def)=0.72",grade=A;expert_score=2.036;votes=9,arXiv:2604.02726v5 appendix catalogue (Table: full v6d 473-row); single-author paper WITHDRAWN at v6
euclid_q1_nisp,102158894_2733212462655784384,273.3212462317532,65.57843846636936,confirmed_lens,"z_src=2.924 (v6d posterior MAP, 68%CI_w=1.60, FoF-Silver); z_def=0.490 (adopted, DESI DR1 spec-z); z_def_nisp_v6d=0.282 (CaII-triplet posterior, 68%CI_w=0.82, FoF-Bronze); z_def_grizli=0.380; P(z_src>z_def)=0.99",grade=A;expert_score=2.119;votes=10,arXiv:2604.02726v5 appendix catalogue (Table: full v6d 473-row); single-author paper WITHDRAWN at v6
euclid_q1_nisp,102159778_2733418388668044661,273.3418388879678,66.8044661007292,confirmed_lens,"z_src=1.592 (v6d posterior MAP, 68%CI_w=1.69, FoF-Silver); z_def=1.017 (adopted, DESI DR1 spec-z); z_def_nisp_v6d=0.408 (CaII-triplet posterior, 68%CI_w=0.70, FoF-Gold); z_def_grizli=0.555; P(z_src>z_def)=0.91",grade=A;expert_score=3.068;votes=17,arXiv:2604.02726v5 appendix catalogue (Table: full v6d 473-row); single-author paper WITHDRAWN at v6
euclid_q1_nisp,102158277_2733524648645511387,273.3524648265846,64.55113873843047,confirmed_lens,"z_src=2.680 (v6d posterior MAP, 68%CI_w=0.98, FoF-Platinum); z_def=0.202 (adopted, Euclid PHZ MODE_1 photo-z); z_def_nisp_v6d=0.824 (CaII-triplet posterior, 68%CI_w=0.83, FoF-Bronze); z_def_grizli=0.430; P(z_src>z_def)=0.97",grade=B;expert_score=1.966;votes=10,arXiv:2604.02726v5 appendix catalogue (Table: full v6d 473-row); single-author paper WITHDRAWN at v6
euclid_q1_nisp,102159195_2734094103661424333,273.4094103263643,66.14243336619603,confirmed_lens,"z_src=2.842 (v6d posterior MAP, 68%CI_w=1.39, FoF-Bronze); z_def=0.543 (adopted, DESI DR1 spec-z); z_def_nisp_v6d=0.670 (CaII-triplet posterior, 68%CI_w=0.81, FoF-Silver); z_def_grizli=0.460; P(z_src>z_def)=0.67",grade=A;expert_score=2.033;votes=20,arXiv:2604.02726v5 appendix catalogue (Table: full v6d 473-row); single-author paper WITHDRAWN at v6
euclid_q1_nisp,102159778_2735946368671378903,273.59463687052335,67.13789039707821,confirmed_lens,"z_src=2.988 (v6d posterior MAP, 68%CI_w=1.55, FoF-Gold); z_def=0.561 (adopted, Euclid PHZ MODE_1 photo-z); z_def_nisp_v6d=0.442 (CaII-triplet posterior, 68%CI_w=0.83, FoF-Bronze); z_def_grizli=0.830; P(z_src>z_def)=0.99",grade=A;expert_score=3.003;votes=14,arXiv:2604.02726v5 appendix catalogue (Table: full v6d 473-row); single-author paper WITHDRAWN at v6
euclid_q1_nisp,outside_teymoor_saifollahi_2,273.645,65.702,confirmed_lens,"z_src=1.038 (v6d posterior MAP, 68%CI_w=1.74, FoF-Silver); z_def=0.198 (adopted, DESI DR1 spec-z); z_def_nisp_v6d=0.290 (CaII-triplet posterior, 68%CI_w=0.64, FoF-Gold); z_def_grizli=0.445; P(z_src>z_def)=0.98",grade=A;expert_score=2.010;votes=10,arXiv:2604.02726v5 appendix catalogue (Table: full v6d 473-row); single-author paper WITHDRAWN at v6
euclid_q1_nisp,102160062_2738460691675239507,273.8460691095558,67.52395071396087,inconclusive,"z_def=0.415 (adopted, Euclid PHZ MODE_1 photo-z); z_def_grizli=1.120",grade=B;expert_score=1.916;votes=10,arXiv:2604.02726v5 appendix catalogue (Table: full v6d 473-row); single-author paper WITHDRAWN at v6
euclid_q1_nisp,102158589_2738592709648339236,273.8592709214204,64.8339236692911,inconclusive,"z_src=2.130 (v6d posterior MAP, 68%CI_w=1.01, FoF-Silver); z_def_nisp_v6d=1.164 (CaII-triplet posterior, 68%CI_w=0.00, FoF-Platinum); z_def_grizli=0.665; P(z_src>z_def)=0.77",grade=A;expert_score=2.018;votes=10,arXiv:2604.02726v5 appendix catalogue (Table: full v6d 473-row); single-author paper WITHDRAWN at v6
euclid_q1_nisp,102158277_2738945549646397299,273.8945549705793,64.63972990931421,confirmed_lens,"z_src=2.014 (v6d posterior MAP, 68%CI_w=1.12, FoF-Gold); z_def=1.018 (adopted, Euclid PHZ MODE_1 photo-z); z_def_nisp_v6d=0.766 (CaII-triplet posterior, 68%CI_w=0.75, FoF-Gold); z_def_grizli=0.580; P(z_src>z_def)=0.97",grade=A;expert_score=2.538;votes=10,arXiv:2604.02726v5 appendix catalogue (Table: full v6d 473-row); single-author paper WITHDRAWN at v6
euclid_q1_nisp,102160611_2740328687682808789,274.0328687229435,68.28087896462162,confirmed_lens,"z_src=2.222 (v6d posterior MAP, 68%CI_w=1.06, FoF-Gold); z_def=0.580 (adopted, Euclid PHZ MODE_1 photo-z); z_def_nisp_v6d=1.298 (CaII-triplet posterior, 68%CI_w=0.89, FoF-Bronze); z_def_grizli=0.475; P(z_src>z_def)=0.88",grade=A;expert_score=2.709;votes=10,arXiv:2604.02726v5 appendix catalogue (Table: full v6d 473-row); single-author paper WITHDRAWN at v6
euclid_q1_nisp,102160340_2740784519677600444,274.0784519087246,67.76004445410977,inconclusive,"z_def=1.044 (adopted, Euclid PHZ MODE_1 photo-z)",grade=A;expert_score=2.258;votes=10,arXiv:2604.02726v5 appendix catalogue (Table: full v6d 473-row); single-author paper WITHDRAWN at v6
euclid_q1_nisp,102159779_2743381563669492033,274.3381563198547,66.94920339571343,confirmed_lens,"z_src=2.300 (v6d posterior MAP, 68%CI_w=1.41, FoF-Gold); z_def=0.499 (adopted, Euclid PHZ MODE_1 photo-z); z_def_nisp_v6d=0.346 (CaII-triplet posterior, 68%CI_w=0.83, FoF-Bronze); z_def_grizli=0.560; P(z_src>z_def)=0.96",grade=B;expert_score=1.591;votes=10,arXiv:2604.02726v5 appendix catalogue (Table: full v6d 473-row); single-author paper WITHDRAWN at v6
euclid_q1_nisp,102160612_2743600657683668805,274.3600657555939,68.36688052942732,inconclusive,z_def_grizli=0.530,grade=A;expert_score=2.178;votes=10,arXiv:2604.02726v5 appendix catalogue (Table: full v6d 473-row); single-author paper WITHDRAWN at v6
euclid_q1_nisp,102158589_2744568849651754043,274.45688499444947,65.17540439711732,confirmed_lens,"z_src=1.760 (v6d posterior MAP, 68%CI_w=1.18, FoF-Gold); z_def=0.357 (adopted, Euclid PHZ MODE_1 photo-z); z_def_nisp_v6d=1.150 (CaII-triplet posterior, 68%CI_w=0.02, FoF-Platinum); z_def_grizli=0.610; P(z_src>z_def)=0.92",grade=A;expert_score=2.398;votes=10,arXiv:2604.02726v5 appendix catalogue (Table: full v6d 473-row); single-author paper WITHDRAWN at v6
euclid_q1_nisp,102158589_2744607815651760624,274.46078151981294,65.17606245864386,confirmed_lens,"z_src=1.258 (v6d posterior MAP, 68%CI_w=1.15, FoF-Gold); z_def=0.457 (adopted, Euclid PHZ MODE_1 photo-z); z_def_nisp_v6d=0.354 (CaII-triplet posterior, 68%CI_w=0.73, FoF-Gold); z_def_grizli=0.770; P(z_src>z_def)=0.99",grade=A;expert_score=2.332;votes=9,arXiv:2604.02726v5 appendix catalogue (Table: full v6d 473-row); single-author paper WITHDRAWN at v6
euclid_q1_nisp,102159491_2750401520665356534,275.0401520762689,66.53565347576068,confirmed_lens,"z_src=1.254 (v6d posterior MAP, 68%CI_w=1.38, FoF-Silver); z_def=1.051 (adopted, Euclid PHZ MODE_1 photo-z); z_def_nisp_v6d=1.116 (CaII-triplet posterior, 68%CI_w=0.40, FoF-Platinum); z_def_grizli=0.625; P(z_src>z_def)=0.78",grade=B;expert_score=1.755;votes=9,arXiv:2604.02726v5 appendix catalogue (Table: full v6d 473-row); single-author paper WITHDRAWN at v6
euclid_q1_nisp,102159196_2750719383660442039,275.0719383791194,66.04420394490067,confirmed_lens,"z_src=2.498 (v6d posterior MAP, 68%CI_w=1.33, FoF-Gold); z_def=0.129 (adopted, Euclid PHZ MODE_1 photo-z); z_def_nisp_v6d=0.768 (CaII-triplet posterior, 68%CI_w=0.76, FoF-Silver); z_def_grizli=0.525; P(z_src>z_def)=0.91",grade=A;expert_score=2.046;votes=10,arXiv:2604.02726v5 appendix catalogue (Table: full v6d 473-row); single-author paper WITHDRAWN at v6
euclid_q1_nisp,102158590_2751102237648287695,275.1102237524699,64.8287695823032,confirmed_lens,"z_src=2.646 (v6d posterior MAP, 68%CI_w=1.49, FoF-Gold); z_def=0.013 (adopted, Euclid PHZ MODE_1 photo-z); z_def_nisp_v6d=0.314 (CaII-triplet posterior, 68%CI_w=0.80, FoF-Silver); z_def_grizli=0.380; P(z_src>z_def)=0.99",grade=B;expert_score=1.647;votes=8,arXiv:2604.02726v5 appendix catalogue (Table: full v6d 473-row); single-author paper WITHDRAWN at v6
euclid_q1_nisp,102158896_2752149841653729649,275.2149841814818,65.37296492574811,confirmed_lens,"z_src=1.512 (v6d posterior MAP, 68%CI_w=0.64, FoF-Platinum); z_def=0.472 (adopted, Euclid PHZ MODE_1 photo-z); z_def_nisp_v6d=0.740 (CaII-triplet posterior, 68%CI_w=0.76, FoF-Silver); z_def_grizli=0.835; P(z_src>z_def)=0.98",grade=B;expert_score=1.744;votes=10,arXiv:2604.02726v5 appendix catalogue (Table: full v6d 473-row); single-author paper WITHDRAWN at v6
euclid_q1_nisp,102158896_2752645036652374998,275.2645036757121,65.23749986490333,confirmed_lens,"z_src=1.658 (v6d posterior MAP, 68%CI_w=0.74, FoF-Gold); z_def=0.194 (adopted, DESI DR1 spec-z); z_def_nisp_v6d=0.288 (CaII-triplet posterior, 68%CI_w=0.83, FoF-Bronze); z_def_grizli=0.430; P(z_src>z_def)=0.99",grade=A;expert_score=2.142;votes=10,arXiv:2604.02726v5 appendix catalogue (Table: full v6d 473-row); single-author paper WITHDRAWN at v6
euclid_q1_nisp,102158896_2755778332656876880,275.5778332023385,65.68768806282,confirmed_lens,"z_src=2.174 (v6d posterior MAP, 68%CI_w=0.72, FoF-Gold); z_def=0.145 (adopted, Euclid PHZ MODE_1 photo-z); z_def_nisp_v6d=1.168 (CaII-triplet posterior, 68%CI_w=0.00, FoF-Platinum); z_def_grizli=0.430; P(z_src>z_def)=0.99",grade=A;expert_score=2.254;votes=10,arXiv:2604.02726v5 appendix catalogue (Table: full v6d 473-row); single-author paper WITHDRAWN at v6
euclid_q1_nisp,102159197_2758626130661770946,275.86261307502593,66.17709460267002,confirmed_lens,"z_src=1.544 (v6d posterior MAP, 68%CI_w=1.36, FoF-Gold); z_def=0.389 (adopted, DESI DR1 spec-z); z_def_nisp_v6d=0.298 (CaII-triplet posterior, 68%CI_w=0.83, FoF-Bronze); z_def_grizli=0.520; P(z_src>z_def)=0.90",grade=B;expert_score=1.644;votes=15,arXiv:2604.02726v5 appendix catalogue (Table: full v6d 473-row); single-author paper WITHDRAWN at v6
euclid_q1_nisp,102159491_2759377187664442986,275.9377187181359,66.44429869121905,inconclusive,"z_src=2.248 (v6d posterior MAP, 68%CI_w=1.35, FoF-Gold); z_def_nisp_v6d=0.506 (CaII-triplet posterior, 68%CI_w=0.78, FoF-Silver); P(z_src>z_def)=0.89",grade=B;expert_score=1.532;votes=10,arXiv:2604.02726v5 appendix catalogue (Table: full v6d 473-row); single-author paper WITHDRAWN at v6
euclid_q1_nisp,102158896_2759717332653541075,275.97173321950385,65.3541075500284,inconclusive,"no spectral detection (n_det<2), no adopted z_def",grade=B;expert_score=1.952;votes=10,arXiv:2604.02726v5 appendix catalogue (Table: full v6d 473-row); single-author paper WITHDRAWN at v6
euclid_q1_nisp,102158896_2760272555655712464,276.0272555248371,65.57124647764964,inconclusive,"z_def=0.577 (adopted, Euclid PHZ MODE_1 photo-z)",grade=B;expert_score=1.945;votes=10,arXiv:2604.02726v5 appendix catalogue (Table: full v6d 473-row); single-author paper WITHDRAWN at v6
